GAME_ID,GAME_DATE,home_team,away_team,home_win,home_win_avg_last5,home_pts_avg_last5,home_reb_avg_last5,home_ast_avg_last5,home_rest_days,away_win_avg_last5,away_pts_avg_last5,away_reb_avg_last5,away_ast_avg_last5,away_rest_days
22100071,2021-10-29,TOR,ORL,1,0.4,103.8,50.2,20.4,2.0,0.2,100.8,43.8,21.2,2.0
22100072,2021-10-29,BKN,IND,1,0.4,102.0,46.2,21.4,2.0,0.2,113.4,47.0,23.4,2.0
22100077,2021-10-29,LAL,CLE,1,0.4,116.0,44.6,24.8,2.0,0.6,105.0,46.4,25.0,2.0
22100084,2021-10-30,MEM,MIA,0,0.6,114.0,50.2,26.2,2.0,0.8,111.0,55.4,23.6,1.0
22100080,2021-10-30,NOP,NYK,0,0.2,103.2,51.2,20.4,1.0,0.8,115.8,47.8,24.2,2.0
22100085,2021-10-30,MIL,SAS,0,0.6,114.0,44.2,22.2,3.0,0.2,110.0,45.4,27.8,2.0
22100082,2021-10-30,PHI,ATL,1,0.6,110.0,43.0,22.4,2.0,0.6,108.6,51.2,24.4,2.0
22100078,2021-10-30,WAS,BOS,1,0.8,112.2,48.0,20.8,2.0,0.4,114.2,46.2,25.2,3.0
22100086,2021-10-30,GSW,OKC,1,0.8,112.4,48.0,28.4,2.0,0.2,100.2,43.0,21.0,3.0
22100081,2021-10-30,IND,TOR,0,0.2,108.6,46.0,21.6,1.0,0.6,109.2,47.4,21.2,1.0
22100090,2021-10-31,CHA,POR,1,0.6,116.4,44.6,25.4,2.0,0.6,113.6,51.0,21.4,2.0
22100089,2021-10-31,DAL,SAC,1,0.6,97.0,46.2,19.4,2.0,0.6,111.0,45.4,23.4,2.0
22100093,2021-10-31,LAL,HOU,1,0.6,115.8,44.0,25.4,2.0,0.2,104.8,45.0,21.8,3.0
22100091,2021-10-31,MIL,UTA,0,0.4,107.2,43.8,21.2,1.0,0.8,112.0,51.4,18.6,1.0
22100092,2021-10-31,BKN,DET,1,0.6,102.2,47.4,21.6,2.0,0.2,97.2,44.2,21.0,1.0
22100101,2021-11-01,MIN,ORL,0,0.6,104.4,45.8,23.6,2.0,0.2,104.6,44.2,22.0,2.0
22100096,2021-11-01,PHI,POR,1,0.6,111.0,41.0,22.4,2.0,0.6,112.0,50.6,22.4,1.0
22100095,2021-11-01,IND,SAS,1,0.2,100.6,45.6,21.0,2.0,0.2,105.8,46.6,27.0,2.0
22100094,2021-11-01,CHA,CLE,0,0.6,116.8,44.2,26.2,1.0,0.6,97.0,48.6,22.0,2.0
22100098,2021-11-01,BOS,CHI,0,0.4,109.8,45.8,23.0,2.0,0.8,109.2,39.8,24.2,2.0
22100100,2021-11-01,MEM,DEN,1,0.4,108.2,46.0,25.8,2.0,0.6,99.6,44.4,23.6,2.0
22100102,2021-11-01,LAC,OKC,1,0.2,102.8,41.0,24.0,3.0,0.2,99.4,42.0,20.0,2.0
22100099,2021-11-01,NYK,TOR,0,0.8,112.8,44.2,23.2,2.0,0.6,105.6,45.0,20.4,2.0
22100097,2021-11-01,ATL,WAS,1,0.4,104.8,50.0,23.0,2.0,0.8,115.6,50.2,20.6,2.0
22100104,2021-11-02,DAL,MIA,0,0.8,100.6,45.2,21.0,2.0,0.8,109.4,53.8,24.2,3.0
22100103,2021-11-02,DET,MIL,0,0.2,97.8,40.6,21.8,2.0,0.4,107.2,45.0,20.6,2.0
22100105,2021-11-02,UTA,SAC,1,0.8,112.0,49.6,17.6,2.0,0.4,106.0,48.0,22.6,2.0
22100106,2021-11-02,PHX,NOP,1,0.4,105.2,47.6,26.2,3.0,0.2,104.2,51.4,21.2,3.0
22100107,2021-11-02,LAL,HOU,1,0.8,113.8,43.4,24.8,2.0,0.2,100.6,47.8,21.2,2.0
22100109,2021-11-03,IND,NYK,1,0.2,106.4,42.4,24.8,2.0,0.6,109.4,44.8,20.4,2.0
22100108,2021-11-03,CLE,POR,1,0.6,99.4,47.6,21.6,2.0,0.4,105.8,50.0,21.8,2.0
22100113,2021-11-03,BKN,ATL,1,0.6,102.8,46.2,22.4,3.0,0.6,109.4,48.6,23.8,2.0
22100110,2021-11-03,ORL,BOS,0,0.2,105.6,43.0,21.8,2.0,0.4,116.0,45.0,23.2,2.0
22100118,2021-11-03,SAC,NOP,1,0.4,108.4,45.2,23.4,1.0,0.2,106.4,47.8,22.4,1.0
22100111,2021-11-03,PHI,CHI,1,0.8,111.8,40.8,25.8,2.0,0.8,109.2,40.6,23.8,2.0
22100116,2021-11-03,SAS,DAL,0,0.2,110.2,46.0,29.0,2.0,0.6,102.0,43.4,19.6,1.0
22100114,2021-11-03,MEM,DEN,1,0.4,105.4,47.4,24.6,2.0,0.4,98.6,44.2,23.8,2.0
22100115,2021-11-03,MIN,LAC,0,0.4,99.0,46.0,22.6,2.0,0.4,100.0,43.4,22.8,2.0
22100112,2021-11-03,WAS,TOR,0,0.6,110.8,49.8,21.2,2.0,0.8,109.2,44.8,21.8,2.0
22100117,2021-11-03,GSW,CHA,1,0.8,108.8,49.2,28.4,4.0,0.4,116.6,43.8,26.4,2.0
22100119,2021-11-04,DET,PHI,0,0.2,99.2,38.6,23.2,2.0,0.8,109.4,38.4,25.6,1.0
22100121,2021-11-04,MIA,BOS,0,1.0,116.2,51.8,25.6,2.0,0.4,113.0,46.4,23.6,1.0
22100122,2021-11-04,PHX,HOU,1,0.6,108.0,47.0,28.0,2.0,0.0,99.2,44.6,20.8,2.0
22100123,2021-11-04,LAL,OKC,0,0.8,113.4,44.8,24.2,2.0,0.2,100.0,44.4,19.0,3.0
22100120,2021-11-04,ATL,UTA,0,0.4,106.6,49.2,23.6,1.0,0.8,113.8,51.2,17.6,2.0
22100124,2021-11-05,DET,BKN,0,0.2,98.0,39.6,22.2,1.0,0.8,107.2,45.8,25.6,2.0
22100128,2021-11-05,MIL,NYK,0,0.4,106.4,46.6,22.0,3.0,0.6,108.2,43.6,21.0,2.0
22100131,2021-11-05,POR,IND,1,0.4,109.4,48.4,23.6,2.0,0.4,106.8,42.8,25.4,2.0
22100125,2021-11-05,ORL,SAS,0,0.2,103.4,44.4,20.6,2.0,0.2,109.6,46.4,28.2,2.0
22100127,2021-11-05,TOR,CLE,0,1.0,109.4,43.8,19.8,2.0,0.6,101.0,46.4,22.2,2.0
22100130,2021-11-05,GSW,NOP,1,0.8,108.6,49.2,29.6,2.0,0.0,104.8,43.8,23.4,2.0
22100129,2021-11-05,MIN,LAC,0,0.2,102.8,44.4,23.6,2.0,0.6,102.4,41.6,24.8,2.0
22100126,2021-11-05,WAS,MEM,1,0.6,112.8,48.0,21.8,2.0,0.6,103.4,44.8,25.2,2.0
22100132,2021-11-05,SAC,CHA,1,0.6,109.4,43.2,23.6,2.0,0.4,109.2,43.2,24.8,2.0
22100138,2021-11-06,POR,LAL,1,0.4,108.2,47.2,24.6,1.0,0.6,109.2,43.4,24.6,2.0
22100135,2021-11-06,CHI,PHI,0,0.6,109.4,41.6,22.8,3.0,1.0,111.4,40.2,25.2,2.0
22100137,2021-11-06,PHX,ATL,1,0.6,109.6,46.8,27.6,2.0,0.2,105.8,44.6,23.0,2.0
22100136,2021-11-06,DAL,BOS,1,0.6,100.6,44.6,18.8,3.0,0.4,104.0,45.0,20.2,2.0
22100133,2021-11-06,DEN,HOU,1,0.4,102.4,43.6,24.4,3.0,0.0,102.0,45.2,21.8,2.0
22100134,2021-11-06,MIA,UTA,1,0.8,110.4,52.4,23.6,2.0,0.8,112.6,52.2,19.6,2.0
22100142,2021-11-07,WAS,MIL,1,0.6,112.6,49.2,25.0,2.0,0.2,102.2,45.6,21.0,2.0
22100139,2021-11-07,TOR,BKN,0,0.8,106.0,44.6,19.4,2.0,0.8,105.6,44.0,26.0,2.0
22100143,2021-11-07,SAC,IND,0,0.6,115.4,46.4,23.8,2.0,0.4,108.0,42.8,27.2,2.0
22100144,2021-11-07,OKC,SAS,1,0.4,100.8,46.0,18.8,3.0,0.4,105.8,44.2,26.2,2.0
22100140,2021-11-07,NYK,CLE,0,0.6,108.4,46.4,19.4,2.0,0.6,103.0,42.8,24.2,2.0
22100145,2021-11-07,GSW,HOU,1,0.8,110.0,50.4,31.6,2.0,0.0,99.6,44.8,20.8,1.0
22100141,2021-11-07,ORL,UTA,1,0.2,99.0,46.4,20.8,2.0,0.6,111.2,46.8,20.0,1.0
22100146,2021-11-07,LAC,CHA,1,0.6,100.0,45.4,21.0,2.0,0.2,107.2,40.8,26.2,2.0
22100151,2021-11-08,DEN,MIA,1,0.6,99.4,45.6,24.4,2.0,0.8,112.8,47.2,25.4,2.0
22100149,2021-11-08,MEM,MIN,1,0.6,101.6,42.6,23.6,3.0,0.2,100.0,44.6,23.0,3.0
22100148,2021-11-08,CHI,BKN,1,0.4,108.2,45.0,22.0,2.0,1.0,110.2,45.2,27.6,1.0
22100147,2021-11-08,PHI,NYK,0,1.0,112.2,39.2,25.2,2.0,0.4,109.4,43.0,20.4,1.0
22100153,2021-11-08,SAC,PHX,0,0.4,111.0,44.0,24.0,1.0,0.8,112.8,47.6,27.4,2.0
22100152,2021-11-08,GSW,ATL,1,0.8,112.8,49.4,31.8,1.0,0.2,107.0,46.0,21.4,2.0
22100150,2021-11-08,DAL,NOP,1,0.6,101.2,43.6,19.0,2.0,0.0,102.0,43.4,23.2,3.0
22100154,2021-11-08,LAL,CHA,1,0.6,104.2,47.2,22.8,2.0,0.2,108.6,42.2,26.0,1.0
22100155,2021-11-09,PHI,MIL,0,0.8,107.0,41.2,24.4,1.0,0.2,99.4,46.8,20.0,2.0
22100157,2021-11-09,LAC,POR,1,0.8,108.2,48.2,22.0,2.0,0.4,107.0,45.0,24.8,3.0
22100156,2021-11-09,UTA,ATL,1,0.6,111.4,46.0,21.2,2.0,0.2,110.8,43.2,20.8,1.0
22100170,2021-11-10,LAL,MIA,1,0.6,106.8,49.0,24.0,2.0,0.6,109.2,42.6,25.2,2.0
22100161,2021-11-10,NYK,MIL,0,0.4,105.4,46.6,21.0,2.0,0.4,104.4,46.8,20.2,1.0
22100169,2021-11-10,GSW,MIN,1,1.0,118.0,47.6,32.2,2.0,0.0,101.0,43.8,21.8,2.0
22100159,2021-11-10,ORL,BKN,0,0.4,98.6,45.0,20.8,3.0,0.8,108.2,43.6,27.4,2.0
22100167,2021-11-10,DEN,IND,1,0.6,100.8,45.2,24.4,2.0,0.6,107.2,44.4,25.8,3.0
22100168,2021-11-10,PHX,POR,1,1.0,113.2,44.0,28.4,2.0,0.4,106.2,44.2,24.6,1.0
22100166,2021-11-10,SAS,SAC,1,0.4,104.8,43.8,27.8,3.0,0.4,112.0,42.0,23.6,2.0
22100163,2021-11-10,CHI,DAL,1,0.6,111.2,48.8,21.2,2.0,0.8,107.8,45.6,21.6,2.0
22100165,2021-11-10,NOP,OKC,0,0.0,98.6,41.4,25.0,2.0,0.6,101.0,49.0,19.2,3.0
22100160,2021-11-10,BOS,TOR,1,0.4,103.4,44.8,20.6,4.0,0.6,104.6,43.6,20.4,3.0
22100158,2021-11-10,CLE,WAS,0,0.8,108.0,45.2,24.8,3.0,0.6,108.4,47.4,24.6,3.0
22100162,2021-11-10,HOU,DET,0,0.0,102.8,45.0,21.2,3.0,0.2,95.6,41.0,21.2,5.0
22100164,2021-11-10,MEM,CHA,0,0.6,105.8,42.6,24.2,2.0,0.0,108.2,44.4,23.4,2.0
22100173,2021-11-11,LAC,MIA,1,1.0,113.2,48.2,23.6,2.0,0.4,106.8,42.0,24.2,1.0
22100172,2021-11-11,UTA,IND,0,0.6,112.0,46.0,22.8,2.0,0.6,108.0,46.0,25.2,1.0
22100171,2021-11-11,PHI,TOR,0,0.6,106.2,43.6,21.8,2.0,0.4,102.8,42.2,20.8,1.0
22100175,2021-11-12,BOS,MIL,1,0.6,101.8,42.8,20.2,2.0,0.6,107.8,48.0,22.8,2.0
22100184,2021-11-12,LAL,MIN,0,0.6,111.8,50.4,24.8,2.0,0.0,104.8,42.6,23.6,2.0
22100179,2021-11-12,NOP,BKN,0,0.0,95.2,42.8,23.8,2.0,0.8,109.4,45.2,27.2,2.0
22100174,2021-11-12,CHA,NYK,1,0.2,109.8,45.0,24.4,2.0,0.4,104.6,46.0,20.8,2.0
22100178,2021-11-12,MEM,PHX,0,0.6,106.8,47.6,24.4,2.0,1.0,116.8,41.4,28.4,2.0
22100177,2021-11-12,HOU,POR,0,0.0,106.6,42.4,21.0,2.0,0.4,107.4,44.4,25.2,2.0
22100180,2021-11-12,OKC,SAC,1,0.6,98.0,51.8,19.6,2.0,0.4,112.8,43.2,22.8,2.0
22100182,2021-11-12,DEN,ATL,1,0.6,102.4,43.4,23.4,2.0,0.0,106.8,40.2,20.4,3.0
22100183,2021-11-12,GSW,CHI,1,1.0,122.0,47.0,30.8,2.0,0.6,113.2,49.0,23.2,2.0
22100181,2021-11-12,SAS,DAL,0,0.4,111.6,42.6,29.0,2.0,0.6,108.2,45.2,21.4,2.0
22100176,2021-11-12,CLE,DET,1,0.8,108.4,43.8,24.8,2.0,0.2,96.0,41.2,20.6,2.0
22100185,2021-11-13,UTA,MIA,0,0.4,108.2,41.6,24.0,2.0,0.2,103.6,43.0,22.8,2.0
22100191,2021-11-13,LAC,MIN,1,1.0,115.8,46.4,24.0,2.0,0.2,106.8,44.0,24.2,1.0
22100186,2021-11-13,IND,PHI,1,0.6,104.0,48.8,21.6,2.0,0.4,107.4,44.4,22.8,2.0
22100190,2021-11-13,CLE,BOS,1,0.8,105.4,42.0,26.0,1.0,0.8,103.4,45.8,20.6,1.0
22100188,2021-11-13,NOP,MEM,1,0.0,97.6,42.8,24.8,1.0,0.4,104.4,48.4,24.2,1.0
22100187,2021-11-13,ORL,WAS,0,0.4,96.0,45.6,20.4,3.0,0.6,104.8,44.8,25.8,3.0
22100189,2021-11-13,TOR,DET,0,0.4,103.2,42.0,21.0,2.0,0.2,93.4,44.0,20.0,1.0
22100193,2021-11-14,ATL,MIL,1,0.0,104.4,39.8,19.8,2.0,0.4,107.0,45.4,21.8,2.0
22100196,2021-11-14,OKC,BKN,0,0.8,102.6,53.2,19.4,2.0,0.8,110.0,43.6,25.8,2.0
22100195,2021-11-14,HOU,PHX,0,0.0,101.6,44.6,18.2,2.0,1.0,118.2,42.2,27.6,2.0
22100197,2021-11-14,DEN,POR,1,0.8,104.0,45.2,23.2,2.0,0.6,107.4,47.0,24.6,2.0
22100192,2021-11-14,LAL,SAS,1,0.4,104.6,50.6,23.0,2.0,0.4,109.8,43.6,28.2,2.0
22100198,2021-11-14,LAC,CHI,0,1.0,116.4,50.8,24.4,1.0,0.4,106.2,46.6,20.8,2.0
22100194,2021-11-14,CHA,GSW,1,0.4,112.2,45.0,25.8,2.0,1.0,123.0,45.8,29.6,2.0
22100207,2021-11-15,OKC,MIA,0,0.8,103.0,51.8,20.0,1.0,0.4,110.2,43.6,23.8,2.0
22100202,2021-11-15,ATL,ORL,1,0.2,108.8,43.6,20.4,1.0,0.2,91.4,44.2,20.4,2.0
22100203,2021-11-15,NYK,IND,1,0.4,104.2,47.0,19.6,3.0,0.6,105.4,46.4,23.0,2.0
22100206,2021-11-15,MIN,PHX,0,0.2,104.2,44.4,23.8,2.0,1.0,116.6,43.4,25.6,1.0
22100200,2021-11-15,DET,SAC,0,0.4,101.0,42.2,22.6,2.0,0.2,111.0,45.6,21.4,3.0
22100199,2021-11-15,CLE,BOS,0,0.8,102.2,41.2,23.6,2.0,0.6,102.8,45.2,19.8,2.0
22100201,2021-11-15,WAS,NOP,1,0.8,103.4,47.2,26.2,2.0,0.2,100.2,42.2,25.8,2.0
22100209,2021-11-15,LAL,CHI,0,0.6,106.6,50.0,24.2,1.0,0.6,106.6,46.2,20.8,1.0
22100204,2021-11-15,DAL,DEN,1,0.8,110.8,46.6,24.0,3.0,1.0,107.6,46.2,24.2,1.0
22100205,2021-11-15,MEM,HOU,1,0.2,103.0,49.0,22.8,2.0,0.0,97.2,45.6,17.0,1.0
22100208,2021-11-15,POR,TOR,1,0.4,104.4,45.8,23.6,1.0,0.2,105.6,41.4,21.8,2.0
22100211,2021-11-16,UTA,PHI,1,0.2,106.0,40.0,22.6,3.0,0.2,108.2,43.8,21.6,3.0
22100212,2021-11-16,LAC,SAS,1,0.8,113.6,47.2,24.0,2.0,0.4,109.4,44.2,28.8,2.0
22100210,2021-11-16,BKN,GSW,0,0.8,114.8,43.4,27.0,2.0,0.8,118.2,45.8,28.6,2.0
22100219,2021-11-17,MIL,LAL,1,0.4,107.4,44.0,22.8,3.0,0.6,109.2,46.8,24.0,2.0
22100218,2021-11-17,NYK,ORL,0,0.4,100.0,44.4,20.8,2.0,0.2,97.8,43.2,23.4,2.0
22100214,2021-11-17,DET,IND,1,0.4,102.8,43.4,23.0,2.0,0.6,101.0,47.2,20.6,2.0
22100220,2021-11-17,MIN,SAC,1,0.2,106.6,46.8,24.0,2.0,0.2,108.8,43.8,22.0,2.0
22100215,2021-11-17,ATL,BOS,1,0.4,111.2,42.8,23.2,2.0,0.6,103.4,45.2,21.2,2.0
22100216,2021-11-17,BKN,CLE,1,0.6,111.4,41.4,25.4,1.0,0.6,100.2,41.8,22.8,2.0
22100217,2021-11-17,MIA,NOP,1,0.4,107.2,45.4,22.2,2.0,0.2,103.2,42.8,25.2,2.0
22100223,2021-11-17,POR,CHI,1,0.4,107.0,43.2,24.2,2.0,0.8,109.8,44.2,23.0,2.0
22100222,2021-11-17,PHX,DAL,1,1.0,112.2,45.4,24.6,2.0,0.8,111.2,44.2,25.8,2.0
22100221,2021-11-17,OKC,HOU,1,0.6,99.6,50.2,20.6,2.0,0.0,98.8,45.4,18.0,2.0
22100213,2021-11-17,CHA,WAS,1,0.6,111.4,47.2,24.6,3.0,1.0,104.4,46.8,27.0,2.0
22100228,2021-11-18,DEN,PHI,0,0.8,108.8,46.4,24.4,3.0,0.0,102.4,44.0,21.0,2.0
22100227,2021-11-18,MIN,SAS,1,0.4,104.4,44.8,23.4,1.0,0.2,107.4,42.8,29.4,2.0
22100224,2021-11-18,CLE,GSW,0,0.4,94.8,42.2,20.6,1.0,0.8,117.6,48.2,27.4,2.0
22100226,2021-11-18,MEM,LAC,1,0.4,112.8,51.0,25.6,3.0,0.8,110.8,47.6,22.4,2.0
22100229,2021-11-18,UTA,TOR,1,0.4,107.0,45.0,22.8,2.0,0.2,108.0,40.2,21.8,3.0
22100225,2021-11-18,MIA,WAS,1,0.6,110.6,45.8,23.6,1.0,0.8,98.8,45.8,24.8,1.0
22100232,2021-11-19,BOS,LAL,1,0.6,102.4,46.4,22.0,2.0,0.4,104.4,46.2,22.8,2.0
22100233,2021-11-19,BKN,ORL,1,0.8,114.2,42.4,27.4,2.0,0.4,100.8,44.8,22.8,2.0
22100230,2021-11-19,CHA,IND,1,0.8,109.6,50.2,26.6,2.0,0.4,100.0,45.0,20.8,2.0
22100236,2021-11-19,DEN,CHI,0,0.6,104.0,45.8,23.2,1.0,0.6,107.6,40.2,23.4,2.0
22100237,2021-11-19,PHX,DAL,1,1.0,111.4,47.6,24.4,2.0,0.6,109.4,46.0,27.6,2.0
22100231,2021-11-19,DET,GSW,0,0.6,104.2,43.0,22.8,2.0,0.8,113.0,47.2,28.4,1.0
22100235,2021-11-19,NOP,LAC,1,0.2,104.4,42.6,23.4,2.0,0.6,109.0,45.8,22.2,1.0
22100234,2021-11-19,MIL,OKC,1,0.6,110.4,44.6,23.8,2.0,0.6,100.0,50.0,20.0,2.0
22100238,2021-11-19,SAC,TOR,0,0.2,110.0,46.6,21.8,2.0,0.2,108.0,40.2,22.0,1.0
22100241,2021-11-20,WAS,MIA,1,0.6,98.0,44.8,25.0,2.0,0.8,109.6,44.6,23.8,2.0
22100244,2021-11-20,MIL,ORL,1,0.6,106.0,44.8,23.8,1.0,0.2,102.0,46.0,23.2,1.0
22100246,2021-11-20,POR,PHI,1,0.6,107.6,43.4,23.6,3.0,0.2,103.8,43.6,21.4,2.0
22100240,2021-11-20,IND,NOP,1,0.4,104.0,43.0,20.2,1.0,0.4,103.2,43.6,22.4,1.0
22100239,2021-11-20,NYK,HOU,1,0.4,97.8,47.0,21.6,3.0,0.0,95.2,46.2,17.8,3.0
22100243,2021-11-20,BOS,OKC,1,0.6,107.6,47.8,22.2,1.0,0.4,96.2,49.4,18.8,1.0
22100247,2021-11-20,SAC,UTA,0,0.2,107.0,45.4,21.2,1.0,0.6,110.8,44.2,25.4,2.0
22100245,2021-11-20,MIN,MEM,1,0.6,105.4,46.2,23.4,2.0,0.4,111.8,50.2,25.6,2.0
22100242,2021-11-20,ATL,CHA,1,0.6,110.6,43.8,24.6,3.0,1.0,109.2,48.2,27.6,1.0
22100249,2021-11-21,DET,LAL,0,0.4,102.2,40.2,22.4,2.0,0.2,102.0,42.8,21.6,2.0
22100250,2021-11-21,CHI,NYK,1,0.6,107.0,41.0,22.0,2.0,0.4,98.4,43.4,21.6,1.0
22100248,2021-11-21,LAC,DAL,1,0.4,102.8,46.0,22.6,2.0,0.4,108.6,44.8,27.2,2.0
22100251,2021-11-21,PHX,DEN,1,1.0,110.0,50.4,24.6,2.0,0.4,105.4,45.6,24.2,2.0
22100252,2021-11-21,GSW,TOR,1,0.8,109.4,46.2,28.2,2.0,0.4,112.0,42.6,22.0,2.0
22100259,2021-11-22,NOP,MIN,0,0.4,99.6,45.4,20.6,2.0,0.6,111.6,45.4,24.2,2.0
22100253,2021-11-22,CLE,BKN,0,0.4,93.8,42.6,20.8,4.0,0.8,112.6,41.2,25.4,3.0
22100258,2021-11-22,MIL,ORL,1,0.6,107.0,46.8,23.0,2.0,0.2,105.6,44.0,24.6,2.0
22100257,2021-11-22,CHI,IND,0,0.8,110.2,42.2,22.6,1.0,0.4,104.0,41.6,22.0,2.0
22100262,2021-11-22,SAC,PHI,0,0.2,104.6,43.6,21.2,2.0,0.2,104.2,40.8,22.0,2.0
22100260,2021-11-22,SAS,PHX,0,0.2,106.6,42.0,28.8,4.0,1.0,111.4,51.4,25.8,1.0
22100256,2021-11-22,BOS,HOU,1,0.6,105.4,46.8,23.4,2.0,0.0,94.2,47.4,18.6,2.0
22100255,2021-11-22,ATL,OKC,1,0.8,114.0,46.6,25.0,2.0,0.2,96.2,49.8,20.8,2.0
22100261,2021-11-22,UTA,MEM,0,0.6,113.4,45.8,25.2,2.0,0.4,109.2,45.4,24.4,2.0
22100254,2021-11-22,WAS,CHA,0,0.6,99.2,42.0,24.4,2.0,0.8,106.6,48.6,26.4,2.0
22100264,2021-11-23,NYK,LAL,1,0.4,99.0,44.6,21.0,2.0,0.4,109.6,44.2,24.0,2.0
22100263,2021-11-23,DET,MIA,0,0.4,109.8,39.4,24.2,2.0,0.8,107.8,42.0,24.4,3.0
22100266,2021-11-23,LAC,DAL,0,0.4,96.4,43.0,19.2,2.0,0.4,105.4,44.0,26.8,2.0
22100265,2021-11-23,POR,DEN,1,0.8,109.4,41.8,23.4,3.0,0.2,103.8,44.2,23.0,2.0
22100268,2021-11-24,IND,LAL,0,0.4,102.2,46.0,20.8,2.0,0.2,106.8,45.0,23.0,1.0
22100274,2021-11-24,MIN,MIA,1,0.8,113.2,47.0,23.4,2.0,0.8,105.6,42.6,24.2,1.0
22100270,2021-11-24,BOS,BKN,0,0.8,109.2,49.0,23.2,2.0,0.8,112.0,42.8,26.4,2.0
22100278,2021-11-24,GSW,PHI,1,0.8,109.4,46.2,29.0,3.0,0.4,102.8,42.0,20.0,2.0
22100267,2021-11-24,CLE,PHX,0,0.2,96.6,45.2,20.2,2.0,1.0,111.4,49.8,27.0,2.0
22100279,2021-11-24,SAC,POR,1,0.2,102.8,43.6,20.6,2.0,0.8,112.4,40.0,24.2,1.0
22100277,2021-11-24,SAS,ATL,0,0.0,101.6,42.2,26.6,2.0,1.0,117.4,45.4,26.0,2.0
22100271,2021-11-24,HOU,CHI,1,0.0,93.8,46.0,19.8,2.0,0.6,105.6,40.8,21.4,2.0
22100272,2021-11-24,MEM,TOR,0,0.6,114.2,43.6,25.4,2.0,0.2,109.8,42.6,22.0,3.0
22100276,2021-11-24,OKC,UTA,0,0.2,97.2,51.0,21.6,2.0,0.6,117.0,47.6,26.0,2.0
22100275,2021-11-24,NOP,WAS,1,0.2,96.4,47.6,19.6,2.0,0.4,99.0,45.4,23.2,2.0
22100273,2021-11-24,MIL,DET,1,0.8,109.0,50.0,24.0,2.0,0.2,102.8,39.6,21.8,1.0
22100269,2021-11-24,ORL,CHA,0,0.2,105.6,44.6,23.6,2.0,0.8,107.6,46.0,25.6,2.0
22100288,2021-11-26,DEN,MIL,0,0.0,99.0,41.8,22.4,3.0,1.0,111.8,55.2,23.8,2.0
22100281,2021-11-26,CHA,MIN,1,0.8,107.6,48.0,26.2,2.0,1.0,116.6,46.6,24.6,2.0
22100282,2021-11-26,NYK,PHX,0,0.6,101.0,44.8,22.2,3.0,1.0,115.6,48.8,28.0,2.0
22100290,2021-11-26,GSW,POR,1,1.0,112.2,44.6,29.2,2.0,0.8,117.6,41.4,25.2,2.0
22100291,2021-11-26,LAL,SAC,0,0.4,111.0,46.8,23.2,2.0,0.2,102.0,42.8,18.4,2.0
22100285,2021-11-26,MEM,ATL,0,0.6,116.6,43.8,26.2,2.0,1.0,118.2,44.0,27.0,2.0
22100287,2021-11-26,SAS,BOS,1,0.0,101.0,42.8,26.0,2.0,0.6,110.4,48.8,23.6,2.0
22100289,2021-11-26,UTA,NOP,0,0.8,118.0,48.6,25.2,2.0,0.4,101.8,49.0,22.2,2.0
22100283,2021-11-26,ORL,CHI,0,0.2,103.2,46.6,22.2,2.0,0.4,104.0,41.6,20.4,2.0
22100284,2021-11-26,IND,TOR,1,0.4,108.6,47.6,22.6,2.0,0.4,110.8,41.6,22.8,2.0
22100286,2021-11-26,OKC,WAS,0,0.2,100.0,51.2,20.6,2.0,0.2,98.4,46.0,23.2,2.0
22100280,2021-11-26,LAC,DET,1,0.4,99.2,43.6,19.4,3.0,0.2,100.0,39.0,20.4,2.0
22100296,2021-11-27,CHI,MIA,0,0.6,107.2,43.8,22.2,1.0,0.6,105.2,41.6,24.8,3.0
22100292,2021-11-27,PHI,MIN,0,0.4,99.4,41.0,20.2,3.0,0.8,118.2,48.6,25.4,1.0
22100293,2021-11-27,ATL,NYK,0,1.0,118.8,44.6,27.2,1.0,0.4,102.0,45.8,20.4,1.0
22100295,2021-11-27,CLE,ORL,1,0.0,101.4,46.2,21.2,3.0,0.0,100.0,43.6,21.8,1.0
22100294,2021-11-27,BKN,PHX,0,0.8,112.6,44.0,26.0,3.0,1.0,118.2,46.0,28.2,1.0
22100299,2021-11-27,UTA,NOP,1,0.6,113.4,46.0,23.2,1.0,0.6,101.8,49.2,24.0,1.0
22100298,2021-11-27,DAL,WAS,0,0.4,103.2,42.8,25.2,4.0,0.4,101.2,45.0,22.0,1.0
22100297,2021-11-27,HOU,CHA,1,0.2,99.6,45.6,21.4,3.0,0.8,114.8,45.0,26.6,1.0
22100301,2021-11-28,IND,MIL,0,0.6,113.6,49.6,26.0,2.0,1.0,114.0,53.6,24.2,2.0
22100303,2021-11-28,MEM,SAC,1,0.4,109.4,41.2,25.0,2.0,0.4,110.8,44.6,21.0,2.0
22100302,2021-11-28,TOR,BOS,0,0.4,107.6,42.0,22.2,2.0,0.6,108.2,50.6,22.8,2.0
22100300,2021-11-28,LAC,GSW,0,0.4,99.4,44.0,21.4,2.0,1.0,112.4,43.6,30.4,2.0
22100304,2021-11-28,LAL,DET,1,0.4,118.0,47.4,24.8,2.0,0.0,99.8,41.0,20.6,2.0
22100305,2021-11-29,PHI,ORL,1,0.4,106.4,41.4,21.8,2.0,0.0,95.8,43.2,20.8,2.0
22100309,2021-11-29,MIN,IND,1,0.8,119.4,50.0,23.8,2.0,0.6,110.0,51.0,26.4,1.0
22100312,2021-11-29,UTA,POR,1,0.6,115.0,45.0,21.2,2.0,0.6,114.6,41.0,24.8,3.0
22100310,2021-11-29,DAL,CLE,0,0.2,103.8,41.0,23.8,2.0,0.2,104.0,48.0,23.2,2.0
22100313,2021-11-29,LAC,NOP,0,0.4,95.8,46.6,20.2,1.0,0.4,104.0,47.2,25.6,2.0
22100306,2021-11-29,MIA,DEN,0,0.6,104.0,41.0,23.6,2.0,0.0,100.6,38.8,23.2,3.0
22100308,2021-11-29,HOU,OKC,1,0.4,108.4,44.6,23.8,2.0,0.0,99.6,48.2,21.6,3.0
22100311,2021-11-29,SAS,WAS,1,0.2,99.0,44.8,24.6,3.0,0.6,105.8,46.2,22.6,2.0
22100307,2021-11-29,CHI,CHA,1,0.4,105.2,43.2,22.8,2.0,0.6,119.2,43.8,27.2,2.0
22100318,2021-11-30,SAC,LAL,0,0.4,113.2,46.4,21.4,2.0,0.6,118.4,49.2,27.2,2.0
22100314,2021-11-30,BKN,NYK,1,0.8,114.2,45.8,26.8,3.0,0.6,102.2,46.8,19.4,3.0
22100316,2021-11-30,PHX,GSW,1,1.0,118.4,43.6,26.0,3.0,1.0,112.6,45.4,28.2,2.0
22100315,2021-11-30,TOR,MEM,0,0.4,106.4,43.8,21.2,2.0,0.4,111.0,45.4,25.4,2.0
22100317,2021-11-30,POR,DET,1,0.4,113.6,40.6,23.4,1.0,0.0,100.6,44.6,22.2,2.0
22100321,2021-12-01,WAS,MIN,1,0.4,105.0,47.2,23.4,2.0,0.8,111.8,49.4,23.2,2.0
22100322,2021-12-01,BOS,PHI,1,0.6,104.0,51.0,23.2,3.0,0.4,106.0,43.4,22.2,2.0
22100327,2021-12-01,LAC,SAC,0,0.4,100.4,45.0,19.2,2.0,0.4,110.6,47.4,21.8,1.0
22100319,2021-12-01,IND,ATL,0,0.4,107.4,51.2,26.2,2.0,0.8,114.8,47.0,25.2,4.0
22100323,2021-12-01,MIA,CLE,0,0.4,103.8,40.6,24.6,2.0,0.4,107.0,47.6,25.0,2.0
22100325,2021-12-01,NOP,DAL,0,0.6,109.8,46.2,28.2,2.0,0.2,103.4,37.8,22.2,2.0
22100320,2021-12-01,ORL,DEN,1,0.0,93.4,46.4,19.6,2.0,0.2,106.8,36.6,25.2,2.0
22100326,2021-12-01,OKC,HOU,0,0.0,99.6,46.6,21.4,2.0,0.6,111.0,47.4,26.8,2.0
22100324,2021-12-01,MIL,CHA,1,1.0,118.4,53.4,25.4,3.0,0.6,122.0,40.4,26.6,2.0
22100329,2021-12-02,TOR,MIL,1,0.2,103.0,42.0,20.0,2.0,1.0,120.4,50.4,26.2,1.0
22100332,2021-12-02,POR,SAS,0,0.4,112.0,41.6,23.6,2.0,0.4,103.8,46.8,25.0,3.0
22100328,2021-12-02,NYK,CHI,0,0.4,103.0,47.8,19.8,2.0,0.4,110.0,42.6,25.6,3.0
22100330,2021-12-02,MEM,OKC,1,0.6,111.6,49.6,24.8,2.0,0.0,100.6,42.8,20.0,1.0
22100331,2021-12-02,PHX,DET,1,1.0,114.0,40.4,24.8,2.0,0.0,95.8,45.8,20.2,2.0
22100333,2021-12-03,IND,MIA,0,0.2,107.8,47.4,25.4,2.0,0.4,100.8,38.8,24.6,2.0
22100336,2021-12-03,BKN,MIN,1,0.8,114.8,44.0,26.4,3.0,0.6,111.2,47.4,22.0,2.0
22100337,2021-12-03,HOU,ORL,1,0.8,114.0,45.8,27.6,2.0,0.2,96.6,44.8,21.6,2.0
22100335,2021-12-03,ATL,PHI,0,0.8,114.6,46.0,25.2,2.0,0.4,101.2,46.2,21.4,2.0
22100340,2021-12-03,GSW,PHX,1,0.8,110.8,46.0,28.8,3.0,1.0,113.8,40.4,24.4,1.0
22100339,2021-12-03,UTA,BOS,1,0.6,116.2,43.2,23.2,4.0,0.6,99.4,50.6,21.2,2.0
22100334,2021-12-03,WAS,CLE,0,0.6,107.4,44.6,25.6,2.0,0.6,111.4,48.4,26.0,2.0
22100338,2021-12-03,DAL,NOP,0,0.4,110.4,36.6,23.6,2.0,0.6,112.0,43.0,27.8,2.0
22100341,2021-12-03,LAL,LAC,0,0.6,117.6,48.4,25.6,3.0,0.2,104.0,46.4,22.6,2.0
22100344,2021-12-04,MIL,MIA,1,0.8,114.4,48.8,23.8,2.0,0.4,103.4,36.2,25.0,1.0
22100346,2021-12-04,GSW,SAS,0,0.8,110.6,46.8,28.6,1.0,0.6,108.6,48.0,26.2,2.0
22100347,2021-12-04,POR,BOS,0,0.2,104.8,41.2,22.4,2.0,0.4,103.8,45.0,22.0,1.0
22100343,2021-12-04,BKN,CHI,0,0.8,113.8,43.6,27.8,1.0,0.6,118.4,42.8,27.8,2.0
22100342,2021-12-04,NYK,DEN,0,0.4,105.4,46.8,20.4,2.0,0.2,105.8,36.0,24.8,3.0
22100348,2021-12-04,SAC,LAC,1,0.6,116.6,45.2,24.0,3.0,0.4,107.0,43.8,24.8,1.0
22100345,2021-12-04,DAL,MEM,0,0.4,110.4,37.2,22.8,1.0,0.6,118.2,50.2,28.2,2.0
22100352,2021-12-05,HOU,NOP,1,1.0,119.6,44.4,30.4,2.0,0.6,108.0,43.6,27.2,2.0
22100349,2021-12-05,CLE,UTA,0,0.8,112.2,48.6,27.2,2.0,0.8,120.0,42.8,23.2,2.0
22100351,2021-12-05,TOR,WAS,1,0.4,101.6,42.0,19.6,3.0,0.6,107.2,42.2,25.2,2.0
22100350,2021-12-05,ATL,CHA,0,0.6,111.2,46.6,24.2,2.0,0.4,125.2,40.4,28.4,4.0
22100361,2021-12-06,GSW,ORL,1,0.6,108.8,47.6,27.4,2.0,0.2,100.0,43.6,21.8,3.0
22100353,2021-12-06,CHA,PHI,0,0.4,130.0,38.4,27.4,1.0,0.4,100.4,45.2,22.0,3.0
22100360,2021-12-06,PHX,SAS,1,0.8,109.0,38.6,23.8,3.0,0.8,108.8,48.2,26.4,2.0
22100359,2021-12-06,MIN,ATL,0,0.4,109.6,45.8,21.6,3.0,0.4,111.8,46.8,24.8,1.0
22100358,2021-12-06,MIL,CLE,1,0.8,116.4,49.0,25.6,2.0,0.8,110.8,48.8,26.8,1.0
22100357,2021-12-06,CHI,DEN,1,0.8,118.0,44.2,27.0,2.0,0.4,109.0,36.0,26.8,2.0
22100362,2021-12-06,POR,LAC,0,0.2,104.0,39.0,21.4,2.0,0.2,105.4,42.4,24.2,2.0
22100354,2021-12-06,DET,OKC,0,0.0,98.0,46.0,19.8,4.0,0.0,96.2,38.0,18.0,4.0
22100356,2021-12-06,MIA,MEM,0,0.4,103.6,36.0,25.8,2.0,0.8,115.0,52.6,27.2,2.0
22100355,2021-12-06,IND,WAS,1,0.2,105.4,44.8,24.4,3.0,0.4,105.0,42.2,25.8,1.0
22100363,2021-12-07,DAL,BKN,0,0.2,106.0,37.2,22.2,3.0,0.6,111.8,46.2,27.0,3.0
22100364,2021-12-07,SAS,NYK,0,0.8,108.4,47.6,27.2,1.0,0.2,104.0,44.4,20.4,3.0
22100365,2021-12-07,LAL,BOS,1,0.6,120.6,47.0,26.6,4.0,0.6,112.0,45.2,22.2,3.0
22100370,2021-12-08,MIA,MIL,1,0.2,100.2,36.0,26.4,2.0,0.8,114.8,50.8,25.0,2.0
22100372,2021-12-08,HOU,BKN,1,1.0,119.6,43.2,29.8,3.0,0.6,107.6,46.2,26.8,1.0
22100369,2021-12-08,IND,NYK,1,0.2,105.8,42.2,23.2,2.0,0.4,108.8,44.6,22.2,1.0
22100377,2021-12-08,SAC,ORL,1,0.6,112.4,46.8,23.6,4.0,0.2,101.4,44.0,21.8,2.0
22100366,2021-12-08,CHA,PHI,0,0.2,128.2,38.0,27.2,2.0,0.6,106.6,46.8,24.2,2.0
22100376,2021-12-08,GSW,POR,1,0.6,110.4,46.6,26.8,2.0,0.2,101.4,40.6,20.0,2.0
22100378,2021-12-08,LAC,BOS,1,0.4,107.8,40.4,24.2,2.0,0.6,114.8,41.8,23.6,1.0
22100367,2021-12-08,CLE,CHI,1,0.6,110.6,46.4,26.6,2.0,0.8,115.2,45.8,25.6,2.0
22100373,2021-12-08,MEM,DAL,0,1.0,116.0,54.8,27.0,2.0,0.2,103.0,38.0,21.8,1.0
22100375,2021-12-08,NOP,DEN,0,0.4,110.0,45.8,25.6,3.0,0.4,108.4,38.6,27.6,2.0
22100371,2021-12-08,TOR,OKC,0,0.4,96.8,44.6,19.0,3.0,0.2,98.2,37.4,18.2,2.0
22100374,2021-12-08,MIN,UTA,0,0.4,108.6,46.8,21.2,2.0,0.8,119.8,43.4,24.2,3.0
22100368,2021-12-08,DET,WAS,0,0.0,100.0,47.6,20.8,2.0,0.2,103.0,39.6,25.2,2.0
22100380,2021-12-09,MEM,LAL,1,0.8,109.6,49.2,25.6,1.0,0.6,119.2,46.8,27.6,2.0
22100381,2021-12-09,SAS,DEN,1,0.6,111.0,45.6,29.0,2.0,0.6,110.6,39.0,28.4,1.0
22100379,2021-12-09,PHI,UTA,0,0.8,104.6,45.2,23.4,1.0,1.0,127.6,44.4,26.0,1.0
22100389,2021-12-10,OKC,LAL,0,0.4,100.4,37.2,19.2,2.0,0.6,110.8,45.6,26.4,1.0
22100386,2021-12-10,HOU,MIL,0,1.0,113.2,42.6,27.2,2.0,0.6,112.0,48.6,23.2,2.0
22100384,2021-12-10,ATL,BKN,0,0.4,109.6,46.8,24.4,4.0,0.6,107.0,45.6,25.4,2.0
22100385,2021-12-10,TOR,NYK,1,0.4,99.2,45.6,21.0,2.0,0.2,109.4,41.8,21.6,2.0
22100382,2021-12-10,CHA,SAC,1,0.2,120.8,37.2,25.4,2.0,0.6,112.6,44.2,22.0,2.0
22100390,2021-12-10,PHX,BOS,1,0.8,107.0,41.4,23.6,4.0,0.4,115.2,40.6,24.0,2.0
22100387,2021-12-10,MIN,CLE,0,0.2,105.2,43.4,20.6,2.0,0.6,110.8,45.2,26.4,2.0
22100383,2021-12-10,IND,DAL,1,0.4,110.2,41.6,24.4,2.0,0.4,104.6,40.8,22.6,2.0
22100388,2021-12-10,NOP,DET,1,0.4,111.8,46.0,26.6,2.0,0.0,104.0,44.6,21.8,2.0
22100391,2021-12-11,LAC,ORL,1,0.6,109.8,41.0,24.8,3.0,0.2,109.0,44.0,23.4,3.0
22100393,2021-12-11,CLE,SAC,1,0.6,113.2,45.4,27.8,1.0,0.6,117.0,44.0,23.0,1.0
22100394,2021-12-11,MIA,CHI,1,0.4,100.6,36.6,26.4,3.0,0.8,112.8,43.8,25.4,3.0
22100397,2021-12-11,SAS,DEN,0,0.6,112.4,46.2,29.8,2.0,0.4,108.8,38.6,27.8,2.0
22100396,2021-12-11,PHI,GSW,1,0.6,103.6,41.0,22.0,2.0,0.6,110.2,47.4,26.2,3.0
22100395,2021-12-11,MEM,HOU,1,0.8,111.6,47.8,27.6,2.0,0.8,115.6,38.6,27.0,1.0
22100392,2021-12-11,WAS,UTA,0,0.4,107.0,40.6,25.4,3.0,1.0,125.8,46.6,25.6,2.0
22100398,2021-12-12,NYK,MIL,0,0.2,104.8,44.4,19.8,2.0,0.6,111.2,49.2,21.2,2.0
22100402,2021-12-12,POR,MIN,0,0.2,98.8,40.6,21.0,4.0,0.0,106.4,42.0,20.4,2.0
22100399,2021-12-12,DET,BKN,0,0.0,101.4,41.6,20.4,2.0,0.6,107.2,46.2,25.2,2.0
22100403,2021-12-12,LAL,ORL,1,0.6,112.0,46.6,24.6,2.0,0.2,110.6,42.0,23.6,1.0
22100401,2021-12-12,SAS,NOP,1,0.4,112.0,45.6,29.0,1.0,0.4,109.0,48.6,26.4,2.0
22100400,2021-12-12,OKC,DAL,0,0.4,101.6,38.4,20.2,2.0,0.2,95.4,41.4,19.8,2.0
22100404,2021-12-13,CLE,MIA,1,0.6,113.4,44.0,27.2,2.0,0.6,107.2,41.0,29.6,2.0
22100408,2021-12-13,BOS,MIL,1,0.2,115.6,40.6,23.0,3.0,0.8,115.0,49.0,23.4,1.0
22100409,2021-12-13,MEM,PHI,1,0.8,103.8,44.8,23.8,2.0,0.8,106.6,40.6,21.8,2.0
22100412,2021-12-13,LAC,PHX,1,0.8,108.0,40.2,23.2,2.0,0.8,106.6,43.8,25.2,3.0
22100406,2021-12-13,TOR,SAC,1,0.6,97.8,46.4,21.4,3.0,0.6,119.2,45.6,22.4,2.0
22100405,2021-12-13,IND,GSW,0,0.6,111.8,41.0,24.6,3.0,0.6,109.6,45.6,25.4,2.0
22100407,2021-12-13,ATL,HOU,0,0.4,112.6,46.2,25.0,3.0,0.6,114.0,38.6,27.0,2.0
22100411,2021-12-13,DEN,WAS,1,0.6,113.6,39.8,30.0,2.0,0.2,103.6,38.0,22.0,2.0
22100410,2021-12-13,DAL,CHA,1,0.4,97.8,43.8,21.4,1.0,0.4,121.8,38.2,26.6,3.0
22100416,2021-12-14,POR,PHX,0,0.0,99.0,41.0,21.2,2.0,0.6,104.8,45.0,24.0,1.0
22100414,2021-12-14,NYK,GSW,0,0.2,101.2,44.0,21.4,2.0,0.6,106.4,44.8,23.6,1.0
22100413,2021-12-14,BKN,TOR,1,0.6,108.4,46.6,25.6,2.0,0.8,104.4,46.8,24.2,1.0
22100420,2021-12-15,DAL,LAL,0,0.6,103.8,45.4,23.2,2.0,0.6,109.8,46.0,25.2,3.0
22100419,2021-12-15,PHI,MIA,0,0.6,105.2,40.2,21.8,2.0,0.4,103.4,41.2,30.0,2.0
22100424,2021-12-15,DEN,MIN,0,0.6,113.6,41.2,29.2,2.0,0.2,108.2,42.6,22.0,3.0
22100421,2021-12-15,MIL,IND,1,0.6,110.8,46.6,21.4,2.0,0.6,109.6,41.4,23.2,2.0
22100418,2021-12-15,ORL,ATL,0,0.0,107.8,43.6,21.8,3.0,0.2,115.0,46.0,24.2,2.0
22100422,2021-12-15,OKC,NOP,0,0.4,96.4,39.2,20.8,3.0,0.4,107.0,50.6,26.8,3.0
22100417,2021-12-15,CLE,HOU,1,0.8,112.8,43.4,28.0,2.0,0.6,116.8,40.6,25.8,2.0
22100425,2021-12-15,UTA,LAC,1,1.0,124.6,47.8,25.2,4.0,0.8,106.4,42.4,22.4,2.0
22100426,2021-12-15,POR,MEM,0,0.0,103.8,42.4,22.0,1.0,0.8,109.6,44.4,25.6,2.0
22100427,2021-12-15,SAC,WAS,1,0.4,114.6,48.6,21.0,2.0,0.2,104.8,39.6,22.8,2.0
22100423,2021-12-15,SAS,CHA,0,0.4,112.0,47.6,30.4,3.0,0.4,116.0,38.6,25.0,2.0
22100431,2021-12-16,HOU,NYK,0,0.4,111.0,40.8,25.0,1.0,0.2,100.6,43.0,20.4,2.0
22100429,2021-12-16,BKN,PHI,1,0.8,113.2,47.6,25.6,2.0,0.4,99.0,37.4,21.4,1.0
22100432,2021-12-16,PHX,WAS,1,0.6,104.2,46.0,25.4,2.0,0.2,107.8,38.8,22.8,1.0
22100428,2021-12-16,IND,DET,1,0.6,108.6,42.6,24.0,1.0,0.0,103.8,40.6,21.8,4.0
22100436,2021-12-17,MIN,LAL,1,0.4,112.0,41.6,22.4,2.0,0.8,108.2,46.6,24.4,2.0
22100433,2021-12-17,ORL,MIA,0,0.0,104.4,43.8,22.0,2.0,0.6,103.2,42.2,29.2,2.0
22100438,2021-12-17,NOP,MIL,1,0.4,108.2,49.4,25.4,2.0,0.6,111.2,43.6,22.2,2.0
22100437,2021-12-17,UTA,SAS,0,1.0,122.0,47.8,25.2,2.0,0.4,114.2,47.0,29.6,2.0
22100434,2021-12-17,ATL,DEN,0,0.4,118.0,44.6,25.2,2.0,0.6,115.6,39.6,29.8,2.0
22100435,2021-12-17,BOS,GSW,0,0.4,113.0,42.6,24.6,4.0,0.8,106.0,45.6,24.0,3.0
22100440,2021-12-17,SAC,MEM,0,0.4,117.6,46.2,22.2,2.0,0.8,111.2,45.6,24.8,2.0
22100439,2021-12-17,POR,CHA,1,0.0,101.0,43.6,21.2,2.0,0.4,116.2,40.4,27.6,2.0
22100445,2021-12-18,BOS,NYK,1,0.2,105.4,42.4,23.4,1.0,0.2,99.6,40.6,21.0,2.0
22100442,2021-12-18,BKN,ORL,0,0.8,115.6,47.2,24.2,2.0,0.0,106.4,43.4,23.0,1.0
22100446,2021-12-18,MIL,CLE,0,0.6,112.8,44.2,21.8,1.0,1.0,116.8,44.4,27.8,3.0
22100443,2021-12-18,TOR,GSW,1,0.6,110.8,45.6,24.8,4.0,0.8,103.0,46.0,23.8,1.0
22100441,2021-12-18,DET,HOU,0,0.0,105.8,40.8,21.8,2.0,0.2,108.8,39.0,26.2,2.0
22100444,2021-12-18,OKC,LAC,1,0.4,102.6,42.4,22.4,3.0,0.8,107.2,41.4,22.6,3.0
22100447,2021-12-18,UTA,WAS,0,0.8,125.4,48.6,25.6,1.0,0.2,105.4,39.2,22.2,2.0
22100448,2021-12-19,CHI,LAL,1,0.6,104.6,42.4,22.8,8.0,0.6,103.2,43.6,24.6,2.0
22100449,2021-12-19,DET,MIA,1,0.0,106.6,38.8,23.4,1.0,0.8,108.2,44.2,29.0,2.0
22100450,2021-12-19,MEM,POR,0,1.0,116.8,47.6,25.2,2.0,0.2,108.0,42.8,23.4,2.0
22100451,2021-12-19,SAC,SAS,1,0.2,110.2,46.6,21.6,2.0,0.6,118.0,47.0,29.0,2.0
22100455,2021-12-19,MIN,DAL,1,0.6,112.0,43.8,22.6,2.0,0.6,104.8,47.8,23.4,4.0
22100456,2021-12-19,PHX,CHA,1,0.8,108.6,47.8,25.8,3.0,0.4,114.6,39.6,27.2,2.0
22100457,2021-12-20,BOS,PHI,0,0.4,107.8,44.6,22.6,2.0,0.2,98.0,37.8,20.6,4.0
22100462,2021-12-20,GSW,SAC,1,0.6,102.2,46.0,24.6,2.0,0.4,109.8,45.0,21.8,1.0
22100463,2021-12-20,LAC,SAS,0,0.6,107.4,41.8,24.2,2.0,0.4,116.2,45.0,27.4,1.0
22100459,2021-12-20,CHI,HOU,1,0.6,103.8,43.2,22.0,1.0,0.4,109.2,40.4,25.6,2.0
22100460,2021-12-20,MEM,OKC,0,0.8,115.2,44.8,24.0,1.0,0.4,100.6,45.4,22.6,2.0
22100461,2021-12-20,UTA,CHA,1,0.6,118.8,48.2,23.8,2.0,0.4,114.6,41.2,28.0,1.0
22100468,2021-12-21,DAL,MIN,1,0.4,105.0,46.6,24.0,2.0,0.8,113.4,43.8,24.0,2.0
22100465,2021-12-21,MIA,IND,1,0.6,103.6,43.6,27.2,2.0,0.6,109.8,42.8,24.2,5.0
22100469,2021-12-21,LAL,PHX,0,0.6,106.2,43.8,24.4,2.0,0.8,114.4,49.4,27.4,2.0
22100467,2021-12-21,NOP,POR,1,0.6,109.8,50.8,28.4,4.0,0.4,110.2,44.6,22.0,2.0
22100466,2021-12-21,NYK,DET,1,0.2,100.6,41.8,21.2,3.0,0.2,103.4,40.8,23.8,2.0
22100470,2021-12-22,ATL,ORL,0,0.4,115.6,43.0,23.8,5.0,0.2,100.4,44.8,21.2,4.0
22100471,2021-12-22,BOS,CLE,1,0.4,106.2,43.6,20.6,2.0,1.0,117.6,45.2,29.4,4.0
22100474,2021-12-22,OKC,DEN,1,0.4,99.0,46.8,21.8,2.0,0.6,118.2,40.6,31.2,5.0
22100473,2021-12-22,MIL,HOU,1,0.4,106.2,43.4,21.6,4.0,0.4,111.6,39.4,26.0,2.0
22100475,2021-12-22,SAC,LAC,0,0.4,108.8,42.8,22.6,2.0,0.4,103.0,42.8,23.8,2.0
22100481,2021-12-23,DAL,MIL,0,0.6,109.2,48.0,26.4,2.0,0.4,109.0,43.8,21.2,1.0
22100484,2021-12-23,UTA,MIN,1,0.6,117.6,51.4,23.6,3.0,0.8,112.6,43.6,24.4,2.0
22100487,2021-12-23,LAL,SAS,0,0.4,101.0,43.8,22.6,2.0,0.6,117.0,49.2,29.2,3.0
22100478,2021-12-23,PHI,ATL,0,0.4,100.4,37.8,21.2,3.0,0.2,111.0,43.0,21.8,1.0
22100477,2021-12-23,ORL,NOP,0,0.4,100.4,43.8,22.4,1.0,0.8,109.2,50.4,27.4,2.0
22100476,2021-12-23,IND,HOU,1,0.4,104.6,42.8,23.2,2.0,0.2,106.4,40.8,25.2,1.0
22100483,2021-12-23,PHX,OKC,1,0.8,113.8,49.4,28.2,2.0,0.6,101.6,48.6,22.0,1.0
22100485,2021-12-23,GSW,MEM,1,0.8,106.2,46.0,26.0,3.0,0.6,112.4,47.4,24.4,3.0
22100480,2021-12-23,NYK,WAS,0,0.4,104.2,41.2,22.0,2.0,0.2,103.4,39.6,22.2,5.0
22100479,2021-12-23,MIA,DET,1,0.6,105.0,44.2,25.8,2.0,0.2,103.0,42.8,23.8,2.0
22100482,2021-12-23,DEN,CHA,0,0.6,114.8,41.8,29.6,1.0,0.2,110.2,43.6,27.6,3.0
22100491,2021-12-25,LAL,BKN,0,0.2,101.8,44.6,22.0,2.0,0.8,113.4,48.6,25.4,7.0
22100488,2021-12-25,NYK,ATL,1,0.4,108.2,42.6,20.0,2.0,0.4,109.6,42.4,21.6,2.0
22100489,2021-12-25,MIL,BOS,1,0.6,108.8,44.2,22.0,2.0,0.6,110.4,44.0,22.8,3.0
22100492,2021-12-25,UTA,DAL,1,0.6,118.6,50.6,24.2,2.0,0.4,107.6,45.8,26.4,2.0
22100490,2021-12-25,PHX,GSW,0,1.0,117.4,51.6,29.0,2.0,0.8,108.4,44.4,27.8,2.0
22100493,2021-12-26,MIA,ORL,1,0.8,109.2,45.0,25.2,3.0,0.4,102.4,43.2,22.8,3.0
22100499,2021-12-26,CHI,IND,1,0.6,108.2,40.6,24.2,6.0,0.4,107.0,43.4,23.0,3.0
22100495,2021-12-26,WAS,PHI,0,0.4,108.6,39.4,24.8,3.0,0.2,99.2,36.6,21.4,3.0
22100497,2021-12-26,OKC,NOP,1,0.6,105.0,49.6,21.6,3.0,0.8,109.4,47.6,25.8,3.0
22100500,2021-12-26,LAC,DEN,0,0.4,102.8,42.4,23.6,4.0,0.4,110.8,44.4,27.6,3.0
22100494,2021-12-26,CLE,TOR,1,0.8,113.2,46.4,26.0,4.0,0.6,114.2,44.4,25.6,8.0
22100496,2021-12-26,SAC,MEM,0,0.4,106.4,40.2,23.2,4.0,0.4,108.0,45.8,22.2,3.0
22100498,2021-12-26,SAS,DET,1,0.6,122.2,48.2,29.6,3.0,0.2,104.6,43.4,23.6,3.0
22100507,2021-12-27,LAC,BKN,0,0.2,100.6,42.6,24.0,1.0,0.8,115.2,48.6,26.4,2.0
22100503,2021-12-27,MIN,BOS,1,0.6,112.6,44.0,25.6,4.0,0.4,109.6,44.8,21.4,2.0
22100502,2021-12-27,ATL,CHI,0,0.4,101.8,43.6,22.2,2.0,0.6,109.0,37.6,22.6,1.0
22100506,2021-12-27,POR,DAL,0,0.4,107.4,41.8,20.6,6.0,0.2,106.8,44.4,24.6,2.0
22100501,2021-12-27,CHA,HOU,1,0.4,114.0,46.0,28.8,4.0,0.2,109.8,38.2,24.4,4.0
22100504,2021-12-27,SAS,UTA,0,0.8,128.0,51.0,32.0,1.0,0.6,117.8,51.6,23.8,2.0
22100505,2021-12-27,PHX,MEM,0,0.8,116.6,49.2,27.0,2.0,0.4,110.8,45.8,24.4,1.0
22100511,2021-12-28,HOU,LAL,0,0.2,109.0,41.2,22.6,1.0,0.0,103.4,44.8,23.0,3.0
22100508,2021-12-28,ORL,MIL,0,0.4,99.2,42.6,21.2,2.0,0.6,109.4,46.2,21.8,3.0
22100512,2021-12-28,MIN,NYK,0,0.6,109.4,46.8,26.8,1.0,0.6,109.2,45.6,22.0,3.0
22100510,2021-12-28,TOR,PHI,0,0.6,112.2,43.8,25.0,2.0,0.4,104.4,39.0,22.0,2.0
22100513,2021-12-28,NOP,CLE,1,0.8,112.4,49.0,26.2,2.0,0.8,118.6,47.4,28.4,2.0
22100514,2021-12-28,GSW,DEN,0,0.8,110.6,43.0,27.8,3.0,0.4,108.8,44.2,28.2,2.0
22100515,2021-12-28,SAC,OKC,1,0.2,103.0,40.0,22.6,2.0,0.8,106.4,50.6,22.0,2.0
22100509,2021-12-28,MIA,WAS,1,0.8,107.6,46.4,25.8,2.0,0.4,106.4,39.8,24.2,2.0
22100520,2021-12-29,MEM,LAL,1,0.4,108.8,45.8,23.8,2.0,0.2,111.4,47.2,23.2,1.0
22100516,2021-12-29,DET,NYK,0,0.2,103.8,44.4,22.8,3.0,0.6,105.2,48.4,21.0,1.0
22100519,2021-12-29,CHI,ATL,1,0.8,116.6,39.0,24.2,2.0,0.2,103.2,44.6,21.6,2.0
22100524,2021-12-29,SAC,DAL,1,0.4,105.4,42.4,23.4,1.0,0.4,112.4,42.4,27.8,2.0
22100518,2021-12-29,BOS,LAC,0,0.4,108.8,46.4,22.0,2.0,0.2,101.6,43.2,24.2,2.0
22100522,2021-12-29,PHX,OKC,1,0.6,115.6,46.8,27.0,2.0,0.6,107.8,48.6,20.6,1.0
22100523,2021-12-29,POR,UTA,0,0.4,109.4,38.8,19.8,2.0,0.8,114.6,52.6,22.4,2.0
22100517,2021-12-29,IND,CHA,0,0.4,108.0,44.0,24.4,3.0,0.4,112.4,44.2,28.6,2.0
22100526,2021-12-30,ORL,MIL,0,0.4,100.2,42.8,21.4,2.0,0.8,112.4,45.4,24.8,2.0
22100525,2021-12-30,BKN,PHI,0,0.8,116.8,49.4,27.0,3.0,0.6,108.0,40.4,21.4,2.0
22100527,2021-12-30,WAS,CLE,1,0.4,107.8,41.4,25.6,2.0,0.6,118.4,47.4,29.0,2.0
22100532,2021-12-31,HOU,MIA,0,0.0,110.4,37.8,22.0,3.0,0.8,108.4,45.6,26.0,3.0
22100537,2021-12-31,UTA,MIN,1,1.0,118.0,52.6,23.4,2.0,0.4,105.0,43.6,26.6,3.0
22100536,2021-12-31,OKC,NYK,1,0.4,106.8,48.2,19.6,2.0,0.8,102.6,49.6,21.2,2.0
22100529,2021-12-31,BOS,PHX,1,0.2,102.4,47.4,21.2,2.0,0.6,111.2,46.6,24.4,2.0
22100538,2021-12-31,LAL,POR,1,0.2,109.2,45.8,23.0,2.0,0.4,109.8,40.2,20.8,2.0
22100535,2021-12-31,MEM,SAS,1,0.6,109.6,47.8,23.0,2.0,0.6,123.2,51.2,31.8,4.0
22100533,2021-12-31,CLE,ATL,0,0.4,112.2,47.4,27.8,1.0,0.2,103.6,44.6,22.4,2.0
22100530,2021-12-31,IND,CHI,0,0.4,109.8,44.0,24.6,2.0,1.0,124.4,40.4,27.4,2.0
22100531,2021-12-31,SAC,DAL,0,0.4,100.2,42.0,23.0,2.0,0.4,110.2,41.4,27.0,2.0
22100534,2021-12-31,TOR,LAC,1,0.4,116.0,42.8,25.6,3.0,0.4,99.2,45.2,22.4,2.0
22100540,2022-01-01,DET,SAS,1,0.2,99.4,44.6,20.8,3.0,0.6,121.4,51.8,31.8,1.0
22100539,2022-01-01,MIL,NOP,1,1.0,121.6,46.6,26.0,2.0,0.8,111.4,48.0,26.4,4.0
22100541,2022-01-01,WAS,CHI,0,0.6,110.2,44.4,26.6,2.0,1.0,123.0,40.2,27.8,1.0
22100543,2022-01-01,HOU,DEN,0,0.0,108.8,40.0,20.8,1.0,0.6,105.2,44.6,26.4,4.0
22100544,2022-01-01,UTA,GSW,0,1.0,119.6,48.8,22.8,1.0,0.6,105.6,42.6,26.4,4.0
22100542,2022-01-01,BKN,LAC,0,0.6,111.0,47.8,25.6,2.0,0.4,102.4,44.0,24.2,1.0
22100548,2022-01-02,SAC,MIA,1,0.4,99.8,41.2,23.4,2.0,1.0,114.4,46.4,25.6,2.0
22100551,2022-01-02,LAL,MIN,1,0.4,119.0,45.8,25.6,2.0,0.2,104.4,44.4,26.0,2.0
22100545,2022-01-02,TOR,NYK,1,0.4,114.4,44.4,23.8,2.0,0.6,97.6,48.8,19.2,2.0
22100546,2022-01-02,BOS,ORL,1,0.4,106.4,49.2,23.6,2.0,0.2,103.8,39.4,22.6,3.0
22100547,2022-01-02,CLE,IND,1,0.2,112.0,47.4,26.0,2.0,0.2,106.6,46.8,24.0,2.0
22100549,2022-01-02,CHA,PHX,0,0.6,112.4,46.2,28.2,4.0,0.4,111.2,43.4,22.6,2.0
22100550,2022-01-02,OKC,DAL,0,0.4,104.2,46.0,19.4,2.0,0.4,109.8,42.0,27.0,2.0
22100559,2022-01-03,GSW,MIA,1,0.8,110.2,41.2,29.0,2.0,0.8,112.0,45.6,24.8,1.0
22100561,2022-01-03,LAC,MIN,0,0.4,105.4,43.4,23.6,2.0,0.2,104.6,47.8,25.0,1.0
22100555,2022-01-03,CHI,ORL,1,1.0,120.4,42.2,24.6,2.0,0.0,105.2,40.4,20.6,1.0
22100560,2022-01-03,POR,ATL,1,0.2,106.0,42.8,19.2,3.0,0.4,108.2,43.6,22.8,3.0
22100558,2022-01-03,DAL,DEN,1,0.6,109.8,43.0,27.6,1.0,0.6,103.4,46.2,26.0,2.0
22100552,2022-01-03,PHI,HOU,1,0.8,109.0,41.4,22.0,4.0,0.0,109.8,36.8,20.2,2.0
22100557,2022-01-03,NOP,UTA,0,0.6,110.8,46.6,25.2,2.0,0.8,117.2,48.8,20.4,2.0
22100554,2022-01-03,BKN,MEM,0,0.4,111.4,49.6,26.6,2.0,0.8,113.4,49.2,23.8,3.0
22100556,2022-01-03,MIL,DET,0,1.0,123.6,46.6,26.4,2.0,0.2,102.8,47.8,19.6,2.0
22100553,2022-01-03,WAS,CHA,1,0.4,112.2,43.6,26.4,2.0,0.6,111.0,44.4,28.4,1.0
22100564,2022-01-04,NYK,IND,1,0.6,95.2,46.0,20.2,2.0,0.2,108.2,46.2,24.4,2.0
22100565,2022-01-04,NOP,PHX,0,0.4,109.4,47.2,24.0,1.0,0.4,115.2,43.6,24.6,2.0
22100566,2022-01-04,LAL,SAC,1,0.6,118.6,41.8,25.4,2.0,0.6,105.0,41.0,24.8,2.0
22100563,2022-01-04,TOR,SAS,1,0.6,112.6,45.0,22.8,2.0,0.4,121.4,48.2,30.4,3.0
22100562,2022-01-04,CLE,MEM,0,0.4,113.4,46.4,27.8,2.0,1.0,116.2,53.0,25.0,1.0
22100576,2022-01-05,POR,MIA,0,0.2,112.2,40.8,21.6,2.0,0.6,110.6,46.8,25.0,2.0
22100571,2022-01-05,IND,BKN,0,0.0,103.4,43.8,23.4,1.0,0.4,113.6,46.0,27.4,2.0
22100568,2022-01-05,ORL,PHI,0,0.0,104.0,40.4,21.6,2.0,0.8,114.0,45.4,24.6,2.0
22100570,2022-01-05,BOS,SAS,0,0.4,107.4,48.8,23.8,3.0,0.2,114.6,48.2,29.2,1.0
22100577,2022-01-05,SAC,ATL,0,0.6,107.4,42.4,26.6,1.0,0.2,114.8,42.2,25.0,2.0
22100572,2022-01-05,DAL,GSW,1,0.8,107.2,40.0,28.4,2.0,0.8,110.6,41.4,31.2,2.0
22100569,2022-01-05,WAS,HOU,0,0.4,112.2,46.2,25.6,2.0,0.0,111.2,39.6,22.0,2.0
22100574,2022-01-05,MIN,OKC,1,0.4,105.8,47.0,26.0,2.0,0.4,101.2,45.4,20.0,3.0
22100573,2022-01-05,MIL,TOR,0,0.8,124.4,46.6,25.4,2.0,0.6,114.6,47.2,23.6,1.0
22100575,2022-01-05,DEN,UTA,0,0.6,102.4,47.8,26.0,2.0,0.8,116.2,47.6,20.0,2.0
22100567,2022-01-05,CHA,DET,1,0.6,114.8,43.2,28.6,2.0,0.4,107.6,47.6,21.4,2.0
22100578,2022-01-06,NYK,BOS,1,0.6,95.8,46.2,18.0,2.0,0.4,104.2,48.2,22.8,1.0
22100580,2022-01-06,NOP,GSW,1,0.2,109.4,47.6,25.4,2.0,0.6,104.4,42.8,29.2,1.0
22100581,2022-01-06,PHX,LAC,1,0.6,118.4,44.6,27.0,2.0,0.4,106.2,40.4,22.8,3.0
22100579,2022-01-06,MEM,DET,1,1.0,112.8,51.4,22.6,2.0,0.4,107.4,46.2,22.0,1.0
22100583,2022-01-07,BKN,MIL,0,0.4,115.0,45.4,26.8,2.0,0.6,123.2,46.0,25.0,2.0
22100587,2022-01-07,OKC,MIN,0,0.2,95.8,46.4,19.4,2.0,0.4,103.8,47.4,24.6,2.0
22100588,2022-01-07,DEN,SAC,1,0.6,102.8,45.4,26.8,2.0,0.4,104.4,40.4,24.6,2.0
22100582,2022-01-07,PHI,SAS,1,1.0,118.0,46.2,25.8,2.0,0.2,105.6,47.4,25.4,2.0
22100589,2022-01-07,LAL,ATL,1,0.8,120.0,41.2,24.4,3.0,0.4,119.0,42.6,24.4,2.0
22100590,2022-01-07,POR,CLE,0,0.2,114.6,41.8,21.6,2.0,0.2,105.8,45.8,25.6,3.0
22100586,2022-01-07,HOU,DAL,0,0.2,114.2,40.4,21.0,2.0,0.8,100.6,41.0,25.2,2.0
22100584,2022-01-07,TOR,UTA,1,0.8,118.2,47.4,23.6,2.0,0.8,117.2,45.4,20.6,2.0
22100585,2022-01-07,CHI,WAS,1,1.0,118.2,44.0,24.6,4.0,0.4,115.2,45.8,24.8,2.0
22100596,2022-01-08,PHX,MIA,0,0.8,117.0,50.2,26.4,2.0,0.6,115.0,46.6,25.2,3.0
22100592,2022-01-08,CHA,MIL,1,0.6,119.8,43.0,30.8,3.0,0.6,122.0,47.0,23.0,1.0
22100595,2022-01-08,BOS,NYK,1,0.4,104.6,45.2,22.6,2.0,0.6,98.2,43.8,18.6,2.0
22100593,2022-01-08,DET,ORL,1,0.4,103.2,45.6,23.4,2.0,0.0,108.6,41.2,22.6,3.0
22100594,2022-01-08,IND,UTA,1,0.0,106.6,41.4,24.0,3.0,0.6,114.8,44.2,20.8,1.0
22100591,2022-01-08,LAC,MEM,0,0.4,102.4,41.2,21.8,2.0,1.0,113.6,53.6,24.4,2.0
22100600,2022-01-09,HOU,MIN,0,0.2,110.8,42.4,19.6,2.0,0.6,113.2,47.4,28.0,2.0
22100605,2022-01-09,POR,SAC,1,0.2,111.4,45.4,22.2,2.0,0.2,107.6,42.2,24.6,2.0
22100602,2022-01-09,BKN,SAS,1,0.2,112.0,45.8,25.2,2.0,0.2,104.8,46.4,24.6,2.0
22100597,2022-01-09,LAC,ATL,1,0.2,105.8,41.2,21.6,1.0,0.4,119.0,44.4,25.8,2.0
22100604,2022-01-09,GSW,CLE,1,0.4,100.4,43.0,28.0,3.0,0.4,107.8,46.0,24.6,2.0
22100599,2022-01-09,TOR,NOP,1,1.0,120.8,48.4,24.0,2.0,0.4,107.2,47.0,24.2,3.0
22100603,2022-01-09,DAL,CHI,1,1.0,107.8,44.8,27.4,2.0,1.0,118.2,43.4,25.6,2.0
22100601,2022-01-09,OKC,DEN,0,0.2,94.6,46.4,21.4,2.0,0.6,106.4,44.0,27.4,2.0
22100606,2022-01-09,LAL,MEM,0,0.8,120.4,41.0,26.4,2.0,1.0,117.4,56.2,26.0,1.0
22100598,2022-01-09,ORL,WAS,0,0.0,105.0,42.6,22.8,1.0,0.4,117.2,44.6,25.0,2.0
22100607,2022-01-10,CHA,MIL,1,0.6,118.0,45.0,30.0,2.0,0.4,116.0,47.6,22.4,2.0
22100486,2022-01-10,POR,BKN,1,0.4,111.0,46.0,22.8,1.0,0.4,115.8,46.4,26.2,1.0
22100609,2022-01-10,BOS,IND,1,0.6,108.0,44.2,24.0,2.0,0.2,110.0,40.0,25.0,2.0
22100711,2022-01-10,HOU,PHI,0,0.2,113.4,42.2,21.6,1.0,1.0,118.4,46.0,26.4,3.0
22100610,2022-01-10,NYK,SAS,1,0.4,94.4,42.2,17.4,2.0,0.2,107.6,45.8,26.4,1.0
22100611,2022-01-10,SAC,CLE,0,0.2,106.0,44.8,23.6,1.0,0.4,105.6,45.6,24.8,1.0
22100608,2022-01-10,DET,UTA,1,0.6,105.6,46.8,24.2,2.0,0.4,113.4,42.2,21.2,2.0
22100615,2022-01-11,NOP,MIN,1,0.2,105.8,45.2,23.4,2.0,0.8,119.8,50.4,30.8,2.0
22100613,2022-01-11,TOR,PHX,0,1.0,118.6,46.8,23.8,2.0,0.6,114.0,46.0,26.8,3.0
22100616,2022-01-11,LAC,DEN,1,0.4,105.4,43.2,21.0,2.0,0.6,108.4,45.8,28.2,2.0
22100614,2022-01-11,MEM,GSW,1,1.0,119.2,54.0,27.0,2.0,0.6,102.4,45.2,28.8,2.0
22100612,2022-01-11,WAS,OKC,1,0.4,115.6,46.0,24.2,2.0,0.2,94.2,45.6,23.4,2.0
22100415,2022-01-11,CHI,DET,1,0.8,111.8,43.0,22.6,2.0,0.6,107.4,42.0,26.6,1.0
22100626,2022-01-12,SAC,LAL,1,0.0,104.6,45.6,21.4,2.0,0.8,124.4,41.4,26.8,3.0
22100621,2022-01-12,ATL,MIA,0,0.4,114.2,44.8,24.4,3.0,0.6,115.8,48.0,26.6,4.0
22100625,2022-01-12,CHI,BKN,0,0.8,116.8,46.8,24.8,1.0,0.4,114.2,43.4,25.6,2.0
22100620,2022-01-12,WAS,ORL,1,0.6,116.2,45.8,24.8,1.0,0.0,101.4,44.4,21.2,3.0
22100618,2022-01-12,IND,BOS,0,0.2,108.4,38.4,24.8,2.0,0.6,103.6,44.6,21.8,2.0
22100624,2022-01-12,UTA,CLE,0,0.4,113.4,41.2,22.0,2.0,0.6,103.8,46.0,25.2,2.0
22100622,2022-01-12,NYK,DAL,1,0.6,100.6,42.4,19.6,2.0,1.0,108.0,45.0,27.0,3.0
22100623,2022-01-12,SAS,HOU,0,0.2,103.6,44.8,24.2,2.0,0.2,109.4,42.8,21.2,2.0
22100619,2022-01-12,PHI,CHA,0,1.0,117.8,47.0,26.4,2.0,0.6,115.4,45.0,29.2,2.0
22100628,2022-01-13,MEM,MIN,1,1.0,118.8,51.6,28.2,2.0,0.8,124.2,45.6,32.0,2.0
22100631,2022-01-13,DEN,POR,1,0.4,100.6,47.8,26.4,2.0,0.6,112.6,44.6,23.6,3.0
22100627,2022-01-13,MIL,GSW,1,0.2,108.6,47.6,22.0,3.0,0.4,99.4,46.2,26.0,2.0
22100629,2022-01-13,NOP,LAC,1,0.4,108.8,42.8,24.4,2.0,0.4,98.8,41.4,21.0,2.0
22100630,2022-01-13,BKN,OKC,0,0.6,121.0,45.0,27.0,1.0,0.0,98.8,44.0,23.8,2.0
22100632,2022-01-14,CHA,ORL,0,0.8,117.4,46.6,29.6,2.0,0.0,100.4,45.2,24.0,2.0
22100634,2022-01-14,IND,PHX,0,0.2,107.6,38.0,25.4,2.0,0.8,112.2,46.4,27.8,3.0
22100636,2022-01-14,MIA,ATL,1,0.6,114.8,50.2,28.0,2.0,0.2,108.2,43.4,23.8,2.0
22100635,2022-01-14,PHI,BOS,1,0.8,115.4,45.0,25.6,2.0,0.6,104.2,42.8,21.4,2.0
22100638,2022-01-14,SAS,CLE,0,0.2,107.6,43.4,24.2,2.0,0.6,104.4,46.4,25.6,2.0
22100639,2022-01-14,MEM,DAL,0,1.0,120.0,53.8,28.4,1.0,0.8,106.0,43.2,24.6,2.0
22100637,2022-01-14,CHI,GSW,0,0.6,115.2,45.0,25.8,2.0,0.2,96.2,47.4,22.2,1.0
22100640,2022-01-14,SAC,HOU,1,0.2,106.8,45.6,20.8,2.0,0.4,112.4,44.0,20.8,2.0
22100633,2022-01-14,DET,TOR,1,0.4,101.8,40.8,23.8,3.0,0.8,113.6,47.4,22.6,3.0
22100649,2022-01-15,DEN,LAL,1,0.6,110.8,46.4,29.2,2.0,0.6,119.8,41.0,26.4,3.0
22100643,2022-01-15,ATL,NYK,0,0.2,105.6,42.4,22.8,1.0,0.8,101.2,47.2,20.0,3.0
22100650,2022-01-15,DAL,ORL,1,0.8,107.8,48.0,26.0,1.0,0.2,104.0,45.0,25.6,1.0
22100645,2022-01-15,MIA,PHI,0,0.8,117.0,47.8,28.8,1.0,0.8,111.0,42.2,24.2,1.0
22100642,2022-01-15,WAS,POR,0,0.6,113.8,44.0,24.8,3.0,0.4,107.0,43.2,23.4,2.0
22100646,2022-01-15,OKC,CLE,0,0.2,107.6,43.4,26.2,2.0,0.8,106.0,45.8,24.8,1.0
22100644,2022-01-15,BKN,NOP,1,0.4,117.0,47.4,24.6,2.0,0.6,110.6,44.8,24.8,2.0
22100647,2022-01-15,BOS,CHI,1,0.6,104.6,43.4,21.6,1.0,0.4,114.0,42.4,27.6,1.0
22100648,2022-01-15,SAS,LAC,1,0.0,109.6,43.2,24.6,1.0,0.4,95.8,44.4,20.4,2.0
22100641,2022-01-15,MIL,TOR,0,0.4,111.0,49.0,23.6,2.0,0.6,105.2,46.2,20.2,1.0
22100617,2022-01-16,DET,PHX,0,0.6,100.2,42.2,23.0,2.0,0.8,108.0,46.0,25.4,2.0
22100652,2022-01-16,MIN,GSW,1,0.6,121.4,46.8,29.8,3.0,0.4,107.4,47.6,26.0,2.0
22100651,2022-01-16,SAC,HOU,0,0.4,111.6,46.8,24.4,2.0,0.2,112.4,44.4,22.8,2.0
22100653,2022-01-16,DEN,UTA,0,0.8,115.6,48.2,30.8,1.0,0.2,108.6,39.0,19.8,4.0
22100660,2022-01-17,ATL,MIL,1,0.0,105.6,39.0,23.4,2.0,0.4,108.0,48.2,23.0,2.0
22100657,2022-01-17,CLE,BKN,1,0.8,104.6,44.6,26.0,2.0,0.6,119.2,46.4,26.0,2.0
22100659,2022-01-17,LAC,IND,1,0.4,96.8,45.4,21.2,2.0,0.2,107.6,39.4,25.0,3.0
22100656,2022-01-17,WAS,PHI,1,0.6,113.6,44.4,25.2,2.0,0.8,109.6,42.4,23.8,2.0
22100664,2022-01-17,SAS,PHX,0,0.2,109.8,46.2,24.0,2.0,0.8,110.4,47.8,25.0,1.0
22100661,2022-01-17,ORL,POR,0,0.2,101.2,43.0,24.4,2.0,0.6,108.2,43.8,23.6,2.0
22100654,2022-01-17,BOS,NOP,1,0.8,106.4,45.8,22.6,2.0,0.6,109.6,42.2,24.6,2.0
22100658,2022-01-17,MEM,CHI,1,0.8,113.4,49.8,26.0,3.0,0.2,110.4,40.6,27.0,2.0
22100663,2022-01-17,DAL,OKC,1,0.8,109.6,48.2,24.8,2.0,0.2,110.0,43.2,25.4,2.0
22100662,2022-01-17,MIA,TOR,1,0.8,115.0,46.6,28.8,2.0,0.6,102.4,47.4,20.4,2.0
22100665,2022-01-17,LAL,UTA,1,0.4,117.4,43.6,26.6,2.0,0.2,110.6,40.4,20.6,1.0
22100655,2022-01-17,NYK,CHA,0,0.8,103.8,45.8,21.4,2.0,0.8,115.0,46.4,29.6,3.0
22100666,2022-01-18,NYK,MIN,0,0.6,99.6,48.0,21.2,1.0,0.6,125.6,45.2,31.2,2.0
22100667,2022-01-18,GSW,DET,1,0.4,108.0,48.4,25.6,2.0,0.6,104.2,40.8,23.4,2.0
22100670,2022-01-19,ATL,MIN,1,0.2,106.2,37.4,22.6,2.0,0.6,121.0,43.8,27.6,1.0
22100669,2022-01-19,WAS,BKN,0,0.8,112.6,46.0,24.6,2.0,0.4,116.4,42.4,26.2,2.0
22100668,2022-01-19,PHI,ORL,1,0.6,105.4,41.0,22.0,2.0,0.2,100.4,44.2,23.6,2.0
22100680,2022-01-19,LAL,IND,0,0.4,113.2,43.8,24.8,2.0,0.2,110.0,41.0,25.8,2.0
22100672,2022-01-19,MIA,POR,1,0.8,112.8,46.4,27.0,2.0,0.8,107.6,44.6,23.2,2.0
22100673,2022-01-19,CHI,CLE,1,0.2,111.8,41.4,27.2,2.0,1.0,111.0,44.2,27.0,2.0
22100677,2022-01-19,UTA,HOU,0,0.2,108.0,41.2,20.2,2.0,0.4,114.8,45.8,23.8,3.0
22100678,2022-01-19,DEN,LAC,1,0.6,111.8,47.8,30.8,3.0,0.6,103.0,43.0,24.4,2.0
22100676,2022-01-19,SAS,OKC,1,0.2,107.4,46.8,21.6,2.0,0.2,109.4,42.6,24.2,2.0
22100675,2022-01-19,DAL,TOR,1,0.8,104.4,46.6,23.6,2.0,0.4,97.8,46.8,20.0,2.0
22100674,2022-01-19,MIL,MEM,1,0.2,106.6,47.6,23.0,2.0,0.8,112.6,48.2,26.6,2.0
22100679,2022-01-19,SAC,DET,0,0.4,111.8,44.8,25.4,3.0,0.4,102.0,41.0,22.4,1.0
22100671,2022-01-19,BOS,CHA,0,0.8,107.4,46.2,21.8,2.0,0.8,106.4,44.4,26.4,2.0
22100683,2022-01-20,GSW,IND,0,0.4,109.2,48.4,26.0,2.0,0.2,107.2,43.0,25.4,1.0
22100682,2022-01-20,DAL,PHX,0,0.8,102.2,46.0,22.6,1.0,0.8,113.4,44.2,26.4,3.0
22100681,2022-01-20,NYK,NOP,0,0.6,106.6,48.8,22.8,2.0,0.4,107.8,41.2,25.2,3.0
22100685,2022-01-21,ORL,LAL,0,0.2,102.4,44.4,25.2,2.0,0.2,107.2,42.4,22.0,2.0
22100687,2022-01-21,ATL,MIA,1,0.4,114.4,37.4,25.6,2.0,0.8,109.0,45.2,25.2,2.0
22100691,2022-01-21,SAS,BKN,0,0.4,111.8,48.2,24.2,2.0,0.6,118.6,41.2,26.2,2.0
22100688,2022-01-21,BOS,POR,0,0.6,107.6,43.2,23.8,2.0,0.6,105.4,43.6,21.8,2.0
22100690,2022-01-21,MIL,CHI,1,0.4,110.6,48.2,24.6,2.0,0.2,108.6,36.6,25.6,2.0
22100694,2022-01-21,GSW,HOU,1,0.4,111.0,50.0,26.6,1.0,0.6,113.4,45.6,22.4,2.0
22100686,2022-01-21,PHI,LAC,0,0.6,107.8,40.4,21.6,2.0,0.4,107.4,43.0,26.6,2.0
22100684,2022-01-21,CHA,OKC,1,0.8,105.8,44.0,26.0,2.0,0.2,109.6,43.6,22.4,2.0
22100689,2022-01-21,WAS,TOR,0,0.6,115.8,43.2,24.6,2.0,0.2,96.4,46.4,19.8,2.0
22100692,2022-01-21,DEN,MEM,0,0.6,118.0,46.0,31.6,2.0,0.6,110.0,48.2,25.2,2.0
22100693,2022-01-21,UTA,DET,1,0.2,107.6,43.2,21.4,2.0,0.4,103.4,41.4,21.8,2.0
22100697,2022-01-22,PHX,IND,1,1.0,115.2,45.2,26.6,2.0,0.4,111.8,43.2,25.6,2.0
22100696,2022-01-22,MIL,SAC,1,0.6,109.6,49.2,23.6,1.0,0.4,120.4,42.6,25.8,3.0
22100695,2022-01-22,CLE,OKC,1,0.8,110.0,42.2,26.6,3.0,0.2,105.6,45.8,21.8,1.0
22100700,2022-01-23,MIA,LAL,1,0.6,107.6,41.0,25.6,2.0,0.4,106.6,43.2,21.4,2.0
22100706,2022-01-23,MIN,BKN,1,0.4,117.2,41.6,24.4,4.0,0.6,114.4,43.6,24.0,2.0
22100704,2022-01-23,SAS,PHI,0,0.4,107.4,49.4,23.6,2.0,0.6,108.4,42.6,22.6,2.0
22100702,2022-01-23,TOR,POR,0,0.4,99.2,45.0,20.8,2.0,0.6,104.4,42.6,21.2,2.0
22100703,2022-01-23,CHA,ATL,0,0.8,109.4,46.8,28.2,2.0,0.6,118.2,37.2,26.8,2.0
22100699,2022-01-23,WAS,BOS,0,0.4,112.4,43.8,24.6,2.0,0.4,104.8,44.2,24.2,2.0
22100701,2022-01-23,ORL,CHI,1,0.2,102.2,41.6,23.6,2.0,0.2,104.2,39.4,25.4,2.0
22100698,2022-01-23,NYK,LAC,1,0.4,102.6,48.6,22.4,3.0,0.4,110.4,46.6,26.2,2.0
22100708,2022-01-23,GSW,UTA,1,0.6,112.2,48.4,27.6,2.0,0.4,106.6,44.0,21.2,2.0
22100705,2022-01-23,DAL,MEM,1,0.8,105.4,48.2,23.2,3.0,0.6,111.2,48.0,23.0,2.0
22100707,2022-01-23,DEN,DET,1,0.6,124.6,42.2,33.6,2.0,0.4,106.2,41.2,22.8,2.0
22100709,2022-01-24,CLE,NYK,1,0.8,106.6,43.0,25.4,2.0,0.4,103.0,48.2,22.8,1.0
22100712,2022-01-24,NOP,IND,1,0.6,108.0,41.2,26.6,4.0,0.4,112.4,44.6,24.0,2.0
22100730,2022-01-24,OKC,CHI,0,0.0,97.0,46.4,18.6,2.0,0.2,104.0,41.0,22.2,1.0
22100713,2022-01-24,PHX,UTA,1,1.0,118.0,47.6,28.4,2.0,0.4,106.8,47.8,22.4,1.0
22100718,2022-01-25,BKN,LAL,0,0.6,117.6,43.2,26.2,2.0,0.4,104.8,41.8,20.4,2.0
22100721,2022-01-25,POR,MIN,0,0.8,105.6,45.2,21.8,2.0,0.6,119.4,42.6,23.8,2.0
22100717,2022-01-25,BOS,SAC,1,0.6,108.2,46.8,25.4,2.0,0.4,124.2,43.6,27.6,3.0
22100719,2022-01-25,HOU,SAS,0,0.6,115.8,45.6,23.8,4.0,0.4,107.4,48.6,25.2,2.0
22100454,2022-01-25,PHI,NOP,1,0.6,109.2,44.0,21.8,2.0,0.6,105.8,42.6,24.6,1.0
22100720,2022-01-25,GSW,DAL,1,0.6,103.4,47.0,23.6,2.0,0.8,103.8,46.2,21.6,2.0
22100714,2022-01-25,DET,DEN,0,0.2,107.8,39.4,24.0,2.0,0.6,120.0,41.0,32.4,2.0
22100716,2022-01-25,WAS,LAC,0,0.2,107.4,44.2,23.4,2.0,0.4,113.0,45.4,26.4,2.0
22100715,2022-01-25,TOR,CHA,1,0.4,102.8,44.4,22.8,2.0,0.6,105.8,49.2,27.0,2.0
22100722,2022-01-26,CLE,MIL,1,0.8,102.8,44.0,26.4,2.0,0.6,112.6,47.0,21.6,4.0
22100727,2022-01-26,MIA,NYK,1,0.6,105.4,41.4,25.8,3.0,0.2,98.2,48.4,22.2,2.0
22100731,2022-01-26,UTA,PHX,0,0.2,103.6,45.2,20.4,2.0,1.0,118.6,47.6,29.2,2.0
22100725,2022-01-26,ATL,SAC,1,0.8,117.2,39.4,26.6,3.0,0.2,114.2,43.6,25.0,1.0
22100732,2022-01-26,POR,DAL,0,0.6,104.0,47.4,23.2,1.0,0.6,100.6,44.6,21.8,1.0
22100453,2022-01-26,BKN,DEN,0,0.4,112.8,45.2,24.2,1.0,0.6,115.4,42.0,30.4,1.0
22100724,2022-01-26,ORL,LAC,0,0.2,101.8,40.0,23.4,3.0,0.6,117.4,44.2,27.2,1.0
22100472,2022-01-26,CHI,TOR,1,0.4,103.8,44.8,22.2,2.0,0.4,107.2,42.8,23.2,1.0
22100728,2022-01-26,SAS,MEM,0,0.4,114.0,47.6,29.0,1.0,0.4,106.2,46.8,22.6,3.0
22100723,2022-01-26,IND,CHA,0,0.4,116.2,44.4,25.2,2.0,0.6,106.6,47.8,26.4,1.0
22100733,2022-01-27,PHI,LAL,1,0.6,110.8,44.2,22.2,2.0,0.6,106.8,40.2,20.8,2.0
22100734,2022-01-27,GSW,MIN,1,0.8,109.6,49.2,25.8,2.0,0.8,119.6,43.2,23.4,2.0
22100735,2022-01-28,CHA,LAL,1,0.6,118.8,47.2,29.2,2.0,0.4,104.0,39.6,21.6,1.0
22100743,2022-01-28,PHX,MIN,1,1.0,112.6,46.2,26.0,2.0,0.6,118.8,42.0,21.8,1.0
22100744,2022-01-28,MIL,NYK,1,0.6,113.2,47.0,22.2,2.0,0.2,100.0,46.6,22.6,2.0
22100741,2022-01-28,OKC,IND,0,0.0,98.6,45.0,20.4,4.0,0.4,114.8,44.4,25.8,2.0
22100739,2022-01-28,HOU,POR,0,0.4,111.0,45.0,23.4,3.0,0.4,106.8,44.0,24.6,2.0
22100737,2022-01-28,ATL,BOS,1,1.0,119.8,42.8,27.8,2.0,0.6,111.0,50.2,26.4,3.0
22100742,2022-01-28,SAS,CHI,1,0.4,114.6,46.0,30.8,2.0,0.6,104.8,45.2,23.8,2.0
22100729,2022-01-28,NOP,DEN,0,0.4,104.6,39.0,25.2,3.0,0.8,119.8,43.8,29.4,2.0
22100738,2022-01-28,MIA,LAC,1,0.8,107.8,40.4,27.0,2.0,0.6,111.8,46.6,24.8,2.0
22100740,2022-01-28,MEM,UTA,1,0.6,112.8,47.4,23.6,2.0,0.2,104.0,44.2,20.2,2.0
22100736,2022-01-28,ORL,DET,1,0.2,103.8,40.4,26.0,2.0,0.2,107.2,40.2,24.0,3.0
22100750,2022-01-29,GSW,BKN,1,0.8,114.0,47.8,26.8,2.0,0.4,115.0,45.8,24.0,3.0
22100746,2022-01-29,DAL,IND,1,0.6,106.2,44.2,23.2,3.0,0.4,115.2,46.8,25.2,1.0
22100747,2022-01-29,PHI,SAC,1,0.8,112.2,44.0,24.4,2.0,0.0,109.8,41.4,23.0,3.0
22100745,2022-01-29,NOP,BOS,0,0.4,104.6,40.6,24.4,1.0,0.4,108.6,51.2,25.0,1.0
22100748,2022-01-29,MIA,TOR,0,0.8,111.2,40.8,28.6,1.0,0.4,108.4,40.6,23.2,3.0
22100749,2022-01-29,MEM,WAS,1,0.6,112.8,46.2,23.2,1.0,0.2,108.4,46.0,24.4,4.0
22100751,2022-01-30,ATL,LAL,1,1.0,117.2,42.2,26.6,2.0,0.4,106.0,40.4,20.8,2.0
22100753,2022-01-30,CHI,POR,1,0.4,105.8,45.2,23.2,2.0,0.6,113.4,42.2,24.8,2.0
22100758,2022-01-30,PHX,SAS,1,1.0,115.2,47.0,27.4,2.0,0.4,117.2,44.8,31.4,2.0
22100754,2022-01-30,DET,CLE,1,0.2,110.6,38.4,25.0,2.0,0.8,104.4,44.8,26.2,4.0
22100755,2022-01-30,ORL,DAL,1,0.4,110.0,39.8,27.4,2.0,0.6,112.2,44.4,24.8,1.0
22100756,2022-01-30,MIL,DEN,0,0.8,115.0,48.0,23.4,2.0,0.8,117.0,43.6,28.8,2.0
22100752,2022-01-30,CHA,LAC,0,0.6,120.0,47.8,28.8,2.0,0.6,109.0,44.6,22.2,2.0
22100757,2022-01-30,MIN,UTA,1,0.4,121.2,42.0,21.6,2.0,0.2,103.6,41.8,19.0,2.0
22100762,2022-01-31,BOS,MIA,1,0.6,109.6,52.2,25.8,2.0,0.6,114.4,44.4,29.0,2.0
22100765,2022-01-31,OKC,POR,1,0.0,100.2,45.2,20.8,3.0,0.4,114.8,41.0,25.4,1.0
22100763,2022-01-31,NYK,SAC,1,0.2,99.6,46.8,22.6,3.0,0.0,107.6,42.6,22.6,2.0
22100759,2022-01-31,CLE,NOP,1,0.6,102.6,45.0,26.0,1.0,0.4,105.6,40.4,24.2,2.0
22100764,2022-01-31,HOU,GSW,0,0.4,110.2,42.6,23.4,3.0,1.0,112.6,48.2,26.0,2.0
22100760,2022-01-31,IND,LAC,1,0.2,112.0,46.6,25.6,2.0,0.6,111.6,46.8,22.6,1.0
22100767,2022-01-31,ATL,TOR,0,1.0,116.2,43.4,26.0,1.0,0.6,113.6,42.4,24.6,2.0
22100761,2022-01-31,PHI,MEM,1,0.8,108.2,42.4,25.0,2.0,0.8,113.0,48.8,22.8,2.0
22100784,2022-02-01,TOR,MIA,1,0.6,113.0,43.0,24.8,1.0,0.6,111.2,45.4,28.0,1.0
22100772,2022-02-01,PHX,BKN,1,1.0,116.4,48.2,28.6,2.0,0.2,112.4,49.0,23.6,3.0
22100769,2022-02-01,CHI,ORL,1,0.6,113.8,44.2,26.2,2.0,0.6,110.0,39.2,27.4,2.0
22100766,2022-02-01,DET,NOP,0,0.2,107.0,39.8,24.8,2.0,0.2,103.2,43.6,24.0,1.0
22100770,2022-02-01,MIN,DEN,1,0.6,122.0,41.0,24.4,2.0,1.0,120.6,44.4,29.8,2.0
22100771,2022-02-01,SAS,GSW,0,0.4,118.8,43.6,32.0,2.0,1.0,116.0,48.2,25.6,1.0
22100768,2022-02-01,MIL,WAS,1,0.6,109.8,43.2,22.2,2.0,0.0,104.0,43.6,24.8,3.0
22100780,2022-02-02,SAC,BKN,1,0.0,100.6,42.8,23.0,2.0,0.0,111.2,45.0,23.8,1.0
22100773,2022-02-02,IND,ORL,0,0.4,115.8,47.8,28.0,2.0,0.6,112.0,39.4,29.4,1.0
22100781,2022-02-02,LAL,POR,1,0.2,107.0,39.0,22.0,3.0,0.2,108.2,39.8,22.8,2.0
22100777,2022-02-02,HOU,CLE,1,0.2,108.2,40.6,24.0,2.0,0.8,100.4,44.8,25.8,2.0
22100779,2022-02-02,UTA,DEN,1,0.0,102.6,40.6,19.2,3.0,0.8,120.2,46.8,29.4,1.0
22100778,2022-02-02,DAL,OKC,0,0.6,113.6,42.4,25.4,3.0,0.2,100.6,46.0,21.2,2.0
22100776,2022-02-02,NYK,MEM,0,0.4,104.6,46.6,23.4,2.0,0.6,112.4,48.8,22.6,2.0
22100774,2022-02-02,PHI,WAS,0,1.0,112.4,43.4,26.4,2.0,0.0,100.0,43.6,24.6,1.0
22100775,2022-02-02,BOS,CHA,1,0.8,113.0,52.6,25.6,2.0,0.4,113.8,44.2,26.8,3.0
22100786,2022-02-03,LAC,LAL,1,0.6,114.4,47.0,23.6,3.0,0.4,105.4,42.0,23.0,1.0
22100521,2022-02-03,SAS,MIA,0,0.4,121.0,41.8,32.6,2.0,0.4,109.8,45.2,27.0,2.0
22100782,2022-02-03,DET,MIN,0,0.2,107.0,38.8,24.6,2.0,0.6,120.8,44.0,26.6,2.0
22100783,2022-02-03,ATL,PHX,1,0.8,114.2,45.4,26.4,3.0,1.0,118.0,45.4,27.0,2.0
22100785,2022-02-03,GSW,SAC,1,1.0,122.0,49.4,27.8,2.0,0.2,97.6,42.8,21.8,1.0
22100430,2022-02-03,TOR,CHI,1,0.8,114.0,43.0,23.2,2.0,0.8,120.0,45.2,29.2,2.0
22100793,2022-02-04,UTA,BKN,1,0.2,105.8,37.8,20.0,2.0,0.0,106.4,43.4,22.8,2.0
22100791,2022-02-04,DAL,PHI,1,0.4,115.6,41.8,26.6,2.0,0.8,110.0,42.2,26.6,2.0
22100790,2022-02-04,TOR,ATL,1,0.8,114.4,46.2,23.8,1.0,0.8,116.4,44.6,26.4,1.0
22100788,2022-02-04,DET,BOS,0,0.2,108.2,41.0,24.4,1.0,0.8,112.4,49.6,26.6,2.0
22100787,2022-02-04,CHA,CLE,0,0.4,117.0,42.6,25.8,2.0,0.6,102.4,43.6,26.0,2.0
22100794,2022-02-04,DEN,NOP,0,0.6,119.0,43.4,29.2,2.0,0.2,102.0,43.8,24.2,3.0
22100789,2022-02-04,IND,CHI,0,0.4,116.8,48.8,27.8,2.0,0.6,121.8,45.2,29.0,1.0
22100792,2022-02-04,SAS,HOU,1,0.2,113.2,40.6,29.2,1.0,0.2,108.0,39.2,24.2,2.0
22100795,2022-02-04,POR,OKC,0,0.2,105.6,40.8,22.2,2.0,0.4,105.0,45.6,22.2,2.0
22100797,2022-02-05,CHA,MIA,0,0.4,114.6,45.6,26.2,1.0,0.4,110.2,46.0,26.4,2.0
22100800,2022-02-05,POR,MIL,0,0.2,101.8,43.8,20.4,1.0,0.6,113.4,41.4,23.4,4.0
22100799,2022-02-05,LAL,NYK,1,0.2,106.2,44.2,22.2,2.0,0.2,104.2,45.8,22.8,3.0
22100798,2022-02-05,WAS,PHX,0,0.2,100.2,45.0,23.8,3.0,0.8,118.0,43.0,27.4,2.0
22100801,2022-02-05,SAC,OKC,1,0.2,105.4,38.8,24.6,2.0,0.6,106.8,47.8,23.8,1.0
22100796,2022-02-05,ORL,MEM,0,0.6,113.0,42.8,29.0,3.0,0.8,118.2,49.0,24.6,3.0
22100809,2022-02-06,LAC,MIL,0,0.6,113.4,46.0,23.8,3.0,0.6,114.2,41.6,26.8,1.0
22100804,2022-02-06,DEN,BKN,1,0.4,115.2,40.0,28.2,2.0,0.0,107.6,41.0,23.8,2.0
22100805,2022-02-06,CLE,IND,1,0.6,103.8,43.6,25.4,2.0,0.4,114.6,48.0,26.2,2.0
22100802,2022-02-06,CHI,PHI,0,0.6,124.0,44.8,28.6,2.0,0.6,106.2,40.6,26.0,2.0
22100807,2022-02-06,DAL,ATL,1,0.6,118.6,42.0,27.6,2.0,0.6,115.0,43.0,26.0,2.0
22100806,2022-02-06,ORL,BOS,0,0.6,115.6,42.6,28.6,1.0,0.8,107.2,47.2,24.8,2.0
22100808,2022-02-06,HOU,NOP,0,0.2,108.6,38.4,22.2,2.0,0.4,103.2,43.6,24.4,2.0
22100803,2022-02-06,MIN,DET,1,0.6,124.6,42.6,28.2,3.0,0.2,105.8,45.0,23.0,2.0
22100811,2022-02-07,WAS,MIA,0,0.2,98.8,44.6,22.6,2.0,0.4,106.8,45.6,26.2,2.0
22100814,2022-02-07,UTA,NYK,1,0.4,109.0,40.2,23.4,3.0,0.2,108.6,48.0,23.4,2.0
22100812,2022-02-07,CHI,PHX,0,0.6,121.2,45.0,28.4,1.0,0.8,116.0,47.0,29.8,2.0
22100813,2022-02-07,OKC,GSW,0,0.6,105.4,47.2,23.2,2.0,1.0,121.2,45.8,27.0,4.0
22100810,2022-02-07,CHA,TOR,0,0.2,100.2,48.4,23.4,2.0,1.0,118.4,48.4,24.8,3.0
22100822,2022-02-08,LAL,MIL,0,0.4,113.2,47.2,24.2,3.0,0.8,121.8,43.4,28.0,2.0
22100824,2022-02-08,SAC,MIN,0,0.4,107.2,39.8,26.0,3.0,0.8,125.2,44.6,29.2,2.0
22100821,2022-02-08,DEN,NYK,1,0.4,116.8,42.4,29.8,2.0,0.2,110.2,50.4,22.2,1.0
22100823,2022-02-08,POR,ORL,0,0.0,98.4,44.6,21.4,3.0,0.4,108.4,41.2,26.4,2.0
22100816,2022-02-08,ATL,IND,1,0.4,112.2,44.4,26.4,2.0,0.2,109.0,45.4,24.6,2.0
22100815,2022-02-08,PHI,PHX,0,0.6,109.0,40.0,25.8,2.0,0.8,114.6,46.0,28.8,1.0
22100817,2022-02-08,BKN,BOS,0,0.0,104.8,40.6,23.4,2.0,1.0,112.0,47.8,27.6,2.0
22100819,2022-02-08,NOP,HOU,1,0.6,106.2,41.6,25.6,2.0,0.2,109.2,36.0,23.6,2.0
22100818,2022-02-08,MEM,LAC,1,0.8,121.6,52.6,26.4,3.0,0.4,113.8,45.0,25.0,2.0
22100820,2022-02-08,DAL,DET,1,0.6,112.8,42.6,25.6,2.0,0.2,106.2,46.2,24.0,2.0
22100829,2022-02-09,POR,LAL,1,0.0,94.2,47.4,21.0,1.0,0.4,113.6,46.6,26.0,1.0
22100830,2022-02-09,SAC,MIN,1,0.4,109.8,38.8,27.0,1.0,1.0,127.2,46.8,32.0,1.0
22100825,2022-02-09,CLE,SAS,1,0.6,100.4,45.4,25.0,3.0,0.4,117.4,41.6,29.8,5.0
22100826,2022-02-09,CHA,CHI,0,0.0,97.0,46.0,24.0,2.0,0.4,120.0,44.2,24.8,2.0
22100828,2022-02-09,UTA,GSW,1,0.6,112.2,42.2,23.2,2.0,1.0,118.4,44.4,26.8,2.0
22100827,2022-02-09,OKC,TOR,0,0.6,103.0,48.6,23.0,2.0,1.0,116.8,48.0,24.2,2.0
22100833,2022-02-10,NOP,MIA,0,0.8,108.8,42.2,26.6,2.0,0.6,107.0,40.8,26.8,3.0
22100836,2022-02-10,PHX,MIL,1,0.8,114.4,46.4,28.0,2.0,0.8,123.4,42.4,28.8,2.0
22100832,2022-02-10,WAS,BKN,1,0.2,95.8,40.8,22.6,3.0,0.0,101.8,38.2,23.6,2.0
22100837,2022-02-10,GSW,NYK,0,0.8,113.4,40.4,25.4,1.0,0.2,111.6,49.6,23.0,2.0
22100835,2022-02-10,DAL,LAC,1,0.6,109.6,42.8,24.2,2.0,0.4,112.8,45.6,25.6,2.0
22100834,2022-02-10,HOU,TOR,0,0.2,106.6,37.8,22.4,2.0,1.0,119.0,48.4,24.4,1.0
22100831,2022-02-10,DET,MEM,0,0.0,100.4,45.6,22.8,2.0,0.8,124.8,55.2,26.2,2.0
22100843,2022-02-11,CHI,MIN,1,0.4,119.0,42.4,25.2,2.0,0.8,125.8,45.6,30.6,2.0
22100844,2022-02-11,UTA,ORL,1,0.8,112.6,45.2,24.4,2.0,0.4,109.0,43.2,28.0,3.0
22100841,2022-02-11,ATL,SAS,0,0.4,113.0,44.0,27.4,3.0,0.2,109.6,42.0,27.6,2.0
22100839,2022-02-11,IND,CLE,0,0.2,110.4,44.6,24.0,3.0,0.8,100.4,47.4,23.6,2.0
22100842,2022-02-11,BOS,DEN,1,1.0,115.8,49.6,27.8,3.0,0.4,116.0,44.6,28.2,3.0
22100840,2022-02-11,PHI,OKC,1,0.4,110.2,41.6,25.8,3.0,0.4,103.0,47.6,24.2,2.0
22100838,2022-02-11,DET,CHA,0,0.0,101.6,46.6,24.0,1.0,0.0,100.8,45.8,24.4,2.0
22100854,2022-02-12,GSW,LAL,1,0.6,111.8,39.8,26.2,2.0,0.4,110.4,46.6,26.0,3.0
22100851,2022-02-12,MIA,BKN,1,0.8,111.0,41.8,26.8,2.0,0.0,102.0,40.0,22.4,2.0
22100845,2022-02-12,POR,NYK,1,0.2,99.4,47.4,22.6,3.0,0.2,111.6,50.4,22.8,2.0
22100855,2022-02-12,PHX,ORL,1,0.8,116.4,47.6,29.8,2.0,0.4,105.8,44.0,26.0,1.0
22100847,2022-02-12,WAS,SAC,0,0.4,99.4,41.6,23.0,2.0,0.6,117.0,41.8,28.6,3.0
22100848,2022-02-12,NOP,SAS,0,0.8,110.2,39.8,25.2,2.0,0.4,114.8,41.6,29.6,1.0
22100849,2022-02-12,PHI,CLE,1,0.4,105.8,42.8,23.6,1.0,0.8,105.8,46.4,22.4,1.0
22100850,2022-02-12,TOR,DEN,0,1.0,124.8,47.2,25.4,2.0,0.4,113.4,45.8,27.4,1.0
22100853,2022-02-12,DAL,LAC,0,0.8,110.4,43.0,23.6,2.0,0.2,110.8,39.8,25.8,2.0
22100852,2022-02-12,CHI,OKC,1,0.6,121.8,40.8,25.6,1.0,0.2,96.4,48.0,23.4,1.0
22100846,2022-02-12,CHA,MEM,0,0.2,107.6,46.8,28.0,1.0,0.8,128.2,55.2,27.8,2.0
22100857,2022-02-13,IND,MIN,0,0.0,108.6,42.2,22.8,2.0,0.6,124.2,41.6,30.0,2.0
22100856,2022-02-13,BOS,ATL,1,1.0,113.0,51.6,27.8,2.0,0.4,117.2,44.6,27.4,2.0
22100864,2022-02-14,DEN,ORL,1,0.6,114.6,48.0,28.2,2.0,0.2,103.0,42.4,25.2,2.0
22100862,2022-02-14,MIL,POR,0,0.8,124.8,43.8,27.8,4.0,0.4,103.0,46.6,23.8,2.0
22100859,2022-02-14,BKN,SAC,1,0.0,104.0,40.2,21.2,2.0,0.6,119.2,40.6,29.4,2.0
22100861,2022-02-14,CHI,SAS,1,0.6,118.6,43.6,23.6,2.0,0.6,115.6,41.6,28.2,2.0
22100866,2022-02-14,LAC,GSW,1,0.4,107.4,40.0,25.4,2.0,0.6,110.4,40.6,25.0,2.0
22100865,2022-02-14,UTA,HOU,1,1.0,114.2,47.6,24.2,3.0,0.2,109.0,38.6,22.4,4.0
22100860,2022-02-14,NYK,OKC,0,0.2,110.6,49.0,22.0,2.0,0.0,97.4,46.2,23.0,2.0
22100863,2022-02-14,NOP,TOR,1,0.6,110.8,39.8,24.8,2.0,0.8,121.2,42.6,23.8,2.0
22100858,2022-02-14,WAS,DET,1,0.4,101.8,40.0,23.8,2.0,0.0,102.0,46.6,25.0,3.0
22100870,2022-02-15,MIL,IND,1,0.6,123.8,43.6,26.2,1.0,0.0,109.0,43.8,23.4,2.0
22100869,2022-02-15,PHI,BOS,0,0.6,105.8,42.6,23.8,3.0,1.0,111.4,54.0,25.8,2.0
22100867,2022-02-15,ATL,CLE,1,0.2,111.4,46.0,26.0,2.0,0.8,103.6,43.6,22.0,3.0
22100868,2022-02-15,MIA,DAL,0,1.0,112.8,44.6,25.6,3.0,0.8,107.0,44.0,21.2,3.0
22100873,2022-02-15,PHX,LAC,1,1.0,119.8,50.2,31.8,3.0,0.4,109.0,40.0,24.6,1.0
22100872,2022-02-15,NOP,MEM,0,0.6,112.2,41.6,26.6,1.0,1.0,129.4,57.0,30.4,3.0
22100871,2022-02-15,MIN,CHA,1,0.6,124.4,40.8,28.8,2.0,0.2,111.0,47.0,28.2,3.0
22100877,2022-02-16,NYK,BKN,0,0.2,112.2,49.0,22.8,2.0,0.2,105.4,41.6,21.2,2.0
22100879,2022-02-16,MEM,POR,0,1.0,129.6,56.6,30.2,1.0,0.6,108.8,47.6,26.2,2.0
22100878,2022-02-16,CHI,SAC,1,0.8,121.0,46.6,24.4,2.0,0.6,113.4,44.2,26.0,2.0
22100881,2022-02-16,OKC,SAS,0,0.2,102.2,47.2,24.0,2.0,0.6,118.4,39.6,29.6,2.0
22100874,2022-02-16,ORL,ATL,0,0.2,102.2,43.2,24.6,2.0,0.4,113.4,45.0,25.6,1.0
22100883,2022-02-16,GSW,DEN,0,0.4,106.0,40.2,24.2,2.0,0.8,117.8,52.2,28.8,2.0
22100882,2022-02-16,PHX,HOU,1,1.0,121.4,47.8,32.6,1.0,0.0,106.2,37.8,22.0,2.0
22100880,2022-02-16,MIN,TOR,0,0.6,126.0,42.2,29.2,1.0,0.6,114.2,42.4,19.6,2.0
22100884,2022-02-16,LAL,UTA,1,0.2,113.6,45.6,26.0,4.0,1.0,119.6,50.8,26.8,2.0
22100876,2022-02-16,IND,WAS,1,0.0,109.8,44.6,24.8,1.0,0.4,101.2,38.6,23.0,2.0
22100875,2022-02-16,BOS,DET,0,1.0,118.0,53.2,26.8,1.0,0.0,102.2,44.2,25.2,2.0
22100885,2022-02-17,CHA,MIA,0,0.2,117.8,49.4,29.8,2.0,0.8,110.2,45.8,24.0,2.0
22100887,2022-02-17,MIL,PHI,0,0.6,122.0,44.2,24.6,2.0,0.6,103.6,43.4,22.6,2.0
22100886,2022-02-17,NOP,DAL,0,0.4,110.0,41.8,24.8,2.0,0.8,107.0,43.6,22.2,2.0
22100888,2022-02-17,LAC,HOU,1,0.4,105.6,40.4,24.6,2.0,0.0,109.2,40.6,23.6,1.0
22100464,2022-02-17,BKN,WAS,0,0.4,106.8,44.6,20.6,1.0,0.4,106.8,39.0,25.2,1.0
22100893,2022-02-24,OKC,PHX,0,0.2,103.8,47.2,24.8,8.0,1.0,120.8,47.4,31.8,8.0
22100891,2022-02-24,CHI,ATL,1,1.0,121.2,48.0,25.8,8.0,0.6,120.6,44.4,26.0,8.0
22100890,2022-02-24,BKN,BOS,0,0.4,109.2,45.0,20.0,7.0,0.8,117.0,48.2,26.8,8.0
22100889,2022-02-24,DET,CLE,1,0.2,103.6,44.2,25.2,8.0,0.6,106.4,41.2,22.8,9.0
22100895,2022-02-24,SAC,DEN,0,0.4,114.4,42.0,24.8,8.0,0.8,116.4,50.8,26.8,8.0
22100894,2022-02-24,POR,GSW,0,0.8,111.8,48.6,25.8,8.0,0.2,107.2,39.6,23.4,8.0
22100892,2022-02-24,MIN,MEM,1,0.4,117.4,40.8,27.0,8.0,0.8,126.4,52.0,27.6,8.0
22100900,2022-02-25,NYK,MIA,0,0.2,112.6,46.6,23.6,9.0,0.8,111.6,47.2,24.8,8.0
22100901,2022-02-25,MIN,PHI,0,0.6,117.4,42.4,26.6,1.0,0.6,104.4,45.0,21.0,8.0
22100899,2022-02-25,WAS,SAS,0,0.6,110.2,40.0,25.4,8.0,0.6,115.0,42.2,28.8,9.0
22100902,2022-02-25,PHX,NOP,0,1.0,122.8,46.4,32.8,1.0,0.2,111.6,42.8,23.8,8.0
22100903,2022-02-25,UTA,DAL,1,0.8,114.8,49.0,23.6,9.0,0.8,111.4,41.6,20.8,8.0
22100898,2022-02-25,ORL,HOU,1,0.2,107.4,44.2,25.8,9.0,0.0,110.0,41.0,23.8,8.0
22100904,2022-02-25,LAL,LAC,0,0.4,112.8,45.6,27.0,9.0,0.6,112.2,42.4,26.4,8.0
22100897,2022-02-25,IND,OKC,0,0.2,115.4,43.2,27.4,9.0,0.2,105.0,46.6,23.6,1.0
22100896,2022-02-25,CHA,TOR,1,0.2,119.0,53.4,29.6,8.0,0.6,111.6,41.8,19.6,9.0
22100910,2022-02-26,MIL,BKN,0,0.4,118.6,43.0,23.0,9.0,0.4,108.0,44.2,21.2,2.0
22100911,2022-02-26,DEN,SAC,1,0.8,115.6,48.2,26.6,2.0,0.4,113.6,41.2,24.0,2.0
22100908,2022-02-26,MIA,SAS,1,0.8,110.4,48.6,23.4,1.0,0.8,128.0,43.0,31.0,1.0
22100905,2022-02-26,DET,BOS,0,0.4,107.6,45.0,25.8,2.0,0.8,117.6,47.4,26.0,2.0
22100906,2022-02-26,ATL,TOR,1,0.4,115.6,44.8,22.8,2.0,0.4,106.8,40.0,18.8,1.0
22100909,2022-02-26,CHI,MEM,0,1.0,119.4,48.6,23.6,2.0,0.6,122.2,52.8,27.4,2.0
22100907,2022-02-26,CLE,WAS,1,0.4,107.4,39.8,21.8,2.0,0.4,118.2,39.6,26.8,1.0
22100912,2022-02-27,NYK,PHI,0,0.2,109.6,47.4,22.4,2.0,0.8,109.2,44.6,22.2,2.0
22100914,2022-02-27,IND,BOS,1,0.2,118.0,44.8,29.2,2.0,0.8,118.6,44.0,27.4,1.0
22100919,2022-02-27,LAL,NOP,0,0.2,108.8,43.6,24.8,2.0,0.4,115.6,45.6,24.2,2.0
22100917,2022-02-27,GSW,DAL,0,0.4,116.6,41.8,27.2,3.0,0.6,110.0,38.2,20.4,2.0
22100918,2022-02-27,POR,DEN,0,0.8,111.8,44.8,24.8,3.0,1.0,118.2,46.8,27.8,1.0
22100916,2022-02-27,HOU,LAC,0,0.0,112.8,39.8,24.4,2.0,0.8,112.2,45.6,26.6,2.0
22100913,2022-02-27,PHX,UTA,0,0.8,117.0,45.2,30.4,2.0,0.8,115.0,48.0,24.2,2.0
22100915,2022-02-27,CHA,DET,0,0.4,122.2,55.2,31.2,2.0,0.4,107.0,45.2,24.0,1.0
22100920,2022-02-28,CLE,MIN,0,0.4,104.8,39.4,22.6,2.0,0.6,113.4,44.2,24.8,3.0
22100921,2022-02-28,ORL,IND,1,0.2,108.6,45.0,23.0,3.0,0.4,121.0,47.0,29.2,1.0
22100925,2022-02-28,OKC,SAC,0,0.4,113.4,47.0,24.0,3.0,0.2,109.2,40.0,22.4,2.0
22100923,2022-02-28,MEM,SAS,1,0.6,119.0,53.0,25.6,2.0,0.6,126.6,44.0,30.2,2.0
22100922,2022-02-28,MIA,CHI,1,0.8,114.6,46.4,23.4,2.0,0.8,114.6,48.2,20.6,2.0
22100726,2022-02-28,BKN,TOR,0,0.6,111.0,44.0,22.8,2.0,0.2,99.0,41.0,18.8,2.0
22100924,2022-02-28,MIL,CHA,1,0.2,117.0,43.2,21.6,2.0,0.2,119.2,54.2,29.0,1.0
22100928,2022-03-01,TOR,BKN,1,0.4,103.8,43.4,21.4,1.0,0.4,108.6,43.2,22.4,1.0
22100927,2022-03-01,BOS,ATL,1,0.6,119.0,41.2,28.2,2.0,0.6,116.8,44.0,22.6,3.0
22100931,2022-03-01,LAL,DAL,0,0.2,104.6,43.0,22.2,2.0,0.6,109.0,39.0,19.8,2.0
22100930,2022-03-01,MIN,GSW,1,0.6,113.0,42.8,26.2,1.0,0.4,114.0,43.0,27.2,2.0
22100929,2022-03-01,HOU,LAC,0,0.0,108.4,39.0,24.6,2.0,0.8,112.2,49.0,25.6,2.0
22100926,2022-03-01,WAS,DET,1,0.4,113.4,41.6,25.4,3.0,0.6,108.6,47.0,23.6,2.0
22100936,2022-03-02,MIL,MIA,1,0.4,121.6,47.8,23.0,2.0,0.8,114.0,43.8,25.0,2.0
22100934,2022-03-02,PHI,NYK,1,0.8,114.2,42.2,24.0,3.0,0.0,108.2,46.6,21.8,3.0
22100933,2022-03-02,ORL,IND,0,0.4,112.6,44.8,24.2,2.0,0.4,117.6,44.0,28.0,2.0
22100939,2022-03-02,PHX,POR,1,0.6,113.4,42.0,27.2,3.0,0.6,108.8,45.0,24.0,3.0
22100937,2022-03-02,NOP,SAC,1,0.6,117.4,46.6,25.6,3.0,0.2,110.8,40.8,23.0,2.0
22100938,2022-03-02,DEN,OKC,0,1.0,121.0,47.8,27.8,3.0,0.4,115.2,46.0,25.2,2.0
22100935,2022-03-02,HOU,UTA,0,0.0,108.2,41.4,24.2,1.0,0.8,116.4,45.8,23.6,3.0
22100932,2022-03-02,CLE,CHA,0,0.2,105.2,40.6,24.4,2.0,0.2,116.8,51.6,27.8,2.0
22100945,2022-03-03,LAC,LAL,1,0.8,111.0,51.4,25.4,2.0,0.2,104.4,42.8,20.8,2.0
22100941,2022-03-03,BKN,MIA,0,0.2,108.0,40.4,22.4,2.0,0.8,118.0,43.8,26.8,1.0
22100944,2022-03-03,SAS,SAC,0,0.4,122.8,44.8,31.0,3.0,0.2,112.8,39.8,24.6,1.0
22100710,2022-03-03,ATL,CHI,1,0.6,117.4,41.8,22.0,2.0,0.6,113.2,44.4,21.2,3.0
22100943,2022-03-03,DAL,GSW,1,0.8,111.4,39.2,21.4,2.0,0.2,113.4,41.0,27.6,2.0
22100940,2022-03-03,BOS,MEM,1,0.6,113.4,40.4,28.0,2.0,0.6,117.6,52.6,24.2,3.0
22100942,2022-03-03,TOR,DET,0,0.6,107.6,44.2,25.2,2.0,0.6,112.4,46.8,24.4,2.0
22100949,2022-03-04,CHI,MIL,0,0.4,114.0,40.2,22.2,1.0,0.6,124.2,49.6,23.8,2.0
22100951,2022-03-04,OKC,MIN,0,0.4,113.6,46.8,24.4,2.0,0.6,113.6,39.6,25.8,3.0
22100953,2022-03-04,PHX,NYK,1,0.6,116.8,40.8,27.6,2.0,0.0,109.2,46.4,22.0,2.0
22100458,2022-03-04,TOR,ORL,0,0.4,108.2,42.8,23.4,1.0,0.4,114.4,46.4,23.6,2.0
22100946,2022-03-04,DET,IND,1,0.6,111.6,45.8,23.8,1.0,0.6,118.2,46.6,26.2,2.0
22100948,2022-03-04,WAS,ATL,0,0.4,116.0,41.0,27.0,3.0,0.6,118.6,41.4,22.2,1.0
22100947,2022-03-04,PHI,CLE,1,0.8,118.2,42.8,24.0,2.0,0.2,106.2,41.2,24.4,2.0
22100952,2022-03-04,DEN,HOU,1,0.8,118.2,46.8,27.8,2.0,0.0,109.4,38.4,25.0,2.0
22100950,2022-03-04,NOP,UTA,1,0.6,118.4,47.2,24.4,2.0,0.8,120.0,45.6,25.6,2.0
22100957,2022-03-05,MEM,ORL,1,0.4,114.8,51.6,23.2,2.0,0.6,112.8,49.0,23.6,1.0
22100956,2022-03-05,MIA,PHI,1,0.8,118.4,39.6,26.0,2.0,1.0,125.8,40.8,25.2,1.0
22100958,2022-03-05,MIN,POR,1,0.8,123.0,39.4,28.2,1.0,0.4,104.4,41.8,22.6,3.0
22100954,2022-03-05,DAL,SAC,1,0.8,114.4,38.0,21.8,2.0,0.4,112.2,42.4,25.0,2.0
22100955,2022-03-05,CHA,SAS,1,0.4,116.6,48.2,28.0,3.0,0.4,123.4,46.2,31.0,2.0
22100959,2022-03-05,LAL,GSW,1,0.2,103.6,40.4,21.0,2.0,0.2,115.2,40.8,28.2,2.0
22100960,2022-03-06,BOS,BKN,1,0.8,115.2,44.6,28.8,3.0,0.2,108.8,38.0,23.4,3.0
22100966,2022-03-06,LAC,NYK,0,1.0,118.2,51.4,26.6,3.0,0.0,107.4,45.0,21.0,2.0
22100963,2022-03-06,WAS,IND,1,0.4,117.2,40.4,29.4,2.0,0.4,116.8,49.6,25.0,2.0
22100961,2022-03-06,MIL,PHX,1,0.6,122.2,50.2,22.2,2.0,0.6,115.0,39.0,27.8,2.0
22100967,2022-03-06,DEN,NOP,1,0.8,118.0,45.4,27.8,2.0,0.8,121.4,50.8,26.2,2.0
22100962,2022-03-06,CLE,TOR,1,0.2,106.8,41.6,24.4,2.0,0.4,109.0,46.4,24.2,2.0
22100965,2022-03-06,OKC,UTA,0,0.4,112.6,44.6,23.2,2.0,0.6,111.0,45.4,21.8,2.0
22100964,2022-03-06,HOU,MEM,1,0.0,107.4,40.2,24.2,2.0,0.6,115.8,54.8,24.2,1.0
22100973,2022-03-07,SAS,LAL,1,0.2,124.0,45.0,30.8,2.0,0.2,107.2,41.0,21.2,2.0
22100974,2022-03-07,SAC,NYK,0,0.4,112.8,44.6,24.8,2.0,0.2,109.4,47.6,20.4,1.0
22100971,2022-03-07,MIN,POR,1,0.8,126.2,39.4,30.2,2.0,0.2,104.2,38.4,21.4,2.0
22100968,2022-03-07,DET,ATL,1,0.6,112.6,46.4,24.8,3.0,0.6,116.0,39.8,21.2,3.0
22100969,2022-03-07,PHI,CHI,1,0.8,117.6,39.8,23.6,2.0,0.2,111.4,38.8,22.2,3.0
22100528,2022-03-07,DEN,GSW,1,0.8,120.0,47.0,28.2,1.0,0.2,115.2,41.6,27.4,2.0
22100970,2022-03-07,MIA,HOU,1,0.8,115.2,38.4,25.6,2.0,0.2,109.8,41.0,24.4,1.0
22100972,2022-03-07,DAL,UTA,1,0.8,112.2,38.2,22.6,2.0,0.8,114.0,46.8,23.8,1.0
22100979,2022-03-08,OKC,MIL,0,0.4,112.4,45.6,22.8,2.0,0.8,124.6,51.0,24.4,2.0
22100975,2022-03-08,CHA,BKN,0,0.6,119.8,46.6,28.4,3.0,0.2,111.6,39.4,23.2,2.0
22100977,2022-03-08,ORL,PHX,0,0.6,110.2,48.2,24.0,3.0,0.4,114.6,35.8,28.0,2.0
22100976,2022-03-08,IND,CLE,0,0.4,116.4,47.8,24.4,2.0,0.4,107.0,44.6,25.2,2.0
22100978,2022-03-08,MEM,NOP,1,0.6,115.4,51.0,24.6,2.0,0.8,123.8,51.0,27.8,2.0
22100980,2022-03-08,GSW,LAC,1,0.0,113.6,40.6,26.0,1.0,0.8,108.4,50.0,23.2,2.0
22100985,2022-03-09,HOU,LAL,1,0.2,111.4,40.2,23.6,2.0,0.2,108.8,40.2,21.4,2.0
22100988,2022-03-09,DAL,NYK,0,1.0,112.6,40.8,22.0,2.0,0.4,115.6,48.0,20.4,2.0
22100987,2022-03-09,NOP,ORL,0,0.6,122.6,49.4,28.4,1.0,0.4,106.2,48.0,23.4,1.0
22100983,2022-03-09,MIA,PHX,0,0.8,113.2,42.0,25.8,2.0,0.6,114.6,38.8,28.2,1.0
22100990,2022-03-09,UTA,POR,1,0.6,111.8,47.0,23.8,2.0,0.0,95.8,38.2,19.0,2.0
22100984,2022-03-09,MIL,ATL,1,1.0,128.4,53.0,26.6,1.0,0.6,116.4,40.4,22.8,2.0
22100981,2022-03-09,CHA,BOS,0,0.4,119.0,44.4,26.8,1.0,0.8,114.6,42.4,28.2,3.0
22100982,2022-03-09,DET,CHI,0,0.8,114.4,47.6,26.6,2.0,0.0,110.2,39.8,23.4,2.0
22100991,2022-03-09,SAC,DEN,0,0.4,113.8,43.6,24.6,2.0,0.8,123.2,46.2,30.2,2.0
22100986,2022-03-09,MIN,OKC,1,1.0,130.6,44.6,29.8,2.0,0.2,109.6,42.0,23.4,1.0
22100989,2022-03-09,SAS,TOR,0,0.2,116.0,44.4,29.4,2.0,0.4,108.2,47.0,22.6,3.0
22100992,2022-03-09,LAC,WAS,1,0.6,106.8,50.0,22.8,1.0,0.4,120.4,40.0,30.8,3.0
22100993,2022-03-10,PHI,BKN,0,0.8,115.2,39.0,23.4,3.0,0.2,112.8,39.0,25.0,2.0
22100994,2022-03-10,DEN,GSW,0,0.8,119.6,45.4,29.8,1.0,0.2,115.8,42.0,27.2,2.0
22100995,2022-03-11,ORL,MIN,1,0.4,104.0,49.2,22.6,2.0,1.0,131.6,48.0,30.6,2.0
22101000,2022-03-11,MEM,NYK,1,0.6,118.6,49.2,26.0,3.0,0.6,115.2,49.6,20.2,2.0
22100998,2022-03-11,MIA,CLE,1,0.6,108.8,41.8,25.6,2.0,0.4,114.0,42.8,25.8,3.0
22100999,2022-03-11,HOU,DAL,0,0.4,119.2,41.2,24.4,2.0,0.8,106.6,39.2,21.0,2.0
22100996,2022-03-11,ATL,LAC,1,0.4,114.0,40.2,22.6,2.0,0.6,110.0,46.4,23.4,2.0
22101003,2022-03-11,PHX,TOR,0,0.8,114.0,42.6,28.6,2.0,0.4,105.4,47.0,18.0,2.0
22101002,2022-03-11,SAS,UTA,1,0.2,111.0,42.4,27.6,2.0,0.6,112.8,48.8,25.4,2.0
22101004,2022-03-11,LAL,WAS,1,0.2,115.8,42.2,23.4,2.0,0.4,111.6,40.4,28.8,2.0
22100997,2022-03-11,BOS,DET,1,0.8,115.0,44.4,28.0,2.0,0.6,110.6,43.2,25.6,2.0
22101001,2022-03-11,NOP,CHA,0,0.4,118.4,47.4,27.2,2.0,0.4,114.0,44.4,25.4,2.0
22101008,2022-03-12,GSW,MIL,1,0.4,115.6,41.2,27.2,2.0,1.0,127.2,50.6,26.4,3.0
22101005,2022-03-12,MIA,MIN,0,0.8,108.4,40.6,25.6,1.0,0.8,127.8,47.0,30.0,1.0
22101007,2022-03-12,SAS,IND,0,0.4,110.8,45.6,24.6,1.0,0.2,115.6,45.6,26.4,4.0
22101010,2022-03-12,UTA,SAC,1,0.4,106.8,50.4,23.0,1.0,0.2,107.6,42.0,23.4,3.0
22101006,2022-03-12,CHI,CLE,1,0.2,111.0,38.2,23.8,3.0,0.4,110.6,43.2,25.0,1.0
22101009,2022-03-12,DEN,TOR,0,0.8,118.6,45.8,28.6,2.0,0.4,107.0,47.0,16.4,1.0
22101011,2022-03-12,POR,WAS,1,0.0,93.8,39.2,19.6,3.0,0.4,116.2,41.4,29.2,1.0
22101019,2022-03-13,PHX,LAL,1,0.6,112.4,41.4,27.6,2.0,0.4,119.4,42.2,24.0,2.0
22101012,2022-03-13,BKN,NYK,1,0.4,119.2,39.0,26.2,3.0,0.6,116.4,52.4,20.8,2.0
22101016,2022-03-13,ATL,IND,1,0.6,116.8,42.2,25.2,2.0,0.4,118.8,47.2,26.6,1.0
22101015,2022-03-13,ORL,PHI,0,0.6,104.8,48.6,24.4,2.0,0.6,110.2,40.4,21.6,3.0
22101014,2022-03-13,BOS,DAL,0,1.0,116.4,45.8,27.6,2.0,0.8,107.4,39.6,20.2,2.0
22101017,2022-03-13,NOP,HOU,1,0.2,117.4,45.4,27.4,2.0,0.4,113.8,42.2,24.8,2.0
22101013,2022-03-13,DET,LAC,0,0.6,108.6,43.0,25.2,2.0,0.4,108.6,42.6,23.0,2.0
22101018,2022-03-13,OKC,MEM,0,0.2,108.0,42.8,23.0,4.0,0.6,118.6,49.0,25.8,2.0
22101027,2022-03-14,UTA,MIL,0,0.6,115.6,48.8,24.2,2.0,0.8,125.0,48.0,27.4,2.0
22101024,2022-03-14,SAS,MIN,0,0.4,110.0,48.0,24.6,2.0,0.8,122.8,48.0,27.2,2.0
22101021,2022-03-14,ATL,POR,1,0.6,117.0,42.8,25.4,1.0,0.2,100.8,39.4,19.4,2.0
22101026,2022-03-14,SAC,CHI,1,0.2,113.6,41.0,24.8,2.0,0.4,111.4,39.8,23.2,2.0
22101022,2022-03-14,PHI,DEN,0,0.6,108.8,40.8,21.0,1.0,0.6,118.4,45.4,29.6,2.0
22101020,2022-03-14,CLE,LAC,1,0.4,109.2,43.8,24.6,2.0,0.4,103.4,42.6,21.6,1.0
22101028,2022-03-14,LAL,TOR,0,0.4,119.4,42.4,23.6,1.0,0.6,111.2,48.8,19.6,2.0
22101025,2022-03-14,GSW,WAS,1,0.6,117.4,44.8,28.6,2.0,0.2,116.6,40.0,28.6,2.0
22101023,2022-03-14,OKC,CHA,0,0.0,107.8,41.6,23.2,1.0,0.6,121.2,44.0,29.2,3.0
22101030,2022-03-15,ORL,BKN,0,0.4,107.0,47.6,25.2,2.0,0.6,119.6,39.4,28.0,2.0
22101032,2022-03-15,NOP,PHX,0,0.2,118.6,44.0,27.6,2.0,0.6,117.4,45.0,29.2,2.0
22101029,2022-03-15,IND,MEM,0,0.2,120.0,45.0,26.6,2.0,0.8,122.2,51.6,27.0,2.0
22101031,2022-03-15,MIA,DET,1,0.6,106.6,44.2,24.8,3.0,0.4,107.4,43.4,24.8,2.0
22101039,2022-03-16,MIN,LAL,1,0.8,125.6,47.6,25.6,2.0,0.2,115.2,41.6,22.6,2.0
22101043,2022-03-16,SAC,MIL,0,0.2,113.0,40.2,24.6,2.0,0.8,124.8,46.4,27.6,2.0
22101034,2022-03-16,CLE,PHI,0,0.6,109.4,45.4,24.2,2.0,0.4,105.8,44.4,21.4,2.0
22101038,2022-03-16,HOU,PHX,0,0.4,114.6,41.2,24.6,3.0,0.8,119.2,46.4,29.6,1.0
22101037,2022-03-16,NYK,POR,1,0.6,115.0,50.6,21.6,3.0,0.2,105.4,43.6,20.0,2.0
22101033,2022-03-16,CHA,ATL,1,0.6,124.2,42.4,29.4,2.0,0.6,118.0,44.8,27.4,2.0
22101042,2022-03-16,GSW,BOS,0,0.8,119.4,45.4,29.4,2.0,0.8,113.4,45.4,25.4,3.0
22101041,2022-03-16,UTA,CHI,1,0.4,114.6,48.2,23.0,2.0,0.4,107.2,41.4,21.6,2.0
22101036,2022-03-16,BKN,DAL,0,0.8,128.2,43.0,30.2,1.0,0.8,102.0,41.6,18.4,3.0
22101035,2022-03-16,WAS,DEN,0,0.2,116.2,38.8,26.8,2.0,0.6,113.6,44.4,29.0,2.0
22101040,2022-03-16,SAS,OKC,1,0.4,114.4,45.0,25.6,2.0,0.0,110.8,43.6,25.6,2.0
22101044,2022-03-16,LAC,TOR,0,0.4,107.0,42.6,24.0,2.0,0.8,114.6,50.8,20.0,2.0
22101045,2022-03-17,ORL,DET,0,0.4,109.4,46.8,25.2,2.0,0.2,104.8,40.8,23.8,2.0
22101051,2022-03-18,TOR,LAL,0,1.0,116.0,50.4,19.4,2.0,0.2,114.0,40.6,23.4,2.0
22101053,2022-03-18,HOU,IND,0,0.2,112.4,38.8,25.2,2.0,0.2,119.2,43.8,26.4,3.0
22101048,2022-03-18,BKN,POR,1,0.8,126.4,43.0,31.0,2.0,0.2,100.8,43.6,20.4,2.0
22101057,2022-03-18,SAC,BOS,0,0.2,115.6,39.0,25.2,2.0,0.8,111.4,45.8,23.4,2.0
22101054,2022-03-18,SAS,NOP,0,0.4,115.4,45.2,26.2,2.0,0.2,115.6,43.2,27.4,3.0
22101056,2022-03-18,PHX,CHI,1,0.8,124.6,45.8,31.2,2.0,0.4,106.8,40.8,22.2,2.0
22101046,2022-03-18,PHI,DAL,1,0.6,113.0,44.0,23.6,2.0,0.8,101.8,41.2,18.2,2.0
22101049,2022-03-18,CLE,DEN,1,0.4,111.4,41.6,24.4,2.0,0.6,112.8,44.4,27.2,2.0
22101055,2022-03-18,UTA,LAC,1,0.6,119.0,48.6,22.6,2.0,0.4,107.6,41.4,24.8,2.0
22101052,2022-03-18,MIA,OKC,1,0.6,107.8,45.4,24.8,3.0,0.0,114.2,43.6,26.4,2.0
22101047,2022-03-18,ATL,MEM,1,0.6,117.2,43.8,27.4,2.0,0.8,124.4,50.8,29.6,3.0
22101050,2022-03-18,NYK,WAS,1,0.6,117.4,48.6,24.0,2.0,0.0,111.4,41.2,25.4,2.0
22101061,2022-03-19,WAS,LAL,1,0.0,109.0,40.6,24.0,1.0,0.4,113.6,39.6,25.0,1.0
22101058,2022-03-19,MIN,MIL,1,0.8,125.6,44.4,25.8,3.0,0.8,125.4,46.2,25.6,3.0
22101059,2022-03-19,CHA,DAL,1,0.6,122.8,41.0,29.6,3.0,0.6,99.8,40.6,18.6,1.0
22101060,2022-03-19,CLE,DET,1,0.4,109.8,42.8,25.6,1.0,0.2,109.0,40.4,25.2,2.0
22101066,2022-03-20,SAC,PHX,0,0.2,112.0,38.4,25.2,2.0,0.8,128.2,44.6,30.6,2.0
22101062,2022-03-20,IND,POR,1,0.4,118.8,44.6,26.6,2.0,0.2,109.2,42.6,24.0,2.0
22101070,2022-03-20,GSW,SAS,0,0.8,112.2,44.8,27.4,4.0,0.4,112.8,46.0,25.8,2.0
22101068,2022-03-20,DEN,BOS,0,0.4,114.8,44.4,29.0,2.0,0.8,111.4,47.0,25.0,2.0
22101064,2022-03-20,ATL,NOP,0,0.8,118.2,43.0,27.8,2.0,0.4,118.2,45.8,27.4,2.0
22101065,2022-03-20,ORL,OKC,1,0.4,113.6,45.2,26.6,3.0,0.0,112.8,45.8,25.0,2.0
22101069,2022-03-20,PHI,TOR,0,0.6,111.0,44.0,22.4,2.0,0.8,116.8,50.2,22.0,2.0
22101067,2022-03-20,NYK,UTA,0,0.6,111.2,51.2,23.8,2.0,0.6,118.6,50.4,22.4,2.0
22101063,2022-03-20,HOU,MEM,0,0.2,114.8,40.6,25.6,2.0,0.8,123.0,52.4,27.8,2.0
22101072,2022-03-21,CLE,LAL,0,0.6,111.4,43.6,26.2,2.0,0.2,113.0,40.4,25.0,2.0
22101074,2022-03-21,PHI,MIA,1,0.6,108.6,42.0,22.8,1.0,0.6,107.2,44.6,24.6,3.0
22101079,2022-03-21,DAL,MIN,1,0.6,106.0,42.0,20.0,2.0,0.8,126.8,43.6,25.0,2.0
22101073,2022-03-21,DET,POR,0,0.2,109.2,41.6,24.8,2.0,0.2,111.8,41.8,24.8,1.0
22101078,2022-03-21,OKC,BOS,0,0.0,109.4,46.8,23.6,1.0,0.8,113.2,45.2,24.8,1.0
22101071,2022-03-21,CHA,NOP,1,0.8,124.4,42.0,31.0,2.0,0.6,121.2,48.4,27.2,1.0
22101076,2022-03-21,CHI,TOR,1,0.4,106.0,38.6,21.8,3.0,0.8,112.0,51.8,21.4,1.0
22101075,2022-03-21,BKN,UTA,1,0.8,125.6,44.4,29.2,3.0,0.8,119.8,48.8,21.6,1.0
22101077,2022-03-21,HOU,WAS,1,0.0,106.6,39.6,25.8,1.0,0.2,112.6,38.4,25.8,2.0
22101081,2022-03-22,NYK,ATL,0,0.4,108.4,47.6,23.8,2.0,0.6,118.2,41.6,26.6,2.0
22101082,2022-03-22,MIL,CHI,1,0.6,120.8,45.8,24.0,3.0,0.4,105.8,40.4,23.6,1.0
22101080,2022-03-22,ORL,GSW,1,0.4,110.0,48.2,26.0,2.0,0.6,111.4,46.0,26.0,2.0
22101083,2022-03-22,DEN,LAC,1,0.4,115.2,42.8,29.6,2.0,0.2,103.0,41.8,25.2,4.0
22101089,2022-03-23,MEM,BKN,1,0.8,121.0,52.2,27.0,3.0,0.8,122.6,43.6,29.6,2.0
22101084,2022-03-23,CHA,NYK,0,1.0,125.4,39.8,34.2,2.0,0.4,107.8,45.0,23.2,1.0
22101091,2022-03-23,OKC,ORL,1,0.0,110.4,46.4,23.2,2.0,0.4,105.2,46.2,24.8,1.0
22101093,2022-03-23,LAL,PHI,0,0.4,117.0,41.2,27.0,2.0,0.6,108.0,42.0,23.8,2.0
22101090,2022-03-23,MIN,PHX,0,0.8,126.4,46.2,24.4,2.0,1.0,131.2,46.6,30.2,3.0
22101086,2022-03-23,IND,SAC,0,0.6,119.8,45.2,27.2,3.0,0.2,116.8,39.2,25.8,3.0
22101094,2022-03-23,POR,SAS,0,0.2,110.2,42.6,25.0,2.0,0.4,114.0,44.0,27.8,3.0
22101085,2022-03-23,DET,ATL,1,0.2,111.6,42.8,25.0,2.0,0.6,115.4,43.0,26.4,1.0
22101088,2022-03-23,MIA,GSW,0,0.6,110.4,43.8,23.8,2.0,0.4,106.8,48.4,25.0,1.0
22101092,2022-03-23,DAL,HOU,1,0.6,105.4,42.0,21.4,2.0,0.2,109.6,40.6,26.0,2.0
22101087,2022-03-23,BOS,UTA,1,0.8,116.8,44.2,24.6,2.0,0.6,114.2,47.4,21.0,2.0
22101096,2022-03-24,MEM,IND,1,0.8,123.8,50.6,28.0,1.0,0.4,117.8,44.2,29.4,1.0
22101099,2022-03-24,DEN,PHX,0,0.6,117.6,43.0,29.4,2.0,1.0,128.2,45.0,29.0,1.0
22101095,2022-03-24,TOR,CLE,1,0.6,106.4,51.6,21.0,3.0,0.6,117.2,43.2,28.2,3.0
22101098,2022-03-24,NOP,CHI,1,0.6,117.8,49.8,25.6,3.0,0.2,105.2,37.8,23.8,2.0
22101097,2022-03-24,MIL,WAS,1,0.6,121.2,46.4,24.4,2.0,0.2,108.4,40.8,25.4,3.0
22101103,2022-03-25,MIA,NYK,0,0.4,107.8,42.2,23.4,2.0,0.6,110.6,45.0,23.8,2.0
22101106,2022-03-25,LAC,PHI,0,0.2,104.8,41.6,26.2,3.0,0.8,111.2,41.0,24.0,2.0
22101104,2022-03-25,MIN,DAL,1,0.6,127.0,46.0,25.6,2.0,0.6,108.4,42.0,22.2,2.0
22101102,2022-03-25,ATL,GSW,1,0.4,111.2,41.2,25.0,2.0,0.4,106.0,46.4,23.0,2.0
22101105,2022-03-25,POR,HOU,0,0.2,106.8,40.0,23.6,2.0,0.2,106.8,41.8,24.6,2.0
22101100,2022-03-25,CHA,UTA,1,0.8,118.2,41.2,31.2,2.0,0.6,111.4,46.4,19.4,2.0
22101101,2022-03-25,DET,WAS,0,0.4,115.6,44.8,26.4,2.0,0.2,106.4,42.0,24.8,1.0
22101112,2022-03-26,MEM,MIL,1,0.8,125.4,50.2,28.8,2.0,0.8,122.2,46.8,23.6,2.0
22101111,2022-03-26,MIA,BKN,0,0.4,107.6,38.6,22.4,1.0,0.6,124.6,43.6,27.2,3.0
22101109,2022-03-26,TOR,IND,1,0.6,107.0,46.8,21.4,2.0,0.4,112.8,41.8,28.8,2.0
22101108,2022-03-26,ORL,SAC,0,0.4,102.8,45.2,24.0,3.0,0.4,113.8,39.8,25.6,3.0
22101107,2022-03-26,NOP,SAS,0,0.6,117.0,49.4,24.2,2.0,0.6,119.0,44.2,29.0,3.0
22101110,2022-03-26,CLE,CHI,0,0.4,114.0,40.6,27.4,2.0,0.2,106.4,36.4,24.4,2.0
22101114,2022-03-26,POR,HOU,0,0.2,108.4,39.4,24.0,1.0,0.4,109.4,42.6,24.8,1.0
22101113,2022-03-26,DEN,OKC,1,0.4,120.8,42.0,29.0,2.0,0.2,110.8,45.4,21.2,3.0
22101119,2022-03-27,NOP,LAL,1,0.6,114.6,48.8,23.0,1.0,0.4,120.6,41.6,28.0,4.0
22101116,2022-03-27,BOS,MIN,1,1.0,123.4,43.0,28.8,4.0,0.6,120.4,47.0,25.2,2.0
22101115,2022-03-27,DET,NYK,0,0.4,115.4,46.6,25.6,2.0,0.6,107.2,44.0,22.2,2.0
22101118,2022-03-27,PHX,PHI,1,1.0,130.0,44.0,28.4,3.0,0.8,112.0,43.6,23.8,2.0
22101117,2022-03-27,WAS,GSW,1,0.4,104.6,41.4,24.2,2.0,0.2,102.8,47.0,23.2,2.0
22101121,2022-03-27,DAL,UTA,1,0.4,104.8,43.6,22.2,2.0,0.4,106.6,44.6,20.4,2.0
22101120,2022-03-27,BKN,CHA,0,0.6,116.6,42.0,25.4,1.0,0.8,112.8,42.8,29.8,2.0
22101123,2022-03-28,CLE,ORL,1,0.4,110.0,42.0,25.8,2.0,0.4,103.2,49.2,24.4,2.0
22101125,2022-03-28,MIA,SAC,1,0.2,105.6,37.6,22.4,2.0,0.4,114.2,42.6,25.4,2.0
22101128,2022-03-28,HOU,SAS,0,0.6,108.8,41.8,26.8,2.0,0.8,112.6,46.8,26.8,2.0
22101124,2022-03-28,IND,ATL,0,0.4,110.6,39.0,28.8,2.0,0.6,114.2,41.4,24.8,3.0
22101127,2022-03-28,TOR,BOS,1,0.6,112.6,46.6,25.4,2.0,1.0,128.2,41.4,29.6,1.0
22101126,2022-03-28,NYK,CHI,1,0.6,108.0,42.2,22.4,1.0,0.4,104.0,36.4,23.4,2.0
22101122,2022-03-28,CHA,DEN,0,0.8,113.4,44.8,29.0,1.0,0.4,118.0,43.2,29.6,2.0
22101129,2022-03-28,MEM,GSW,1,0.8,123.8,50.8,27.2,2.0,0.2,108.2,48.6,23.4,1.0
22101130,2022-03-28,POR,OKC,0,0.2,103.4,42.2,22.4,2.0,0.2,108.2,43.2,22.2,2.0
22101134,2022-03-29,DAL,LAL,1,0.6,107.4,44.6,22.2,2.0,0.4,121.4,41.8,28.6,2.0
22101131,2022-03-29,PHI,MIL,0,0.6,110.6,45.0,23.6,2.0,0.6,119.2,47.6,23.2,3.0
22101132,2022-03-29,WAS,CHI,0,0.6,109.8,42.2,27.0,2.0,0.4,104.4,38.4,22.6,1.0
22101135,2022-03-29,LAC,UTA,1,0.0,103.0,40.2,25.0,4.0,0.2,102.4,40.0,19.0,2.0
22101133,2022-03-29,BKN,DET,1,0.6,116.4,43.0,25.8,2.0,0.2,109.0,45.0,23.4,2.0
22101139,2022-03-30,BOS,MIA,0,0.8,125.4,44.2,27.6,2.0,0.2,106.2,38.0,23.4,2.0
22101141,2022-03-30,TOR,MIN,1,0.8,111.0,47.8,23.6,2.0,0.4,118.0,42.8,26.0,3.0
22101138,2022-03-30,WAS,ORL,1,0.4,103.2,42.4,26.0,1.0,0.4,99.4,49.2,25.8,2.0
22101145,2022-03-30,GSW,PHX,0,0.2,105.6,45.2,21.8,2.0,1.0,127.0,42.2,26.8,3.0
22101142,2022-03-30,HOU,SAC,0,0.6,113.2,41.6,26.8,2.0,0.4,109.0,41.2,24.2,2.0
22101143,2022-03-30,OKC,ATL,0,0.4,113.4,43.6,24.8,2.0,0.6,116.6,41.4,25.6,2.0
22101146,2022-03-30,POR,NOP,0,0.2,110.0,45.2,23.4,2.0,0.6,113.0,45.4,23.2,3.0
22101136,2022-03-30,CLE,DAL,0,0.4,107.6,41.0,24.8,2.0,0.8,111.4,45.0,24.0,1.0
22101137,2022-03-30,IND,DEN,0,0.2,111.0,35.4,29.4,2.0,0.6,117.4,43.2,28.4,2.0
22101144,2022-03-30,SAS,MEM,0,0.8,112.8,48.4,26.2,2.0,1.0,127.4,51.6,28.8,2.0
22101140,2022-03-30,NYK,CHA,0,0.8,111.2,44.0,22.2,2.0,0.6,109.4,43.6,29.0,2.0
22101150,2022-03-31,UTA,LAL,1,0.0,103.8,37.8,20.4,2.0,0.2,117.8,42.8,26.0,2.0
22101148,2022-03-31,BKN,MIL,0,0.6,116.8,42.2,25.8,2.0,0.6,115.8,47.8,24.2,2.0
22101147,2022-03-31,DET,PHI,1,0.2,111.8,45.2,24.4,2.0,0.6,116.2,45.0,25.0,2.0
22100452,2022-03-31,ATL,CLE,1,0.8,121.4,42.0,26.8,1.0,0.2,107.4,40.0,24.0,1.0
22101149,2022-03-31,CHI,LAC,1,0.4,103.2,37.2,22.2,2.0,0.2,105.0,38.2,23.4,2.0
22101159,2022-04-01,DEN,MIN,0,0.8,121.6,43.6,30.6,2.0,0.2,110.8,43.6,25.2,2.0
22101153,2022-04-01,BOS,IND,1,0.6,120.2,45.4,27.2,2.0,0.0,108.8,34.6,27.6,2.0
22101155,2022-04-01,MEM,PHX,1,1.0,125.4,49.4,28.8,2.0,1.0,122.6,41.6,26.2,2.0
22101158,2022-04-01,SAS,POR,1,0.8,116.8,47.8,27.0,2.0,0.0,107.6,44.0,25.0,2.0
22101154,2022-04-01,HOU,SAC,0,0.4,113.8,43.0,25.4,2.0,0.6,113.8,42.6,23.8,2.0
22101160,2022-04-01,LAL,NOP,0,0.2,115.8,42.6,24.6,1.0,0.6,113.0,42.6,24.0,2.0
22101152,2022-04-01,WAS,DAL,1,0.6,109.2,43.2,28.2,2.0,0.8,113.4,43.2,24.2,2.0
22101156,2022-04-01,MIL,LAC,0,0.8,116.0,49.0,22.2,1.0,0.2,111.0,38.0,23.2,1.0
22101151,2022-04-01,ORL,TOR,0,0.2,103.4,45.6,25.6,2.0,0.8,117.4,46.0,26.8,2.0
22101157,2022-04-01,OKC,DET,0,0.4,120.0,42.6,27.2,2.0,0.4,109.2,43.2,25.2,1.0
22101164,2022-04-02,CHI,MIA,0,0.6,110.6,40.6,22.8,2.0,0.4,106.2,39.6,24.2,3.0
22101163,2022-04-02,ATL,BKN,1,0.8,124.2,43.0,27.0,2.0,0.4,117.8,42.2,25.8,2.0
22101162,2022-04-02,NYK,CLE,0,0.8,111.8,44.4,22.8,3.0,0.2,104.8,41.8,22.0,2.0
22101165,2022-04-02,GSW,UTA,1,0.2,108.2,45.2,22.8,3.0,0.2,107.0,38.6,21.8,2.0
22101161,2022-04-02,PHI,CHA,1,0.4,112.4,43.8,24.2,2.0,0.6,113.2,44.6,30.0,3.0
22101172,2022-04-03,TOR,MIA,0,1.0,118.0,44.4,25.8,2.0,0.6,110.8,41.0,24.6,1.0
22101173,2022-04-03,HOU,MIN,0,0.4,119.0,43.0,27.2,2.0,0.4,116.4,41.2,26.2,2.0
22101171,2022-04-03,ORL,NYK,0,0.0,102.4,46.8,25.4,2.0,0.6,107.8,43.4,20.6,1.0
22101170,2022-04-03,CLE,PHI,0,0.4,107.8,43.2,22.4,1.0,0.4,116.0,44.6,26.6,1.0
22101174,2022-04-03,OKC,PHX,1,0.4,115.6,45.0,27.4,2.0,0.8,120.0,39.4,26.6,2.0
22101175,2022-04-03,SAS,POR,1,0.8,120.8,47.8,28.8,2.0,0.0,110.6,43.8,26.8,2.0
22101177,2022-04-03,LAC,NOP,1,0.4,123.2,36.6,25.4,2.0,0.8,115.2,40.6,24.0,2.0
22101167,2022-04-03,MIL,DAL,0,0.6,114.6,46.0,23.0,2.0,0.6,112.0,42.0,22.2,2.0
22101168,2022-04-03,LAL,DEN,0,0.0,111.8,42.4,22.6,2.0,0.6,122.2,44.4,31.6,2.0
22101176,2022-04-03,SAC,GSW,0,0.8,113.4,43.6,24.2,2.0,0.2,106.8,44.4,24.2,1.0
22101166,2022-04-03,BOS,WAS,1,0.6,119.4,45.0,28.6,2.0,0.8,115.8,44.0,29.8,2.0
22101169,2022-04-03,IND,DET,0,0.0,111.6,32.2,25.8,2.0,0.4,106.8,41.2,25.0,2.0
22101189,2022-04-05,PHX,LAL,1,0.6,114.2,37.4,25.0,2.0,0.0,111.2,41.4,23.8,2.0
22101183,2022-04-05,CHI,MIL,0,0.6,110.6,41.8,22.0,3.0,0.4,114.2,45.0,23.4,2.0
22101178,2022-04-05,IND,PHI,0,0.0,114.4,37.6,28.4,2.0,0.4,114.0,44.2,26.6,2.0
22101185,2022-04-05,OKC,POR,1,0.4,115.4,47.0,29.8,2.0,0.0,107.8,44.0,25.6,2.0
22101186,2022-04-05,DEN,SAS,0,0.8,122.0,44.6,32.8,2.0,0.8,116.8,47.4,27.0,2.0
22101182,2022-04-05,TOR,ATL,1,0.8,116.4,44.0,24.4,2.0,1.0,128.4,45.8,26.4,3.0
22101179,2022-04-05,ORL,CLE,1,0.0,99.6,45.8,24.2,2.0,0.4,110.6,42.2,23.8,2.0
22101188,2022-04-05,SAC,NOP,0,0.6,109.4,43.4,22.8,2.0,0.6,110.0,42.8,23.8,2.0
22101180,2022-04-05,BKN,HOU,1,0.4,116.8,44.8,25.6,3.0,0.2,120.4,42.8,27.4,2.0
22101187,2022-04-05,UTA,MEM,1,0.2,109.0,40.0,23.0,3.0,1.0,123.4,49.8,29.2,4.0
22101184,2022-04-05,MIN,WAS,0,0.6,121.0,38.6,27.2,2.0,0.6,116.2,41.4,29.4,2.0
22101181,2022-04-05,MIA,CHA,1,0.8,113.0,41.6,27.0,2.0,0.6,114.8,42.0,31.6,3.0
22101191,2022-04-06,NYK,BKN,0,0.6,109.2,46.2,21.8,3.0,0.4,118.4,47.2,24.8,1.0
22101195,2022-04-06,LAC,PHX,1,0.6,124.0,37.8,26.6,3.0,0.6,110.4,42.2,26.2,1.0
22101193,2022-04-06,CHI,BOS,0,0.4,112.2,42.8,21.8,1.0,0.6,123.2,45.0,29.0,3.0
22101190,2022-04-06,DET,DAL,0,0.6,111.6,39.2,27.4,3.0,0.8,116.6,40.6,23.6,3.0
22101194,2022-04-06,UTA,OKC,1,0.4,113.0,44.6,22.6,1.0,0.6,113.6,49.2,27.0,1.0
22101192,2022-04-06,ATL,WAS,1,0.8,125.8,45.6,27.2,1.0,0.6,118.0,43.4,30.4,1.0
22101202,2022-04-07,GSW,LAL,1,0.4,106.6,44.4,24.6,4.0,0.0,111.6,42.8,23.0,2.0
22101196,2022-04-07,CHA,ORL,1,0.4,116.4,39.2,33.2,2.0,0.2,101.6,43.0,25.0,2.0
22101197,2022-04-07,TOR,PHI,1,0.8,113.8,47.6,21.6,2.0,0.6,119.4,42.4,29.0,2.0
22101200,2022-04-07,NOP,POR,1,0.8,114.0,43.2,24.4,2.0,0.0,107.0,41.8,26.2,2.0
22101199,2022-04-07,MIN,SAS,1,0.4,120.6,37.2,27.4,2.0,0.8,118.6,47.2,28.8,2.0
22101198,2022-04-07,MIL,BOS,1,0.6,119.2,45.2,26.0,2.0,0.6,119.8,44.4,29.4,1.0
22101201,2022-04-07,DEN,MEM,1,0.6,118.8,45.4,30.6,2.0,0.8,119.8,49.0,27.6,2.0
22101203,2022-04-08,DET,MIL,0,0.6,113.8,40.2,28.0,2.0,0.6,121.0,45.2,26.2,1.0
22101204,2022-04-08,WAS,NYK,0,0.6,119.8,44.8,30.6,2.0,0.4,108.0,44.4,22.4,2.0
22101210,2022-04-08,UTA,PHX,0,0.6,120.4,48.4,23.8,2.0,0.4,109.4,45.0,27.2,2.0
22101209,2022-04-08,DAL,POR,1,0.8,120.0,39.8,25.0,2.0,0.0,99.6,37.8,26.2,1.0
22101207,2022-04-08,MIA,ATL,1,1.0,122.8,42.0,28.8,3.0,0.8,123.0,45.4,26.0,2.0
22101205,2022-04-08,BKN,CLE,1,0.6,118.4,47.0,24.4,2.0,0.2,112.2,43.4,23.6,3.0
22101206,2022-04-08,TOR,HOU,1,0.8,114.6,45.4,22.8,1.0,0.0,118.4,44.8,24.2,3.0
22101211,2022-04-08,LAL,OKC,1,0.0,112.0,41.6,21.8,1.0,0.4,107.0,45.8,26.0,2.0
22101208,2022-04-08,CHI,CHA,0,0.4,110.2,41.4,22.4,2.0,0.4,118.2,39.8,33.8,1.0
22101214,2022-04-09,PHI,IND,1,0.6,119.0,41.8,28.6,2.0,0.0,120.6,40.2,29.6,4.0
22101212,2022-04-09,LAC,SAC,1,0.8,127.2,41.0,26.8,3.0,0.4,108.4,38.4,23.6,4.0
22101213,2022-04-09,MEM,NOP,1,0.6,116.2,45.0,27.6,2.0,0.8,116.2,44.8,25.6,2.0
22101215,2022-04-09,SAS,GSW,0,0.6,118.2,45.0,29.4,2.0,0.6,109.2,44.2,28.4,2.0
22101220,2022-04-10,DEN,LAL,0,0.6,120.6,43.8,30.2,3.0,0.2,114.2,42.6,22.8,2.0
22101227,2022-04-10,ORL,MIA,1,0.2,101.6,42.6,24.2,3.0,1.0,120.8,39.0,26.8,2.0
22101218,2022-04-10,CLE,MIL,1,0.2,111.2,41.8,22.6,2.0,0.6,123.2,44.0,28.6,2.0
22101216,2022-04-10,BKN,IND,1,0.6,116.0,47.8,25.6,2.0,0.0,120.0,40.8,28.8,1.0
22101229,2022-04-10,PHX,SAC,0,0.4,110.2,45.0,28.6,2.0,0.4,108.0,40.4,24.2,1.0
22101219,2022-04-10,DAL,SAS,1,0.8,120.0,40.8,24.6,2.0,0.6,114.8,45.8,28.0,1.0
22101221,2022-04-10,HOU,ATL,0,0.0,117.4,44.2,23.8,2.0,0.6,117.6,45.4,23.8,2.0
22101223,2022-04-10,MEM,BOS,0,0.6,119.8,44.2,30.6,1.0,0.6,121.6,41.8,30.8,3.0
22101224,2022-04-10,MIN,CHI,0,0.6,123.6,40.6,27.2,3.0,0.2,112.2,40.4,22.2,2.0
22101225,2022-04-10,NOP,GSW,0,0.6,115.6,42.6,25.0,1.0,0.8,110.2,46.4,29.4,1.0
22101222,2022-04-10,LAC,OKC,1,0.8,126.4,44.0,28.4,1.0,0.4,103.6,46.2,24.0,2.0
22101226,2022-04-10,NYK,TOR,1,0.4,109.0,43.6,24.0,2.0,0.8,113.0,44.2,20.4,2.0
22101230,2022-04-10,POR,UTA,0,0.0,93.8,35.4,24.2,2.0,0.6,118.4,49.6,23.2,2.0
22101217,2022-04-10,CHA,WAS,1,0.6,123.0,39.4,34.0,2.0,0.4,112.8,42.0,27.8,2.0
22101228,2022-04-10,PHI,DET,1,0.8,126.8,42.4,31.6,1.0,0.6,109.4,41.0,27.8,2.0
22200002,2022-10-18,GSW,LAL,1,1.0,115.2,45.0,30.8,191.0,0.4,121.2,44.6,23.2,191.0
22200001,2022-10-18,BOS,PHI,1,0.8,129.8,44.2,32.2,191.0,0.8,121.6,41.4,29.0,191.0
22200009,2022-10-19,MEM,NYK,1,0.4,119.4,45.2,30.8,192.0,0.6,107.2,44.6,25.8,192.0
22200003,2022-10-19,DET,ORL,1,0.4,110.2,41.8,27.8,192.0,0.4,104.6,43.8,26.6,192.0
22200014,2022-10-19,SAC,POR,0,0.4,107.0,39.6,25.2,192.0,0.0,87.6,33.4,23.0,192.0
22200008,2022-10-19,TOR,CLE,1,0.6,111.4,44.6,21.6,192.0,0.4,116.4,42.0,26.6,192.0
22200006,2022-10-19,BKN,NOP,0,0.8,119.0,49.6,25.4,192.0,0.4,114.2,43.6,25.2,192.0
22200007,2022-10-19,MIA,CHI,0,0.8,121.8,40.0,25.4,192.0,0.2,110.0,40.0,21.8,192.0
22200013,2022-10-19,PHX,DAL,1,0.4,109.2,47.2,28.6,192.0,0.8,122.0,41.8,25.8,192.0
22200012,2022-10-19,UTA,DEN,1,0.6,116.2,53.4,22.8,192.0,0.4,123.8,44.2,30.2,192.0
22200005,2022-10-19,ATL,HOU,1,0.6,117.4,45.8,24.2,192.0,0.0,116.6,40.8,24.0,192.0
22200010,2022-10-19,MIN,OKC,1,0.6,127.2,37.4,28.0,192.0,0.4,101.0,43.4,22.6,192.0
22200004,2022-10-19,IND,WAS,0,0.0,121.6,39.4,29.4,192.0,0.2,107.4,41.6,26.2,192.0
22200011,2022-10-19,SAS,CHA,0,0.4,112.8,44.0,26.4,192.0,0.6,122.8,41.0,33.0,192.0
22200015,2022-10-20,PHI,MIL,0,0.6,122.6,37.6,27.6,2.0,0.6,122.4,44.6,28.0,193.0
22200016,2022-10-20,LAL,LAC,0,0.4,119.4,46.2,21.6,2.0,1.0,128.0,47.4,30.0,193.0
22200020,2022-10-21,ATL,ORL,1,0.6,116.4,42.6,26.6,2.0,0.4,108.6,44.4,26.0,2.0
22200027,2022-10-21,POR,PHX,1,0.2,92.2,34.4,22.6,2.0,0.6,111.4,48.6,29.2,2.0
22200018,2022-10-21,IND,SAS,0,0.0,118.4,41.8,28.6,2.0,0.2,110.6,42.6,25.8,2.0
22200022,2022-10-21,MIA,BOS,0,0.6,118.0,41.0,24.0,2.0,0.8,129.4,43.4,31.2,3.0
22200017,2022-10-21,CHA,NOP,0,0.8,125.8,44.8,31.4,2.0,0.6,120.2,45.0,27.0,2.0
22200019,2022-10-21,WAS,CHI,1,0.4,109.8,45.8,26.2,2.0,0.4,111.4,41.4,22.2,2.0
22200026,2022-10-21,GSW,DEN,0,1.0,117.6,46.4,31.0,3.0,0.4,118.2,42.4,27.2,2.0
22200021,2022-10-21,BKN,TOR,1,0.8,117.6,47.0,26.4,2.0,0.8,111.2,45.2,21.6,2.0
22200025,2022-10-21,MIN,UTA,0,0.6,123.0,40.8,27.8,2.0,0.8,119.4,52.6,24.4,2.0
22200024,2022-10-21,HOU,MEM,0,0.0,114.6,42.6,23.8,2.0,0.4,118.0,48.4,30.2,2.0
22200023,2022-10-21,NYK,DET,1,0.6,109.4,48.4,27.6,2.0,0.4,110.8,41.2,28.2,2.0
22200028,2022-10-22,PHI,SAS,0,0.4,114.0,39.2,24.2,2.0,0.2,114.8,40.4,26.4,1.0
22200030,2022-10-22,ORL,BOS,0,0.4,110.6,45.2,25.6,1.0,0.8,122.8,44.2,26.8,1.0
22200032,2022-10-22,CHI,CLE,0,0.4,110.2,40.6,21.6,1.0,0.2,113.6,41.0,26.4,3.0
22200033,2022-10-22,MIL,HOU,1,0.8,118.0,47.0,27.8,2.0,0.0,112.6,44.4,21.8,1.0
22200036,2022-10-22,SAC,LAC,0,0.2,104.2,38.4,24.8,3.0,1.0,118.0,51.8,26.8,2.0
22200035,2022-10-22,DEN,OKC,1,0.4,118.0,43.0,26.6,1.0,0.2,99.2,44.0,20.4,3.0
22200031,2022-10-22,MIA,TOR,1,0.4,116.0,40.6,22.6,1.0,0.6,108.6,41.4,22.6,1.0
22200034,2022-10-22,DAL,MEM,1,0.8,122.4,42.6,26.4,3.0,0.6,120.8,48.2,30.2,1.0
22200029,2022-10-22,IND,DET,1,0.0,121.8,38.6,28.4,1.0,0.2,107.8,43.4,27.2,1.0
22200041,2022-10-23,OKC,MIN,0,0.0,103.0,44.0,23.2,1.0,0.4,120.4,46.4,25.4,2.0
22200043,2022-10-23,LAC,PHX,0,1.0,116.4,51.6,25.0,1.0,0.4,109.4,46.2,27.8,2.0
22200037,2022-10-23,LAL,POR,0,0.4,116.8,44.6,21.8,3.0,0.4,96.0,36.0,20.6,2.0
22200042,2022-10-23,GSW,SAC,1,0.8,120.4,44.0,32.0,2.0,0.2,108.0,39.2,25.8,1.0
22200040,2022-10-23,NOP,UTA,0,0.6,120.4,46.8,26.4,2.0,0.8,121.6,51.2,27.6,2.0
22200039,2022-10-23,CLE,WAS,1,0.4,117.6,42.4,28.0,1.0,0.4,103.8,43.2,23.8,2.0
22200038,2022-10-23,ATL,CHA,0,0.8,116.4,43.2,25.6,2.0,0.8,125.2,46.0,30.6,2.0
22200049,2022-10-24,MEM,BKN,1,0.6,118.2,47.2,28.2,2.0,0.8,115.8,45.4,27.2,3.0
22200046,2022-10-24,NYK,ORL,1,0.6,111.8,47.2,27.6,3.0,0.2,110.6,46.2,23.6,2.0
22200044,2022-10-24,PHI,IND,1,0.4,112.2,39.8,24.2,2.0,0.2,122.2,40.8,28.2,2.0
22200050,2022-10-24,MIN,SAS,0,0.6,120.8,49.6,24.8,1.0,0.4,113.4,40.0,25.6,2.0
22200047,2022-10-24,CHI,BOS,1,0.4,110.6,39.6,21.6,2.0,0.8,124.6,43.2,25.8,2.0
22200051,2022-10-24,POR,DEN,1,0.6,98.4,41.0,18.8,1.0,0.6,123.0,42.0,28.8,2.0
22200045,2022-10-24,MIA,TOR,0,0.4,109.6,41.2,22.4,2.0,0.4,106.6,40.6,23.0,2.0
22200048,2022-10-24,HOU,UTA,1,0.0,112.6,44.2,22.2,2.0,0.8,118.6,49.0,27.6,1.0
22200053,2022-10-25,NOP,DAL,1,0.4,119.2,46.0,26.2,2.0,0.8,126.2,45.4,25.4,3.0
22200055,2022-10-25,PHX,GSW,1,0.6,110.0,45.2,27.8,2.0,0.8,120.8,42.4,29.0,2.0
22200054,2022-10-25,OKC,LAC,1,0.0,104.0,46.0,22.6,2.0,0.8,112.8,49.2,24.2,2.0
22200052,2022-10-25,WAS,DET,1,0.4,104.6,41.4,23.6,2.0,0.2,108.2,45.6,27.2,3.0
22200064,2022-10-26,DEN,LAL,1,0.4,120.6,41.0,29.0,2.0,0.4,115.2,44.2,24.2,3.0
22200065,2022-10-26,POR,MIA,0,0.8,109.8,44.2,19.4,2.0,0.2,105.0,43.8,22.2,2.0
22200060,2022-10-26,MIL,BKN,1,0.8,117.6,47.0,27.2,4.0,0.6,118.6,42.6,27.0,2.0
22200056,2022-10-26,CLE,ORL,1,0.6,118.0,42.6,26.8,3.0,0.2,110.8,45.8,21.0,2.0
22200061,2022-10-26,CHI,IND,1,0.6,111.2,45.4,22.4,2.0,0.2,119.4,44.0,28.0,2.0
22200059,2022-10-26,TOR,PHI,1,0.4,102.8,42.8,23.4,2.0,0.4,109.6,39.2,21.8,2.0
22200062,2022-10-26,MIN,SAS,1,0.4,116.6,50.2,24.6,2.0,0.6,117.6,41.8,29.2,2.0
22200057,2022-10-26,DET,ATL,0,0.2,107.8,45.2,24.2,1.0,0.6,114.6,44.4,25.0,3.0
22200063,2022-10-26,UTA,HOU,1,0.8,119.2,50.0,28.2,2.0,0.2,112.4,45.4,20.8,2.0
22200058,2022-10-26,NYK,CHA,1,0.8,115.2,48.8,28.0,2.0,0.8,124.8,45.2,30.4,3.0
22200068,2022-10-27,GSW,MIA,1,0.6,121.8,40.2,30.0,2.0,0.4,106.6,43.6,25.0,1.0
22200066,2022-10-27,BKN,DAL,0,0.4,114.8,41.0,25.6,1.0,0.6,122.2,44.6,23.4,2.0
22200067,2022-10-27,OKC,LAC,1,0.2,105.4,49.2,22.2,2.0,0.6,108.2,49.0,22.6,2.0
22200069,2022-10-27,SAC,MEM,0,0.2,111.2,42.6,26.4,4.0,0.6,116.8,45.2,24.2,3.0
22200076,2022-10-28,MIN,LAL,1,0.6,119.4,49.8,26.0,2.0,0.2,111.0,44.6,24.6,2.0
22200075,2022-10-28,MIL,NYK,1,0.8,114.2,48.2,26.0,2.0,0.8,119.2,49.6,27.8,2.0
22200074,2022-10-28,WAS,IND,0,0.6,110.2,43.4,24.6,3.0,0.2,116.0,45.6,27.8,2.0
22200073,2022-10-28,TOR,PHI,0,0.6,107.8,42.0,24.4,2.0,0.2,107.8,37.6,22.6,2.0
22200070,2022-10-28,DET,ATL,0,0.2,109.2,44.8,23.6,2.0,0.8,116.4,45.0,26.0,2.0
22200072,2022-10-28,BOS,CLE,0,0.8,120.8,43.4,25.0,4.0,0.8,117.2,45.0,28.0,2.0
22200079,2022-10-28,PHX,NOP,1,0.6,114.6,45.6,28.6,3.0,0.6,119.0,45.4,26.6,3.0
22200077,2022-10-28,SAS,CHI,1,0.6,118.0,43.0,30.8,2.0,0.6,111.2,44.6,24.8,2.0
22200080,2022-10-28,POR,HOU,1,0.8,113.4,45.4,19.2,2.0,0.2,109.8,48.4,19.8,2.0
22200078,2022-10-28,DEN,UTA,1,0.6,114.4,42.8,29.2,2.0,0.8,118.8,48.6,29.2,2.0
22200071,2022-10-28,ORL,CHA,1,0.0,104.2,44.8,18.2,2.0,0.6,124.4,46.0,29.8,2.0
22200081,2022-10-29,SAC,MIA,1,0.2,113.6,42.2,27.2,2.0,0.4,107.0,40.6,25.8,2.0
22200083,2022-10-29,BKN,IND,0,0.2,113.0,40.0,23.6,2.0,0.4,120.0,45.4,29.6,1.0
22200084,2022-10-29,CHI,PHI,0,0.4,112.8,43.8,24.2,1.0,0.4,106.8,39.6,24.4,1.0
22200085,2022-10-29,MIL,ATL,1,0.8,111.8,50.0,24.8,1.0,0.8,117.6,44.0,26.4,1.0
22200082,2022-10-29,CHA,GSW,1,0.4,118.2,45.8,27.2,1.0,0.6,120.8,42.0,29.4,2.0
22200086,2022-10-29,DAL,OKC,0,0.6,122.4,41.8,23.4,2.0,0.4,111.4,48.4,24.2,2.0
22200087,2022-10-29,UTA,MEM,1,0.6,114.4,47.6,28.6,1.0,0.8,119.8,44.8,24.2,2.0
22200092,2022-10-30,SAS,MIN,1,0.8,123.4,42.6,33.8,2.0,0.6,118.6,48.6,26.4,2.0
22200090,2022-10-30,CLE,NYK,1,0.8,117.0,43.8,23.8,2.0,0.6,119.8,50.8,25.2,2.0
22200093,2022-10-30,DAL,ORL,1,0.4,118.6,43.0,20.0,1.0,0.2,105.0,44.8,19.6,2.0
22200088,2022-10-30,LAC,NOP,0,0.4,102.6,46.4,20.0,3.0,0.6,119.8,43.6,26.8,2.0
22200095,2022-10-30,LAL,DEN,1,0.0,102.2,45.6,23.4,2.0,0.8,117.4,47.4,28.6,2.0
22200091,2022-10-30,DET,GSW,1,0.0,109.0,45.0,21.0,2.0,0.4,118.8,42.2,29.4,1.0
22200094,2022-10-30,PHX,HOU,1,0.8,117.6,45.0,29.8,2.0,0.2,110.6,45.4,19.4,2.0
22200089,2022-10-30,BOS,WAS,1,0.6,117.6,39.0,23.8,2.0,0.6,112.0,42.4,24.6,2.0
22200098,2022-10-31,BKN,IND,1,0.2,114.6,39.0,25.0,2.0,0.6,118.2,47.6,29.4,2.0
22200097,2022-10-31,WAS,PHI,0,0.4,108.0,42.0,24.8,1.0,0.6,112.0,39.0,26.6,2.0
22200096,2022-10-31,CHA,SAC,0,0.4,116.4,46.6,28.4,2.0,0.2,114.2,42.8,27.4,2.0
22200099,2022-10-31,TOR,ATL,1,0.4,104.2,42.8,24.6,3.0,0.6,117.2,44.8,24.2,2.0
22200102,2022-10-31,LAC,HOU,1,0.2,100.2,42.6,21.2,1.0,0.2,108.0,46.2,19.4,1.0
22200101,2022-10-31,UTA,MEM,1,0.6,112.8,43.6,26.8,2.0,0.6,121.4,40.0,23.6,2.0
22200100,2022-10-31,MIL,DET,1,1.0,113.4,51.6,24.2,2.0,0.2,113.4,44.6,20.6,1.0
22200106,2022-11-01,PHX,MIN,1,0.8,121.0,44.2,30.6,2.0,0.6,113.0,45.6,26.6,2.0
22200105,2022-11-01,OKC,ORL,1,0.6,113.2,46.4,24.8,3.0,0.2,106.4,45.4,20.4,2.0
22200103,2022-11-01,BKN,CHI,0,0.2,116.0,38.0,25.0,1.0,0.4,114.6,44.2,24.8,3.0
22200104,2022-11-01,MIA,GSW,1,0.4,108.8,40.2,24.8,3.0,0.4,117.0,43.6,27.2,2.0
22200109,2022-11-02,MIA,SAC,1,0.4,109.6,39.2,25.6,1.0,0.4,115.6,43.0,27.2,2.0
22200110,2022-11-02,NYK,ATL,0,0.6,119.0,49.0,24.8,3.0,0.4,117.4,43.0,24.6,2.0
22200107,2022-11-02,CLE,BOS,1,1.0,120.2,44.8,25.4,3.0,0.6,114.8,41.2,24.8,3.0
22200117,2022-11-02,LAL,NOP,1,0.2,104.6,46.2,23.6,3.0,0.6,116.2,41.4,27.0,3.0
22200112,2022-11-02,HOU,LAC,0,0.2,105.6,45.6,18.8,2.0,0.2,97.0,43.8,21.0,2.0
22200114,2022-11-02,SAS,TOR,0,0.8,117.4,45.6,32.4,3.0,0.6,111.0,43.4,24.6,2.0
22200115,2022-11-02,DAL,UTA,1,0.6,120.4,42.4,19.6,3.0,0.6,112.6,44.4,26.2,2.0
22200116,2022-11-02,POR,MEM,0,0.8,115.4,45.6,21.2,5.0,0.4,116.6,40.4,21.2,2.0
22200108,2022-11-02,PHI,WAS,0,0.8,114.6,38.4,26.6,2.0,0.2,109.8,42.4,24.0,2.0
22200113,2022-11-02,MIL,DET,1,1.0,117.4,52.0,23.4,2.0,0.2,112.0,42.6,19.2,2.0
22200111,2022-11-02,CHI,CHA,1,0.6,117.0,46.0,25.0,1.0,0.4,115.6,46.8,28.6,2.0
22200119,2022-11-03,OKC,DEN,0,0.8,113.0,44.2,24.6,2.0,0.6,113.8,48.8,27.4,4.0
22200118,2022-11-03,ORL,GSW,1,0.2,104.0,45.6,20.2,2.0,0.2,112.8,44.4,28.6,2.0
22200121,2022-11-04,IND,MIA,1,0.4,115.2,43.4,28.4,4.0,0.6,113.6,39.2,27.2,2.0
22200129,2022-11-04,MIN,MIL,0,0.4,111.2,43.2,26.6,3.0,1.0,115.6,53.0,22.4,2.0
22200123,2022-11-04,WAS,BKN,0,0.4,112.6,44.0,24.4,2.0,0.2,111.0,38.6,25.0,3.0
22200122,2022-11-04,PHI,NYK,0,0.6,112.8,37.0,26.6,2.0,0.4,112.8,49.4,23.6,2.0
22200130,2022-11-04,PHX,POR,0,1.0,122.0,42.8,30.6,3.0,0.6,114.0,45.2,23.8,2.0
22200120,2022-11-04,DET,CLE,0,0.2,110.4,41.4,20.4,2.0,1.0,117.4,45.4,23.8,2.0
22200124,2022-11-04,BOS,CHI,1,0.4,115.2,43.0,26.6,2.0,0.6,114.2,44.2,24.8,2.0
22200128,2022-11-04,NOP,GSW,1,0.4,114.8,41.0,29.4,2.0,0.2,117.6,43.4,29.2,1.0
22200126,2022-11-04,SAS,LAC,0,0.6,114.6,46.2,32.8,2.0,0.4,99.8,43.8,21.8,2.0
22200127,2022-11-04,DAL,TOR,1,0.6,113.6,39.4,19.0,2.0,0.8,117.8,46.0,26.0,2.0
22200131,2022-11-04,LAL,UTA,0,0.4,109.2,49.8,25.0,2.0,0.6,111.0,42.6,27.2,2.0
22200125,2022-11-04,MEM,CHA,1,0.6,119.6,43.8,22.8,2.0,0.2,108.0,45.8,27.4,2.0
22200133,2022-11-05,CHA,BKN,0,0.2,101.6,45.6,25.6,1.0,0.4,116.8,40.8,26.8,1.0
22200139,2022-11-05,PHX,POR,1,0.8,120.8,40.8,30.0,1.0,0.6,114.4,43.2,26.0,1.0
22200132,2022-11-05,ORL,SAC,0,0.4,109.6,46.6,21.4,2.0,0.4,115.2,43.0,28.2,3.0
22200138,2022-11-05,DEN,SAS,1,0.6,113.8,49.0,27.2,2.0,0.4,112.8,43.2,30.0,1.0
22200135,2022-11-05,NYK,BOS,0,0.4,111.0,49.4,23.6,1.0,0.4,114.6,43.4,26.6,1.0
22200134,2022-11-05,ATL,NOP,1,0.6,118.0,44.2,25.6,3.0,0.6,113.4,39.4,28.2,1.0
22200137,2022-11-05,MIN,HOU,1,0.4,110.4,42.6,26.2,1.0,0.0,103.0,46.2,18.8,3.0
22200136,2022-11-05,MIL,OKC,1,1.0,116.6,52.4,24.0,1.0,0.8,113.8,43.8,23.6,2.0
22200140,2022-11-06,LAL,CLE,0,0.4,111.6,49.8,24.2,2.0,1.0,116.4,45.2,26.0,2.0
22200141,2022-11-06,TOR,CHI,1,0.6,120.2,44.4,25.6,2.0,0.4,113.2,42.8,22.2,2.0
22200143,2022-11-06,LAC,UTA,0,0.6,103.6,43.2,22.8,2.0,0.6,115.2,41.6,27.8,2.0
22200142,2022-11-06,MEM,WAS,1,0.6,118.8,48.2,25.4,2.0,0.2,105.8,42.4,22.8,2.0
22200157,2022-11-07,UTA,LAL,1,0.8,117.0,42.4,26.6,1.0,0.4,111.8,49.0,24.0,1.0
22200149,2022-11-07,ATL,MIL,1,0.6,119.2,45.0,26.8,2.0,1.0,114.4,51.4,24.0,2.0
22200155,2022-11-07,DAL,BKN,1,0.8,113.6,38.2,20.0,3.0,0.6,111.4,40.0,27.4,2.0
22200153,2022-11-07,MIN,NYK,0,0.4,109.4,43.8,26.4,2.0,0.2,107.8,49.0,22.8,2.0
22200148,2022-11-07,PHI,PHX,1,0.6,111.8,39.0,26.2,3.0,0.8,114.4,40.0,28.2,2.0
22200150,2022-11-07,MIA,POR,0,0.4,109.6,38.4,23.8,3.0,0.4,103.8,42.2,25.8,2.0
22200156,2022-11-07,GSW,SAC,1,0.0,114.0,39.2,27.8,3.0,0.6,115.4,40.0,26.8,2.0
22200152,2022-11-07,MEM,BOS,0,0.6,114.4,49.6,24.0,1.0,0.6,120.8,41.2,27.4,2.0
22200158,2022-11-07,LAC,CLE,1,0.6,102.0,40.8,23.0,1.0,1.0,118.6,46.2,24.8,1.0
22200147,2022-11-07,IND,NOP,1,0.6,114.2,42.4,28.6,3.0,0.4,115.0,46.0,27.8,2.0
22200154,2022-11-07,SAS,DEN,0,0.4,108.6,40.6,28.8,2.0,0.8,117.0,50.8,29.0,2.0
22200145,2022-11-07,ORL,HOU,0,0.4,115.8,47.6,23.0,2.0,0.0,106.2,43.0,20.4,2.0
22200146,2022-11-07,DET,OKC,1,0.2,105.4,40.2,19.0,3.0,0.6,111.0,39.4,24.2,2.0
22200151,2022-11-07,CHI,TOR,1,0.4,109.2,43.6,23.6,1.0,0.6,119.0,47.0,24.8,1.0
22200144,2022-11-07,CHA,WAS,0,0.2,101.8,46.2,25.8,2.0,0.2,101.8,44.6,22.8,1.0
22200170,2022-11-09,LAC,LAL,1,0.8,107.6,39.2,22.0,2.0,0.4,114.6,44.6,23.0,2.0
22200168,2022-11-09,OKC,MIL,0,0.4,108.0,41.4,23.4,2.0,0.8,109.4,49.8,23.4,2.0
22200164,2022-11-09,BKN,NYK,1,0.6,107.0,40.0,26.0,2.0,0.4,110.2,46.8,24.2,2.0
22200167,2022-11-09,MIN,PHX,0,0.2,108.6,41.8,26.6,2.0,0.6,107.2,38.0,25.4,2.0
22200159,2022-11-09,CHA,POR,0,0.0,97.8,44.2,24.8,2.0,0.6,106.2,42.0,27.2,2.0
22200171,2022-11-09,SAC,CLE,1,0.6,116.0,40.6,26.0,2.0,0.8,115.6,47.4,27.0,2.0
22200166,2022-11-09,CHI,NOP,0,0.6,109.6,45.4,25.2,2.0,0.4,117.2,48.0,29.2,2.0
22200161,2022-11-09,ORL,DAL,1,0.2,118.6,45.4,22.8,2.0,0.8,107.0,39.0,18.6,2.0
22200160,2022-11-09,IND,DEN,0,0.8,118.2,43.8,29.0,2.0,0.8,118.0,48.0,28.8,2.0
22200165,2022-11-09,TOR,HOU,1,0.6,120.4,44.2,25.6,2.0,0.2,110.8,43.2,22.0,2.0
22200162,2022-11-09,ATL,UTA,0,0.6,115.4,45.6,25.2,2.0,0.8,120.0,43.8,26.6,2.0
22200169,2022-11-09,SAS,MEM,0,0.2,104.6,39.8,27.6,2.0,0.6,111.0,50.6,24.6,2.0
22200163,2022-11-09,BOS,DET,1,0.8,118.0,43.4,27.0,2.0,0.4,105.4,43.4,19.4,2.0
22200173,2022-11-10,ATL,PHI,1,0.6,116.2,48.0,26.2,1.0,0.6,109.4,40.4,25.6,3.0
22200175,2022-11-10,NOP,POR,0,0.4,117.8,48.0,26.8,1.0,0.6,102.2,42.0,26.8,1.0
22200172,2022-11-10,WAS,DAL,1,0.4,104.6,43.8,22.6,3.0,0.8,102.2,35.0,18.6,1.0
22200174,2022-11-10,MIA,CHA,1,0.4,109.0,38.6,24.4,3.0,0.0,95.2,45.0,22.8,1.0
22200180,2022-11-11,SAS,MIL,1,0.0,107.6,37.2,28.2,2.0,0.8,114.6,50.8,24.8,2.0
22200181,2022-11-11,MEM,MIN,1,0.8,114.8,50.8,26.6,2.0,0.2,112.4,40.4,27.6,2.0
22200177,2022-11-11,ORL,PHX,1,0.4,116.4,45.8,22.8,2.0,0.6,108.2,38.0,25.8,2.0
22200183,2022-11-11,LAL,SAC,0,0.2,110.6,43.0,23.4,2.0,0.6,117.6,36.8,26.6,2.0
22200182,2022-11-11,GSW,CLE,1,0.2,114.6,39.0,27.2,4.0,0.6,115.4,47.2,25.2,2.0
22200176,2022-11-11,BOS,DEN,1,0.8,121.2,42.6,27.4,2.0,0.8,119.0,45.8,30.6,2.0
22200179,2022-11-11,OKC,TOR,1,0.2,111.0,43.0,23.2,2.0,0.6,115.8,45.4,24.4,2.0
22200178,2022-11-11,NYK,DET,1,0.4,105.6,47.0,23.2,2.0,0.2,102.2,43.6,17.6,2.0
22200184,2022-11-12,LAC,BKN,0,0.8,111.4,38.2,22.2,3.0,0.6,106.2,43.2,26.8,3.0
22200190,2022-11-12,DAL,POR,1,0.6,100.4,35.8,19.4,2.0,0.8,102.2,42.0,26.4,2.0
22200188,2022-11-12,PHI,ATL,1,0.4,105.6,41.2,23.0,2.0,0.8,115.2,51.4,24.4,2.0
22200186,2022-11-12,DET,BOS,0,0.2,103.0,43.6,18.2,1.0,1.0,124.8,41.4,28.2,1.0
22200191,2022-11-12,NOP,HOU,1,0.4,113.4,46.8,23.6,2.0,0.2,110.8,43.2,24.2,3.0
22200187,2022-11-12,IND,TOR,1,0.6,116.6,44.4,28.6,3.0,0.4,109.8,43.2,22.2,1.0
22200185,2022-11-12,WAS,UTA,1,0.6,105.0,46.0,23.2,2.0,0.8,120.8,43.6,26.8,3.0
22200189,2022-11-12,MIA,CHA,1,0.6,109.8,39.4,25.0,2.0,0.0,100.0,45.6,23.0,2.0
22200193,2022-11-13,CLE,MIN,0,0.4,112.8,46.2,25.4,2.0,0.2,111.6,38.6,28.6,2.0
22200198,2022-11-13,LAL,BKN,1,0.0,109.4,40.0,21.8,2.0,0.8,108.4,43.8,26.8,1.0
22200196,2022-11-13,CHI,DEN,0,0.4,110.2,43.6,25.8,4.0,0.8,119.4,43.8,31.0,2.0
22200197,2022-11-13,SAC,GSW,1,0.6,118.6,36.4,26.8,2.0,0.4,113.0,39.4,28.4,2.0
22200192,2022-11-13,NYK,OKC,0,0.6,110.0,46.0,23.2,2.0,0.2,114.2,44.6,23.8,2.0
22200195,2022-11-13,PHI,UTA,1,0.4,106.2,40.0,22.6,1.0,0.8,123.2,44.0,27.8,1.0
22200194,2022-11-13,WAS,MEM,1,0.6,105.0,46.6,23.2,1.0,0.8,115.4,50.8,26.0,2.0
22200202,2022-11-14,MIA,PHX,1,0.6,113.0,40.8,25.0,2.0,0.4,104.4,38.8,24.0,3.0
22200205,2022-11-14,GSW,SAS,1,0.4,114.2,39.8,27.6,1.0,0.2,109.8,38.0,26.8,3.0
22200204,2022-11-14,MIL,ATL,0,0.6,110.0,50.0,24.4,3.0,0.6,114.6,49.8,22.8,2.0
22200203,2022-11-14,HOU,LAC,0,0.2,113.4,43.0,25.6,2.0,0.6,108.6,38.8,22.6,2.0
22200201,2022-11-14,BOS,OKC,1,1.0,123.6,42.0,28.8,2.0,0.4,121.2,44.2,26.2,1.0
22200199,2022-11-14,DET,TOR,0,0.2,106.4,46.6,19.2,2.0,0.4,108.6,43.0,21.0,2.0
22200200,2022-11-14,ORL,CHA,0,0.6,117.6,46.0,23.4,3.0,0.0,103.2,44.8,23.6,2.0
22200210,2022-11-15,SAC,BKN,1,0.8,121.6,37.6,27.2,2.0,0.6,103.4,42.4,24.8,2.0
22200208,2022-11-15,UTA,NYK,0,0.6,116.8,44.4,26.2,2.0,0.4,115.8,43.0,23.4,2.0
22200209,2022-11-15,POR,SAS,1,0.6,103.0,42.4,24.4,3.0,0.2,107.6,41.6,25.8,1.0
22200207,2022-11-15,DAL,LAC,1,0.6,103.2,36.4,20.6,3.0,0.6,110.4,38.8,22.4,1.0
22200206,2022-11-15,NOP,MEM,1,0.4,114.4,46.6,24.4,3.0,0.6,107.8,49.0,23.4,2.0
22200215,2022-11-16,TOR,MIA,1,0.4,109.0,41.0,20.8,2.0,0.6,113.6,40.0,24.2,2.0
22200212,2022-11-16,ORL,MIN,0,0.4,112.6,46.4,24.0,2.0,0.4,117.0,38.6,30.2,3.0
22200219,2022-11-16,DEN,NYK,0,0.8,120.2,41.6,31.2,3.0,0.6,115.8,42.8,24.2,1.0
22200211,2022-11-16,CHA,IND,0,0.2,106.8,42.2,23.6,2.0,0.6,115.2,44.0,29.0,4.0
22200214,2022-11-16,ATL,BOS,0,0.6,114.0,48.8,21.8,2.0,1.0,122.2,44.4,27.8,2.0
22200216,2022-11-16,MIL,CLE,1,0.4,108.2,49.0,22.8,2.0,0.2,115.2,44.8,23.8,3.0
22200217,2022-11-16,NOP,CHI,1,0.6,112.8,43.4,26.0,1.0,0.2,109.6,40.6,25.0,3.0
22200220,2022-11-16,PHX,GSW,1,0.4,105.6,40.0,23.2,2.0,0.6,114.8,40.8,28.4,2.0
22200218,2022-11-16,DAL,HOU,0,0.6,101.6,37.0,20.0,1.0,0.2,114.4,41.0,26.2,2.0
22200213,2022-11-16,WAS,OKC,0,0.8,108.2,48.2,24.8,3.0,0.4,126.8,46.8,26.0,2.0
22200221,2022-11-17,POR,BKN,0,0.8,110.0,42.2,24.4,2.0,0.4,108.0,40.0,25.2,2.0
22200222,2022-11-17,SAC,SAS,1,0.8,127.0,39.0,30.2,2.0,0.2,109.4,43.6,27.0,2.0
22200223,2022-11-17,LAC,DET,1,0.6,110.2,40.4,22.6,2.0,0.2,111.0,47.6,20.6,3.0
22200224,2022-11-18,WAS,MIA,1,0.8,112.8,46.6,26.2,2.0,0.6,114.6,36.2,24.6,2.0
22200226,2022-11-18,PHI,MIL,1,0.6,105.0,41.4,21.8,5.0,0.4,109.2,48.4,23.4,2.0
22200233,2022-11-18,GSW,NYK,1,0.6,117.6,43.0,29.8,2.0,0.6,113.0,42.2,23.8,2.0
22200227,2022-11-18,CHI,ORL,0,0.2,107.8,40.6,25.8,2.0,0.4,109.6,46.2,22.8,2.0
22200228,2022-11-18,HOU,IND,0,0.4,111.2,45.6,25.0,2.0,0.8,118.4,43.2,29.8,2.0
22200232,2022-11-18,UTA,PHX,1,0.4,117.0,45.8,28.4,3.0,0.4,111.2,40.6,25.4,2.0
22200231,2022-11-18,NOP,BOS,0,0.8,113.2,44.0,25.6,2.0,1.0,125.6,45.2,28.4,2.0
22200230,2022-11-18,DAL,DEN,1,0.4,100.8,36.4,20.6,2.0,0.6,115.6,40.6,27.4,2.0
22200229,2022-11-18,MEM,OKC,1,0.4,107.6,49.2,22.6,3.0,0.6,130.4,45.0,26.2,2.0
22200234,2022-11-18,LAL,DET,1,0.2,109.4,41.0,22.4,5.0,0.0,106.8,44.6,19.6,1.0
22200225,2022-11-18,CLE,CHA,1,0.0,112.0,42.0,24.4,2.0,0.2,109.4,42.0,24.0,2.0
22200237,2022-11-19,PHI,MIN,0,0.8,106.2,40.8,22.0,1.0,0.4,116.4,39.4,28.2,3.0
22200236,2022-11-19,IND,ORL,1,0.8,118.0,43.8,29.2,1.0,0.6,105.8,47.0,22.4,1.0
22200239,2022-11-19,LAC,SAS,1,0.6,105.6,44.4,22.2,2.0,0.2,110.0,42.4,26.6,2.0
22200235,2022-11-19,ATL,TOR,1,0.4,110.8,48.2,21.4,3.0,0.6,112.0,43.2,20.6,3.0
22200238,2022-11-19,POR,UTA,0,0.6,109.4,42.6,23.4,2.0,0.4,116.0,44.8,28.8,1.0
22200244,2022-11-20,CLE,MIA,1,0.2,115.0,42.4,23.6,2.0,0.6,114.4,40.4,23.6,2.0
22200240,2022-11-20,PHX,NYK,1,0.4,120.2,41.6,27.4,2.0,0.6,116.2,42.0,22.8,2.0
22200247,2022-11-20,LAL,SAS,1,0.4,115.0,41.2,23.4,2.0,0.2,105.0,43.2,25.0,1.0
22200246,2022-11-20,DAL,DEN,0,0.6,108.8,39.4,23.0,2.0,0.4,112.4,39.8,25.6,2.0
22200245,2022-11-20,HOU,GSW,0,0.2,102.6,47.4,21.8,2.0,0.6,116.6,43.6,30.6,2.0
22200243,2022-11-20,BKN,MEM,1,0.6,111.0,42.6,27.2,3.0,0.6,110.6,51.6,22.4,2.0
22200242,2022-11-20,SAC,DET,1,1.0,130.4,37.8,31.0,3.0,0.0,108.6,42.4,22.0,2.0
22200241,2022-11-20,WAS,CHA,1,0.8,112.6,48.0,28.6,2.0,0.2,114.8,44.2,24.6,2.0
22200252,2022-11-21,MIN,MIA,1,0.6,117.4,40.2,28.2,2.0,0.4,108.4,38.8,22.8,1.0
22200254,2022-11-21,OKC,NYK,0,0.6,126.0,42.6,28.2,3.0,0.4,111.0,40.4,22.2,1.0
22200249,2022-11-21,IND,ORL,1,0.8,115.0,43.2,28.0,2.0,0.4,109.6,45.4,21.6,2.0
22200251,2022-11-21,MIL,POR,1,0.4,110.0,48.6,23.6,3.0,0.4,111.0,42.2,23.2,2.0
22200248,2022-11-21,CLE,ATL,1,0.4,113.6,43.8,25.0,1.0,0.6,111.8,47.4,21.2,2.0
22200250,2022-11-21,CHI,BOS,1,0.2,108.4,40.6,25.8,3.0,1.0,123.4,45.8,27.8,3.0
22200253,2022-11-21,NOP,GSW,1,0.6,112.0,41.4,26.4,3.0,0.6,120.8,42.8,32.4,1.0
22200255,2022-11-21,LAC,UTA,1,0.6,106.6,43.2,23.8,2.0,0.4,114.6,43.8,28.0,2.0
22200259,2022-11-22,PHX,LAL,1,0.4,117.6,46.4,28.2,2.0,0.6,116.4,45.4,26.2,2.0
22200256,2022-11-22,PHI,BKN,1,0.6,108.0,39.0,21.8,3.0,0.6,114.0,40.6,27.8,2.0
22200257,2022-11-22,MEM,SAC,0,0.4,108.8,49.8,23.2,2.0,1.0,132.4,41.2,30.8,2.0
22200258,2022-11-22,DEN,DET,0,0.4,107.6,39.2,24.6,2.0,0.0,112.0,40.8,21.6,2.0
22200262,2022-11-23,IND,MIN,0,1.0,115.8,44.0,28.8,2.0,0.8,115.0,40.6,29.0,2.0
22200266,2022-11-23,TOR,BKN,0,0.4,113.2,43.4,22.2,4.0,0.4,113.2,39.4,28.6,1.0
22200260,2022-11-23,CHA,PHI,1,0.2,112.8,44.4,23.8,3.0,0.8,112.0,39.8,22.6,1.0
22200261,2022-11-23,CLE,POR,1,0.6,116.2,42.0,24.8,2.0,0.2,112.0,41.0,22.0,2.0
22200263,2022-11-23,ATL,SAC,1,0.4,111.4,43.6,22.2,2.0,1.0,131.0,42.2,30.8,1.0
22200269,2022-11-23,SAS,NOP,0,0.0,101.2,42.0,25.8,3.0,0.8,118.6,42.4,28.6,2.0
22200267,2022-11-23,MIL,CHI,0,0.4,106.6,46.0,24.4,2.0,0.2,110.4,41.0,25.0,2.0
22200264,2022-11-23,BOS,DAL,1,0.8,118.6,44.2,27.4,2.0,0.6,107.2,38.4,24.0,3.0
22200268,2022-11-23,OKC,DEN,0,0.4,123.4,41.4,27.0,2.0,0.4,106.8,40.0,25.0,1.0
22200271,2022-11-23,GSW,LAC,1,0.6,114.4,41.0,30.4,2.0,0.8,111.8,42.2,24.6,2.0
22200265,2022-11-23,MIA,WAS,1,0.2,102.2,38.8,21.6,2.0,0.8,111.2,47.4,27.4,3.0
22200270,2022-11-23,UTA,DET,0,0.4,115.0,44.4,25.8,2.0,0.2,112.4,38.8,22.4,1.0
22200282,2022-11-25,SAS,LAL,0,0.0,104.2,38.8,28.4,2.0,0.6,117.2,45.8,24.8,3.0
22200272,2022-11-25,CHA,MIN,1,0.4,111.2,45.8,23.8,2.0,1.0,117.4,44.0,29.4,2.0
22200276,2022-11-25,IND,BKN,1,0.8,112.4,39.8,27.2,2.0,0.6,115.0,39.0,30.6,2.0
22200273,2022-11-25,ORL,PHI,0,0.2,107.2,43.0,21.0,4.0,0.6,108.0,42.6,21.8,2.0
22200274,2022-11-25,NYK,POR,0,0.6,109.8,43.0,21.4,4.0,0.2,108.8,38.6,23.6,2.0
22200275,2022-11-25,BOS,SAC,1,0.8,120.2,43.4,27.8,2.0,0.8,127.8,42.8,30.0,2.0
22200278,2022-11-25,HOU,ATL,1,0.2,104.8,46.6,20.8,5.0,0.6,112.6,44.4,22.8,2.0
22200280,2022-11-25,MIL,CLE,1,0.4,110.6,46.0,24.8,2.0,0.8,114.2,41.8,24.8,2.0
22200279,2022-11-25,MEM,NOP,1,0.2,107.8,50.4,23.4,3.0,0.8,120.6,43.6,29.6,2.0
22200281,2022-11-25,OKC,CHI,1,0.2,119.6,41.6,26.0,2.0,0.4,111.8,41.0,26.4,2.0
22200285,2022-11-25,LAC,DEN,0,0.6,108.8,42.0,24.0,2.0,0.4,107.8,43.8,24.6,2.0
22200284,2022-11-25,GSW,UTA,1,0.6,112.8,42.0,30.6,2.0,0.4,118.6,42.0,27.4,2.0
22200277,2022-11-25,MIA,WAS,1,0.2,102.2,41.0,21.0,2.0,0.6,108.0,46.8,27.4,2.0
22200283,2022-11-25,PHX,DET,1,0.6,121.2,48.6,28.4,3.0,0.4,115.2,38.6,22.6,2.0
22200288,2022-11-26,SAS,LAL,0,0.0,101.0,41.2,25.8,1.0,0.8,115.4,47.4,26.0,1.0
22200286,2022-11-26,TOR,DAL,1,0.4,110.2,46.0,21.4,3.0,0.4,106.2,37.4,22.8,3.0
22200287,2022-11-26,HOU,OKC,1,0.4,109.2,49.8,21.0,1.0,0.4,119.8,41.4,26.6,1.0
22200289,2022-11-26,PHX,UTA,1,0.8,120.4,48.2,29.0,1.0,0.4,120.0,40.6,27.2,1.0
22200293,2022-11-27,ATL,MIA,0,0.4,112.8,41.0,21.0,2.0,0.4,103.4,45.8,22.0,2.0
22200292,2022-11-27,LAC,IND,1,0.6,109.4,40.6,23.8,2.0,0.8,113.0,41.2,27.4,2.0
22200297,2022-11-27,ORL,PHI,0,0.2,106.0,40.4,20.4,2.0,0.6,108.4,44.2,22.6,2.0
22200290,2022-11-27,BKN,POR,1,0.6,114.2,40.8,31.0,2.0,0.2,111.8,40.4,24.0,2.0
22200295,2022-11-27,DET,CLE,0,0.4,117.4,39.8,23.8,2.0,0.8,115.0,43.2,22.8,2.0
22200298,2022-11-27,MIL,DAL,1,0.6,112.8,45.4,26.0,2.0,0.2,105.6,37.4,24.4,1.0
22200291,2022-11-27,MIN,GSW,0,0.8,113.2,43.6,28.2,2.0,0.8,114.8,43.8,31.2,2.0
22200296,2022-11-27,NYK,MEM,0,0.4,112.0,43.2,21.6,2.0,0.4,115.8,49.4,24.4,2.0
22200294,2022-11-27,BOS,WAS,1,0.8,119.4,41.8,28.2,2.0,0.4,109.0,46.4,27.6,2.0
22200300,2022-11-28,WAS,MIN,1,0.4,109.2,44.0,25.8,1.0,0.6,110.8,41.8,27.0,1.0
22200302,2022-11-28,BKN,ORL,1,0.6,114.6,39.0,30.0,1.0,0.2,105.0,36.2,20.4,1.0
22200308,2022-11-28,LAL,IND,0,0.8,120.8,46.2,26.0,2.0,0.6,113.2,40.0,27.0,1.0
22200307,2022-11-28,SAC,PHX,0,0.6,118.0,43.2,26.2,3.0,0.8,117.0,48.4,27.0,2.0
22200299,2022-11-28,PHI,ATL,1,0.6,113.0,44.6,23.4,1.0,0.4,112.2,40.4,21.6,1.0
22200303,2022-11-28,TOR,CLE,1,0.6,110.4,47.0,22.6,2.0,0.8,109.0,41.4,20.6,1.0
22200306,2022-11-28,UTA,CHI,0,0.2,115.6,41.4,24.8,2.0,0.4,115.0,43.2,26.6,3.0
22200305,2022-11-28,DEN,HOU,1,0.6,110.0,42.8,26.4,3.0,0.6,111.6,52.4,22.0,2.0
22200304,2022-11-28,NOP,OKC,1,0.6,120.2,43.2,28.6,3.0,0.2,116.6,42.2,25.6,2.0
22200301,2022-11-28,BOS,CHA,1,0.8,120.2,39.6,27.4,1.0,0.4,110.8,49.4,24.2,3.0
22200309,2022-11-29,DET,NYK,0,0.4,112.0,39.6,21.2,2.0,0.2,115.4,43.6,22.8,2.0
22200310,2022-11-29,DAL,GSW,1,0.2,110.2,36.2,24.8,2.0,0.8,120.0,43.0,32.0,2.0
22200311,2022-11-29,POR,LAC,0,0.2,109.8,41.0,25.0,2.0,0.6,113.0,42.8,27.0,2.0
22200314,2022-11-30,BOS,MIA,1,0.8,124.8,38.2,29.8,2.0,0.6,103.4,44.4,23.0,3.0
22200316,2022-11-30,NYK,MIL,0,0.4,123.2,44.8,25.8,1.0,0.6,115.0,43.0,26.4,3.0
22200323,2022-11-30,SAC,IND,1,0.4,115.4,43.2,27.0,2.0,0.6,113.6,41.4,27.4,2.0
22200312,2022-11-30,CLE,PHI,1,0.6,104.0,41.0,18.6,2.0,0.8,112.0,44.2,23.8,2.0
22200324,2022-11-30,LAL,POR,1,0.6,118.2,48.8,24.8,2.0,0.2,109.6,41.0,24.4,1.0
22200319,2022-11-30,OKC,SAS,1,0.2,114.8,43.0,22.0,2.0,0.0,106.2,44.2,26.6,4.0
22200313,2022-11-30,ORL,ATL,0,0.0,103.8,35.0,19.0,2.0,0.2,107.6,38.8,22.2,2.0
22200321,2022-11-30,PHX,CHI,1,1.0,114.8,49.0,26.4,2.0,0.6,115.8,45.8,25.8,2.0
22200320,2022-11-30,DEN,HOU,1,0.8,116.0,44.2,27.8,2.0,0.4,114.0,48.6,22.8,2.0
22200322,2022-11-30,UTA,LAC,1,0.0,113.4,42.0,26.2,2.0,0.6,112.8,45.4,25.8,1.0
22200318,2022-11-30,NOP,TOR,1,0.6,116.4,43.8,26.8,2.0,0.6,107.4,47.6,21.8,2.0
22200317,2022-11-30,MIN,MEM,1,0.4,113.8,42.2,25.4,2.0,0.6,120.8,49.2,27.6,3.0
22200315,2022-11-30,BKN,WAS,1,0.6,111.0,38.4,27.4,2.0,0.4,116.2,40.0,25.4,2.0
22200325,2022-12-01,DET,DAL,1,0.4,108.2,38.6,22.8,2.0,0.2,108.0,35.2,23.2,2.0
22200331,2022-12-02,MIL,LAL,0,0.8,116.4,45.0,26.6,2.0,0.6,119.2,47.6,24.6,2.0
22200328,2022-12-02,BOS,MIA,0,1.0,130.2,38.8,30.6,2.0,0.6,110.2,44.8,24.6,2.0
22200330,2022-12-02,CLE,ORL,1,0.6,103.8,41.6,19.4,2.0,0.0,102.8,33.4,21.0,2.0
22200335,2022-12-02,UTA,IND,1,0.2,115.6,42.2,26.6,2.0,0.4,111.8,41.2,26.6,2.0
22200332,2022-12-02,MEM,PHI,1,0.4,116.8,49.6,25.8,2.0,0.6,106.0,40.4,23.8,2.0
22200333,2022-12-02,SAS,NOP,0,0.0,109.0,44.4,27.6,2.0,0.8,119.8,46.8,27.6,2.0
22200336,2022-12-02,GSW,CHI,1,0.6,117.2,45.0,29.8,3.0,0.6,117.0,43.6,24.6,2.0
22200327,2022-12-02,ATL,DEN,1,0.4,112.2,41.6,22.4,2.0,0.8,120.4,43.8,29.4,2.0
22200334,2022-12-02,PHX,HOU,0,1.0,118.0,46.2,23.8,2.0,0.4,115.8,46.6,23.4,2.0
22200329,2022-12-02,BKN,TOR,1,0.8,112.4,38.4,25.6,2.0,0.4,106.6,45.2,23.0,2.0
22200326,2022-12-02,CHA,WAS,1,0.4,109.2,48.0,24.0,4.0,0.2,116.4,40.4,25.4,2.0
22200339,2022-12-03,CHA,MIL,0,0.6,108.2,46.4,24.2,1.0,0.6,118.4,45.0,26.2,1.0
22200340,2022-12-03,TOR,ORL,1,0.4,103.2,43.6,20.8,1.0,0.0,101.6,33.8,20.8,1.0
22200343,2022-12-03,UTA,POR,0,0.4,120.2,44.0,26.2,1.0,0.2,109.2,42.0,24.8,3.0
22200338,2022-12-03,LAC,SAC,0,0.4,111.0,45.0,23.8,3.0,0.4,115.4,46.6,26.8,3.0
22200337,2022-12-03,NYK,DAL,0,0.4,124.8,48.0,25.4,3.0,0.2,113.6,34.0,23.4,2.0
22200342,2022-12-03,GSW,HOU,1,0.8,124.4,48.2,32.8,1.0,0.6,116.2,45.8,22.4,1.0
22200341,2022-12-03,MIN,OKC,0,0.4,114.6,40.0,24.6,3.0,0.4,114.8,45.8,20.4,3.0
22200349,2022-12-04,WAS,LAL,0,0.2,118.6,43.0,24.6,2.0,0.8,124.8,47.4,27.2,2.0
22200351,2022-12-04,POR,IND,1,0.4,113.2,45.4,23.0,1.0,0.4,115.4,42.2,26.6,2.0
22200345,2022-12-04,SAS,PHX,0,0.0,110.4,45.4,27.6,2.0,0.8,119.2,43.8,25.2,2.0
22200346,2022-12-04,BKN,BOS,0,0.8,112.8,38.8,24.6,2.0,0.8,128.4,40.8,30.0,2.0
22200348,2022-12-04,NYK,CLE,1,0.2,119.0,47.4,24.8,1.0,0.6,102.4,40.4,19.4,2.0
22200350,2022-12-04,SAC,CHI,1,0.4,117.4,46.8,27.6,1.0,0.4,115.0,42.2,25.0,2.0
22200344,2022-12-04,NOP,DEN,1,0.8,117.6,47.4,26.6,2.0,0.8,120.6,42.0,30.0,2.0
22200347,2022-12-04,DET,MEM,0,0.4,112.4,41.0,23.2,3.0,0.6,117.2,52.2,24.6,2.0
22200357,2022-12-05,MEM,MIA,1,0.8,119.8,51.6,25.0,1.0,0.8,114.0,45.6,23.2,3.0
22200353,2022-12-05,ORL,MIL,0,0.0,103.4,32.6,21.4,2.0,0.8,116.8,44.8,26.2,2.0
22200359,2022-12-05,GSW,IND,0,0.8,123.6,46.2,32.4,2.0,0.2,109.8,42.8,25.4,1.0
22200356,2022-12-05,HOU,PHI,1,0.4,110.8,43.0,20.8,2.0,0.6,107.6,39.8,24.4,3.0
22200358,2022-12-05,DAL,PHX,1,0.4,115.4,37.0,24.8,2.0,0.8,124.2,44.2,27.8,1.0
22200355,2022-12-05,TOR,BOS,0,0.6,107.8,41.8,23.8,2.0,0.8,124.6,42.8,28.2,1.0
22200352,2022-12-05,CHA,LAC,0,0.6,107.0,45.0,23.4,2.0,0.4,108.8,46.4,22.4,2.0
22200354,2022-12-05,ATL,OKC,0,0.4,112.6,40.8,22.6,3.0,0.6,116.6,46.4,20.4,2.0
22200360,2022-12-06,CLE,LAL,1,0.6,98.2,40.0,20.4,2.0,0.8,129.8,47.8,28.4,2.0
22200362,2022-12-06,DEN,DAL,0,0.6,115.6,39.6,28.6,2.0,0.6,121.4,38.4,23.8,1.0
22200361,2022-12-06,MIA,DET,0,0.6,110.0,44.0,23.8,1.0,0.2,109.8,41.2,23.6,2.0
22200366,2022-12-07,TOR,LAL,1,0.4,108.8,41.4,23.6,2.0,0.6,121.6,48.6,26.6,1.0
22200370,2022-12-07,MIN,IND,1,0.2,117.2,38.8,23.4,4.0,0.4,112.2,44.4,26.0,2.0
22200369,2022-12-07,MIL,SAC,1,0.8,115.2,45.2,27.0,2.0,0.6,118.2,46.4,28.2,3.0
22200365,2022-12-07,NYK,ATL,1,0.4,111.6,49.4,22.8,3.0,0.4,111.0,46.0,24.6,2.0
22200373,2022-12-07,PHX,BOS,0,0.6,123.8,42.8,28.8,2.0,0.8,121.8,45.0,28.6,2.0
22200372,2022-12-07,UTA,GSW,1,0.4,118.8,44.4,24.6,4.0,0.6,118.6,45.8,31.0,2.0
22200363,2022-12-07,ORL,LAC,1,0.0,103.2,37.8,21.4,2.0,0.6,111.8,49.2,24.0,2.0
22200368,2022-12-07,MEM,OKC,1,0.8,113.6,50.6,24.4,2.0,0.6,116.2,46.2,20.6,2.0
22200367,2022-12-07,CHI,WAS,1,0.2,111.6,43.0,22.4,3.0,0.2,121.0,42.8,24.0,3.0
22200371,2022-12-07,NOP,DET,1,0.8,116.0,46.2,25.8,3.0,0.4,112.6,39.4,24.8,1.0
22200364,2022-12-07,BKN,CHA,1,0.8,107.8,40.2,22.6,3.0,0.4,109.0,46.0,24.2,2.0
22200376,2022-12-08,POR,DEN,0,0.4,110.0,44.8,24.6,4.0,0.4,115.8,39.4,29.2,2.0
22200375,2022-12-08,SAS,HOU,1,0.0,107.4,46.0,25.2,4.0,0.4,113.6,42.6,19.6,3.0
22200374,2022-12-08,MIA,LAC,1,0.4,107.2,42.6,23.2,2.0,0.4,111.2,47.4,22.6,1.0
22200382,2022-12-09,PHI,LAL,1,0.4,110.8,38.2,24.0,4.0,0.6,121.2,46.4,25.2,2.0
22200386,2022-12-09,DAL,MIL,0,0.8,121.6,39.0,24.6,3.0,0.8,115.6,47.2,28.2,2.0
22200385,2022-12-09,UTA,MIN,0,0.6,121.2,44.4,25.8,2.0,0.4,119.8,40.0,23.6,2.0
22200377,2022-12-09,CHA,NYK,0,0.2,110.2,43.0,24.4,2.0,0.6,109.6,52.0,22.0,2.0
22200384,2022-12-09,NOP,PHX,1,1.0,114.6,48.0,24.8,2.0,0.4,119.0,43.6,27.4,2.0
22200381,2022-12-09,CLE,SAC,0,0.6,101.0,40.6,22.6,3.0,0.6,120.0,45.4,28.0,2.0
22200380,2022-12-09,BKN,ATL,1,0.8,110.0,40.4,23.8,2.0,0.4,109.2,45.4,23.0,2.0
22200379,2022-12-09,ORL,TOR,1,0.2,106.0,41.4,21.8,2.0,0.4,114.0,43.2,24.0,2.0
22200378,2022-12-09,IND,WAS,1,0.2,112.0,40.8,24.6,2.0,0.2,119.0,44.6,23.8,2.0
22200383,2022-12-09,MEM,DET,1,0.8,112.8,50.6,24.4,2.0,0.4,113.4,40.6,25.4,2.0
22200394,2022-12-10,POR,MIN,1,0.4,114.6,44.0,25.2,2.0,0.6,120.6,42.6,25.2,1.0
22200388,2022-12-10,IND,BKN,0,0.4,113.4,39.4,23.6,1.0,0.8,112.2,39.6,25.8,1.0
22200387,2022-12-10,MIA,SAS,0,0.4,109.0,42.0,22.4,2.0,0.2,112.2,43.6,26.0,2.0
22200392,2022-12-10,GSW,BOS,1,0.4,115.8,44.8,29.0,3.0,0.8,118.8,47.8,26.4,3.0
22200391,2022-12-10,CHI,DAL,1,0.4,110.8,41.8,23.2,3.0,0.6,119.4,39.8,24.6,1.0
22200389,2022-12-10,WAS,LAC,0,0.0,112.8,45.4,22.6,1.0,0.2,109.6,46.4,22.2,2.0
22200390,2022-12-10,CLE,OKC,1,0.6,102.4,38.4,22.4,1.0,0.6,115.6,47.6,21.8,3.0
22200393,2022-12-10,DEN,UTA,1,0.4,114.2,40.4,28.6,2.0,0.6,121.4,43.4,24.2,1.0
22200396,2022-12-11,DET,LAL,0,0.4,112.0,44.0,24.4,2.0,0.4,120.0,44.2,25.4,2.0
22200401,2022-12-11,HOU,MIL,1,0.4,112.8,43.6,19.2,3.0,0.8,115.0,47.0,29.0,2.0
22200395,2022-12-11,NOP,PHX,1,1.0,119.2,47.0,26.0,2.0,0.2,116.0,41.8,29.0,2.0
22200397,2022-12-11,NYK,SAC,1,0.6,105.8,51.4,20.8,2.0,0.8,117.8,45.6,25.8,2.0
22200400,2022-12-11,ATL,CHI,1,0.4,112.2,44.6,22.0,2.0,0.4,116.8,40.6,25.6,1.0
22200398,2022-12-11,ORL,TOR,1,0.4,107.0,43.4,21.4,2.0,0.4,114.2,43.8,22.8,2.0
22200399,2022-12-11,PHI,CHA,1,0.4,110.8,38.0,23.6,2.0,0.2,109.6,44.6,22.0,2.0
22200402,2022-12-12,IND,MIA,0,0.4,116.2,38.4,24.6,2.0,0.4,107.0,42.0,22.6,2.0
22200407,2022-12-12,POR,MIN,1,0.6,117.0,44.4,24.4,2.0,0.6,118.8,39.2,25.6,2.0
22200403,2022-12-12,WAS,BKN,0,0.0,112.8,45.2,23.6,2.0,0.8,116.8,44.4,25.2,2.0
22200404,2022-12-12,MEM,ATL,1,1.0,115.4,48.4,27.0,3.0,0.4,111.8,43.8,22.6,1.0
22200408,2022-12-12,LAC,BOS,1,0.4,110.0,47.0,23.4,2.0,0.6,113.4,47.4,23.4,2.0
22200406,2022-12-12,SAS,CLE,1,0.4,107.6,43.4,24.2,2.0,0.6,101.8,40.0,21.8,2.0
22200405,2022-12-12,DAL,OKC,1,0.6,117.4,41.2,24.4,2.0,0.6,115.8,46.2,23.6,2.0
22200411,2022-12-13,HOU,PHX,1,0.6,112.2,45.6,20.2,2.0,0.2,116.6,42.8,29.8,2.0
22200409,2022-12-13,PHI,SAC,1,0.4,116.2,38.8,25.2,2.0,0.6,110.2,42.2,24.2,2.0
22200413,2022-12-13,LAL,BOS,0,0.4,118.2,43.8,25.2,2.0,0.6,108.8,45.0,23.6,1.0
22200412,2022-12-13,UTA,NOP,1,0.4,118.4,42.6,23.4,3.0,1.0,119.8,45.2,26.6,2.0
22200410,2022-12-13,MIL,GSW,1,0.8,107.6,49.0,26.8,2.0,0.6,117.8,45.4,28.8,3.0
22200419,2022-12-14,OKC,MIA,0,0.4,114.8,44.2,24.4,2.0,0.4,100.4,41.6,23.4,2.0
22200423,2022-12-14,LAC,MIN,1,0.6,113.4,46.2,24.0,2.0,0.4,119.4,40.8,25.4,2.0
22200418,2022-12-14,CHI,NYK,0,0.4,118.6,44.2,27.0,3.0,0.8,107.6,51.4,21.0,3.0
22200420,2022-12-14,SAS,POR,0,0.6,107.8,43.8,23.8,2.0,0.8,121.8,46.2,26.6,2.0
22200417,2022-12-14,TOR,SAC,0,0.4,113.0,40.8,23.2,3.0,0.4,106.2,42.6,22.2,1.0
22200416,2022-12-14,ORL,ATL,1,0.6,110.0,43.8,22.6,3.0,0.2,109.0,43.0,21.8,2.0
22200421,2022-12-14,DAL,CLE,0,0.6,117.4,41.2,23.8,2.0,0.4,102.6,42.2,21.6,2.0
22200415,2022-12-14,IND,GSW,1,0.4,112.6,38.6,23.4,2.0,0.4,116.2,42.8,27.4,1.0
22200422,2022-12-14,DEN,WAS,1,0.4,113.2,39.8,28.2,4.0,0.0,109.6,42.8,23.2,2.0
22200414,2022-12-14,CHA,DET,0,0.0,108.8,44.6,21.2,3.0,0.2,109.2,41.6,24.2,3.0
22200424,2022-12-15,HOU,MIA,0,0.6,110.0,50.8,19.6,2.0,0.6,103.8,40.4,23.8,1.0
22200425,2022-12-15,MEM,MIL,1,1.0,117.6,46.8,29.8,3.0,0.8,112.2,50.6,26.4,2.0
22200427,2022-12-15,LAC,PHX,0,0.6,109.4,47.2,22.2,1.0,0.0,109.4,42.6,26.6,2.0
22200426,2022-12-15,UTA,NOP,1,0.4,114.8,45.0,23.8,2.0,0.8,116.4,43.2,26.6,2.0
22200435,2022-12-16,OKC,MIN,0,0.2,109.4,44.6,24.4,2.0,0.4,111.4,40.6,23.4,2.0
22200433,2022-12-16,TOR,BKN,0,0.2,113.4,40.0,22.0,2.0,0.8,116.4,44.4,24.8,4.0
22200434,2022-12-16,CHI,NYK,0,0.4,120.4,41.6,26.4,2.0,1.0,113.2,52.0,22.4,2.0
22200430,2022-12-16,BOS,ORL,0,0.6,112.6,45.6,25.4,3.0,0.8,115.4,47.2,23.6,2.0
22200431,2022-12-16,CLE,IND,1,0.6,107.4,43.0,23.4,2.0,0.4,115.2,36.0,24.2,2.0
22200436,2022-12-16,DAL,POR,1,0.4,109.4,39.6,22.6,2.0,0.8,124.2,44.4,28.0,2.0
22200429,2022-12-16,DET,SAC,0,0.4,115.0,44.2,24.0,2.0,0.4,109.0,43.4,22.0,2.0
22200428,2022-12-16,CHA,ATL,0,0.0,116.4,46.2,22.4,2.0,0.2,111.0,40.0,23.0,2.0
22200437,2022-12-16,LAL,DEN,1,0.2,115.8,43.4,23.0,3.0,0.6,119.6,42.2,28.2,2.0
22200432,2022-12-16,PHI,GSW,1,0.6,123.8,41.2,28.2,3.0,0.2,116.0,45.0,26.0,2.0
22200439,2022-12-17,SAS,MIA,0,0.6,110.4,42.0,23.2,3.0,0.8,106.8,40.4,23.8,2.0
22200441,2022-12-17,HOU,POR,0,0.6,111.4,52.0,20.6,2.0,0.6,123.0,43.8,25.8,1.0
22200444,2022-12-17,PHX,NOP,1,0.2,109.4,45.0,26.4,2.0,0.6,118.0,45.8,25.6,2.0
22200440,2022-12-17,CLE,DAL,1,0.6,107.8,41.0,23.0,1.0,0.4,112.2,40.6,22.2,1.0
22200442,2022-12-17,MIL,UTA,1,0.6,110.6,49.4,24.6,2.0,0.6,119.0,45.0,24.6,2.0
22200443,2022-12-17,OKC,MEM,1,0.0,107.2,43.8,25.2,1.0,1.0,121.6,48.8,30.2,2.0
22200438,2022-12-17,LAC,WAS,1,0.6,106.2,47.0,21.2,2.0,0.0,111.4,38.8,26.4,3.0
22200447,2022-12-18,DET,BKN,0,0.2,114.4,45.4,23.0,2.0,1.0,121.8,42.8,25.8,2.0
22200446,2022-12-18,IND,NYK,0,0.4,114.6,36.4,26.6,2.0,1.0,117.6,51.2,22.8,2.0
22200445,2022-12-18,BOS,ORL,0,0.4,111.2,43.4,23.4,2.0,1.0,118.4,47.4,23.2,2.0
22200449,2022-12-18,MIN,CHI,1,0.4,109.6,39.0,23.0,2.0,0.4,118.4,41.6,28.2,2.0
22200448,2022-12-18,TOR,GSW,0,0.2,114.6,37.2,21.6,2.0,0.2,116.4,45.2,27.0,2.0
22200451,2022-12-18,LAL,WAS,1,0.4,120.6,43.8,25.6,2.0,0.0,107.8,39.6,26.0,1.0
22200450,2022-12-18,DEN,CHA,1,0.6,120.0,41.4,28.4,2.0,0.0,114.2,45.0,21.8,2.0
22200459,2022-12-19,PHX,LAL,1,0.4,113.4,42.2,27.2,2.0,0.6,121.8,43.2,28.2,1.0
22200457,2022-12-19,NOP,MIL,0,0.4,120.0,43.0,26.8,2.0,0.6,110.0,50.2,23.8,2.0
22200454,2022-12-19,ATL,ORL,1,0.4,118.2,40.4,24.8,3.0,1.0,114.2,46.0,23.2,1.0
22200458,2022-12-19,OKC,POR,1,0.2,109.8,44.8,26.0,2.0,0.8,120.4,43.4,23.8,2.0
22200455,2022-12-19,HOU,SAS,0,0.4,104.0,52.0,20.6,2.0,0.6,111.6,41.6,25.2,2.0
22200456,2022-12-19,MIN,DAL,1,0.4,116.0,38.0,24.6,1.0,0.4,111.0,41.0,21.8,2.0
22200453,2022-12-19,PHI,TOR,1,0.8,125.6,42.6,28.2,3.0,0.0,111.4,35.0,20.8,1.0
22200452,2022-12-19,CLE,UTA,1,0.8,108.8,44.0,23.6,2.0,0.4,113.6,42.8,24.2,2.0
22200460,2022-12-19,SAC,CHA,0,0.6,110.8,42.0,24.2,3.0,0.0,114.0,46.6,22.0,1.0
22200462,2022-12-20,MIA,CHI,0,0.8,106.0,39.8,24.0,3.0,0.2,120.6,39.4,28.6,2.0
22200463,2022-12-20,NYK,GSW,1,1.0,116.8,50.0,20.2,2.0,0.4,117.0,45.0,28.0,2.0
22200461,2022-12-20,DET,UTA,0,0.2,119.0,45.2,23.6,2.0,0.4,111.8,41.8,23.6,1.0
22200465,2022-12-20,DEN,MEM,1,0.8,120.8,45.2,29.0,2.0,0.8,123.2,51.2,28.6,3.0
22200464,2022-12-20,PHX,WAS,0,0.6,116.0,45.0,25.4,1.0,0.0,109.0,41.6,25.8,2.0
22200475,2022-12-21,SAC,LAL,1,0.4,113.4,42.8,24.6,2.0,0.6,118.2,43.4,25.0,2.0
22200466,2022-12-21,CLE,MIL,1,0.8,111.2,43.4,23.4,2.0,0.6,114.4,48.8,23.6,2.0
22200472,2022-12-21,HOU,ORL,0,0.4,103.2,51.8,20.6,2.0,0.8,116.6,46.4,24.2,2.0
22200469,2022-12-21,BOS,IND,0,0.2,104.6,43.6,22.0,3.0,0.2,111.6,37.2,26.0,3.0
22200474,2022-12-21,OKC,POR,1,0.4,114.0,44.6,25.0,2.0,0.6,119.8,43.4,25.0,2.0
22200468,2022-12-21,ATL,CHI,0,0.6,120.2,41.0,26.4,2.0,0.2,114.4,38.4,26.8,1.0
22200473,2022-12-21,MIN,DAL,0,0.6,115.6,41.2,24.0,2.0,0.4,109.2,42.0,21.6,2.0
22200470,2022-12-21,BKN,GSW,1,1.0,122.2,42.0,24.4,3.0,0.2,111.2,40.2,27.4,1.0
22200471,2022-12-21,NYK,TOR,0,1.0,119.0,49.8,20.6,1.0,0.0,109.8,38.4,21.0,2.0
22200467,2022-12-21,PHI,DET,1,1.0,121.8,43.0,28.0,2.0,0.2,120.6,44.4,23.4,1.0
22200476,2022-12-21,LAC,CHA,1,0.8,104.6,48.2,20.2,4.0,0.2,118.6,48.8,24.0,2.0
22200477,2022-12-22,NOP,SAS,1,0.2,118.2,43.0,27.4,3.0,0.6,112.8,43.2,26.2,3.0
22200478,2022-12-22,UTA,WAS,1,0.6,115.0,42.0,25.0,2.0,0.2,110.2,39.8,25.4,2.0
22200483,2022-12-23,BKN,MIL,1,1.0,126.8,40.8,26.8,2.0,0.6,117.2,47.6,24.0,2.0
22200482,2022-12-23,BOS,MIN,1,0.2,105.6,48.2,23.8,2.0,0.6,113.0,41.6,23.6,2.0
22200486,2022-12-23,MIA,IND,0,0.8,104.4,40.4,24.0,3.0,0.4,108.4,40.6,25.4,2.0
22200489,2022-12-23,DEN,POR,1,0.8,117.6,45.2,29.0,3.0,0.4,112.8,39.8,24.4,2.0
22200479,2022-12-23,ORL,SAS,1,0.8,117.6,47.0,23.0,2.0,0.4,113.2,42.8,26.0,1.0
22200488,2022-12-23,OKC,NOP,0,0.6,111.4,43.6,24.6,2.0,0.2,117.6,43.6,26.2,1.0
22200485,2022-12-23,NYK,CHI,0,0.8,117.8,46.4,21.8,2.0,0.4,112.0,37.2,25.2,2.0
22200487,2022-12-23,HOU,DAL,0,0.2,105.8,51.8,20.4,2.0,0.4,105.8,39.8,20.2,2.0
22200480,2022-12-23,PHI,LAC,1,1.0,117.8,44.4,27.4,2.0,0.8,107.0,49.4,21.6,2.0
22200484,2022-12-23,CLE,TOR,0,1.0,111.8,42.0,23.6,2.0,0.2,112.6,40.4,20.8,2.0
22200490,2022-12-23,PHX,MEM,0,0.6,113.2,45.4,23.8,3.0,0.6,116.8,49.6,27.2,3.0
22200491,2022-12-23,SAC,WAS,0,0.6,120.4,43.8,26.4,2.0,0.2,112.6,38.4,25.2,1.0
22200481,2022-12-23,ATL,DET,1,0.4,117.2,41.4,25.2,2.0,0.2,115.8,45.6,20.8,2.0
22200492,2022-12-23,LAL,CHA,0,0.4,117.4,42.8,23.8,2.0,0.2,117.0,47.8,24.8,2.0
22200494,2022-12-25,DAL,LAL,1,0.6,110.2,40.0,20.8,2.0,0.4,119.8,41.4,24.6,2.0
22200495,2022-12-25,BOS,MIL,1,0.4,111.2,51.6,24.0,2.0,0.4,111.6,45.6,23.0,2.0
22200493,2022-12-25,NYK,PHI,0,0.6,115.6,46.2,21.4,2.0,1.0,115.4,44.0,27.4,2.0
22200497,2022-12-25,DEN,PHX,1,0.8,118.6,45.0,29.6,2.0,0.6,113.8,43.6,24.0,2.0
22200496,2022-12-25,GSW,MEM,1,0.2,111.6,40.0,28.8,4.0,0.6,119.0,50.6,27.2,2.0
22200500,2022-12-26,MIA,MIN,1,0.6,108.6,38.4,24.0,3.0,0.6,117.2,42.0,25.6,3.0
22200498,2022-12-26,CLE,BKN,0,0.8,112.2,40.4,23.8,3.0,1.0,123.2,38.0,29.0,3.0
22200502,2022-12-26,NOP,IND,1,0.4,123.2,46.0,27.2,3.0,0.6,114.2,40.2,27.4,3.0
22200501,2022-12-26,CHI,HOU,0,0.6,111.6,39.2,25.0,3.0,0.0,104.8,47.4,22.4,3.0
22200499,2022-12-26,DET,LAC,0,0.0,108.6,43.8,19.2,3.0,0.6,107.2,46.8,23.0,3.0
22200503,2022-12-26,SAS,UTA,1,0.2,113.4,41.2,26.6,3.0,0.6,114.8,38.2,22.0,4.0
22200504,2022-12-26,POR,CHA,1,0.2,108.6,40.4,24.0,3.0,0.4,117.0,45.6,26.6,3.0
22200505,2022-12-27,ORL,LAL,0,0.8,117.2,46.6,23.4,4.0,0.2,117.6,39.4,22.4,2.0
22200512,2022-12-27,DAL,NYK,1,0.6,109.0,39.6,22.0,2.0,0.4,115.2,45.4,23.6,2.0
22200506,2022-12-27,WAS,PHI,1,0.4,112.0,41.6,23.2,4.0,1.0,114.6,42.0,25.0,2.0
22200510,2022-12-27,MEM,PHX,0,0.4,115.2,49.6,23.8,2.0,0.4,116.6,42.2,25.0,2.0
22200511,2022-12-27,OKC,SAS,1,0.6,114.8,44.2,24.8,4.0,0.4,116.2,41.4,27.4,1.0
22200508,2022-12-27,IND,ATL,1,0.4,107.8,40.6,26.0,1.0,0.6,122.6,43.2,27.2,4.0
22200514,2022-12-27,SAC,DEN,0,0.6,122.0,43.6,26.0,4.0,0.8,116.0,45.6,29.2,2.0
22200507,2022-12-27,BOS,HOU,1,0.4,114.6,48.4,24.4,2.0,0.2,109.8,46.2,23.6,1.0
22200509,2022-12-27,TOR,LAC,0,0.4,111.6,41.6,20.8,4.0,0.6,115.8,46.0,23.8,1.0
22200513,2022-12-27,GSW,CHA,1,0.4,112.4,41.0,29.6,2.0,0.4,118.4,46.0,26.4,1.0
22200518,2022-12-28,MIA,LAL,1,0.6,109.2,38.6,24.4,2.0,0.2,119.6,40.0,23.0,1.0
22200519,2022-12-28,CHI,MIL,1,0.6,117.0,38.4,25.2,2.0,0.4,115.0,45.6,23.0,3.0
22200520,2022-12-28,NOP,MIN,1,0.6,120.0,47.0,28.4,2.0,0.4,116.8,42.2,27.2,2.0
22200517,2022-12-28,ATL,BKN,0,0.6,120.6,43.8,26.4,1.0,1.0,125.8,37.4,29.4,2.0
22200515,2022-12-28,DET,ORL,1,0.0,112.2,43.6,21.2,2.0,0.6,115.8,43.4,24.6,1.0
22200516,2022-12-28,WAS,PHX,1,0.6,116.6,41.0,22.8,1.0,0.4,118.0,44.6,25.6,1.0
22200522,2022-12-28,SAC,DEN,1,0.4,118.4,41.4,24.2,1.0,1.0,117.0,45.8,31.0,1.0
22200521,2022-12-28,GSW,UTA,1,0.6,113.2,41.2,29.6,1.0,0.4,112.8,38.4,21.2,2.0
22200527,2022-12-29,SAS,NYK,1,0.4,118.8,42.0,25.6,2.0,0.2,117.6,46.6,26.4,2.0
22200524,2022-12-29,IND,CLE,1,0.6,111.2,43.8,24.8,2.0,0.6,112.0,40.2,23.4,3.0
22200528,2022-12-29,DAL,HOU,1,0.8,114.4,40.0,22.2,2.0,0.2,111.2,45.8,24.6,2.0
22200525,2022-12-29,BOS,LAC,1,0.6,118.0,50.6,27.4,2.0,0.8,121.6,45.0,25.0,2.0
22200523,2022-12-29,CHA,OKC,1,0.4,116.4,45.8,25.6,2.0,0.8,118.8,44.2,24.0,2.0
22200526,2022-12-29,TOR,MEM,0,0.4,111.0,43.0,22.2,2.0,0.2,108.4,46.4,21.4,2.0
22200530,2022-12-30,ATL,LAL,0,0.4,117.0,45.0,25.8,2.0,0.2,118.4,41.2,25.4,2.0
22200535,2022-12-30,DEN,MIA,1,0.8,118.4,41.6,30.6,2.0,0.6,109.4,38.0,24.2,2.0
22200533,2022-12-30,MIL,MIN,1,0.2,113.0,47.0,20.6,2.0,0.2,110.4,41.4,23.2,2.0
22200534,2022-12-30,NOP,PHI,1,0.8,121.0,48.4,27.4,2.0,0.8,113.2,40.0,24.6,3.0
22200531,2022-12-30,TOR,PHX,1,0.4,110.2,43.8,22.2,1.0,0.2,112.4,40.4,26.4,2.0
22200536,2022-12-30,GSW,POR,1,0.6,110.4,43.2,27.8,2.0,0.4,111.4,42.0,25.4,4.0
22200537,2022-12-30,SAC,UTA,1,0.4,119.4,41.6,24.6,2.0,0.4,114.8,42.6,21.6,2.0
22200529,2022-12-30,ORL,WAS,0,0.4,117.0,43.6,25.4,2.0,0.8,118.6,40.6,23.4,2.0
22200532,2022-12-30,CHI,DET,1,0.8,115.6,42.8,23.2,2.0,0.2,112.2,45.2,22.2,2.0
22200546,2022-12-31,UTA,MIA,0,0.4,120.0,43.0,23.8,1.0,0.4,111.0,37.2,23.4,1.0
22200539,2022-12-31,CHA,BKN,0,0.4,115.6,45.0,27.0,2.0,1.0,123.6,39.4,29.4,3.0
22200541,2022-12-31,HOU,NYK,0,0.2,113.0,47.2,24.2,2.0,0.0,114.2,44.8,25.0,2.0
22200545,2022-12-31,OKC,PHI,0,0.6,118.4,41.8,21.2,2.0,0.6,115.6,37.6,25.8,1.0
22200540,2022-12-31,CHI,CLE,0,0.8,119.4,42.6,22.6,1.0,0.4,117.2,38.8,24.6,2.0
22200543,2022-12-31,MEM,NOP,1,0.4,110.4,46.4,25.8,2.0,1.0,122.6,46.8,25.2,1.0
22200542,2022-12-31,SAS,DAL,0,0.4,118.4,42.4,24.6,2.0,1.0,119.0,40.4,23.6,2.0
22200538,2022-12-31,IND,LAC,1,0.8,117.0,41.4,26.4,2.0,0.6,123.2,43.4,26.4,2.0
22200544,2022-12-31,MIN,DET,0,0.0,110.0,39.8,23.0,1.0,0.2,113.6,43.6,23.4,1.0
22200547,2023-01-01,MEM,SAC,1,0.6,115.4,48.4,26.0,1.0,0.6,120.8,40.8,26.4,2.0
22200549,2023-01-01,DEN,BOS,1,0.8,122.2,39.2,31.8,2.0,0.8,122.8,49.6,27.4,3.0
22200548,2023-01-01,MIL,WAS,0,0.2,112.0,51.8,20.4,2.0,0.8,119.8,43.0,25.6,2.0
22200551,2023-01-02,CHA,LAL,0,0.4,115.8,46.0,27.6,2.0,0.4,120.4,44.4,27.2,3.0
22200560,2023-01-02,LAC,MIA,0,0.4,124.0,41.6,25.2,2.0,0.6,115.6,37.6,24.6,2.0
22200550,2023-01-02,NYK,PHX,1,0.2,114.6,46.4,24.0,2.0,0.2,111.2,40.0,26.4,3.0
22200555,2023-01-02,BKN,SAS,1,1.0,123.4,40.8,29.4,2.0,0.4,120.0,43.2,25.6,2.0
22200558,2023-01-02,GSW,ATL,1,0.8,115.2,46.6,29.0,3.0,0.2,116.0,45.0,24.4,3.0
22200554,2023-01-02,PHI,NOP,1,0.6,116.0,39.0,26.2,2.0,0.8,117.6,46.8,23.4,2.0
22200552,2023-01-02,CLE,CHI,1,0.4,113.4,39.8,23.8,2.0,0.6,117.8,41.2,21.4,2.0
22200556,2023-01-02,HOU,DAL,0,0.2,108.6,47.8,23.8,2.0,1.0,123.4,37.8,24.4,2.0
22200557,2023-01-02,MIN,DEN,1,0.0,111.0,39.8,21.8,2.0,0.8,122.8,38.6,31.8,1.0
22200553,2023-01-02,IND,TOR,1,0.8,119.8,39.2,26.6,2.0,0.6,112.6,40.0,21.4,3.0
22200559,2023-01-02,POR,DET,1,0.2,112.4,44.6,25.8,3.0,0.4,118.2,44.8,24.6,2.0
22200563,2023-01-03,UTA,SAC,0,0.2,119.4,44.2,23.0,3.0,0.4,115.6,41.0,25.4,2.0
22200562,2023-01-03,OKC,BOS,1,0.4,113.0,44.0,20.4,3.0,0.8,122.6,45.4,28.2,2.0
22200561,2023-01-03,MIL,WAS,1,0.2,109.8,51.4,20.8,2.0,1.0,121.0,46.4,27.4,2.0
22200574,2023-01-04,LAL,MIA,1,0.6,118.6,46.6,27.0,2.0,0.8,116.0,39.6,24.4,2.0
22200569,2023-01-04,TOR,MIL,0,0.4,112.8,39.6,23.2,2.0,0.4,114.4,52.2,22.8,1.0
22200570,2023-01-04,CHI,BKN,1,0.4,121.0,41.4,21.0,2.0,1.0,122.6,43.4,27.2,2.0
22200567,2023-01-04,PHI,IND,1,0.6,116.2,38.2,25.2,2.0,0.8,122.0,40.6,26.2,2.0
22200565,2023-01-04,CLE,PHX,1,0.4,119.6,41.8,24.8,2.0,0.2,107.8,40.2,26.2,2.0
22200571,2023-01-04,MIN,POR,1,0.2,114.0,39.0,22.6,2.0,0.4,115.2,44.4,26.4,2.0
22200568,2023-01-04,NYK,SAS,1,0.4,111.6,46.0,24.6,2.0,0.4,118.0,44.2,25.2,2.0
22200575,2023-01-04,SAC,ATL,0,0.6,116.8,39.6,26.2,1.0,0.2,122.6,46.2,26.0,2.0
22200572,2023-01-04,NOP,HOU,1,0.6,114.2,45.6,22.6,2.0,0.2,108.6,48.0,22.8,2.0
22200566,2023-01-04,ORL,OKC,1,0.4,112.0,41.6,24.4,5.0,0.4,122.8,45.4,22.8,1.0
22200564,2023-01-04,CHA,MEM,0,0.2,112.0,47.2,26.4,2.0,0.6,114.0,49.2,25.0,3.0
22200573,2023-01-04,GSW,DET,0,1.0,121.2,53.2,29.4,2.0,0.4,118.4,45.2,24.4,2.0
22200577,2023-01-05,DAL,BOS,0,1.0,123.2,39.2,24.2,3.0,0.6,121.8,42.4,28.4,2.0
22200579,2023-01-05,DEN,LAC,1,0.6,119.4,38.0,31.4,3.0,0.4,121.2,41.8,24.0,3.0
22200578,2023-01-05,HOU,UTA,0,0.0,103.6,47.6,22.2,1.0,0.0,118.4,45.0,24.0,2.0
22200576,2023-01-05,ORL,MEM,0,0.4,114.0,42.4,25.8,1.0,0.8,118.4,52.2,26.8,1.0
22200589,2023-01-06,PHX,MIA,0,0.2,100.4,40.8,24.6,2.0,0.6,115.2,40.2,23.8,2.0
22200586,2023-01-06,NOP,BKN,0,0.6,115.4,45.0,21.6,2.0,0.8,121.4,41.2,26.0,2.0
22200582,2023-01-06,TOR,NYK,0,0.2,109.4,40.0,22.6,2.0,0.6,112.6,46.2,21.8,2.0
22200580,2023-01-06,IND,POR,1,0.8,128.6,42.4,27.8,2.0,0.4,116.8,45.0,24.2,2.0
22200590,2023-01-06,LAL,ATL,1,0.8,118.0,48.0,27.4,2.0,0.2,120.6,45.4,24.2,2.0
22200588,2023-01-06,DEN,CLE,1,0.6,121.2,41.4,30.2,1.0,0.6,116.2,44.0,22.4,2.0
22200581,2023-01-06,PHI,CHI,0,0.6,118.2,41.0,25.6,2.0,0.6,121.6,43.6,19.8,2.0
22200587,2023-01-06,MIN,LAC,1,0.4,114.6,36.8,21.4,2.0,0.2,111.0,40.4,23.8,1.0
22200584,2023-01-06,OKC,WAS,1,0.4,120.8,42.6,22.0,2.0,0.8,118.6,47.6,26.8,3.0
22200585,2023-01-06,SAS,DET,1,0.2,115.6,43.6,24.8,2.0,0.6,116.6,44.4,23.8,2.0
22200583,2023-01-06,MIL,CHA,0,0.6,111.6,59.0,23.6,2.0,0.2,110.8,47.0,26.4,2.0
22200595,2023-01-07,SAC,LAL,0,0.6,119.0,40.2,27.4,3.0,0.8,118.2,49.0,27.6,1.0
22200594,2023-01-07,GSW,ORL,0,0.8,120.4,51.0,29.4,3.0,0.2,110.4,41.4,24.4,2.0
22200591,2023-01-07,SAS,BOS,0,0.4,117.0,44.2,26.2,1.0,0.6,118.8,45.8,28.4,2.0
22200593,2023-01-07,DAL,NOP,1,0.8,117.4,40.0,21.0,2.0,0.4,112.0,46.6,20.4,1.0
22200592,2023-01-07,CHI,UTA,1,0.6,123.0,42.2,22.2,1.0,0.2,120.2,44.4,26.6,2.0
22200601,2023-01-08,HOU,MIN,0,0.0,106.0,47.6,21.2,3.0,0.6,116.6,38.8,23.4,2.0
22200599,2023-01-08,MIA,BKN,0,0.6,113.6,40.2,23.6,2.0,0.8,118.0,42.2,25.8,2.0
22200596,2023-01-08,DET,PHI,0,0.4,114.2,42.0,23.4,2.0,0.6,118.4,40.8,27.0,2.0
22200597,2023-01-08,TOR,POR,1,0.2,108.4,41.4,22.2,2.0,0.4,115.2,46.8,25.4,2.0
22200604,2023-01-08,LAC,ATL,0,0.0,109.2,39.0,22.8,2.0,0.2,120.6,44.8,23.8,2.0
22200603,2023-01-08,PHX,CLE,0,0.0,94.6,40.2,23.8,2.0,0.6,114.4,45.4,24.2,2.0
22200602,2023-01-08,OKC,DAL,1,0.4,120.2,41.8,23.0,2.0,0.8,117.6,38.4,21.6,1.0
22200600,2023-01-08,MEM,UTA,1,1.0,121.4,54.0,28.0,3.0,0.2,122.4,42.2,28.6,1.0
22200598,2023-01-08,IND,CHA,1,0.8,124.4,40.8,26.6,2.0,0.4,117.4,47.4,28.4,2.0
22200609,2023-01-09,DEN,LAL,1,0.8,120.2,44.4,29.6,3.0,1.0,125.8,47.8,27.8,2.0
22200607,2023-01-09,NYK,MIL,0,0.8,110.8,45.4,20.2,3.0,0.6,110.8,55.8,24.4,3.0
22200610,2023-01-09,SAC,ORL,1,0.4,120.4,40.2,26.0,2.0,0.4,111.4,42.8,24.6,2.0
22200608,2023-01-09,MEM,SAS,1,1.0,122.2,51.2,26.2,1.0,0.2,115.8,44.8,26.2,2.0
22200605,2023-01-09,WAS,NOP,0,0.6,117.4,49.0,27.4,3.0,0.2,110.0,48.2,21.8,2.0
22200606,2023-01-09,BOS,CHI,1,0.6,117.8,44.6,28.0,2.0,0.6,121.8,43.4,22.4,2.0
22200616,2023-01-10,POR,ORL,0,0.2,111.4,45.2,23.6,2.0,0.4,113.4,41.6,24.6,1.0
22200615,2023-01-10,GSW,PHX,0,0.6,118.6,51.0,28.4,3.0,0.0,93.8,41.4,23.2,2.0
22200614,2023-01-10,UTA,CLE,1,0.2,121.0,44.0,28.4,2.0,0.8,111.6,44.4,24.2,2.0
22200617,2023-01-10,LAC,DAL,1,0.0,108.8,42.6,22.6,2.0,0.6,113.6,37.4,19.8,2.0
22200611,2023-01-10,MIA,OKC,1,0.6,110.0,41.2,23.8,2.0,0.6,121.6,43.2,25.4,2.0
22200612,2023-01-10,PHI,DET,1,0.8,119.8,43.8,26.2,2.0,0.4,112.8,43.6,22.8,2.0
22200613,2023-01-10,TOR,CHA,1,0.4,110.6,40.2,23.2,2.0,0.2,115.4,46.8,26.8,2.0
22200620,2023-01-11,ATL,MIL,0,0.4,121.6,44.0,23.8,3.0,0.6,108.4,51.8,24.8,2.0
22200618,2023-01-11,DET,MIN,1,0.2,112.8,38.4,23.2,1.0,0.8,114.6,40.4,24.4,3.0
22200622,2023-01-11,NYK,IND,1,0.8,109.2,47.4,19.4,2.0,0.8,120.6,42.6,26.4,3.0
22200624,2023-01-11,DEN,PHX,1,0.8,119.8,48.2,28.6,2.0,0.2,98.0,44.4,23.2,1.0
22200623,2023-01-11,MEM,SAS,1,1.0,123.2,50.8,26.2,2.0,0.2,113.4,43.6,26.2,2.0
22200621,2023-01-11,BOS,NOP,1,0.6,116.0,44.8,28.6,2.0,0.4,116.2,47.8,23.4,2.0
22200619,2023-01-11,WAS,CHI,1,0.4,114.4,47.2,27.2,2.0,0.6,121.2,43.8,23.4,2.0
22200625,2023-01-11,SAC,HOU,1,0.4,122.4,42.2,27.4,2.0,0.0,102.4,46.2,22.2,3.0
22200628,2023-01-12,MIA,MIL,1,0.6,107.2,42.0,21.0,2.0,0.8,112.2,54.4,26.0,1.0
22200627,2023-01-12,BKN,BOS,0,0.8,116.8,40.8,25.8,4.0,0.8,118.8,46.6,27.4,1.0
22200631,2023-01-12,POR,CLE,0,0.2,110.2,44.0,23.6,2.0,0.6,113.8,41.8,23.8,2.0
22200630,2023-01-12,LAL,DAL,0,0.8,121.6,45.6,25.0,3.0,0.4,108.6,38.6,18.6,2.0
22200626,2023-01-12,PHI,OKC,0,0.8,126.2,43.6,27.6,2.0,0.6,124.6,42.0,27.6,2.0
22200629,2023-01-12,TOR,CHA,1,0.4,114.4,43.8,25.6,2.0,0.2,118.2,44.6,27.8,2.0
22200634,2023-01-13,WAS,NYK,0,0.4,110.6,47.0,24.8,2.0,0.8,111.4,48.2,19.6,2.0
22200638,2023-01-13,UTA,ORL,1,0.4,119.6,45.0,28.0,3.0,0.6,115.2,41.6,23.6,3.0
22200637,2023-01-13,MIN,PHX,1,0.8,117.4,39.8,25.4,2.0,0.2,100.8,46.0,24.4,2.0
22200633,2023-01-13,IND,ATL,0,0.6,117.0,43.6,26.2,2.0,0.4,118.4,44.0,24.4,2.0
22200632,2023-01-13,DET,NOP,0,0.4,118.6,37.0,26.0,2.0,0.4,116.8,44.6,22.6,2.0
22200639,2023-01-13,LAC,DEN,0,0.2,105.4,44.0,22.0,3.0,0.8,120.4,48.8,28.4,2.0
22200635,2023-01-13,SAS,GSW,0,0.2,118.6,44.6,27.6,2.0,0.4,118.8,49.8,28.8,3.0
22200640,2023-01-13,SAC,HOU,1,0.6,127.8,41.8,28.2,2.0,0.0,107.8,45.4,24.2,2.0
22200636,2023-01-13,CHI,OKC,0,0.6,113.8,43.2,22.2,2.0,0.6,121.2,41.0,27.0,1.0
22200641,2023-01-14,MIA,MIL,1,0.6,106.8,44.6,21.0,2.0,0.6,108.0,52.4,24.6,2.0
22200646,2023-01-14,UTA,PHI,0,0.6,119.0,48.0,26.8,1.0,0.6,125.0,44.4,28.4,2.0
22200644,2023-01-14,TOR,ATL,0,0.6,116.4,43.0,26.4,2.0,0.6,112.8,43.4,23.6,1.0
22200642,2023-01-14,CHA,BOS,0,0.2,118.0,43.6,28.4,2.0,1.0,117.2,48.6,26.2,2.0
22200645,2023-01-14,MIN,CLE,1,0.8,116.8,39.0,24.4,1.0,0.6,108.6,41.2,24.0,2.0
22200647,2023-01-14,POR,DAL,1,0.0,105.8,42.4,21.2,2.0,0.4,110.2,41.2,19.8,2.0
22200643,2023-01-14,IND,MEM,0,0.4,114.8,43.8,26.2,1.0,1.0,126.6,50.8,25.0,3.0
22200648,2023-01-15,DET,NYK,0,0.2,116.2,37.2,24.2,2.0,0.8,113.4,50.0,17.4,2.0
22200653,2023-01-15,DEN,ORL,1,1.0,121.2,48.4,27.8,2.0,0.4,111.6,39.8,23.0,2.0
22200655,2023-01-15,LAL,PHI,0,0.6,120.4,46.2,24.6,3.0,0.6,122.8,42.6,28.2,1.0
22200652,2023-01-15,SAS,SAC,0,0.2,118.4,44.6,27.8,2.0,0.6,132.2,43.0,30.4,2.0
22200654,2023-01-15,POR,DAL,1,0.2,111.8,44.0,24.4,1.0,0.4,115.0,37.8,22.4,1.0
22200650,2023-01-15,CHI,GSW,1,0.4,111.6,42.4,24.0,2.0,0.4,124.0,51.6,29.6,2.0
22200649,2023-01-15,LAC,HOU,1,0.2,106.0,45.8,22.2,2.0,0.0,109.4,43.0,24.6,2.0
22200651,2023-01-15,BKN,OKC,0,0.6,111.8,38.6,25.8,3.0,0.8,123.0,43.6,26.8,2.0
22200661,2023-01-16,ATL,MIA,1,0.6,111.6,42.6,23.2,2.0,0.8,107.2,46.2,19.6,2.0
22200657,2023-01-16,MIL,IND,1,0.4,106.2,44.2,24.6,2.0,0.4,112.0,44.6,25.2,2.0
22200663,2023-01-16,MEM,PHX,1,1.0,126.4,48.0,25.8,2.0,0.2,106.4,44.8,25.2,3.0
22200656,2023-01-16,CHA,BOS,0,0.2,117.8,44.0,27.6,2.0,1.0,116.8,47.4,27.4,2.0
22200658,2023-01-16,CLE,NOP,1,0.4,111.0,40.0,25.8,2.0,0.4,116.2,44.0,23.4,3.0
22200660,2023-01-16,WAS,GSW,0,0.2,108.6,46.2,22.6,3.0,0.2,119.0,45.8,29.8,1.0
22200664,2023-01-16,LAL,HOU,1,0.4,120.4,45.4,26.2,1.0,0.0,107.8,42.2,24.0,1.0
22200659,2023-01-16,NYK,TOR,0,0.8,113.4,51.0,17.6,1.0,0.6,116.8,42.2,25.8,2.0
22200662,2023-01-16,MIN,UTA,0,0.8,116.2,38.6,23.8,2.0,0.4,116.2,49.2,24.2,2.0
22200666,2023-01-17,SAS,BKN,1,0.0,118.0,43.8,27.8,2.0,0.4,104.4,39.8,24.4,2.0
22200668,2023-01-17,LAC,PHI,0,0.4,112.0,46.4,21.6,2.0,0.8,123.0,42.6,28.4,2.0
22200667,2023-01-17,DEN,POR,1,1.0,120.6,45.2,28.6,2.0,0.4,120.0,41.8,24.0,2.0
22200665,2023-01-17,MIL,TOR,1,0.6,110.8,43.4,26.6,1.0,0.8,119.8,41.4,26.8,1.0
22200673,2023-01-18,NOP,MIA,0,0.4,116.4,39.4,25.4,2.0,0.6,109.0,47.0,21.8,2.0
22200676,2023-01-18,DEN,MIN,1,1.0,120.8,43.8,29.4,1.0,0.6,115.6,37.8,23.8,2.0
22200674,2023-01-18,OKC,IND,1,0.8,120.0,45.4,25.0,3.0,0.2,114.2,43.8,26.6,2.0
22200677,2023-01-18,LAL,SAC,0,0.4,122.4,43.0,24.2,2.0,0.8,135.2,42.2,30.0,3.0
22200670,2023-01-18,DAL,ATL,0,0.2,114.2,37.8,24.0,3.0,0.8,113.0,40.4,23.8,2.0
22200672,2023-01-18,MEM,CLE,1,1.0,129.0,48.4,26.8,2.0,0.6,112.0,40.6,24.2,2.0
22200675,2023-01-18,UTA,LAC,1,0.6,117.8,51.4,22.0,2.0,0.4,111.0,45.0,21.2,1.0
22200669,2023-01-18,NYK,WAS,0,0.6,115.2,51.6,17.2,2.0,0.2,109.6,44.2,23.4,2.0
22200671,2023-01-18,HOU,CHA,0,0.0,111.4,42.0,25.8,2.0,0.0,113.8,41.8,26.4,2.0
22200681,2023-01-19,PHX,BKN,1,0.2,108.4,43.4,27.4,3.0,0.4,101.6,42.8,24.0,2.0
22200682,2023-01-19,POR,PHI,0,0.4,121.6,40.4,24.4,2.0,0.8,122.4,40.4,28.6,2.0
22200678,2023-01-19,DET,CHI,0,0.2,115.2,37.4,24.2,4.0,0.4,112.8,41.0,23.2,4.0
22200679,2023-01-19,BOS,GSW,1,1.0,118.6,48.2,28.2,3.0,0.4,120.6,46.4,29.2,3.0
22200680,2023-01-19,MIN,TOR,1,0.4,118.4,36.2,24.4,1.0,0.6,120.8,43.2,25.6,2.0
22200686,2023-01-20,DAL,MIA,1,0.2,116.8,36.2,25.0,2.0,0.8,113.6,47.4,24.8,2.0
22200689,2023-01-20,UTA,BKN,0,0.8,119.4,51.0,21.4,2.0,0.2,102.4,41.0,24.2,1.0
22200684,2023-01-20,ATL,NYK,1,0.8,116.6,38.8,25.0,2.0,0.6,114.8,51.8,16.8,2.0
22200688,2023-01-20,DEN,IND,1,1.0,120.8,39.6,29.0,2.0,0.0,112.2,45.2,25.8,2.0
22200683,2023-01-20,ORL,NOP,1,0.4,111.8,39.8,23.2,5.0,0.4,112.6,38.2,25.6,2.0
22200685,2023-01-20,CLE,GSW,0,0.4,112.4,42.2,24.2,2.0,0.4,124.0,46.0,29.6,1.0
22200687,2023-01-20,SAS,LAC,0,0.2,116.0,44.4,27.4,3.0,0.4,110.0,43.2,20.8,2.0
22200691,2023-01-20,SAC,OKC,1,1.0,131.6,44.8,29.6,2.0,0.8,121.2,44.2,27.8,2.0
22200690,2023-01-20,LAL,MEM,1,0.2,117.4,42.6,24.2,2.0,1.0,127.4,49.0,25.6,2.0
22200695,2023-01-21,CLE,MIL,1,0.4,112.4,41.8,25.4,1.0,0.6,114.6,42.2,26.0,4.0
22200693,2023-01-21,WAS,ORL,1,0.4,110.8,45.4,24.8,3.0,0.4,113.4,39.4,23.6,1.0
22200697,2023-01-21,PHX,IND,1,0.4,112.2,46.0,29.0,2.0,0.0,111.8,44.8,25.0,1.0
22200698,2023-01-21,SAC,PHI,0,1.0,128.0,45.8,26.8,1.0,0.8,114.0,38.0,26.2,2.0
22200692,2023-01-21,TOR,BOS,0,0.4,119.6,41.0,24.4,2.0,1.0,121.4,50.8,27.4,2.0
22200696,2023-01-21,MIN,HOU,1,0.6,120.4,36.4,26.2,2.0,0.0,115.6,43.2,24.8,3.0
22200694,2023-01-21,ATL,CHA,0,1.0,123.4,38.4,25.4,1.0,0.2,116.0,39.4,26.8,3.0
22200705,2023-01-22,POR,LAL,0,0.4,119.4,40.6,23.8,3.0,0.4,120.0,43.2,25.0,2.0
22200704,2023-01-22,GSW,BKN,0,0.6,125.4,46.0,29.8,2.0,0.2,105.4,41.4,25.0,2.0
22200700,2023-01-22,TOR,NYK,1,0.2,115.6,42.8,23.2,1.0,0.4,115.8,48.6,18.0,2.0
22200699,2023-01-22,MIA,NOP,1,0.6,109.2,47.0,24.2,2.0,0.2,108.2,37.2,26.6,2.0
22200701,2023-01-22,DAL,LAC,0,0.4,119.6,37.2,26.2,2.0,0.4,113.6,40.4,23.0,2.0
22200702,2023-01-22,DEN,OKC,0,1.0,122.4,39.6,30.6,2.0,0.8,121.6,42.6,26.6,2.0
22200703,2023-01-22,PHX,MEM,1,0.4,109.6,45.6,29.2,1.0,0.8,127.4,51.6,25.2,2.0
22200706,2023-01-23,DET,MIL,0,0.2,114.6,38.6,24.2,4.0,0.4,112.2,38.0,25.2,2.0
22200709,2023-01-23,HOU,MIN,1,0.0,113.4,44.8,23.6,2.0,0.6,118.8,35.0,25.4,2.0
22200711,2023-01-23,POR,SAS,1,0.4,119.2,41.0,25.2,1.0,0.2,118.6,42.8,28.6,3.0
22200708,2023-01-23,CHI,ATL,1,0.4,112.8,41.8,23.4,4.0,0.8,124.4,36.4,25.0,2.0
22200707,2023-01-23,ORL,BOS,1,0.4,114.8,39.4,23.6,2.0,1.0,117.6,49.0,27.6,2.0
22200712,2023-01-23,SAC,MEM,1,0.8,126.4,42.6,26.8,2.0,0.6,122.4,50.6,27.0,1.0
22200710,2023-01-23,UTA,CHA,1,0.6,117.4,49.4,22.0,3.0,0.4,116.4,39.8,25.8,2.0
22200714,2023-01-24,MIA,BOS,1,0.6,107.6,43.2,23.2,2.0,0.8,115.4,46.8,27.8,1.0
22200715,2023-01-24,NYK,CLE,1,0.2,116.6,47.2,21.0,2.0,0.4,111.4,41.2,26.4,3.0
22200713,2023-01-24,IND,CHI,1,0.0,111.0,44.2,24.6,3.0,0.6,115.2,42.8,25.2,1.0
22200716,2023-01-24,NOP,DEN,0,0.2,104.6,38.8,27.0,2.0,0.8,119.2,39.4,30.2,2.0
22200719,2023-01-24,LAL,LAC,0,0.6,121.2,42.2,24.8,2.0,0.6,115.4,41.0,23.0,2.0
22200717,2023-01-24,DAL,WAS,0,0.2,115.4,34.0,24.2,2.0,0.6,116.0,47.2,26.4,3.0
22200718,2023-01-24,PHX,CHA,1,0.6,112.6,44.8,28.6,2.0,0.4,114.0,39.8,24.8,1.0
22200724,2023-01-25,NOP,MIN,0,0.0,101.0,37.8,24.8,1.0,0.4,119.6,37.0,24.8,2.0
22200721,2023-01-25,PHI,BKN,1,1.0,117.0,39.4,25.6,4.0,0.4,109.8,43.6,25.8,3.0
22200720,2023-01-25,ORL,IND,1,0.4,115.6,40.4,24.2,2.0,0.2,111.8,43.4,24.2,1.0
22200729,2023-01-25,LAL,SAS,1,0.6,121.8,41.0,23.4,1.0,0.2,118.2,41.2,28.0,2.0
22200725,2023-01-25,OKC,ATL,0,0.8,115.2,44.8,25.2,3.0,0.6,121.6,37.0,26.0,2.0
22200723,2023-01-25,MIL,DEN,1,0.6,121.8,40.2,28.8,2.0,0.8,115.2,38.0,29.2,1.0
22200728,2023-01-25,SAC,TOR,0,0.8,125.2,44.0,27.4,2.0,0.4,120.0,43.2,23.6,3.0
22200727,2023-01-25,POR,UTA,1,0.4,121.4,38.8,25.2,2.0,0.6,119.0,46.8,24.0,2.0
22200726,2023-01-25,GSW,MEM,1,0.4,119.8,43.4,28.8,3.0,0.4,116.4,47.8,26.2,2.0
22200722,2023-01-25,HOU,WAS,0,0.2,114.4,47.4,23.8,2.0,0.6,121.4,45.0,27.8,1.0
22200730,2023-01-26,BOS,NYK,0,0.6,110.0,46.4,25.0,2.0,0.2,114.2,45.2,22.6,2.0
22200735,2023-01-26,LAC,SAS,1,0.6,117.8,41.6,23.8,2.0,0.2,116.4,43.2,27.2,1.0
22200733,2023-01-26,HOU,CLE,0,0.2,115.0,51.0,25.2,1.0,0.4,111.6,41.4,27.4,2.0
22200732,2023-01-26,CHA,CHI,1,0.4,112.2,38.6,24.4,2.0,0.6,117.8,44.0,25.8,2.0
22200734,2023-01-26,PHX,DAL,0,0.8,115.0,47.2,30.6,2.0,0.2,116.8,36.6,23.4,2.0
22200731,2023-01-26,BKN,DET,0,0.4,116.0,39.6,26.8,1.0,0.2,117.4,41.6,24.8,3.0
22200736,2023-01-27,IND,MIL,0,0.2,112.0,42.4,23.4,2.0,0.8,124.2,43.6,26.8,2.0
22200738,2023-01-27,MIA,ORL,1,0.6,105.0,43.2,24.0,3.0,0.6,119.2,39.2,26.4,2.0
22200739,2023-01-27,OKC,CLE,1,0.6,116.8,43.0,27.0,2.0,0.4,111.6,40.0,28.8,1.0
22200740,2023-01-27,GSW,TOR,1,0.6,120.6,44.2,28.4,2.0,0.4,118.0,43.0,23.8,2.0
22200737,2023-01-27,MIN,MEM,1,0.6,116.8,36.0,23.8,2.0,0.2,113.2,44.8,25.6,2.0
22200749,2023-01-28,BOS,LAL,1,0.4,107.4,47.8,22.6,2.0,0.6,116.4,44.4,23.8,3.0
22200742,2023-01-28,BKN,NYK,1,0.4,120.8,37.8,27.2,2.0,0.4,114.0,44.4,22.6,2.0
22200748,2023-01-28,SAS,PHX,0,0.2,112.6,43.6,26.6,2.0,0.8,112.8,49.8,28.8,2.0
22200746,2023-01-28,MIN,SAC,1,0.8,115.4,37.8,24.8,1.0,0.6,117.8,43.2,28.4,3.0
22200744,2023-01-28,ORL,CHI,0,0.6,117.0,39.4,25.8,1.0,0.6,115.0,44.2,23.0,2.0
22200750,2023-01-28,UTA,DAL,1,0.6,120.4,44.2,26.4,3.0,0.4,112.0,37.4,21.2,2.0
22200741,2023-01-28,PHI,DEN,1,1.0,120.8,39.2,26.2,3.0,0.6,110.6,39.8,27.0,3.0
22200743,2023-01-28,DET,HOU,0,0.2,116.4,43.6,24.2,2.0,0.2,107.6,50.6,24.4,2.0
22200745,2023-01-28,ATL,LAC,0,0.6,124.8,40.6,25.8,3.0,0.8,123.4,42.4,25.0,2.0
22200751,2023-01-28,POR,TOR,0,0.4,120.2,38.8,24.8,3.0,0.4,117.0,42.2,24.6,1.0
22200747,2023-01-28,NOP,WAS,0,0.0,100.8,40.6,24.6,3.0,0.8,121.4,44.6,29.6,3.0
22200752,2023-01-29,CHA,MIA,1,0.6,110.8,41.4,24.0,3.0,0.8,104.4,42.4,23.6,2.0
22200753,2023-01-29,MEM,IND,1,0.0,110.2,45.8,25.6,2.0,0.2,117.0,40.4,23.2,2.0
22200755,2023-01-29,MIL,NOP,1,0.8,126.0,45.4,26.8,2.0,0.0,101.8,41.4,23.4,1.0
22200754,2023-01-29,CLE,LAC,1,0.4,108.8,38.0,28.4,2.0,1.0,126.8,39.8,25.4,1.0
22200757,2023-01-30,BKN,LAL,1,0.6,122.8,38.0,28.0,2.0,0.6,118.4,46.6,24.6,2.0
22200756,2023-01-30,PHI,ORL,0,1.0,123.4,39.4,26.6,2.0,0.4,114.2,38.2,26.0,2.0
22200758,2023-01-30,MIN,SAC,0,0.8,113.2,39.2,23.6,2.0,0.4,116.6,41.0,28.4,2.0
22200763,2023-01-30,POR,ATL,1,0.4,118.6,37.2,24.2,2.0,0.4,121.4,43.0,25.0,2.0
22200759,2023-01-30,OKC,GSW,0,0.6,116.8,42.2,26.6,3.0,0.6,121.0,44.2,30.8,3.0
22200762,2023-01-30,PHX,TOR,1,0.8,115.0,50.4,29.0,2.0,0.6,116.4,43.6,24.2,2.0
22200760,2023-01-30,SAS,WAS,0,0.0,115.0,43.4,28.4,2.0,1.0,120.4,48.0,27.0,2.0
22200761,2023-01-30,DAL,DET,1,0.4,107.6,37.4,21.2,2.0,0.2,117.2,42.2,24.8,2.0
22200765,2023-01-31,NYK,LAL,0,0.4,116.0,43.6,23.6,3.0,0.4,114.8,47.8,24.6,1.0
22200764,2023-01-31,CLE,MIA,0,0.6,110.4,38.0,30.6,2.0,0.6,103.0,41.0,21.4,2.0
22200768,2023-01-31,DEN,NOP,1,0.4,110.0,40.2,27.2,3.0,0.0,101.8,41.2,22.6,2.0
22200766,2023-01-31,CHI,LAC,0,0.6,114.2,44.2,23.2,3.0,0.8,120.4,42.4,22.6,2.0
22200767,2023-01-31,MIL,CHA,1,0.8,127.0,48.4,27.4,2.0,0.6,110.8,43.4,23.6,2.0
22200772,2023-02-01,BOS,BKN,1,0.4,108.2,44.4,22.0,4.0,0.6,123.6,39.6,27.6,2.0
22200770,2023-02-01,PHI,ORL,1,0.8,121.2,41.8,27.2,2.0,0.6,114.4,40.0,25.8,2.0
22200771,2023-02-01,MEM,POR,0,0.2,108.4,41.4,26.6,3.0,0.6,125.4,34.8,25.2,2.0
22200775,2023-02-01,SAS,SAC,0,0.0,111.0,45.2,26.8,2.0,0.4,116.6,40.4,27.4,2.0
22200777,2023-02-01,PHX,ATL,0,0.8,115.4,47.8,29.2,2.0,0.2,118.6,44.2,24.8,2.0
22200774,2023-02-01,MIN,GSW,1,0.6,112.8,43.0,24.8,2.0,0.8,123.0,43.6,32.6,2.0
22200773,2023-02-01,HOU,OKC,1,0.4,107.6,50.8,24.2,4.0,0.4,115.6,42.4,23.0,2.0
22200776,2023-02-01,UTA,TOR,1,0.6,116.8,44.0,26.6,4.0,0.6,116.8,44.2,23.2,2.0
22200778,2023-02-02,IND,LAL,0,0.2,114.8,40.2,22.8,4.0,0.4,116.4,46.4,25.8,2.0
22200780,2023-02-02,NYK,MIA,1,0.4,115.8,45.8,23.6,2.0,0.8,105.0,42.2,22.6,2.0
22200782,2023-02-02,DAL,NOP,1,0.4,106.8,38.0,20.4,3.0,0.0,105.2,40.2,23.4,2.0
22200783,2023-02-02,DEN,GSW,1,0.4,107.6,41.4,26.2,2.0,0.6,121.8,46.2,31.8,1.0
22200784,2023-02-02,MIL,LAC,1,1.0,131.4,54.4,26.2,2.0,0.8,119.6,42.0,23.4,2.0
22200779,2023-02-02,CLE,MEM,1,0.4,107.0,37.6,30.4,2.0,0.2,108.8,39.8,26.6,1.0
22200781,2023-02-02,CHI,CHA,1,0.4,109.6,44.8,23.8,2.0,0.4,109.4,48.6,23.4,2.0
22200790,2023-02-03,MIN,ORL,0,0.8,113.8,45.4,26.2,2.0,0.4,110.6,41.2,23.8,2.0
22200791,2023-02-03,SAS,PHI,0,0.0,107.4,45.2,26.8,2.0,0.8,121.2,41.8,27.8,2.0
22200788,2023-02-03,BOS,PHX,0,0.4,114.8,47.6,22.6,2.0,0.6,113.0,48.6,28.6,2.0
22200787,2023-02-03,WAS,POR,0,1.0,122.6,46.6,27.8,4.0,0.8,127.4,35.4,25.2,2.0
22200786,2023-02-03,IND,SAC,1,0.2,115.6,39.8,24.4,1.0,0.6,115.0,41.4,26.8,2.0
22200792,2023-02-03,UTA,ATL,0,0.6,117.8,45.0,27.2,2.0,0.4,121.4,45.2,26.4,2.0
22200789,2023-02-03,HOU,TOR,0,0.6,109.2,52.6,23.4,2.0,0.4,117.4,45.6,24.4,2.0
22200785,2023-02-03,DET,CHA,1,0.2,117.4,42.6,23.8,4.0,0.4,108.6,49.2,22.8,1.0
22200798,2023-02-04,NOP,LAL,1,0.0,106.8,41.6,25.2,2.0,0.6,115.8,50.2,27.4,2.0
22200797,2023-02-04,MIL,MIA,1,1.0,122.6,55.0,21.8,2.0,0.6,105.8,40.4,24.0,2.0
22200794,2023-02-04,DET,PHX,0,0.4,119.4,43.0,24.2,1.0,0.6,108.6,48.2,26.6,1.0
22200796,2023-02-04,CHI,POR,1,0.4,110.2,43.4,23.0,2.0,0.8,122.8,35.8,23.4,1.0
22200801,2023-02-04,DEN,ATL,1,0.6,114.6,40.6,28.8,2.0,0.6,124.4,47.0,27.2,1.0
22200800,2023-02-04,GSW,DAL,1,0.6,122.0,46.2,31.2,2.0,0.6,109.4,37.6,20.6,2.0
22200799,2023-02-04,OKC,HOU,1,0.4,114.2,45.6,23.2,3.0,0.4,107.6,51.2,23.0,1.0
22200795,2023-02-04,NYK,LAC,0,0.6,113.8,45.2,22.6,2.0,0.6,114.0,42.4,21.4,2.0
22200793,2023-02-04,BKN,WAS,1,0.4,118.8,37.6,25.4,3.0,0.8,118.2,45.6,26.4,1.0
22200802,2023-02-05,CHA,ORL,0,0.4,111.6,48.6,23.4,2.0,0.4,110.8,42.8,21.6,2.0
22200804,2023-02-05,NYK,PHI,1,0.4,118.4,46.0,23.6,1.0,0.8,122.8,40.4,28.0,2.0
22200807,2023-02-05,NOP,SAC,1,0.2,112.6,42.8,25.8,1.0,0.4,109.2,40.6,24.2,2.0
22200803,2023-02-05,IND,CLE,0,0.2,113.8,40.2,25.2,2.0,0.6,112.0,37.6,31.2,3.0
22200806,2023-02-05,MIN,DEN,1,0.6,115.6,46.4,25.8,2.0,0.6,120.4,43.4,29.8,1.0
22200805,2023-02-05,MEM,TOR,0,0.2,111.4,42.4,25.4,3.0,0.4,118.2,46.0,23.0,2.0
22200815,2023-02-06,POR,MIL,0,0.6,120.2,34.2,22.6,2.0,1.0,125.8,55.4,23.2,2.0
22200812,2023-02-06,HOU,SAC,0,0.4,111.2,46.6,23.0,2.0,0.4,111.0,41.4,23.0,1.0
22200811,2023-02-06,CHI,SAS,1,0.6,114.0,42.6,25.6,2.0,0.0,111.6,42.6,28.8,3.0
22200808,2023-02-06,DET,BOS,0,0.4,113.4,40.8,23.6,2.0,0.4,114.0,48.8,21.4,3.0
22200809,2023-02-06,WAS,CLE,0,0.6,117.4,45.2,25.2,2.0,0.6,113.8,39.6,32.0,1.0
22200813,2023-02-06,UTA,DAL,0,0.6,118.2,45.8,26.4,3.0,0.6,106.8,37.8,20.2,2.0
22200810,2023-02-06,BKN,LAC,0,0.6,117.2,39.2,23.8,2.0,0.6,113.2,44.2,21.0,2.0
22200814,2023-02-06,GSW,OKC,1,0.6,121.4,45.0,31.2,2.0,0.4,124.6,44.0,26.8,2.0
22200820,2023-02-07,DEN,MIN,1,0.6,120.2,40.6,29.4,2.0,0.6,119.0,44.2,26.2,2.0
22200816,2023-02-07,ORL,NYK,0,0.6,113.6,45.2,22.4,2.0,0.4,116.0,45.8,24.4,2.0
22200817,2023-02-07,BKN,PHX,0,0.6,116.0,39.6,23.2,1.0,0.8,112.8,47.4,28.6,3.0
22200818,2023-02-07,NOP,ATL,1,0.4,119.2,44.0,26.8,2.0,0.4,118.6,46.4,27.2,3.0
22200819,2023-02-07,MEM,CHI,1,0.2,108.0,44.0,25.2,2.0,0.8,120.4,43.8,27.8,1.0
22200821,2023-02-07,LAL,OKC,0,0.4,118.4,47.8,28.4,3.0,0.4,121.0,43.8,24.8,1.0
22200828,2023-02-08,UTA,MIN,0,0.4,116.4,44.0,25.6,2.0,0.4,118.0,42.6,26.0,1.0
22200825,2023-02-08,MIA,IND,1,0.4,109.2,39.0,24.4,4.0,0.2,110.4,42.2,25.8,3.0
22200824,2023-02-08,BOS,PHI,1,0.6,117.2,50.2,22.2,2.0,0.6,114.8,42.0,27.4,3.0
22200827,2023-02-08,HOU,SAC,0,0.4,116.2,45.2,23.6,2.0,0.6,117.0,41.2,26.0,2.0
22200826,2023-02-08,TOR,SAS,1,0.6,116.0,45.2,23.0,3.0,0.0,112.4,41.8,29.0,2.0
22200829,2023-02-08,LAC,DAL,0,0.6,114.0,46.0,20.0,2.0,0.6,111.8,39.0,21.4,2.0
22200830,2023-02-08,POR,GSW,1,0.6,120.8,34.4,23.6,2.0,0.6,123.8,45.4,31.8,2.0
22200822,2023-02-08,CLE,DET,1,0.8,116.6,40.8,31.8,2.0,0.2,107.2,39.6,22.6,2.0
22200823,2023-02-08,WAS,CHA,1,0.4,114.0,43.0,23.8,2.0,0.2,112.0,46.0,24.2,3.0
22200834,2023-02-09,LAL,MIL,0,0.4,120.2,46.6,27.8,2.0,1.0,123.0,56.4,22.2,3.0
22200832,2023-02-09,ATL,PHX,1,0.4,117.4,45.2,28.4,2.0,0.8,110.4,46.6,28.6,2.0
22200833,2023-02-09,BKN,CHI,1,0.4,114.0,39.8,22.0,2.0,0.6,112.6,46.0,26.6,2.0
22200831,2023-02-09,ORL,DEN,1,0.6,111.4,46.2,21.2,2.0,0.8,125.6,42.2,32.6,2.0
22200845,2023-02-10,LAC,MIL,0,0.6,115.0,45.0,20.8,2.0,1.0,119.0,55.2,21.6,1.0
22200841,2023-02-10,MEM,MIN,1,0.4,108.8,42.4,25.2,3.0,0.6,124.4,42.2,27.8,2.0
22200837,2023-02-10,PHI,NYK,1,0.4,109.4,41.6,25.2,2.0,0.6,113.4,45.4,24.8,3.0
22200836,2023-02-10,IND,PHX,0,0.2,106.4,40.8,26.2,2.0,0.6,109.0,45.2,27.8,1.0
22200835,2023-02-10,DET,SAS,1,0.2,101.4,39.0,21.8,2.0,0.0,108.4,39.0,27.4,2.0
22200842,2023-02-10,NOP,CLE,0,0.6,120.4,45.8,27.4,3.0,0.8,114.8,43.8,30.8,2.0
22200844,2023-02-10,SAC,DAL,0,0.6,119.4,37.4,27.8,2.0,0.8,113.8,41.6,21.4,2.0
22200840,2023-02-10,MIA,HOU,1,0.4,110.4,41.2,23.0,2.0,0.2,118.4,44.4,24.6,2.0
22200843,2023-02-10,POR,OKC,0,0.6,120.0,37.4,23.8,2.0,0.4,125.2,42.0,27.4,3.0
22200839,2023-02-10,TOR,UTA,0,0.6,113.8,46.4,22.4,2.0,0.4,115.2,47.0,24.6,2.0
22200838,2023-02-10,BOS,CHA,1,0.8,115.0,48.2,22.8,2.0,0.0,108.4,44.6,23.8,2.0
22200853,2023-02-11,GSW,LAL,0,0.4,122.6,43.0,30.6,3.0,0.4,120.6,44.6,27.6,2.0
22200848,2023-02-11,ORL,MIA,0,0.6,110.6,45.6,21.4,2.0,0.6,106.4,42.0,22.0,1.0
22200849,2023-02-11,WAS,IND,1,0.4,115.0,42.8,26.0,3.0,0.2,107.2,40.8,26.6,1.0
22200846,2023-02-11,BKN,PHI,0,0.4,113.0,39.6,22.4,2.0,0.6,111.4,40.6,25.0,1.0
22200850,2023-02-11,ATL,SAS,1,0.6,115.6,48.0,27.8,2.0,0.0,113.4,40.6,26.4,1.0
22200852,2023-02-11,CLE,CHI,1,1.0,119.0,44.2,30.0,1.0,0.6,113.0,45.0,24.4,2.0
22200854,2023-02-11,SAC,DAL,1,0.4,118.4,38.2,27.0,1.0,0.8,116.0,41.4,24.8,1.0
22200847,2023-02-11,CHA,DEN,0,0.0,108.6,41.6,23.6,1.0,0.6,122.0,41.2,30.8,2.0
22200851,2023-02-11,NYK,UTA,1,0.6,110.4,43.4,24.0,1.0,0.4,118.0,46.4,25.6,1.0
22200855,2023-02-12,BOS,MEM,1,0.8,115.4,47.6,26.0,2.0,0.4,112.0,43.0,24.8,2.0
22200856,2023-02-12,TOR,DET,1,0.6,115.8,45.6,24.2,2.0,0.4,108.0,43.4,24.0,2.0
22200867,2023-02-13,POR,LAL,1,0.4,121.4,35.6,24.8,3.0,0.4,116.6,46.2,25.6,2.0
22200865,2023-02-13,DAL,MIN,0,0.6,119.4,42.8,27.0,2.0,0.4,122.0,38.6,27.6,3.0
22200862,2023-02-13,NYK,BKN,1,0.6,114.4,45.0,22.6,2.0,0.4,113.4,41.6,23.2,2.0
22200863,2023-02-13,CHI,ORL,0,0.4,108.0,45.8,25.0,2.0,0.6,112.4,45.2,23.4,2.0
22200858,2023-02-13,CLE,SAS,1,1.0,112.8,43.8,28.6,2.0,0.0,112.8,42.4,25.4,2.0
22200857,2023-02-13,CHA,ATL,1,0.0,110.0,40.0,24.8,2.0,0.6,114.2,48.6,27.2,2.0
22200864,2023-02-13,OKC,NOP,0,0.6,128.8,39.2,28.6,3.0,0.6,119.2,45.4,26.8,3.0
22200861,2023-02-13,MIA,DEN,0,0.6,107.8,42.2,22.6,2.0,0.6,119.0,43.8,30.8,2.0
22200860,2023-02-13,PHI,HOU,1,0.6,110.6,40.2,23.0,2.0,0.0,115.0,40.8,25.2,3.0
22200859,2023-02-13,IND,UTA,0,0.2,107.6,38.2,26.0,2.0,0.2,115.8,44.2,24.4,2.0
22200866,2023-02-13,GSW,WAS,1,0.4,120.4,40.0,32.6,2.0,0.4,115.0,41.8,26.0,2.0
22200868,2023-02-14,TOR,ORL,1,0.8,114.0,43.2,23.0,2.0,0.6,107.0,45.2,23.6,1.0
22200870,2023-02-14,PHX,SAC,1,0.8,112.4,47.0,28.4,4.0,0.6,124.2,38.4,26.6,3.0
22200869,2023-02-14,MIL,BOS,1,1.0,118.0,51.8,23.6,4.0,0.8,111.4,47.2,26.0,2.0
22200871,2023-02-14,LAC,GSW,1,0.4,114.6,43.2,19.4,4.0,0.6,124.0,38.4,35.6,1.0
22200872,2023-02-14,POR,WAS,0,0.4,122.0,36.4,25.2,1.0,0.4,117.0,40.2,25.8,1.0
22200878,2023-02-15,BKN,MIA,1,0.2,109.6,41.6,22.6,2.0,0.6,108.6,42.4,22.8,2.0
22200876,2023-02-15,ATL,NYK,0,0.4,118.8,46.6,26.8,2.0,0.8,113.6,43.4,20.2,2.0
22200873,2023-02-15,CHA,SAS,1,0.2,116.4,39.6,27.6,2.0,0.0,109.6,42.4,24.4,2.0
22200875,2023-02-15,PHI,CLE,1,0.6,107.8,40.0,22.6,2.0,1.0,111.8,41.8,26.2,2.0
22200882,2023-02-15,LAL,NOP,1,0.2,117.2,47.2,24.6,2.0,0.8,118.6,42.0,25.2,2.0
22200874,2023-02-15,IND,CHI,1,0.0,109.6,35.2,26.4,2.0,0.2,100.4,46.4,22.0,2.0
22200881,2023-02-15,DEN,DAL,1,0.6,115.8,42.0,31.2,2.0,0.6,121.0,41.6,26.8,2.0
22200880,2023-02-15,OKC,HOU,1,0.6,127.6,37.4,28.2,2.0,0.0,113.6,41.2,24.2,2.0
22200879,2023-02-15,MEM,UTA,1,0.4,111.4,41.0,24.0,3.0,0.4,118.8,43.4,25.2,2.0
22200877,2023-02-15,BOS,DET,1,0.8,117.6,47.4,28.0,1.0,0.2,108.0,39.6,23.6,3.0
22200883,2023-02-16,CHI,MIL,0,0.0,97.4,44.2,21.2,1.0,1.0,123.0,51.6,26.2,2.0
22200885,2023-02-16,PHX,LAC,0,0.8,115.2,43.8,29.4,2.0,0.6,120.4,40.6,23.0,2.0
22200884,2023-02-16,MIN,WAS,0,0.6,122.8,38.2,29.0,3.0,0.6,117.6,41.2,27.0,2.0
22200894,2023-02-23,SAC,POR,1,0.6,125.2,38.8,26.6,9.0,0.4,118.0,37.2,24.8,9.0
22200891,2023-02-23,DAL,SAS,1,0.4,118.0,38.0,26.6,8.0,0.0,110.8,46.4,24.2,8.0
22200887,2023-02-23,IND,BOS,0,0.2,112.4,35.0,26.2,8.0,0.8,120.8,45.8,29.0,8.0
22200890,2023-02-23,TOR,NOP,1,0.8,115.2,42.6,25.0,9.0,0.6,112.8,42.4,24.4,8.0
22200886,2023-02-23,CLE,DEN,0,0.8,111.4,40.2,25.6,8.0,0.8,119.8,43.2,34.2,8.0
22200893,2023-02-23,LAL,GSW,1,0.4,116.0,47.0,25.0,8.0,0.4,125.0,38.0,34.6,9.0
22200892,2023-02-23,UTA,OKC,1,0.4,118.8,48.2,25.8,8.0,0.6,123.6,38.8,24.6,8.0
22200889,2023-02-23,PHI,MEM,1,0.8,112.0,38.8,22.8,8.0,0.6,112.2,41.4,24.4,8.0
22200888,2023-02-23,ORL,DET,1,0.4,105.8,40.6,23.8,9.0,0.2,109.8,40.6,23.8,8.0
22200897,2023-02-24,MIL,MIA,1,1.0,120.8,51.8,26.4,8.0,0.6,106.6,41.8,22.0,9.0
22200900,2023-02-24,CHI,BKN,1,0.0,99.6,44.6,20.2,8.0,0.4,109.6,40.4,23.6,9.0
22200895,2023-02-24,WAS,NYK,0,0.8,122.2,43.6,28.0,8.0,0.8,116.4,44.6,19.2,9.0
22200902,2023-02-24,LAC,SAC,0,0.6,116.8,40.0,24.0,8.0,0.6,123.8,41.6,24.4,1.0
22200896,2023-02-24,ATL,CLE,1,0.4,117.4,46.0,26.6,9.0,0.6,110.6,38.4,24.4,1.0
22200901,2023-02-24,GSW,HOU,1,0.2,119.0,38.6,30.8,1.0,0.0,108.6,43.8,22.4,9.0
22200899,2023-02-24,PHX,OKC,1,0.6,113.4,42.2,28.6,8.0,0.6,124.6,42.4,25.0,1.0
22200898,2023-02-24,MIN,CHA,0,0.4,118.4,42.0,26.6,8.0,0.4,117.8,43.4,27.2,9.0
22200904,2023-02-25,CHA,MIA,1,0.6,121.2,45.8,27.6,1.0,0.4,103.2,41.2,22.0,1.0
22200905,2023-02-25,ORL,IND,0,0.6,107.8,41.6,24.6,2.0,0.2,117.8,36.2,28.0,2.0
22200909,2023-02-25,UTA,SAS,1,0.6,119.2,49.8,25.6,2.0,0.0,114.4,47.6,25.4,2.0
22200908,2023-02-25,PHI,BOS,0,1.0,114.2,40.0,23.8,2.0,0.8,128.0,47.2,30.2,2.0
22200906,2023-02-25,NYK,NOP,1,0.8,119.0,44.6,19.2,1.0,0.4,107.6,41.4,23.8,2.0
22200907,2023-02-25,MEM,DEN,1,0.6,112.6,42.4,23.8,2.0,0.8,113.6,43.8,31.4,2.0
22200903,2023-02-25,DET,TOR,0,0.2,111.2,41.2,23.8,2.0,0.8,117.0,43.8,23.6,2.0
22200913,2023-02-26,DAL,LAL,0,0.4,124.4,36.4,26.8,3.0,0.6,114.8,50.4,25.6,3.0
22200916,2023-02-26,GSW,MIN,1,0.4,117.8,41.6,30.0,2.0,0.4,118.6,43.8,26.8,2.0
22200911,2023-02-26,ATL,BKN,1,0.6,123.2,46.2,26.2,2.0,0.4,104.6,39.4,22.8,2.0
22200910,2023-02-26,MIL,PHX,1,1.0,121.0,52.2,26.4,2.0,0.6,115.0,43.4,27.0,2.0
22200915,2023-02-26,OKC,SAC,0,0.4,121.0,44.4,24.0,2.0,0.6,133.0,44.0,25.2,2.0
22200917,2023-02-26,POR,HOU,1,0.4,119.6,38.2,25.4,3.0,0.0,104.8,44.8,21.6,2.0
22200918,2023-02-26,DEN,LAC,1,0.8,111.6,45.6,31.0,1.0,0.4,127.0,39.2,27.8,2.0
22200914,2023-02-26,CLE,TOR,1,0.4,110.8,37.2,22.8,2.0,0.8,113.6,42.8,23.8,1.0
22200912,2023-02-26,CHI,WAS,1,0.2,104.8,46.8,22.2,2.0,0.6,120.4,40.0,27.2,2.0
22200920,2023-02-27,PHI,MIA,0,0.8,111.8,40.4,22.2,2.0,0.2,104.4,41.6,22.6,2.0
22200922,2023-02-27,NOP,ORL,0,0.2,105.6,39.8,23.2,2.0,0.4,106.4,43.2,23.0,2.0
22200921,2023-02-27,NYK,BOS,1,1.0,123.0,48.4,19.4,2.0,0.8,124.6,47.4,27.4,2.0
22200919,2023-02-27,CHA,DET,1,0.8,119.6,46.0,26.4,2.0,0.2,112.4,47.2,25.2,2.0
22200927,2023-02-28,MEM,LAL,1,0.6,114.2,44.6,24.4,3.0,0.8,115.8,53.0,26.0,2.0
22200924,2023-02-28,BKN,MIL,0,0.2,106.8,37.0,21.6,2.0,1.0,118.8,51.0,24.6,2.0
22200932,2023-02-28,LAC,MIN,0,0.4,131.0,38.8,28.4,2.0,0.2,110.8,43.0,25.0,2.0
22200929,2023-02-28,DAL,IND,0,0.2,121.6,38.2,24.2,2.0,0.4,121.2,37.6,30.4,3.0
22200931,2023-02-28,GSW,POR,1,0.6,119.0,44.2,28.4,2.0,0.4,120.8,36.2,24.4,2.0
22200928,2023-02-28,OKC,SAC,0,0.2,116.4,46.0,23.0,2.0,0.8,135.0,46.0,27.4,2.0
22200930,2023-02-28,UTA,SAS,0,0.6,118.4,51.8,25.2,3.0,0.0,108.6,45.6,25.4,3.0
22200925,2023-02-28,TOR,CHI,1,0.8,109.0,43.4,22.0,2.0,0.4,107.4,45.8,21.0,2.0
22200926,2023-02-28,HOU,DEN,0,0.0,102.0,45.6,21.4,2.0,0.8,114.6,45.4,31.0,2.0
22200923,2023-02-28,ATL,WAS,0,0.6,125.8,43.6,25.6,2.0,0.4,111.4,40.4,25.2,2.0
22200940,2023-03-01,OKC,LAL,0,0.2,119.8,45.8,24.6,1.0,0.6,115.8,53.8,26.6,1.0
22200937,2023-03-01,NYK,BKN,1,1.0,119.6,46.8,19.8,2.0,0.2,108.0,36.2,22.0,1.0
22200939,2023-03-01,MIL,ORL,1,1.0,118.6,52.2,25.4,1.0,0.6,106.0,43.0,22.8,2.0
22200936,2023-03-01,MIA,PHI,0,0.2,103.2,39.8,22.0,2.0,0.6,111.4,40.0,22.8,2.0
22200933,2023-03-01,CHA,PHX,0,1.0,122.0,47.8,26.2,2.0,0.6,113.8,47.4,26.4,3.0
22200935,2023-03-01,BOS,CLE,1,0.6,119.6,43.4,26.0,2.0,0.4,115.0,38.4,23.8,3.0
22200941,2023-03-01,POR,NOP,0,0.4,116.0,36.4,23.8,1.0,0.2,102.8,40.6,22.8,2.0
22200934,2023-03-01,DET,CHI,0,0.0,106.0,42.6,23.0,2.0,0.4,108.8,44.0,23.2,1.0
22200938,2023-03-01,HOU,MEM,0,0.0,105.4,44.2,23.4,1.0,0.6,112.8,45.2,24.0,1.0
22200944,2023-03-02,SAS,IND,1,0.2,107.8,44.8,25.0,2.0,0.6,123.4,39.2,30.0,2.0
22200943,2023-03-02,DAL,PHI,1,0.2,120.4,37.2,24.4,2.0,0.6,110.6,40.6,22.6,1.0
22200945,2023-03-02,GSW,LAC,1,0.6,116.6,46.6,27.2,2.0,0.4,130.0,40.6,29.8,2.0
22200942,2023-03-02,WAS,TOR,1,0.6,110.0,43.4,23.8,2.0,0.8,106.0,44.8,23.0,2.0
22200955,2023-03-03,LAL,MIN,0,0.8,117.4,50.8,26.2,2.0,0.4,111.0,45.2,24.4,3.0
22200948,2023-03-03,BOS,BKN,0,0.8,118.0,43.2,25.8,2.0,0.2,110.4,34.6,23.6,2.0
22200949,2023-03-03,MIA,NYK,0,0.2,100.8,39.6,20.6,2.0,1.0,123.2,48.4,21.8,2.0
22200946,2023-03-03,CHA,ORL,0,0.8,111.4,50.4,23.0,2.0,0.4,109.4,44.6,22.4,2.0
22200950,2023-03-03,CHI,PHX,0,0.6,109.6,44.4,24.0,2.0,0.6,111.4,46.4,27.4,2.0
22200947,2023-03-03,ATL,POR,1,0.4,124.0,42.4,24.0,3.0,0.2,112.6,36.2,22.0,2.0
22200953,2023-03-03,GSW,NOP,1,0.8,114.8,51.4,26.6,1.0,0.2,106.4,42.2,23.6,2.0
22200954,2023-03-03,SAC,LAC,1,0.8,133.0,46.2,29.8,3.0,0.2,121.4,42.8,27.0,1.0
22200951,2023-03-03,OKC,UTA,1,0.0,116.6,44.4,26.2,2.0,0.6,113.2,54.6,23.6,3.0
22200952,2023-03-03,DEN,MEM,1,0.8,118.8,46.2,32.2,3.0,0.8,113.6,47.2,24.6,2.0
22200961,2023-03-04,SAC,MIN,0,1.0,136.8,47.2,30.4,1.0,0.4,108.2,46.6,24.6,1.0
22200960,2023-03-04,MIL,PHI,0,1.0,120.2,51.0,25.4,3.0,0.4,112.2,40.4,23.4,2.0
22200958,2023-03-04,MIA,ATL,1,0.2,103.8,39.2,21.4,1.0,0.6,122.2,42.6,24.8,1.0
22200959,2023-03-04,SAS,HOU,0,0.4,108.0,47.8,25.8,2.0,0.0,104.4,45.6,23.4,3.0
22200956,2023-03-04,WAS,TOR,0,0.6,108.6,43.2,24.2,2.0,0.6,103.0,45.4,22.4,2.0
22200957,2023-03-04,CLE,DET,1,0.2,114.2,38.8,23.8,3.0,0.0,105.4,44.2,22.6,3.0
22200973,2023-03-05,WAS,MIL,0,0.4,107.6,42.0,24.4,1.0,0.8,123.8,49.2,26.6,1.0
22200969,2023-03-05,BOS,NYK,0,0.6,113.6,44.2,25.0,2.0,1.0,123.2,44.2,23.2,2.0
22200963,2023-03-05,CHI,IND,0,0.6,110.4,41.0,25.0,2.0,0.6,119.8,40.8,28.6,3.0
22200962,2023-03-05,DAL,PHX,0,0.4,122.8,36.8,25.4,3.0,0.6,112.4,47.2,26.6,2.0
22200966,2023-03-05,ORL,POR,0,0.6,110.2,47.2,21.4,2.0,0.2,114.6,35.6,22.4,2.0
22200967,2023-03-05,HOU,SAS,1,0.2,109.6,45.2,24.6,1.0,0.4,108.0,44.6,25.8,1.0
22200964,2023-03-05,LAL,GSW,1,0.6,113.8,50.4,24.4,2.0,1.0,114.2,50.4,27.4,2.0
22200968,2023-03-05,OKC,UTA,1,0.2,118.8,41.6,27.8,2.0,0.4,109.2,55.0,23.6,2.0
22200970,2023-03-05,LAC,MEM,1,0.0,123.6,40.6,27.4,2.0,0.6,109.6,46.0,24.6,2.0
22200965,2023-03-05,BKN,CHA,1,0.2,110.2,36.8,23.4,2.0,0.6,108.6,45.6,22.8,2.0
22200972,2023-03-06,IND,PHI,0,0.6,121.4,39.6,28.6,1.0,0.4,116.8,38.2,23.2,2.0
22200977,2023-03-06,DET,POR,0,0.0,101.6,47.0,21.6,2.0,0.4,115.8,38.2,22.6,1.0
22200974,2023-03-06,MIA,ATL,1,0.4,107.4,38.8,23.4,2.0,0.6,123.8,42.0,24.2,2.0
22200971,2023-03-06,CLE,BOS,1,0.4,114.6,39.6,25.0,2.0,0.4,111.0,44.8,24.2,1.0
22200976,2023-03-06,SAC,NOP,1,0.8,137.0,45.2,30.0,2.0,0.2,105.8,38.0,22.8,3.0
22200975,2023-03-06,DEN,TOR,1,0.8,117.8,48.2,31.0,3.0,0.6,103.2,42.6,25.0,2.0
22200978,2023-03-07,ORL,MIL,0,0.4,112.4,45.6,21.8,2.0,0.8,121.6,46.8,27.2,2.0
22200981,2023-03-07,HOU,BKN,0,0.4,117.8,45.2,25.8,2.0,0.4,113.2,41.0,23.4,2.0
22200980,2023-03-07,MIN,PHI,0,0.6,114.6,44.0,26.6,3.0,0.6,124.8,37.0,26.8,1.0
22200982,2023-03-07,OKC,GSW,1,0.4,121.6,40.6,27.2,2.0,0.8,112.0,49.4,27.4,2.0
22200983,2023-03-07,DAL,UTA,1,0.4,126.2,36.8,23.4,2.0,0.4,110.8,50.6,24.8,2.0
22200984,2023-03-07,LAL,MEM,1,0.6,111.6,48.0,24.2,2.0,0.6,114.4,41.4,26.6,2.0
22200769,2023-03-07,DET,WAS,0,0.0,101.2,48.4,23.2,1.0,0.4,108.0,46.4,23.6,2.0
22200979,2023-03-07,NYK,CHA,0,1.0,126.4,46.4,22.6,2.0,0.4,101.6,45.0,21.2,2.0
22200986,2023-03-08,BOS,POR,1,0.2,111.8,46.4,25.2,2.0,0.4,111.6,38.4,24.2,2.0
22200985,2023-03-08,WAS,ATL,0,0.6,115.4,45.4,24.6,1.0,0.4,122.2,41.0,24.2,2.0
22200987,2023-03-08,MIA,CLE,0,0.6,112.8,36.8,24.0,2.0,0.6,116.4,43.0,25.6,2.0
22200989,2023-03-08,DEN,CHI,0,0.8,118.4,47.0,31.0,2.0,0.4,108.6,36.2,23.6,3.0
22200988,2023-03-08,NOP,DAL,1,0.2,105.4,37.4,24.0,2.0,0.4,121.8,38.2,22.8,1.0
22200990,2023-03-08,PHX,OKC,1,0.8,117.0,47.8,26.0,3.0,0.6,126.0,42.0,28.0,1.0
22200991,2023-03-08,LAC,TOR,1,0.2,115.6,42.8,24.6,3.0,0.4,106.8,41.6,26.4,2.0
22200995,2023-03-09,MIL,BKN,1,0.8,127.6,45.4,29.8,2.0,0.6,111.4,40.8,24.0,2.0
22200997,2023-03-09,SAC,NYK,1,0.8,126.4,43.2,31.2,3.0,0.8,121.8,43.4,21.4,2.0
22200996,2023-03-09,MEM,GSW,1,0.4,112.6,40.4,25.2,2.0,0.6,115.8,44.8,30.0,2.0
22200993,2023-03-09,IND,HOU,1,0.6,122.4,38.2,27.6,3.0,0.4,114.2,45.2,23.8,2.0
22200994,2023-03-09,ORL,UTA,0,0.4,115.4,42.2,23.4,2.0,0.2,110.0,48.4,24.2,2.0
22200992,2023-03-09,DET,CHA,0,0.0,106.4,42.0,23.8,2.0,0.4,102.4,43.8,22.6,2.0
22201001,2023-03-10,MIN,BKN,0,0.6,110.8,41.8,25.4,3.0,0.6,113.2,42.6,23.0,1.0
22200998,2023-03-10,PHI,POR,1,0.8,128.4,40.0,27.0,3.0,0.4,109.2,41.2,22.6,2.0
22200999,2023-03-10,WAS,ATL,0,0.4,115.6,43.6,27.6,2.0,0.4,120.8,39.0,25.4,2.0
22201000,2023-03-10,MIA,CLE,1,0.4,112.6,36.8,24.2,2.0,0.8,113.4,42.4,26.8,2.0
22201002,2023-03-10,SAS,DEN,1,0.4,106.8,42.6,24.4,5.0,0.8,118.8,46.2,31.8,2.0
22201003,2023-03-10,LAL,TOR,1,0.6,111.8,48.2,24.6,3.0,0.4,108.2,41.2,26.8,2.0
22201007,2023-03-11,ORL,MIA,1,0.2,120.0,40.8,23.4,2.0,0.6,117.2,39.4,25.0,1.0
22201012,2023-03-11,GSW,MIL,1,0.4,113.2,42.0,28.2,2.0,0.8,127.6,46.6,30.0,2.0
22201004,2023-03-11,LAC,NYK,1,0.4,112.4,44.0,24.4,3.0,0.6,123.4,46.2,22.8,2.0
22201006,2023-03-11,DET,IND,0,0.0,105.8,43.8,24.2,2.0,0.6,125.0,37.6,27.4,2.0
22201013,2023-03-11,PHX,SAC,0,0.8,118.6,47.8,27.6,3.0,0.8,126.0,42.0,30.4,2.0
22201008,2023-03-11,ATL,BOS,0,0.6,120.4,39.8,26.2,1.0,0.4,116.0,48.4,26.2,3.0
22201009,2023-03-11,HOU,CHI,0,0.4,116.8,48.8,20.8,2.0,0.4,111.6,38.4,24.6,3.0
22201010,2023-03-11,MEM,DAL,1,0.4,114.6,39.4,27.4,2.0,0.4,121.4,35.4,23.4,3.0
22201011,2023-03-11,NOP,OKC,0,0.4,106.8,39.4,25.4,3.0,0.6,122.8,41.0,27.0,3.0
22201005,2023-03-11,CHA,UTA,0,0.4,101.6,43.4,22.6,2.0,0.2,112.6,45.6,23.8,2.0
22201014,2023-03-12,DEN,BKN,0,0.6,116.0,42.8,31.2,2.0,0.8,114.4,46.0,21.8,2.0
22201019,2023-03-12,LAL,NYK,0,0.8,114.4,44.0,25.8,2.0,0.4,114.0,47.8,21.4,1.0
22201017,2023-03-12,NOP,POR,1,0.4,107.4,40.4,25.4,1.0,0.4,111.0,40.2,23.8,2.0
22201015,2023-03-12,CHA,CLE,0,0.4,105.6,42.4,23.4,1.0,0.6,112.8,40.2,25.6,2.0
22201018,2023-03-12,SAS,OKC,0,0.6,112.0,44.4,26.4,2.0,0.8,121.4,40.2,24.6,1.0
22201016,2023-03-12,PHI,WAS,1,0.8,128.6,40.2,27.0,2.0,0.2,113.2,43.6,27.0,2.0
22201026,2023-03-13,SAC,MIL,0,0.8,127.0,39.6,27.4,2.0,0.6,123.0,47.0,29.8,2.0
22201021,2023-03-13,ATL,MIN,0,0.4,119.6,40.8,25.0,2.0,0.6,114.6,42.6,26.0,3.0
22201020,2023-03-13,DET,IND,1,0.0,105.8,44.2,24.6,2.0,0.6,124.4,41.0,27.2,2.0
22201025,2023-03-13,GSW,PHX,1,0.4,115.2,43.0,29.8,2.0,0.8,122.2,44.8,29.4,2.0
22201024,2023-03-13,HOU,BOS,1,0.4,119.2,45.6,23.0,2.0,0.4,119.4,47.8,27.8,2.0
22201022,2023-03-13,MIA,UTA,1,0.6,116.0,38.6,24.2,2.0,0.4,117.6,47.2,25.2,2.0
22201023,2023-03-13,DAL,MEM,0,0.4,118.6,36.4,22.8,2.0,0.4,114.4,39.6,27.0,2.0
22201030,2023-03-14,NOP,LAL,0,0.4,108.6,40.8,27.8,2.0,0.6,111.4,43.2,26.2,2.0
22201033,2023-03-14,PHX,MIL,0,0.6,123.6,44.6,28.4,1.0,0.8,123.6,47.0,29.6,1.0
22201031,2023-03-14,OKC,BKN,1,0.8,115.8,43.2,23.6,2.0,0.8,115.8,42.2,23.2,2.0
22201034,2023-03-14,POR,NYK,0,0.4,110.8,42.6,24.6,2.0,0.4,112.0,50.2,20.4,2.0
22201032,2023-03-14,SAS,ORL,1,0.4,109.6,45.4,26.6,2.0,0.4,121.8,41.6,25.8,3.0
22201027,2023-03-14,CHA,CLE,0,0.4,106.0,44.2,23.4,2.0,0.8,113.0,40.6,25.0,2.0
22201029,2023-03-14,TOR,DEN,1,0.2,109.8,39.2,27.4,4.0,0.4,113.4,44.0,28.6,2.0
22201028,2023-03-14,WAS,DET,1,0.2,110.0,42.0,25.6,2.0,0.2,111.2,44.8,26.4,1.0
22201038,2023-03-15,HOU,LAL,1,0.4,117.0,46.2,23.2,2.0,0.8,115.6,45.4,26.4,1.0
22201035,2023-03-15,CLE,PHI,0,0.8,114.2,38.8,25.0,1.0,1.0,125.8,41.2,27.2,3.0
22201037,2023-03-15,CHI,SAC,0,0.6,115.8,40.2,24.0,4.0,0.6,126.2,39.6,28.4,2.0
22201039,2023-03-15,MIN,BOS,0,0.6,120.2,40.8,29.4,2.0,0.4,120.2,45.8,26.4,2.0
22201040,2023-03-15,SAS,DAL,0,0.4,114.0,44.8,28.2,1.0,0.2,109.6,38.4,22.2,2.0
22201041,2023-03-15,LAC,GSW,1,0.6,113.4,43.0,24.0,4.0,0.4,118.2,42.6,29.8,2.0
22201036,2023-03-15,MIA,MEM,1,0.6,116.4,37.4,22.0,2.0,0.6,115.8,41.0,26.8,2.0
22201046,2023-03-16,PHX,ORL,1,0.4,119.4,44.6,27.2,2.0,0.2,121.2,41.6,26.4,2.0
22201045,2023-03-16,MIL,IND,0,0.8,123.4,47.2,28.4,2.0,0.6,124.0,41.4,27.2,3.0
22201043,2023-03-16,BKN,SAC,0,0.6,116.8,41.0,24.0,2.0,0.8,122.8,40.8,28.6,1.0
22201042,2023-03-16,DET,DEN,0,0.2,109.8,43.2,24.0,2.0,0.2,112.8,39.8,28.8,2.0
22201044,2023-03-16,TOR,OKC,1,0.4,113.2,39.4,26.8,2.0,0.8,114.2,45.0,23.2,2.0
22201050,2023-03-17,CHI,MIN,1,0.4,115.2,41.8,24.2,2.0,0.4,118.6,40.8,29.0,2.0
22201047,2023-03-17,CHA,PHI,0,0.4,109.6,42.4,25.6,3.0,1.0,122.8,44.0,27.2,2.0
22201053,2023-03-17,POR,BOS,0,0.2,107.8,41.0,23.6,3.0,0.6,115.2,43.8,25.0,2.0
22201051,2023-03-17,HOU,NOP,1,0.4,111.4,47.6,21.8,2.0,0.4,110.4,43.2,28.4,3.0
22201054,2023-03-17,LAL,DAL,0,0.6,115.0,43.4,24.8,2.0,0.4,111.8,42.6,23.8,2.0
22201048,2023-03-17,ATL,GSW,1,0.4,120.8,43.6,24.0,4.0,0.4,122.4,41.4,30.0,2.0
22201052,2023-03-17,SAS,MEM,0,0.4,117.6,45.8,28.6,2.0,0.6,113.8,43.6,26.2,2.0
22201049,2023-03-17,CLE,WAS,1,0.6,112.4,33.8,23.6,2.0,0.4,111.2,40.4,26.2,3.0
22201060,2023-03-18,CHI,MIA,1,0.6,122.2,44.4,24.0,1.0,0.6,118.0,39.2,23.2,3.0
22201058,2023-03-18,TOR,MIN,1,0.4,115.6,44.4,26.6,2.0,0.2,117.2,42.8,29.4,1.0
22201056,2023-03-18,LAC,ORL,0,0.8,122.0,42.4,26.2,3.0,0.2,120.0,43.4,25.6,2.0
22201057,2023-03-18,IND,PHI,0,0.6,126.8,42.8,29.0,2.0,1.0,117.6,49.2,24.6,1.0
22201059,2023-03-18,WAS,SAC,0,0.2,106.2,40.6,25.2,1.0,0.8,118.4,45.6,25.2,2.0
22201062,2023-03-18,UTA,BOS,1,0.4,120.0,47.2,26.6,5.0,0.8,117.6,43.8,25.8,1.0
22201055,2023-03-18,NYK,DEN,1,0.4,110.4,49.8,21.4,4.0,0.2,113.0,41.0,28.6,2.0
22201061,2023-03-18,MEM,GSW,1,0.8,118.4,45.0,28.0,1.0,0.4,120.6,45.6,28.4,1.0
22201066,2023-03-19,DET,MIA,0,0.2,106.4,44.6,23.0,3.0,0.6,117.8,39.6,23.4,1.0
22201070,2023-03-19,LAL,ORL,1,0.4,114.6,40.4,24.0,2.0,0.4,118.0,44.8,25.4,1.0
22201064,2023-03-19,OKC,PHX,1,0.6,109.0,44.0,21.2,3.0,0.4,116.6,43.4,27.0,3.0
22201065,2023-03-19,SAS,ATL,1,0.4,119.6,49.6,30.2,2.0,0.6,120.6,45.2,23.8,2.0
22201067,2023-03-19,HOU,NOP,0,0.6,115.0,48.4,23.0,2.0,0.4,111.2,42.2,27.0,2.0
22201063,2023-03-19,BKN,DEN,0,0.4,112.4,42.0,23.4,3.0,0.2,115.8,38.8,29.4,1.0
22201069,2023-03-19,POR,LAC,0,0.0,108.2,40.8,22.0,2.0,0.8,118.2,44.6,24.6,1.0
22201068,2023-03-19,MIL,TOR,1,0.6,121.2,48.4,28.0,3.0,0.6,117.4,45.2,25.4,1.0
22201073,2023-03-20,NYK,MIN,0,0.6,112.6,50.6,22.4,2.0,0.2,119.8,44.4,31.0,2.0
22201071,2023-03-20,CHA,IND,1,0.2,103.6,41.0,24.2,3.0,0.6,122.4,45.0,29.0,2.0
22201076,2023-03-20,UTA,SAC,1,0.6,119.8,50.6,26.4,2.0,0.8,120.4,46.0,26.4,2.0
22201072,2023-03-20,PHI,CHI,0,1.0,122.4,44.4,26.6,2.0,0.8,120.4,44.2,27.2,2.0
22201075,2023-03-20,MEM,DAL,1,0.8,118.8,44.4,27.8,2.0,0.4,110.0,41.0,24.4,3.0
22201074,2023-03-20,HOU,GSW,0,0.6,111.4,44.0,22.4,1.0,0.4,122.4,47.6,28.8,2.0
22201080,2023-03-21,NOP,SAS,1,0.4,112.0,40.2,26.2,2.0,0.4,119.2,47.8,29.2,2.0
22201081,2023-03-21,SAC,BOS,0,0.6,118.8,46.8,28.2,1.0,0.6,118.0,42.8,26.6,3.0
22201079,2023-03-21,BKN,CLE,0,0.4,110.2,39.2,24.6,2.0,0.6,115.0,35.6,24.6,4.0
22201082,2023-03-21,LAC,OKC,0,0.8,114.6,43.8,24.8,2.0,0.8,113.6,45.4,20.6,2.0
22201077,2023-03-21,ORL,WAS,1,0.4,114.2,46.4,26.0,2.0,0.2,105.8,42.0,23.8,3.0
22201078,2023-03-21,ATL,DET,1,0.4,119.8,48.2,22.8,2.0,0.2,105.8,42.8,24.2,2.0
22201084,2023-03-22,MIA,NYK,1,0.6,116.4,38.8,25.6,3.0,0.6,116.0,45.8,22.2,2.0
22201085,2023-03-22,TOR,IND,0,0.6,119.6,45.2,26.2,3.0,0.4,117.4,46.2,27.6,2.0
22201087,2023-03-22,CHI,PHI,0,0.8,118.8,42.6,26.0,2.0,0.8,119.4,46.8,27.2,2.0
22201092,2023-03-22,LAL,PHX,1,0.4,112.4,43.8,23.4,3.0,0.2,114.2,40.6,27.0,3.0
22201091,2023-03-22,UTA,POR,0,0.8,122.2,50.8,28.4,2.0,0.0,110.0,39.4,23.2,3.0
22201089,2023-03-22,MIL,SAS,1,0.6,121.2,45.2,28.4,3.0,0.4,118.0,45.2,28.8,1.0
22201090,2023-03-22,MIN,ATL,1,0.4,123.2,41.8,32.0,2.0,0.4,122.8,51.2,23.0,1.0
22201083,2023-03-22,WAS,DEN,0,0.2,106.8,40.0,24.4,1.0,0.4,113.4,40.2,29.2,3.0
22201086,2023-03-22,DAL,GSW,0,0.4,110.4,41.6,24.0,2.0,0.4,121.6,44.2,28.4,2.0
22201088,2023-03-22,MEM,HOU,1,0.8,118.8,45.4,27.0,2.0,0.6,110.8,45.6,19.6,2.0
22201093,2023-03-23,ORL,NYK,1,0.4,113.4,44.0,24.6,2.0,0.6,121.0,43.4,23.8,1.0
22201094,2023-03-23,BKN,CLE,0,0.2,107.2,39.4,25.6,2.0,0.8,115.0,35.6,24.2,2.0
22201096,2023-03-23,LAC,OKC,1,0.6,113.0,44.2,24.4,2.0,0.8,111.8,47.2,21.0,2.0
22201095,2023-03-23,NOP,CHA,1,0.6,116.6,41.4,27.8,2.0,0.2,104.0,39.6,24.6,3.0
22201102,2023-03-24,UTA,MIL,0,0.6,119.0,51.8,27.8,2.0,0.8,124.0,46.4,27.6,2.0
22201097,2023-03-24,BOS,IND,1,0.6,117.6,43.4,26.2,3.0,0.4,116.8,42.4,28.2,2.0
22201103,2023-03-24,GSW,PHI,1,0.4,122.4,44.8,29.4,2.0,0.8,120.2,47.2,27.4,2.0
22201105,2023-03-24,SAC,PHX,1,0.6,115.8,46.2,27.0,3.0,0.2,112.6,40.4,25.6,2.0
22201098,2023-03-24,WAS,SAS,1,0.2,109.0,40.4,24.6,2.0,0.2,110.4,45.0,26.2,2.0
22201104,2023-03-24,POR,CHI,0,0.2,111.6,40.8,24.0,2.0,0.6,113.2,42.2,24.6,2.0
22201100,2023-03-24,MEM,HOU,1,0.8,124.0,43.2,27.8,2.0,0.4,113.6,45.6,19.6,2.0
22201106,2023-03-24,LAL,OKC,1,0.6,115.2,43.6,24.0,2.0,0.6,112.4,44.2,20.6,1.0
22201099,2023-03-24,TOR,DET,1,0.6,120.0,45.8,24.6,2.0,0.2,104.2,41.4,23.2,3.0
22201101,2023-03-24,DAL,CHA,0,0.4,113.8,39.2,24.4,2.0,0.2,101.0,38.6,24.6,1.0
22201109,2023-03-25,DEN,MIL,1,0.6,113.0,38.6,29.4,3.0,0.8,126.2,47.8,30.2,1.0
22201108,2023-03-25,MIA,BKN,0,0.8,119.0,37.6,27.4,3.0,0.0,105.6,42.2,24.0,2.0
22201107,2023-03-25,ATL,IND,1,0.4,122.6,49.8,23.8,3.0,0.4,116.4,42.8,28.4,1.0
22201110,2023-03-25,PHX,PHI,1,0.2,115.6,39.6,27.2,1.0,0.6,119.0,45.6,27.2,1.0
22201112,2023-03-25,LAC,NOP,0,0.6,117.2,44.8,26.8,2.0,0.6,114.2,43.2,26.0,2.0
22201111,2023-03-25,SAC,UTA,1,0.6,119.4,43.8,27.6,1.0,0.4,118.4,50.0,29.0,1.0
22201121,2023-03-26,GSW,MIN,0,0.6,121.2,47.4,29.2,2.0,0.4,121.0,42.8,29.6,4.0
22201118,2023-03-26,ORL,BKN,1,0.6,112.8,44.2,24.8,3.0,0.2,110.0,42.0,25.0,1.0
22201116,2023-03-26,BOS,SAS,1,0.8,119.8,45.6,28.0,2.0,0.2,109.6,43.8,28.0,2.0
22201114,2023-03-26,LAL,CHI,0,0.6,113.8,43.8,23.2,2.0,0.8,115.2,42.0,25.6,2.0
22201113,2023-03-26,CHA,DAL,1,0.4,102.8,38.6,26.0,2.0,0.4,118.0,40.0,24.8,2.0
22201117,2023-03-26,CLE,HOU,1,0.8,115.4,35.6,25.4,3.0,0.2,113.6,43.0,20.2,2.0
22201120,2023-03-26,POR,OKC,0,0.2,108.8,37.8,23.4,2.0,0.4,110.4,43.0,20.4,2.0
22201115,2023-03-26,ATL,MEM,0,0.6,128.2,48.0,27.0,1.0,1.0,130.4,42.4,29.2,2.0
22201119,2023-03-26,TOR,WAS,1,0.6,118.6,46.2,24.6,2.0,0.2,112.8,39.4,25.6,2.0
22201122,2023-03-27,DET,MIL,0,0.0,100.2,38.8,22.2,3.0,0.6,124.2,46.6,30.6,2.0
22201128,2023-03-27,SAC,MIN,0,0.6,123.4,40.8,29.2,2.0,0.6,120.4,43.4,29.2,1.0
22201126,2023-03-27,DEN,PHI,1,0.8,116.8,41.8,29.2,2.0,0.4,115.8,40.4,26.6,2.0
22201125,2023-03-27,UTA,PHX,0,0.4,118.0,49.4,28.8,2.0,0.4,119.8,40.4,29.6,2.0
22201127,2023-03-27,POR,NOP,0,0.2,109.8,37.6,22.6,1.0,0.8,118.8,44.0,28.6,2.0
22201129,2023-03-27,LAC,CHI,1,0.4,112.4,42.2,26.6,2.0,0.8,111.0,41.0,27.4,1.0
22201123,2023-03-27,IND,DAL,0,0.2,114.6,40.8,27.8,2.0,0.2,111.4,37.0,23.8,1.0
22201124,2023-03-27,NYK,HOU,1,0.4,119.8,43.0,25.4,4.0,0.0,109.0,39.8,20.2,1.0
22201132,2023-03-28,TOR,MIA,1,0.6,115.8,45.0,23.2,2.0,0.6,115.2,36.6,27.8,3.0
22201133,2023-03-28,MEM,ORL,1,1.0,129.8,39.8,29.4,2.0,0.8,114.0,44.2,25.8,2.0
22201130,2023-03-28,WAS,BOS,1,0.2,114.8,40.8,26.2,2.0,0.8,126.4,49.0,29.8,2.0
22201131,2023-03-28,ATL,CLE,1,0.4,126.6,48.6,27.0,2.0,0.8,113.0,37.8,23.6,2.0
22201135,2023-03-28,GSW,NOP,1,0.6,116.6,44.0,28.6,2.0,1.0,121.2,47.6,30.4,1.0
22201134,2023-03-28,OKC,CHA,0,0.6,111.8,43.6,21.4,2.0,0.6,104.0,42.2,25.8,2.0
22201140,2023-03-29,CHI,LAL,0,0.6,110.8,41.4,25.8,2.0,0.6,113.4,44.2,23.8,3.0
22201138,2023-03-29,NYK,MIA,1,0.4,122.6,40.4,27.8,2.0,0.4,106.0,37.0,24.8,1.0
22201136,2023-03-29,IND,MIL,0,0.2,111.2,41.2,26.2,2.0,0.8,124.8,47.8,31.0,2.0
22201144,2023-03-29,PHX,MIN,1,0.4,120.0,43.2,30.6,2.0,0.8,118.0,41.4,29.2,2.0
22201145,2023-03-29,POR,SAC,0,0.2,105.4,36.0,21.6,2.0,0.4,120.0,40.4,25.6,2.0
22201139,2023-03-29,PHI,DAL,1,0.2,109.8,42.4,24.0,2.0,0.2,114.6,36.6,24.2,2.0
22201137,2023-03-29,BKN,HOU,1,0.2,112.0,42.6,24.4,3.0,0.0,110.6,40.6,22.0,2.0
22201141,2023-03-29,MEM,LAC,0,1.0,125.8,41.8,27.6,1.0,0.6,115.6,41.0,30.2,2.0
22201143,2023-03-29,SAS,UTA,0,0.2,104.2,40.6,26.2,3.0,0.2,115.0,47.6,28.0,2.0
22201142,2023-03-29,OKC,DET,1,0.4,113.8,42.6,22.4,1.0,0.0,104.2,39.4,23.0,2.0
22201146,2023-03-30,MIL,BOS,0,0.8,131.0,49.2,29.6,1.0,0.6,123.4,46.2,29.8,2.0
22201147,2023-03-30,DEN,NOP,0,0.8,116.2,40.8,30.2,3.0,0.8,119.6,48.0,30.8,2.0
22201157,2023-03-31,MIN,LAL,0,0.8,116.6,43.8,28.6,2.0,0.8,115.6,44.8,23.6,2.0
22201154,2023-03-31,CLE,NYK,0,0.8,114.8,39.2,23.6,3.0,0.4,119.6,41.2,27.6,2.0
22201151,2023-03-31,WAS,ORL,0,0.4,117.2,40.2,27.4,3.0,0.6,113.0,44.6,26.0,3.0
22201159,2023-03-31,POR,SAC,0,0.2,101.0,37.0,20.4,2.0,0.6,120.0,43.6,26.0,2.0
22201158,2023-03-31,GSW,SAS,1,0.8,116.8,43.8,29.6,3.0,0.0,102.4,40.2,27.2,2.0
22201153,2023-03-31,BKN,ATL,1,0.4,116.2,44.2,25.8,2.0,0.6,127.0,48.6,27.8,3.0
22201148,2023-03-31,CHA,CHI,0,0.8,115.0,45.6,28.6,3.0,0.4,111.0,39.4,28.0,2.0
22201160,2023-03-31,PHX,DEN,1,0.6,117.4,44.8,29.0,2.0,0.8,111.8,42.2,28.4,1.0
22201156,2023-03-31,MEM,LAC,1,0.8,129.8,40.8,28.6,2.0,0.6,120.4,37.6,30.6,2.0
22201149,2023-03-31,IND,OKC,1,0.2,116.6,37.4,28.0,2.0,0.4,115.0,40.8,22.4,2.0
22201150,2023-03-31,PHI,TOR,1,0.4,112.0,40.2,23.6,2.0,0.6,112.6,45.4,25.0,3.0
22201152,2023-03-31,BOS,UTA,1,0.8,128.0,47.6,29.4,1.0,0.2,115.0,47.0,27.0,2.0
22201155,2023-03-31,HOU,DET,1,0.0,111.8,42.8,23.4,2.0,0.0,105.4,40.4,23.6,2.0
22201161,2023-04-01,MIA,DAL,1,0.4,104.6,36.2,24.2,3.0,0.2,114.6,37.2,24.6,3.0
22201162,2023-04-01,NOP,LAC,1,0.8,117.2,47.4,29.0,2.0,0.6,119.2,38.4,31.6,1.0
22201171,2023-04-02,HOU,LAL,0,0.2,111.0,42.4,21.6,2.0,0.8,118.0,45.0,24.2,2.0
22201173,2023-04-02,CLE,IND,1,0.6,114.6,37.6,24.0,2.0,0.2,117.2,40.8,28.6,2.0
22201174,2023-04-02,MIL,PHI,1,0.6,124.8,47.4,29.2,3.0,0.4,112.2,38.8,23.2,2.0
22201172,2023-04-02,OKC,PHX,0,0.4,117.4,41.8,21.8,2.0,0.8,115.2,47.2,30.0,2.0
22201166,2023-04-02,MIN,POR,0,0.6,110.8,44.8,26.8,2.0,0.0,98.4,35.0,20.6,2.0
22201170,2023-04-02,SAC,SAS,0,0.8,125.8,43.4,28.6,2.0,0.0,108.6,42.0,28.2,2.0
22201167,2023-04-02,ATL,DAL,1,0.4,122.6,45.6,27.2,2.0,0.2,114.0,37.2,25.6,1.0
22201175,2023-04-02,DEN,GSW,1,0.6,108.8,44.4,26.0,2.0,0.8,118.6,43.2,30.8,2.0
22201163,2023-04-02,CHA,TOR,0,0.6,110.2,45.4,28.8,2.0,0.6,112.4,44.0,25.2,2.0
22201164,2023-04-02,BKN,UTA,1,0.6,119.2,42.6,27.4,2.0,0.2,114.8,48.0,26.8,2.0
22201165,2023-04-02,CHI,MEM,1,0.6,117.0,39.4,29.4,2.0,0.8,125.4,43.8,28.2,2.0
22201168,2023-04-02,NYK,WAS,1,0.6,118.8,44.0,27.2,2.0,0.4,116.6,43.8,26.2,2.0
22201169,2023-04-02,ORL,DET,1,0.8,115.2,45.4,26.4,2.0,0.0,108.4,40.6,23.2,2.0
22201186,2023-04-04,UTA,LAL,0,0.2,113.6,48.2,26.0,2.0,0.8,120.4,48.0,26.0,2.0
22201177,2023-04-04,DET,MIA,0,0.0,107.4,41.2,23.6,2.0,0.4,108.0,35.0,23.0,3.0
22201179,2023-04-04,WAS,MIL,0,0.4,117.6,44.0,27.4,2.0,0.6,119.4,45.8,26.4,2.0
22201180,2023-04-04,BKN,MIN,0,0.8,118.6,42.2,27.6,2.0,0.4,106.8,45.8,27.2,2.0
22201184,2023-04-04,MEM,POR,1,0.6,116.6,46.2,26.8,2.0,0.2,100.6,37.2,21.8,2.0
22201185,2023-04-04,NOP,SAC,0,0.8,118.6,45.0,28.0,3.0,0.6,125.6,45.4,27.6,2.0
22201188,2023-04-04,PHX,SAS,1,1.0,115.4,46.2,29.6,2.0,0.2,118.2,43.2,29.2,2.0
22201182,2023-04-04,CHI,ATL,0,0.6,117.8,37.2,28.6,2.0,0.6,124.2,48.0,27.2,2.0
22201181,2023-04-04,PHI,BOS,1,0.4,110.6,38.4,22.4,2.0,0.8,126.0,47.4,28.2,4.0
22201178,2023-04-04,ORL,CLE,0,0.8,116.4,45.2,27.0,2.0,0.6,114.6,39.4,24.0,2.0
22201183,2023-04-04,HOU,DEN,1,0.2,110.0,43.6,21.2,2.0,0.6,107.6,45.6,25.2,2.0
22201187,2023-04-04,GSW,OKC,1,0.6,115.2,45.8,29.4,2.0,0.4,118.8,41.0,21.8,2.0
22201176,2023-04-04,CHA,TOR,0,0.6,112.6,45.2,29.2,2.0,0.8,115.2,45.0,28.6,2.0
22201196,2023-04-05,LAC,LAL,1,0.4,116.6,37.4,29.8,4.0,0.8,124.2,46.2,27.4,1.0
22201189,2023-04-05,DET,BKN,0,0.0,109.0,40.4,23.2,1.0,0.6,113.2,41.2,25.8,1.0
22201190,2023-04-05,IND,NYK,0,0.2,119.2,40.8,28.0,3.0,0.8,118.4,43.4,27.6,3.0
22201195,2023-04-05,DAL,SAC,1,0.2,118.2,37.6,25.4,3.0,0.6,125.6,45.6,28.6,1.0
22201193,2023-04-05,MIL,CHI,1,0.8,126.2,49.0,27.8,1.0,0.4,115.2,35.2,25.4,1.0
22201192,2023-04-05,BOS,TOR,1,0.6,122.2,46.2,28.2,1.0,0.8,115.6,44.0,29.0,1.0
22201194,2023-04-05,NOP,MEM,1,0.6,113.0,43.4,24.8,1.0,0.6,115.8,48.2,27.2,1.0
22201191,2023-04-05,ATL,WAS,1,0.6,120.2,49.2,25.8,1.0,0.2,116.0,43.8,27.6,1.0
22201198,2023-04-06,PHI,MIA,0,0.6,110.2,38.6,22.4,2.0,0.4,106.2,35.8,22.6,2.0
22201199,2023-04-06,SAS,POR,1,0.2,112.2,42.6,27.2,2.0,0.2,100.0,39.6,22.8,2.0
22201197,2023-04-06,ORL,CLE,0,0.6,116.8,46.0,27.0,2.0,0.6,114.8,37.4,23.8,2.0
22201201,2023-04-06,PHX,DEN,1,1.0,113.4,48.6,27.6,2.0,0.4,102.4,45.4,24.8,2.0
22201200,2023-04-06,UTA,OKC,0,0.2,117.6,47.4,25.8,2.0,0.2,120.2,40.2,21.8,2.0
22201204,2023-04-07,WAS,MIA,1,0.2,118.4,42.6,27.2,2.0,0.6,112.0,37.8,26.0,1.0
22201209,2023-04-07,NOP,NYK,1,0.6,115.8,41.6,25.6,2.0,1.0,124.8,45.0,29.2,2.0
22201207,2023-04-07,BKN,ORL,1,0.8,116.6,40.0,29.6,2.0,0.4,111.8,44.4,25.2,1.0
22201205,2023-04-07,ATL,PHI,0,0.8,123.2,49.2,26.4,2.0,0.6,108.2,37.0,23.4,1.0
22201212,2023-04-07,LAL,PHX,1,0.8,126.2,47.4,28.0,2.0,1.0,113.8,45.4,26.6,1.0
22201210,2023-04-07,DAL,CHI,0,0.4,122.0,38.0,26.6,2.0,0.4,111.2,36.0,25.8,2.0
22201211,2023-04-07,SAC,GSW,0,0.6,126.4,48.6,31.6,2.0,0.6,118.4,46.8,29.0,3.0
22201202,2023-04-07,CHA,HOU,0,0.4,109.2,45.0,28.2,3.0,0.4,116.6,47.4,21.8,3.0
22201206,2023-04-07,BOS,TOR,1,0.6,114.2,43.6,26.4,2.0,0.6,111.4,43.4,28.6,2.0
22201208,2023-04-07,MIL,MEM,0,0.8,122.0,49.6,27.4,2.0,0.4,119.4,48.2,28.6,2.0
22201203,2023-04-07,IND,DET,0,0.2,119.0,41.8,28.0,2.0,0.0,107.2,37.8,24.2,2.0
22201214,2023-04-08,SAS,MIN,0,0.4,119.4,44.4,28.6,2.0,0.4,108.4,44.8,26.4,4.0
22201215,2023-04-08,LAC,POR,1,0.6,119.6,38.8,28.6,3.0,0.2,107.4,41.0,26.6,2.0
22201213,2023-04-08,UTA,DEN,1,0.2,116.6,47.0,25.6,2.0,0.2,102.2,44.6,22.8,2.0
22201221,2023-04-09,TOR,MIL,1,0.4,110.6,41.0,26.4,2.0,0.6,115.0,46.8,27.8,2.0
22201219,2023-04-09,MIA,ORL,1,0.6,115.2,38.6,27.6,2.0,0.4,107.0,46.4,23.8,2.0
22201220,2023-04-09,NYK,IND,0,0.8,118.4,44.6,26.0,2.0,0.2,121.2,41.6,29.8,2.0
22201217,2023-04-09,BKN,PHI,0,0.8,112.2,40.8,28.4,2.0,0.6,112.2,38.8,24.8,2.0
22201227,2023-04-09,DEN,SAC,1,0.2,107.4,44.8,25.0,1.0,0.4,121.8,44.8,30.4,2.0
22201224,2023-04-09,DAL,SAS,0,0.2,119.0,40.0,25.4,2.0,0.4,122.2,45.6,29.2,1.0
22201216,2023-04-09,BOS,ATL,1,0.8,116.2,46.6,28.0,2.0,0.6,125.4,46.6,27.8,2.0
22201225,2023-04-09,MIN,NOP,1,0.4,114.8,45.8,28.2,1.0,0.8,116.6,42.0,25.0,2.0
22201230,2023-04-09,POR,GSW,0,0.2,116.4,38.8,29.4,1.0,0.8,123.0,48.8,31.2,2.0
22201222,2023-04-09,WAS,HOU,0,0.2,115.2,44.0,25.2,2.0,0.6,116.0,49.0,21.2,2.0
22201229,2023-04-09,PHX,LAC,0,0.8,113.8,45.2,26.6,2.0,0.6,122.0,41.6,26.4,1.0
22201228,2023-04-09,LAL,UTA,1,0.8,126.2,49.2,28.6,2.0,0.2,114.6,49.8,26.0,1.0
22201226,2023-04-09,OKC,MEM,1,0.4,116.2,42.4,22.6,3.0,0.6,120.4,48.0,31.2,2.0
22201223,2023-04-09,CHI,DET,1,0.6,112.2,39.6,24.4,2.0,0.2,110.4,37.8,23.6,2.0
22201218,2023-04-09,CLE,CHA,0,0.6,116.8,37.6,26.0,3.0,0.2,109.0,41.6,27.2,2.0
22300061,2023-10-24,DEN,LAL,1,0.4,110.6,44.8,26.2,198.0,0.8,127.2,48.4,28.6,198.0
22300062,2023-10-24,GSW,PHX,0,0.8,130.4,52.2,34.2,198.0,0.6,116.6,44.4,26.8,198.0
22300063,2023-10-25,CHA,ATL,1,0.2,102.8,41.0,25.0,199.0,0.6,126.8,47.4,28.6,199.0
22300065,2023-10-25,NYK,BOS,0,0.6,125.4,45.8,27.4,199.0,0.8,112.2,46.6,29.0,199.0
22300067,2023-10-25,BKN,CLE,0,0.6,108.4,41.0,26.2,199.0,0.6,112.2,38.4,27.4,199.0
22300071,2023-10-25,MEM,NOP,0,0.4,118.8,46.4,31.2,199.0,0.6,116.8,42.6,24.2,199.0
22300073,2023-10-25,SAS,DAL,0,0.6,126.8,50.2,30.0,199.0,0.2,120.8,41.2,26.2,199.0
22300066,2023-10-25,ORL,HOU,1,0.2,105.8,45.4,24.4,199.0,0.8,116.0,48.8,21.8,199.0
22300069,2023-10-25,TOR,MIN,1,0.6,112.8,43.2,27.0,199.0,0.6,117.4,43.4,28.4,199.0
22300074,2023-10-25,LAC,POR,1,0.6,117.6,45.8,25.2,199.0,0.2,113.8,38.2,28.6,199.0
22300072,2023-10-25,UTA,SAC,0,0.2,115.2,48.4,27.6,199.0,0.2,113.2,43.4,27.6,199.0
22300070,2023-10-25,CHI,OKC,0,0.6,108.6,40.8,23.6,199.0,0.4,117.8,44.6,24.8,199.0
22300064,2023-10-25,IND,WAS,1,0.4,122.2,44.6,29.2,199.0,0.2,115.2,44.0,26.0,199.0
22300068,2023-10-25,MIA,DET,1,0.8,121.4,40.4,29.6,199.0,0.2,103.6,41.6,22.8,199.0
22300075,2023-10-26,MIL,PHI,1,0.6,116.2,45.4,29.0,200.0,0.6,115.6,41.4,25.4,200.0
22300076,2023-10-26,LAL,PHX,1,0.6,121.8,47.0,26.0,2.0,0.6,112.6,48.8,25.2,2.0
22300078,2023-10-27,MEM,DEN,0,0.4,118.2,44.4,30.0,2.0,0.4,112.0,43.8,27.2,3.0
22300087,2023-10-27,SAC,GSW,0,0.4,112.4,43.8,28.6,2.0,0.6,125.2,53.0,30.6,3.0
22300083,2023-10-27,SAS,HOU,1,0.4,122.2,48.8,30.4,2.0,0.6,109.0,45.8,22.0,2.0
22300085,2023-10-27,UTA,LAC,1,0.2,116.0,48.8,27.2,2.0,0.8,123.4,44.8,27.2,2.0
22300080,2023-10-27,BOS,MIA,1,0.8,109.4,47.4,27.2,2.0,0.8,116.2,42.8,28.6,2.0
22300084,2023-10-27,DAL,BKN,1,0.4,121.6,44.6,24.6,2.0,0.4,108.8,43.0,27.2,2.0
22300079,2023-10-27,ATL,NYK,0,0.4,122.4,45.2,27.8,2.0,0.4,120.2,45.6,27.4,2.0
22300086,2023-10-27,POR,ORL,0,0.0,114.6,37.8,26.8,2.0,0.2,103.4,48.6,22.2,2.0
22300081,2023-10-27,CLE,OKC,0,0.8,111.8,39.4,25.8,2.0,0.6,119.2,44.2,26.6,2.0
22300082,2023-10-27,CHI,TOR,1,0.4,103.8,42.0,23.0,2.0,0.6,106.6,43.6,24.8,2.0
22300077,2023-10-27,CHA,DET,0,0.4,107.8,44.0,26.4,2.0,0.2,103.6,45.2,24.0,2.0
22300088,2023-10-28,DET,CHI,1,0.4,104.8,48.8,25.4,1.0,0.6,103.6,46.0,23.4,1.0
22300093,2023-10-28,MIN,MIA,1,0.6,114.0,48.0,27.4,3.0,0.6,114.8,45.2,28.2,1.0
22300090,2023-10-28,NOP,NYK,1,0.6,114.6,45.0,24.4,3.0,0.4,121.8,46.8,27.2,1.0
22300091,2023-10-28,CLE,IND,0,0.6,109.8,40.4,25.2,1.0,0.4,126.6,43.6,30.8,3.0
22300092,2023-10-28,TOR,PHI,0,0.4,103.2,46.0,24.4,1.0,0.6,118.2,42.0,26.6,2.0
22300094,2023-10-28,PHX,UTA,1,0.4,108.6,47.2,23.4,2.0,0.4,113.4,49.6,26.8,1.0
22300089,2023-10-28,WAS,MEM,1,0.2,117.4,45.4,26.4,3.0,0.2,115.2,44.2,28.4,1.0
22300097,2023-10-29,MIL,ATL,0,0.6,116.4,45.6,27.4,3.0,0.2,121.8,44.4,28.2,2.0
22300095,2023-10-29,OKC,DEN,0,0.8,117.2,45.4,26.8,2.0,0.6,113.0,42.4,27.4,2.0
22300096,2023-10-29,HOU,GSW,0,0.6,111.6,45.6,23.4,2.0,0.8,127.6,49.4,31.8,2.0
22300100,2023-10-29,SAC,LAL,1,0.2,111.0,43.4,26.4,2.0,0.6,114.8,46.6,25.4,3.0
22300098,2023-10-29,PHI,POR,1,0.6,120.4,43.0,27.4,1.0,0.0,112.2,37.4,25.2,2.0
22300099,2023-10-29,LAC,SAS,1,0.8,124.2,44.6,25.6,2.0,0.6,128.6,49.8,31.8,2.0
22300103,2023-10-30,WAS,BOS,0,0.4,114.4,46.0,25.2,2.0,1.0,113.0,49.8,25.6,3.0
22300102,2023-10-30,IND,CHI,0,0.6,130.6,44.4,33.8,2.0,0.6,105.6,45.0,21.0,2.0
22300106,2023-10-30,MEM,DAL,0,0.2,110.2,43.4,27.2,2.0,0.6,120.6,43.2,23.8,3.0
22300108,2023-10-30,NOP,GSW,0,0.8,113.2,46.2,24.4,2.0,0.8,121.6,48.4,32.2,1.0
22300107,2023-10-30,MIL,MIA,1,0.4,110.4,42.2,25.2,1.0,0.4,107.0,45.2,25.2,2.0
22300104,2023-10-30,ATL,MIN,1,0.2,120.4,44.0,28.6,1.0,0.8,114.2,48.0,27.6,2.0
22300101,2023-10-30,CHA,BKN,0,0.4,106.0,44.8,25.2,3.0,0.4,112.4,44.4,29.0,3.0
22300111,2023-10-30,LAL,ORL,1,0.6,116.6,48.4,25.4,1.0,0.4,101.2,48.2,21.6,3.0
22300105,2023-10-30,TOR,POR,0,0.4,106.0,44.2,26.0,2.0,0.0,106.4,38.6,22.2,1.0
22300110,2023-10-30,DEN,UTA,1,0.8,115.6,44.4,29.4,1.0,0.4,114.6,49.6,27.2,2.0
22300109,2023-10-30,OKC,DET,1,0.8,111.2,43.6,26.6,1.0,0.6,106.8,52.6,25.8,2.0
22300112,2023-10-31,CLE,NYK,0,0.4,109.0,44.6,26.4,3.0,0.2,111.6,48.2,24.2,3.0
22300114,2023-10-31,LAC,ORL,1,0.8,123.8,46.6,25.6,2.0,0.4,103.0,49.2,23.0,1.0
22300113,2023-10-31,PHX,SAS,0,0.4,110.0,48.4,24.4,3.0,0.4,119.4,47.8,30.2,2.0
22300120,2023-11-01,NYK,CLE,0,0.4,112.4,50.4,24.0,1.0,0.2,103.6,45.4,24.0,1.0
22300121,2023-11-01,OKC,NOP,0,0.8,113.2,42.4,25.0,2.0,0.6,106.0,45.2,22.0,2.0
22300124,2023-11-01,DAL,CHI,1,0.6,121.0,45.0,23.8,2.0,0.6,105.0,43.8,20.0,2.0
22300123,2023-11-01,MIN,DEN,1,0.6,115.4,46.8,28.2,2.0,1.0,114.8,44.8,29.4,2.0
22300127,2023-11-01,LAL,LAC,1,0.6,113.6,45.6,26.0,2.0,0.8,120.2,45.2,25.4,1.0
22300116,2023-11-01,TOR,MIL,1,0.4,103.8,46.6,25.6,2.0,0.4,113.8,40.2,24.8,2.0
22300119,2023-11-01,MIA,BKN,0,0.4,108.2,43.8,25.4,2.0,0.4,114.4,46.0,26.8,2.0
22300118,2023-11-01,BOS,IND,1,1.0,118.8,50.4,27.8,2.0,0.6,125.8,46.4,32.4,2.0
22300115,2023-11-01,DET,POR,0,0.4,104.8,52.4,27.2,2.0,0.2,101.2,42.0,19.8,2.0
22300126,2023-11-01,GSW,SAC,1,0.8,123.8,51.8,30.6,2.0,0.4,113.6,41.4,26.2,3.0
22300125,2023-11-01,UTA,MEM,1,0.2,111.4,48.0,27.2,2.0,0.0,104.8,43.4,23.8,2.0
22300117,2023-11-01,ATL,WAS,1,0.4,119.6,43.6,27.8,2.0,0.4,112.6,46.2,25.8,2.0
22300122,2023-11-01,HOU,CHA,1,0.4,105.8,43.0,23.2,3.0,0.4,110.2,44.2,26.4,2.0
22300130,2023-11-02,UTA,ORL,0,0.4,114.6,49.0,28.0,1.0,0.4,106.6,45.8,24.2,2.0
22300131,2023-11-02,PHX,SAS,0,0.4,111.4,47.6,25.6,2.0,0.6,116.2,46.2,28.4,2.0
22300128,2023-11-02,PHI,TOR,1,0.8,125.4,46.8,28.4,4.0,0.4,105.6,47.6,26.8,1.0
22300129,2023-11-02,NOP,DET,1,0.6,105.4,48.2,21.2,1.0,0.4,108.8,48.2,28.0,1.0
22300001,2023-11-03,IND,CLE,1,0.6,123.6,44.2,31.8,2.0,0.4,103.6,45.8,23.0,2.0
22300006,2023-11-03,DEN,DAL,1,0.8,110.8,43.2,29.0,2.0,0.8,121.4,45.4,23.8,2.0
22300005,2023-11-03,OKC,GSW,0,0.6,111.4,42.4,23.6,2.0,0.8,112.8,47.4,27.6,2.0
22300004,2023-11-03,CHI,BKN,0,0.4,105.4,42.8,19.6,2.0,0.4,116.0,46.4,26.8,2.0
22300002,2023-11-03,MIL,NYK,1,0.4,113.2,38.4,22.6,2.0,0.4,103.0,49.8,21.8,2.0
22300007,2023-11-03,POR,MEM,1,0.4,103.0,44.8,19.4,2.0,0.0,106.6,43.2,23.8,2.0
22300003,2023-11-03,MIA,WAS,1,0.2,104.6,44.2,23.8,2.0,0.2,114.0,43.2,27.6,2.0
22300135,2023-11-04,NOP,ATL,0,0.8,108.8,45.6,23.0,2.0,0.6,122.8,45.0,27.6,3.0
22300136,2023-11-04,BKN,BOS,0,0.6,116.8,45.8,28.8,1.0,1.0,125.6,51.2,25.8,3.0
22300139,2023-11-04,DEN,CHI,1,0.8,112.0,45.0,29.8,1.0,0.4,106.0,42.8,18.6,1.0
22300134,2023-11-04,ORL,LAL,1,0.6,107.6,45.8,23.8,2.0,0.6,114.0,46.0,26.0,3.0
22300132,2023-11-04,PHI,PHX,1,0.8,121.0,45.6,26.0,2.0,0.4,112.8,45.0,25.0,2.0
22300137,2023-11-04,HOU,SAC,1,0.4,109.0,41.0,26.0,3.0,0.4,114.4,43.0,26.2,3.0
22300138,2023-11-04,MIN,UTA,1,0.6,107.2,47.2,23.8,3.0,0.4,114.4,47.8,29.0,2.0
22300133,2023-11-04,IND,CHA,0,0.6,119.6,43.4,30.8,1.0,0.4,112.2,44.8,26.2,3.0
22300142,2023-11-05,CLE,GSW,1,0.2,104.0,45.2,23.4,2.0,1.0,120.2,45.2,31.0,2.0
22300140,2023-11-05,DET,PHX,0,0.4,111.6,46.6,28.4,3.0,0.2,111.2,41.4,24.8,1.0
22300141,2023-11-05,SAS,TOR,0,0.6,115.0,40.6,29.6,3.0,0.2,106.0,46.4,27.4,3.0
22300144,2023-11-05,POR,MEM,0,0.6,103.8,46.8,19.2,2.0,0.0,108.4,45.4,25.0,2.0
22300143,2023-11-05,DAL,CHA,1,0.8,120.8,43.0,23.6,2.0,0.4,116.0,43.2,26.2,1.0
22300155,2023-11-06,OKC,ATL,1,0.4,114.4,40.2,22.8,3.0,0.8,125.4,47.0,28.4,2.0
22300154,2023-11-06,MIN,BOS,1,0.6,109.2,47.4,23.8,2.0,1.0,126.4,51.8,23.6,2.0
22300156,2023-11-06,DEN,NOP,1,0.8,115.0,46.8,30.6,2.0,0.6,107.6,42.2,23.4,2.0
22300147,2023-11-06,ORL,DAL,0,0.6,108.4,44.6,25.8,2.0,0.8,120.4,42.8,25.0,1.0
22300145,2023-11-06,DET,GSW,0,0.2,110.6,42.6,27.8,1.0,0.8,116.6,46.2,29.8,1.0
22300151,2023-11-06,NYK,LAC,1,0.4,103.2,51.6,20.6,3.0,0.6,121.4,43.8,25.4,5.0
22300150,2023-11-06,MIA,LAL,1,0.2,108.2,42.0,26.4,3.0,0.6,112.8,45.2,24.8,2.0
22300149,2023-11-06,BKN,MIL,0,0.6,117.0,44.2,27.2,2.0,0.6,114.2,39.0,21.8,3.0
22300153,2023-11-06,HOU,SAC,1,0.4,107.6,41.4,26.8,2.0,0.4,113.2,44.8,25.4,2.0
22300146,2023-11-06,IND,SAS,1,0.4,115.8,40.4,29.4,2.0,0.6,114.4,40.8,29.0,1.0
22300152,2023-11-06,CHI,UTA,1,0.2,105.4,39.8,20.6,2.0,0.2,109.4,46.6,27.6,2.0
22300148,2023-11-06,PHI,WAS,1,0.8,116.6,45.8,24.6,2.0,0.2,115.0,39.0,28.6,3.0
22300159,2023-11-08,PHI,BOS,1,1.0,122.4,47.0,27.0,2.0,0.8,126.6,51.6,24.0,2.0
22300167,2023-11-08,OKC,CLE,1,0.4,118.0,40.6,23.8,2.0,0.4,106.0,46.4,24.6,3.0
22300166,2023-11-08,MIN,NOP,1,0.8,113.2,44.0,25.0,2.0,0.4,111.6,41.2,24.2,2.0
22300169,2023-11-08,DEN,GSW,1,0.8,116.2,46.2,31.2,2.0,0.8,119.4,45.2,29.6,2.0
22300160,2023-11-08,BKN,LAC,1,0.6,118.0,44.0,25.6,2.0,0.4,116.2,41.0,22.4,2.0
22300163,2023-11-08,HOU,LAL,1,0.6,114.8,43.0,28.6,2.0,0.4,114.2,44.4,25.6,2.0
22300164,2023-11-08,MEM,MIA,0,0.2,110.0,45.6,26.0,3.0,0.4,107.6,41.8,27.6,2.0
22300162,2023-11-08,CHI,PHX,0,0.4,111.0,40.4,22.6,2.0,0.4,116.2,40.2,27.4,3.0
22300170,2023-11-08,SAC,POR,1,0.2,106.6,42.6,24.0,2.0,0.6,104.4,46.8,20.8,3.0
22300161,2023-11-08,NYK,SAS,1,0.4,100.2,52.2,20.2,2.0,0.4,111.4,39.4,27.8,2.0
22300168,2023-11-08,DAL,TOR,0,0.8,118.8,41.0,25.2,2.0,0.4,110.0,45.2,28.2,3.0
22300158,2023-11-08,IND,UTA,1,0.4,121.2,40.6,29.8,2.0,0.2,111.2,48.0,28.8,2.0
22300157,2023-11-08,CHA,WAS,0,0.2,116.4,41.6,25.4,3.0,0.2,116.6,37.6,29.2,2.0
22300165,2023-11-08,MIL,DET,1,0.6,116.4,40.0,23.0,2.0,0.0,108.8,39.8,26.6,2.0
22300172,2023-11-09,ORL,ATL,0,0.4,108.4,43.2,26.8,3.0,0.8,124.8,50.0,28.2,3.0
22300171,2023-11-09,IND,MIL,1,0.6,127.0,40.4,29.8,1.0,0.8,118.4,39.4,22.4,1.0
22300011,2023-11-10,HOU,NOP,1,0.8,116.0,45.8,27.8,2.0,0.4,111.4,41.4,24.2,2.0
22300014,2023-11-10,DAL,LAC,1,0.6,117.0,39.0,25.4,2.0,0.4,111.2,44.0,23.4,2.0
22300015,2023-11-10,PHX,LAL,0,0.4,114.2,43.2,27.6,2.0,0.4,107.6,40.6,24.2,2.0
22300013,2023-11-10,SAS,MIN,0,0.4,115.8,41.2,29.8,2.0,0.8,116.4,44.2,25.0,2.0
22300010,2023-11-10,BOS,BKN,1,0.6,123.4,49.2,25.6,2.0,0.6,111.4,44.6,25.0,2.0
22300008,2023-11-10,DET,PHI,0,0.0,110.0,42.2,26.0,2.0,1.0,120.8,49.8,26.0,2.0
22300016,2023-11-10,SAC,OKC,1,0.4,108.0,44.4,25.6,2.0,0.6,124.6,43.0,24.0,2.0
22300012,2023-11-10,MEM,UTA,0,0.2,109.2,44.2,24.6,2.0,0.2,114.4,47.2,28.0,2.0
22300009,2023-11-10,WAS,CHA,0,0.2,120.4,36.6,29.6,2.0,0.2,119.8,42.8,24.8,2.0
22300176,2023-11-11,GSW,CLE,0,0.6,114.4,42.2,28.2,3.0,0.4,107.4,44.4,24.0,3.0
22300175,2023-11-11,ATL,MIA,0,0.8,123.4,48.0,26.2,2.0,0.6,111.2,42.2,27.2,3.0
22300173,2023-11-11,ORL,MIL,1,0.4,111.6,43.8,25.0,2.0,0.6,118.8,39.0,22.2,2.0
22300174,2023-11-11,BOS,TOR,1,0.6,122.4,49.4,25.2,1.0,0.6,114.0,47.0,28.0,3.0
22300183,2023-11-12,NOP,DAL,0,0.2,109.6,39.6,22.0,2.0,0.6,123.0,38.2,26.8,2.0
22300182,2023-11-12,HOU,DEN,1,1.0,117.8,45.8,27.4,2.0,0.8,115.8,46.6,29.6,4.0
22300184,2023-11-12,SAS,MIA,0,0.2,114.8,41.4,30.6,2.0,0.8,111.8,42.0,26.4,1.0
22300186,2023-11-12,GSW,MIN,0,0.4,116.0,46.0,27.0,1.0,1.0,117.2,46.8,24.8,2.0
22300180,2023-11-12,PHI,IND,1,1.0,118.4,48.8,25.0,2.0,0.8,131.4,42.2,30.0,3.0
22300187,2023-11-12,LAL,POR,1,0.4,110.8,41.2,24.0,2.0,0.6,108.4,45.6,22.2,4.0
22300185,2023-11-12,PHX,OKC,0,0.4,115.2,45.0,26.2,2.0,0.4,119.4,41.8,24.2,2.0
22300179,2023-11-12,LAC,MEM,0,0.2,111.8,43.8,23.0,2.0,0.2,111.4,42.8,24.8,2.0
22300178,2023-11-12,BKN,WAS,1,0.4,111.0,44.4,24.8,2.0,0.2,122.4,35.8,30.0,2.0
22300181,2023-11-12,CHI,DET,1,0.2,111.6,39.4,24.8,4.0,0.0,111.0,44.2,26.8,2.0
22300177,2023-11-12,NYK,CHA,1,0.6,108.0,49.8,22.0,4.0,0.4,120.4,48.4,24.4,2.0
22300191,2023-11-13,SAC,CLE,1,0.4,102.6,45.4,25.2,3.0,0.6,112.8,44.2,24.8,2.0
22300190,2023-11-13,MIL,CHI,1,0.6,116.0,40.4,23.4,2.0,0.4,114.4,38.8,25.4,1.0
22300188,2023-11-13,BOS,NYK,1,0.6,114.8,47.2,25.8,2.0,0.6,112.0,48.2,23.4,1.0
22300189,2023-11-13,TOR,WAS,1,0.6,114.6,45.0,29.2,2.0,0.2,117.0,37.2,27.6,1.0
22300018,2023-11-14,DET,ATL,0,0.0,109.4,44.4,26.0,2.0,0.6,119.8,50.4,25.2,3.0
22300022,2023-11-14,NOP,DAL,1,0.0,109.4,43.2,22.8,2.0,0.8,127.4,39.8,27.2,2.0
22300024,2023-11-14,DEN,LAC,1,0.8,118.8,47.8,29.8,2.0,0.0,108.4,43.2,22.4,2.0
22300017,2023-11-14,CHA,MIA,0,0.4,118.0,46.8,24.4,2.0,1.0,114.4,41.0,27.2,2.0
22300025,2023-11-14,GSW,MIN,0,0.2,109.8,48.6,24.6,2.0,1.0,118.4,46.8,26.2,2.0
22300020,2023-11-14,BKN,ORL,1,0.4,109.6,49.8,22.8,2.0,0.6,113.6,44.4,25.2,3.0
22300019,2023-11-14,PHI,IND,0,1.0,123.0,50.4,26.4,2.0,0.6,132.4,40.6,30.6,2.0
22300023,2023-11-14,UTA,POR,1,0.2,113.2,44.8,26.6,4.0,0.4,110.6,43.0,24.0,2.0
22300021,2023-11-14,OKC,SAS,1,0.6,120.4,38.6,24.2,2.0,0.0,111.0,43.2,30.2,2.0
22300026,2023-11-14,LAL,MEM,1,0.4,108.0,39.2,23.8,2.0,0.4,110.6,42.6,24.8,2.0
22300194,2023-11-15,PHI,BOS,0,0.8,125.8,47.8,26.0,1.0,0.6,112.8,44.6,26.8,2.0
22300199,2023-11-15,POR,CLE,0,0.2,108.4,42.8,24.0,1.0,0.4,117.8,42.8,25.2,2.0
22300192,2023-11-15,WAS,DAL,0,0.2,115.6,38.8,27.4,2.0,0.6,124.6,39.4,26.0,1.0
22300195,2023-11-15,TOR,MIL,0,0.6,110.8,44.6,27.8,2.0,0.6,117.6,42.8,23.2,2.0
22300197,2023-11-15,PHX,MIN,1,0.4,110.8,48.4,25.0,3.0,1.0,114.6,46.6,26.0,1.0
22300193,2023-11-15,ATL,NYK,0,0.6,119.0,47.2,25.6,1.0,0.6,113.8,45.6,23.2,2.0
22300196,2023-11-15,CHI,ORL,0,0.4,114.8,39.8,26.0,2.0,0.4,111.4,43.2,24.4,1.0
22300198,2023-11-15,LAL,SAC,0,0.6,114.6,42.0,26.4,1.0,0.6,108.8,43.2,26.8,2.0
22300200,2023-11-16,MIA,BKN,1,1.0,112.4,42.0,25.4,2.0,0.6,111.6,50.2,22.8,2.0
22300201,2023-11-16,GSW,OKC,0,0.2,109.2,49.0,25.0,2.0,0.8,117.2,40.2,25.8,2.0
22300031,2023-11-17,TOR,BOS,0,0.6,113.4,47.4,27.4,2.0,0.8,114.4,44.6,27.4,2.0
22300034,2023-11-17,NOP,DEN,1,0.2,114.6,44.6,24.6,3.0,0.8,116.0,44.8,28.4,3.0
22300037,2023-11-17,LAC,HOU,1,0.0,105.0,42.4,22.2,3.0,1.0,113.6,47.2,24.4,5.0
22300036,2023-11-17,POR,LAL,0,0.0,104.4,38.8,25.0,2.0,0.6,115.2,43.0,25.8,2.0
22300027,2023-11-17,CHA,MIL,0,0.2,114.0,47.6,24.0,3.0,0.6,117.4,41.4,23.0,2.0
22300028,2023-11-17,WAS,NYK,0,0.2,113.4,40.4,25.8,2.0,0.8,116.0,42.8,25.4,2.0
22300033,2023-11-17,CHI,ORL,0,0.4,113.4,43.0,23.6,2.0,0.4,106.6,42.2,22.6,2.0
22300029,2023-11-17,ATL,PHI,0,0.4,117.2,42.8,25.6,2.0,0.6,118.0,47.0,22.2,2.0
22300035,2023-11-17,UTA,PHX,0,0.4,113.6,45.6,26.4,3.0,0.6,117.4,46.4,26.8,2.0
22300032,2023-11-17,SAS,SAC,0,0.0,105.2,42.6,29.0,3.0,0.8,116.0,43.6,29.0,2.0
22300030,2023-11-17,CLE,DET,1,0.6,116.4,45.2,24.4,2.0,0.0,112.2,46.2,28.2,3.0
22300205,2023-11-18,MIL,DAL,1,0.6,119.4,44.0,25.6,1.0,0.6,127.2,42.4,28.2,3.0
22300204,2023-11-18,CHI,MIA,1,0.2,106.8,42.6,22.2,1.0,1.0,115.2,39.6,24.6,2.0
22300203,2023-11-18,NOP,MIN,0,0.4,114.4,44.8,26.4,1.0,0.8,114.8,45.6,24.4,3.0
22300202,2023-11-18,CHA,NYK,0,0.2,110.2,47.6,21.6,1.0,0.8,117.8,42.8,25.0,1.0
22300207,2023-11-18,GSW,OKC,0,0.0,107.0,50.0,25.2,2.0,0.8,117.6,38.8,26.6,2.0
22300206,2023-11-18,SAS,MEM,0,0.0,107.0,43.8,30.4,1.0,0.4,109.4,39.6,24.6,4.0
22300213,2023-11-19,MEM,BOS,0,0.4,111.0,38.8,23.8,1.0,1.0,115.4,44.8,27.6,2.0
22300210,2023-11-19,CLE,DEN,1,0.6,115.0,42.2,23.4,2.0,0.6,113.4,45.2,29.6,2.0
22300216,2023-11-19,LAL,HOU,1,0.8,117.8,45.0,27.2,2.0,0.8,112.2,46.0,23.6,2.0
22300209,2023-11-19,IND,ORL,0,0.8,134.0,41.6,30.8,5.0,0.6,106.8,43.8,22.0,2.0
22300208,2023-11-19,BKN,PHI,0,0.6,109.6,49.0,24.2,3.0,0.6,122.0,44.4,24.6,2.0
22300214,2023-11-19,UTA,PHX,0,0.4,120.2,45.6,27.8,2.0,0.6,119.6,45.0,28.0,2.0
22300212,2023-11-19,DAL,SAC,0,0.6,129.0,44.6,28.6,1.0,1.0,122.4,45.2,30.8,2.0
22300215,2023-11-19,POR,OKC,0,0.0,103.4,39.0,23.8,2.0,0.8,118.0,40.0,27.2,1.0
22300211,2023-11-19,TOR,DET,1,0.4,109.8,46.2,27.4,2.0,0.0,110.4,48.6,27.6,2.0
22300217,2023-11-20,CHA,BOS,1,0.2,108.6,45.4,24.0,2.0,1.0,111.6,43.4,25.8,1.0
22300218,2023-11-20,DET,DEN,0,0.0,109.4,46.2,27.0,1.0,0.4,108.4,42.8,26.8,1.0
22300224,2023-11-20,GSW,HOU,1,0.0,110.6,50.0,27.6,2.0,0.6,108.6,45.0,25.0,1.0
22300223,2023-11-20,SAS,LAC,0,0.0,107.6,42.6,29.4,2.0,0.2,106.8,45.6,22.4,3.0
22300220,2023-11-20,CHI,MIA,0,0.4,104.2,43.6,21.0,2.0,0.8,113.0,37.6,24.8,2.0
22300219,2023-11-20,WAS,MIL,0,0.0,106.8,38.8,25.6,3.0,0.8,121.0,44.0,26.8,2.0
22300221,2023-11-20,MIN,NYK,1,0.8,114.6,42.6,24.2,2.0,0.8,117.0,42.8,24.8,2.0
22300222,2023-11-20,NOP,SAC,1,0.4,118.2,44.8,27.2,2.0,1.0,124.0,44.8,31.2,1.0
22300040,2023-11-21,PHI,CLE,0,0.6,123.4,44.0,26.4,2.0,0.8,115.2,43.4,24.2,2.0
22300039,2023-11-21,ATL,IND,0,0.4,117.0,38.8,25.0,4.0,0.6,126.8,39.8,28.0,2.0
22300041,2023-11-21,PHX,POR,1,0.6,124.4,43.0,28.8,2.0,0.0,98.0,38.0,22.8,2.0
22300038,2023-11-21,ORL,TOR,1,0.8,108.6,42.8,22.4,2.0,0.4,112.8,45.6,30.8,2.0
22300042,2023-11-21,LAL,UTA,1,0.8,114.4,44.8,27.0,2.0,0.4,125.0,47.0,26.8,2.0
22300234,2023-11-22,OKC,CHI,1,1.0,125.2,41.0,28.4,3.0,0.2,100.4,42.8,20.8,2.0
22300238,2023-11-22,LAL,DAL,0,0.8,117.4,47.0,28.6,1.0,0.4,122.8,44.4,27.2,3.0
22300226,2023-11-22,ORL,DEN,1,0.8,111.4,42.2,23.8,1.0,0.4,108.2,42.4,28.0,2.0
22300236,2023-11-22,PHX,GSW,1,0.8,124.6,40.2,29.6,1.0,0.2,112.8,47.6,27.6,2.0
22300235,2023-11-22,SAS,LAC,0,0.0,105.4,44.8,28.2,2.0,0.4,113.0,45.6,24.0,2.0
22300229,2023-11-22,CLE,MIA,0,0.8,116.0,45.6,26.2,1.0,0.8,113.2,38.4,26.4,2.0
22300228,2023-11-22,BOS,MIL,1,0.8,111.8,43.8,23.6,2.0,1.0,130.0,47.8,28.4,2.0
22300227,2023-11-22,ATL,BKN,1,0.2,123.4,39.4,26.2,1.0,0.4,109.4,48.2,24.6,3.0
22300232,2023-11-22,MIN,PHI,1,0.8,114.6,41.2,25.6,2.0,0.4,119.8,42.0,24.6,1.0
22300233,2023-11-22,NOP,SAC,1,0.6,123.8,46.0,32.4,2.0,0.8,121.6,41.6,31.0,2.0
22300230,2023-11-22,IND,TOR,0,0.6,131.4,36.4,29.8,1.0,0.4,115.4,45.8,31.6,1.0
22300237,2023-11-22,POR,UTA,1,0.0,97.4,36.4,21.0,1.0,0.4,121.2,46.0,26.6,1.0
22300231,2023-11-22,HOU,MEM,1,0.4,106.2,43.2,25.4,2.0,0.4,110.6,39.6,25.4,3.0
22300225,2023-11-22,CHA,WAS,1,0.2,108.0,43.4,23.6,2.0,0.0,109.2,36.8,25.8,2.0
22300043,2023-11-24,ORL,BOS,1,1.0,115.4,43.0,24.6,2.0,0.8,112.8,45.0,23.6,2.0
22300052,2023-11-24,LAC,NOP,0,0.6,109.6,46.2,25.6,2.0,0.8,122.4,44.8,30.8,2.0
22300046,2023-11-24,TOR,CHI,1,0.4,119.6,45.4,31.2,2.0,0.2,99.0,41.0,20.4,2.0
22300048,2023-11-24,HOU,DEN,1,0.4,107.6,44.6,25.8,2.0,0.4,111.2,41.0,29.0,2.0
22300045,2023-11-24,NYK,MIA,1,0.6,111.2,44.8,23.0,4.0,0.8,115.4,38.4,27.2,2.0
22300044,2023-11-24,MEM,PHX,0,0.4,104.6,41.4,24.2,2.0,1.0,129.4,38.6,30.0,2.0
22300050,2023-11-24,MIN,SAC,0,0.8,113.8,41.4,25.8,2.0,0.6,117.6,41.8,29.0,2.0
22300051,2023-11-24,GSW,SAS,1,0.2,113.8,46.0,28.6,2.0,0.0,103.2,43.6,26.4,2.0
22300049,2023-11-24,MIL,WAS,1,0.8,129.6,46.6,28.4,2.0,0.0,113.2,37.8,27.0,2.0
22300047,2023-11-24,IND,DET,1,0.4,132.4,34.6,31.0,2.0,0.0,108.8,45.2,25.6,4.0
22300241,2023-11-25,WAS,ATL,0,0.0,117.4,39.4,26.4,1.0,0.4,131.0,41.4,26.4,3.0
22300243,2023-11-25,UTA,NOP,1,0.2,116.8,47.2,26.0,3.0,0.8,119.4,46.4,29.4,1.0
22300244,2023-11-25,LAC,DAL,1,0.6,110.6,45.8,25.8,1.0,0.4,116.4,45.6,25.6,3.0
22300242,2023-11-25,CLE,LAL,0,0.8,111.2,44.6,26.4,3.0,0.6,110.8,46.4,27.8,3.0
22300240,2023-11-25,BKN,MIA,1,0.4,117.0,50.8,25.0,3.0,0.6,112.8,38.2,26.0,1.0
22300239,2023-11-25,OKC,PHI,0,1.0,126.2,43.4,28.6,3.0,0.4,114.4,44.0,24.4,3.0
22300246,2023-11-26,BOS,ATL,1,0.6,108.6,42.2,22.4,2.0,0.4,133.0,43.0,26.6,1.0
22300250,2023-11-26,BKN,CHI,1,0.4,119.0,46.0,26.0,1.0,0.2,101.8,37.8,21.2,2.0
22300249,2023-11-26,MEM,MIN,0,0.2,101.4,40.2,23.6,2.0,0.6,115.2,41.8,26.0,2.0
22300247,2023-11-26,NYK,PHX,0,0.8,111.6,46.6,23.8,2.0,1.0,124.8,40.4,28.2,2.0
22300245,2023-11-26,MIL,POR,1,0.8,130.2,48.4,29.0,2.0,0.2,101.8,35.2,22.6,4.0
22300252,2023-11-26,DEN,SAS,1,0.2,106.2,43.0,27.2,2.0,0.0,108.2,44.2,27.2,2.0
22300251,2023-11-26,CLE,TOR,1,0.6,112.4,42.6,27.8,1.0,0.6,121.4,42.4,32.0,2.0
22300248,2023-11-26,ORL,CHA,1,1.0,118.8,43.4,25.2,2.0,0.4,110.0,46.0,24.8,4.0
22300256,2023-11-27,UTA,NOP,1,0.2,114.8,47.2,25.4,2.0,0.6,116.4,47.0,29.0,2.0
22300257,2023-11-27,LAC,DEN,0,0.8,110.4,48.8,26.6,2.0,0.4,110.6,41.8,27.4,1.0
22300255,2023-11-27,PHI,LAL,1,0.6,118.4,45.6,26.8,2.0,0.8,113.0,46.6,29.6,2.0
22300254,2023-11-27,IND,POR,0,0.6,134.4,36.2,29.6,3.0,0.2,103.2,37.2,22.0,1.0
22300253,2023-11-27,DET,WAS,0,0.0,109.8,44.0,24.8,3.0,0.0,115.6,38.4,28.4,2.0
22300055,2023-11-28,CLE,ATL,1,0.6,111.8,44.6,29.4,2.0,0.4,130.8,45.6,24.0,2.0
22300053,2023-11-28,BOS,CHI,1,0.6,109.6,45.0,21.4,2.0,0.2,104.2,39.0,21.6,2.0
22300060,2023-11-28,SAC,GSW,1,0.6,117.4,42.0,27.8,4.0,0.4,117.2,45.0,30.0,4.0
22300059,2023-11-28,DAL,HOU,1,0.4,112.0,44.0,24.0,3.0,0.4,107.2,45.4,26.8,4.0
22300056,2023-11-28,MIA,MIL,0,0.4,107.8,40.6,25.6,3.0,0.8,125.8,49.0,26.4,2.0
22300058,2023-11-28,MIN,OKC,1,0.8,116.0,42.2,28.4,2.0,0.8,126.2,43.0,27.6,3.0
22300054,2023-11-28,BKN,TOR,1,0.4,117.8,45.0,27.4,2.0,0.6,120.8,44.2,29.6,2.0
22300057,2023-11-28,NYK,CHA,1,0.6,111.0,45.8,21.6,2.0,0.4,112.4,44.2,26.0,2.0
22300263,2023-11-29,DEN,HOU,1,0.6,111.4,45.6,28.4,2.0,0.4,110.2,44.0,28.6,1.0
22300264,2023-11-29,SAC,LAC,0,0.6,116.4,42.8,26.6,1.0,0.6,110.0,49.2,25.8,2.0
22300258,2023-11-29,DET,LAL,0,0.0,107.2,45.4,23.4,2.0,0.6,110.4,44.2,28.8,2.0
22300262,2023-11-29,NOP,PHI,1,0.6,114.8,48.6,29.0,2.0,0.6,120.8,46.6,27.0,2.0
22300260,2023-11-29,TOR,PHX,1,0.4,113.0,44.0,26.2,1.0,1.0,121.8,42.6,26.6,3.0
22300261,2023-11-29,MEM,UTA,1,0.2,99.4,40.6,22.8,3.0,0.4,112.0,48.0,26.2,2.0
22300259,2023-11-29,ORL,WAS,1,1.0,124.2,43.0,27.0,3.0,0.2,121.0,41.2,29.2,2.0
22300272,2023-11-30,SAS,ATL,0,0.0,108.2,42.8,27.4,4.0,0.4,128.6,46.6,23.4,2.0
22300273,2023-11-30,GSW,LAC,1,0.4,120.0,45.6,29.6,2.0,0.6,111.4,46.4,25.4,1.0
22300271,2023-11-30,OKC,LAL,1,0.6,121.2,41.8,25.8,2.0,0.6,116.0,45.6,29.2,1.0
22300269,2023-11-30,CHI,MIL,1,0.0,103.2,37.6,21.8,2.0,0.8,125.6,49.8,25.8,2.0
22300267,2023-11-30,MIA,IND,1,0.4,113.2,40.8,27.4,2.0,0.4,130.0,36.4,28.4,3.0
22300265,2023-11-30,CLE,POR,0,0.6,113.2,46.2,28.8,2.0,0.4,107.0,35.2,22.6,3.0
22300270,2023-11-30,MIN,UTA,1,0.8,113.0,45.8,26.2,2.0,0.4,102.8,44.0,26.0,1.0
22300268,2023-11-30,NYK,DET,1,0.6,110.0,47.0,20.6,2.0,0.0,108.6,43.0,25.0,1.0
22300266,2023-11-30,BKN,CHA,0,0.6,117.8,48.8,26.8,2.0,0.4,110.8,43.8,26.6,2.0
22300279,2023-12-01,PHX,DEN,0,0.8,114.8,43.2,24.4,2.0,0.6,116.8,45.2,29.8,2.0
22300276,2023-12-01,TOR,NYK,0,0.6,114.0,46.2,25.4,2.0,0.6,109.2,45.8,20.2,1.0
22300275,2023-12-01,BOS,PHI,1,0.6,114.0,46.4,24.6,3.0,0.4,119.4,43.8,26.2,2.0
22300278,2023-12-01,NOP,SAS,1,0.6,113.8,45.6,28.0,2.0,0.0,113.6,44.2,29.0,1.0
22300277,2023-12-01,DAL,MEM,0,0.4,110.2,42.4,22.6,3.0,0.2,96.4,41.8,23.4,2.0
22300274,2023-12-01,ORL,WAS,1,1.0,126.4,43.4,29.6,2.0,0.2,119.2,41.8,29.0,2.0
22300286,2023-12-02,MIL,ATL,1,0.6,119.8,47.4,24.8,2.0,0.6,125.6,46.2,22.6,2.0
22300283,2023-12-02,DET,CLE,0,0.0,108.4,43.2,24.4,2.0,0.4,107.8,42.0,27.2,2.0
22300285,2023-12-02,CHI,NOP,1,0.2,107.2,40.6,24.0,2.0,0.6,114.6,44.4,28.6,1.0
22300290,2023-12-02,SAC,DEN,1,0.4,114.0,42.6,24.2,3.0,0.8,116.8,43.2,31.6,1.0
22300280,2023-12-02,LAC,GSW,1,0.4,112.4,45.0,24.8,2.0,0.6,119.4,45.2,29.0,2.0
22300291,2023-12-02,LAL,HOU,1,0.4,111.8,43.4,27.0,2.0,0.4,114.2,44.2,27.0,3.0
22300281,2023-12-02,CHA,MIN,0,0.6,115.0,44.8,26.8,2.0,0.8,109.8,45.4,26.0,2.0
22300282,2023-12-02,BKN,ORL,1,0.6,123.6,50.2,26.2,2.0,1.0,127.2,44.2,30.4,1.0
22300284,2023-12-02,MIA,IND,0,0.4,118.0,41.8,26.2,2.0,0.4,133.2,35.2,29.6,2.0
22300289,2023-12-02,UTA,POR,1,0.4,101.0,45.8,25.4,2.0,0.6,109.4,37.0,24.2,2.0
22300287,2023-12-02,DAL,OKC,0,0.4,104.0,41.0,22.6,1.0,0.6,121.8,42.0,26.4,2.0
22300288,2023-12-02,PHX,MEM,1,0.6,113.0,44.2,23.6,1.0,0.4,98.0,43.8,23.2,1.0
22301202,2023-12-04,IND,BOS,1,0.4,130.6,35.8,29.6,2.0,0.8,115.4,46.0,25.8,3.0
22301204,2023-12-04,SAC,NOP,0,0.6,120.0,44.8,25.4,2.0,0.4,115.0,42.2,27.4,2.0
22301201,2023-12-05,MIL,NYK,1,0.8,123.0,46.8,26.8,3.0,0.8,113.0,44.4,23.0,4.0
22301203,2023-12-05,LAL,PHX,1,0.6,113.0,42.8,26.6,3.0,0.6,111.6,44.4,24.0,3.0
22301215,2023-12-06,LAC,DEN,1,0.6,113.8,45.2,25.6,4.0,0.8,123.0,43.2,35.2,4.0
22301207,2023-12-06,TOR,MIA,0,0.4,108.8,46.6,26.6,5.0,0.2,118.0,39.2,25.6,4.0
22301209,2023-12-06,ATL,BKN,0,0.4,120.4,42.6,22.4,4.0,0.8,120.4,49.8,26.8,4.0
22301205,2023-12-06,CLE,ORL,1,0.6,110.6,43.8,27.2,4.0,0.8,122.6,43.4,29.8,4.0
22301208,2023-12-06,WAS,PHI,0,0.2,121.4,40.4,28.8,5.0,0.4,119.4,43.4,25.6,5.0
22301214,2023-12-06,GSW,POR,1,0.4,117.6,45.0,30.0,4.0,0.6,110.6,39.0,23.6,4.0
22301210,2023-12-06,MIN,SAS,1,0.8,112.0,44.0,25.6,4.0,0.0,115.0,42.2,30.0,5.0
22301212,2023-12-06,HOU,OKC,1,0.4,110.4,45.4,26.2,4.0,0.6,120.2,43.4,25.6,4.0
22301213,2023-12-06,DAL,UTA,1,0.4,105.4,42.4,23.2,4.0,0.6,103.6,48.2,25.8,4.0
22301206,2023-12-06,DET,MEM,0,0.0,108.0,44.4,25.0,4.0,0.4,101.6,42.6,22.6,4.0
22301211,2023-12-06,CHI,CHA,1,0.4,111.6,41.2,26.0,4.0,0.4,114.2,40.6,26.8,4.0
22301230,2023-12-07,LAL,NOP,1,0.6,110.0,43.0,24.6,2.0,0.6,120.4,42.2,27.0,3.0
22301229,2023-12-07,MIL,IND,0,0.8,126.0,44.2,27.6,2.0,0.6,128.8,37.8,28.6,3.0
22301218,2023-12-08,PHI,ATL,1,0.6,125.8,42.4,27.2,2.0,0.2,115.8,42.6,21.6,2.0
22301220,2023-12-08,MIA,CLE,0,0.4,120.8,39.8,28.2,2.0,0.8,111.8,45.4,27.0,2.0
22301223,2023-12-08,SAS,CHI,0,0.0,113.4,43.2,29.4,2.0,0.6,112.2,45.2,26.6,2.0
22301226,2023-12-08,POR,DAL,0,0.4,107.6,39.6,21.8,2.0,0.4,114.0,42.2,26.4,2.0
22301222,2023-12-08,OKC,GSW,1,0.4,117.2,40.4,25.2,2.0,0.6,116.6,46.4,28.2,2.0
22301224,2023-12-08,DEN,HOU,0,0.6,117.0,43.4,33.4,2.0,0.4,110.2,46.2,27.4,2.0
22301225,2023-12-08,UTA,LAC,0,0.4,102.0,46.4,25.6,2.0,0.6,114.6,44.0,24.8,2.0
22301221,2023-12-08,MEM,MIN,0,0.6,107.0,44.8,23.4,2.0,1.0,110.2,46.2,24.6,2.0
22301227,2023-12-08,BOS,NYK,1,0.6,114.0,48.6,25.8,4.0,0.6,117.4,42.4,24.2,3.0
22301228,2023-12-08,PHX,SAC,0,0.4,110.2,45.0,24.6,3.0,0.6,121.0,44.8,26.8,4.0
22301216,2023-12-08,CHA,TOR,1,0.2,110.8,39.2,26.4,2.0,0.2,105.2,47.8,26.0,2.0
22301219,2023-12-08,BKN,WAS,1,0.8,120.8,50.4,26.2,2.0,0.2,121.0,37.6,30.8,2.0
22301217,2023-12-08,ORL,DET,1,0.6,122.2,41.0,29.6,2.0,0.0,105.8,44.2,26.6,2.0
22300294,2023-12-11,ORL,CLE,1,0.6,120.8,41.2,28.2,3.0,0.8,113.0,45.8,25.4,3.0
22300300,2023-12-11,MIL,CHI,1,0.6,128.2,43.0,27.6,4.0,0.8,114.6,48.4,27.8,3.0
22300299,2023-12-11,MEM,DAL,0,0.6,108.2,43.4,23.4,3.0,0.6,121.4,43.2,28.2,3.0
22300296,2023-12-11,ATL,DEN,0,0.2,118.0,45.0,22.6,3.0,0.4,115.6,42.4,32.2,3.0
22300292,2023-12-11,CHA,MIA,0,0.4,111.2,38.2,27.0,3.0,0.4,121.2,38.4,28.0,3.0
22300301,2023-12-11,NOP,MIN,1,0.6,115.8,41.0,26.0,4.0,1.0,111.8,48.6,24.6,3.0
22300303,2023-12-11,SAC,BKN,1,0.6,119.0,45.6,26.8,3.0,0.8,122.0,53.6,25.8,3.0
22300293,2023-12-11,DET,IND,0,0.0,102.6,42.0,24.2,3.0,0.6,127.2,40.0,29.8,4.0
22300304,2023-12-11,LAC,POR,1,0.8,117.2,42.2,25.8,3.0,0.4,109.6,41.2,21.6,3.0
22300298,2023-12-11,HOU,SAS,1,0.4,112.0,45.8,26.6,3.0,0.0,113.4,42.8,30.8,3.0
22300297,2023-12-11,NYK,TOR,1,0.6,119.4,43.6,26.2,3.0,0.2,108.0,46.2,29.0,3.0
22300302,2023-12-11,OKC,UTA,1,0.6,120.2,40.6,22.4,3.0,0.2,99.8,45.8,24.0,3.0
22300295,2023-12-11,PHI,WAS,1,0.6,125.4,42.2,26.0,3.0,0.2,118.8,37.6,28.0,3.0
22300305,2023-12-12,BOS,CLE,1,0.8,121.4,49.2,27.2,4.0,0.6,106.2,44.4,23.0,1.0
22300307,2023-12-12,CHI,DEN,0,0.8,121.0,51.2,27.8,1.0,0.4,114.6,44.0,30.6,1.0
22300308,2023-12-12,PHX,GSW,1,0.2,108.2,43.6,24.4,4.0,0.4,120.2,50.2,27.0,4.0
22300306,2023-12-12,DAL,LAL,1,0.6,121.2,44.2,28.6,1.0,0.8,117.8,48.4,26.2,5.0
22300309,2023-12-12,LAC,SAC,1,0.8,117.4,41.8,26.8,1.0,0.6,120.4,45.0,29.4,1.0
22300313,2023-12-13,TOR,ATL,1,0.2,113.4,44.6,30.0,2.0,0.2,121.4,43.2,23.4,2.0
22300311,2023-12-13,WAS,NOP,0,0.0,113.8,37.2,26.4,2.0,0.6,115.2,42.4,24.8,2.0
22300316,2023-12-13,SAS,LAL,0,0.0,105.8,46.0,28.0,2.0,0.6,116.2,46.6,27.4,1.0
22300317,2023-12-13,PHX,BKN,0,0.4,111.0,42.4,24.8,1.0,0.6,122.6,50.0,25.4,2.0
22300318,2023-12-13,UTA,NYK,1,0.2,105.6,46.2,25.2,2.0,0.6,123.6,41.2,29.2,2.0
22300315,2023-12-13,MIL,IND,1,0.6,128.6,43.6,29.2,2.0,0.8,131.4,40.2,31.2,2.0
22300310,2023-12-13,DET,PHI,0,0.0,105.8,40.2,23.8,2.0,0.6,127.0,42.0,26.8,2.0
22300314,2023-12-13,HOU,MEM,1,0.6,107.6,49.8,24.0,2.0,0.4,109.8,40.8,23.4,2.0
22300312,2023-12-13,MIA,CHA,1,0.6,119.6,40.0,27.8,2.0,0.4,115.8,36.2,29.0,2.0
22300319,2023-12-14,BOS,CLE,1,0.8,122.8,46.6,27.0,2.0,0.6,109.8,44.4,23.4,2.0
22300320,2023-12-14,MIA,CHI,0,0.6,114.2,39.8,28.6,1.0,0.6,118.2,49.2,26.6,2.0
22300325,2023-12-14,LAC,GSW,1,1.0,118.4,43.0,25.8,2.0,0.4,118.8,50.0,27.2,2.0
22300321,2023-12-14,DAL,MIN,0,0.8,127.8,43.0,28.8,2.0,0.8,112.0,47.8,26.2,3.0
22300322,2023-12-14,DEN,BKN,1,0.4,113.6,46.8,28.6,2.0,0.8,120.2,46.8,26.0,1.0
22300324,2023-12-14,SAC,OKC,1,0.6,116.8,43.2,30.4,2.0,0.8,126.4,41.2,25.0,3.0
22300323,2023-12-14,POR,UTA,0,0.2,112.2,40.8,22.6,3.0,0.4,111.0,46.6,27.0,1.0
22300330,2023-12-15,TOR,ATL,0,0.2,118.0,44.2,32.8,2.0,0.0,119.6,44.2,25.0,2.0
22300326,2023-12-15,CHA,NOP,0,0.2,110.8,34.2,28.4,2.0,0.6,119.4,43.2,25.6,2.0
22300332,2023-12-15,MEM,HOU,0,0.2,109.0,38.2,23.0,2.0,0.8,106.2,54.4,23.2,2.0
22300331,2023-12-15,SAS,LAL,1,0.0,102.6,45.8,26.8,2.0,0.8,118.6,47.6,28.8,2.0
22300333,2023-12-15,PHX,NYK,0,0.4,111.2,43.6,26.0,2.0,0.4,122.6,42.2,28.4,2.0
22300329,2023-12-15,BOS,ORL,1,0.8,121.2,45.0,24.2,1.0,0.6,113.8,41.0,25.8,4.0
22300328,2023-12-15,WAS,IND,1,0.0,114.2,38.0,26.4,2.0,0.8,130.2,42.4,31.2,2.0
22300327,2023-12-15,PHI,DET,1,0.8,130.0,46.6,26.8,2.0,0.0,105.6,38.8,24.2,2.0
22300336,2023-12-16,CLE,ATL,1,0.4,109.2,43.6,22.6,2.0,0.2,120.4,47.2,27.2,1.0
22300337,2023-12-16,MIA,CHI,1,0.6,111.6,42.6,28.4,2.0,0.6,118.2,49.6,26.6,2.0
22300341,2023-12-16,POR,DAL,0,0.0,114.4,42.6,22.8,2.0,0.8,124.0,40.4,27.8,2.0
22300339,2023-12-16,GSW,BKN,1,0.2,117.4,49.2,25.6,2.0,0.6,114.6,46.0,25.4,2.0
22300343,2023-12-16,LAC,NYK,1,1.0,120.0,43.0,25.0,2.0,0.4,126.6,41.2,28.0,1.0
22300338,2023-12-16,MIN,IND,1,0.8,115.6,48.4,26.4,2.0,0.6,126.0,44.2,31.2,1.0
22300335,2023-12-16,CHA,PHI,0,0.2,108.8,34.8,26.2,1.0,1.0,131.0,49.0,28.4,1.0
22300340,2023-12-16,DEN,OKC,0,0.6,115.0,47.2,27.8,2.0,0.6,124.4,40.4,24.4,2.0
22300342,2023-12-16,SAC,UTA,1,0.6,117.8,43.2,30.2,2.0,0.4,111.8,44.4,27.0,2.0
22300334,2023-12-16,MIL,DET,1,0.8,134.0,43.6,29.0,3.0,0.0,103.8,37.4,23.2,1.0
22300345,2023-12-17,SAS,NOP,0,0.2,107.2,47.0,28.2,2.0,0.8,118.2,45.2,26.4,2.0
22300348,2023-12-17,POR,GSW,0,0.0,115.8,43.4,22.8,1.0,0.4,119.8,49.2,25.2,1.0
22300346,2023-12-17,MIL,HOU,1,0.8,136.8,44.6,27.2,1.0,1.0,107.4,53.8,22.0,2.0
22300344,2023-12-17,BOS,ORL,1,0.8,121.8,42.6,25.4,2.0,0.4,110.0,41.2,23.8,2.0
22300347,2023-12-17,PHX,WAS,1,0.2,112.4,41.4,27.2,2.0,0.2,116.6,39.4,28.6,2.0
22300351,2023-12-18,PHI,CHI,0,1.0,131.8,49.4,28.6,2.0,0.4,119.2,46.2,27.0,2.0
22300356,2023-12-18,DEN,DAL,1,0.6,118.0,47.2,28.0,2.0,0.8,120.8,40.4,25.8,2.0
22300349,2023-12-18,CLE,HOU,1,0.4,110.4,44.4,23.2,2.0,0.8,109.2,49.4,21.6,1.0
22300350,2023-12-18,IND,LAC,0,0.4,123.4,44.0,30.6,2.0,1.0,126.6,41.2,28.0,2.0
22300353,2023-12-18,MIA,MIN,0,0.6,112.8,40.0,27.0,2.0,0.8,116.4,47.4,27.8,2.0
22300357,2023-12-18,UTA,BKN,1,0.4,113.2,43.2,28.2,2.0,0.4,115.8,45.4,26.8,2.0
22300359,2023-12-18,LAL,NYK,0,0.6,120.2,46.6,30.4,3.0,0.4,126.6,41.8,26.6,2.0
22300355,2023-12-18,OKC,MEM,1,0.6,122.8,38.4,24.0,2.0,0.2,106.4,39.8,24.0,3.0
22300358,2023-12-18,SAC,WAS,1,0.8,119.4,44.6,31.6,2.0,0.2,113.0,41.8,25.6,1.0
22300352,2023-12-18,ATL,DET,1,0.2,121.6,44.2,26.4,2.0,0.0,106.2,36.2,22.2,2.0
22300354,2023-12-18,TOR,CHA,1,0.2,117.6,41.0,32.4,3.0,0.2,105.2,33.6,24.2,2.0
22300362,2023-12-19,GSW,BOS,1,0.4,121.4,47.8,27.4,2.0,1.0,122.2,42.4,23.6,2.0
22300363,2023-12-19,POR,PHX,1,0.0,117.4,42.8,23.0,2.0,0.4,114.2,43.4,28.0,2.0
22300361,2023-12-19,MIL,SAS,1,0.8,133.2,46.4,25.8,2.0,0.2,110.4,45.0,29.4,2.0
22300360,2023-12-19,NOP,MEM,0,0.8,122.0,47.0,28.2,2.0,0.0,102.6,39.6,23.8,1.0
22300371,2023-12-20,HOU,ATL,0,0.6,112.4,49.4,24.2,2.0,0.4,124.8,41.2,27.4,2.0
22300373,2023-12-20,SAC,BOS,0,0.8,125.2,43.0,33.6,2.0,0.8,120.8,46.6,24.4,1.0
22300369,2023-12-20,TOR,DEN,0,0.4,119.8,42.0,32.6,2.0,0.8,122.8,47.0,29.4,2.0
22300372,2023-12-20,DAL,LAC,0,0.6,116.6,40.6,24.4,2.0,1.0,133.4,42.4,28.6,2.0
22300370,2023-12-20,CHI,LAL,1,0.4,116.6,44.0,26.4,2.0,0.4,120.8,45.8,31.4,2.0
22300366,2023-12-20,ORL,MIA,0,0.4,109.2,42.4,22.6,3.0,0.6,114.6,40.6,27.8,2.0
22300367,2023-12-20,PHI,MIN,1,0.8,127.6,48.6,28.4,2.0,0.8,118.4,45.4,29.2,2.0
22300368,2023-12-20,BKN,NYK,0,0.2,112.6,41.6,26.4,2.0,0.6,124.8,43.4,25.2,2.0
22300364,2023-12-20,CLE,UTA,1,0.4,115.2,41.8,24.8,2.0,0.6,117.6,45.4,29.6,2.0
22300365,2023-12-20,IND,CHA,1,0.2,123.2,40.6,32.2,2.0,0.0,101.2,34.6,21.8,2.0
22300375,2023-12-21,CLE,NOP,0,0.6,121.2,41.0,28.6,1.0,0.8,126.8,46.4,28.4,2.0
22300379,2023-12-21,OKC,LAC,1,0.8,125.8,43.0,25.8,3.0,1.0,131.0,44.2,27.4,1.0
22300380,2023-12-21,MIN,LAL,1,0.6,115.6,42.4,27.6,1.0,0.2,115.8,42.0,30.6,1.0
22300378,2023-12-21,MIL,ORL,1,1.0,135.8,46.6,28.8,2.0,0.4,108.2,45.0,24.0,1.0
22300377,2023-12-21,MEM,IND,1,0.2,105.0,42.4,22.8,2.0,0.2,125.8,39.6,33.0,1.0
22300376,2023-12-21,CHI,SAS,1,0.6,115.6,43.4,26.4,1.0,0.2,111.8,46.6,27.8,2.0
22300374,2023-12-21,DET,UTA,0,0.0,112.8,35.8,23.4,3.0,0.6,116.8,44.8,28.0,1.0
22300381,2023-12-21,POR,WAS,0,0.2,116.8,41.6,23.6,2.0,0.2,119.8,41.4,27.0,3.0
22300384,2023-12-22,MIA,ATL,1,0.6,114.4,39.8,26.6,2.0,0.6,127.2,43.0,28.6,2.0
22300385,2023-12-22,HOU,DAL,1,0.4,119.2,44.8,25.2,2.0,0.4,114.8,39.2,23.6,2.0
22300383,2023-12-22,BKN,DEN,0,0.2,109.4,43.2,26.6,2.0,0.8,119.6,46.4,29.4,2.0
22300387,2023-12-22,SAC,PHX,1,0.6,122.8,41.8,31.8,2.0,0.4,113.8,44.8,27.4,3.0
22300382,2023-12-22,PHI,TOR,1,0.8,123.8,46.4,25.0,2.0,0.4,117.4,41.8,31.4,2.0
22300386,2023-12-22,GSW,WAS,1,0.6,120.6,47.6,27.4,3.0,0.4,123.2,40.0,28.0,1.0
22300389,2023-12-23,LAC,BOS,0,0.8,130.2,42.4,27.8,2.0,0.8,125.6,47.6,26.8,3.0
22300396,2023-12-23,CHI,CLE,0,0.8,117.2,42.4,26.0,2.0,0.6,119.4,41.0,30.0,2.0
22300390,2023-12-23,CHA,DEN,0,0.0,101.0,35.8,20.2,3.0,0.8,121.2,45.4,29.6,1.0
22300392,2023-12-23,NOP,HOU,0,0.8,127.2,45.0,29.4,2.0,0.4,120.2,45.8,24.8,1.0
22300397,2023-12-23,OKC,LAL,0,0.8,125.0,42.8,29.8,2.0,0.2,113.0,41.6,28.0,2.0
22300388,2023-12-23,NYK,MIL,0,0.6,121.8,45.8,22.8,3.0,1.0,132.8,47.2,27.2,2.0
22300400,2023-12-23,SAC,MIN,0,0.8,127.0,41.6,32.8,1.0,0.8,117.8,41.0,28.8,2.0
22300391,2023-12-23,IND,ORL,0,0.2,121.2,38.4,32.6,2.0,0.2,106.4,45.0,24.0,2.0
22300399,2023-12-23,GSW,POR,1,0.8,123.2,48.8,28.8,1.0,0.2,114.8,44.6,23.4,2.0
22300398,2023-12-23,DAL,SAS,1,0.2,108.6,41.4,21.6,1.0,0.2,114.4,44.6,28.6,2.0
22300395,2023-12-23,TOR,UTA,0,0.4,113.6,43.4,31.0,1.0,0.6,117.2,43.0,27.0,2.0
22300393,2023-12-23,ATL,MEM,0,0.6,124.2,43.2,28.0,1.0,0.4,105.6,43.0,23.0,2.0
22300394,2023-12-23,BKN,DET,1,0.0,109.6,45.0,28.2,1.0,0.0,110.4,38.0,23.0,2.0
22300403,2023-12-25,LAL,BOS,0,0.2,114.4,41.2,29.2,2.0,0.8,131.4,49.0,29.0,2.0
22300405,2023-12-25,PHX,DAL,0,0.2,111.0,45.6,25.8,3.0,0.4,117.2,45.0,22.6,2.0
22300402,2023-12-25,DEN,GSW,1,0.8,116.8,45.4,28.4,2.0,1.0,125.8,50.0,32.0,2.0
22300401,2023-12-25,NYK,MIL,1,0.6,121.4,44.8,22.0,2.0,1.0,130.8,49.2,26.8,2.0
22300404,2023-12-25,MIA,PHI,1,0.6,115.8,40.0,25.0,3.0,0.8,122.2,43.4,26.2,3.0
22300408,2023-12-26,CHI,ATL,1,0.6,111.4,41.2,24.2,3.0,0.4,123.0,40.4,26.8,3.0
22300411,2023-12-26,OKC,MIN,1,0.6,122.2,43.4,27.6,3.0,0.8,116.0,40.6,29.0,3.0
22300406,2023-12-26,DET,BKN,0,0.0,111.2,38.2,23.4,3.0,0.2,114.6,42.0,29.0,3.0
22300407,2023-12-26,WAS,ORL,0,0.4,122.4,41.2,27.4,4.0,0.2,109.0,44.2,24.0,3.0
22300409,2023-12-26,HOU,IND,0,0.4,120.8,44.4,25.4,3.0,0.2,118.6,36.8,31.0,3.0
22300413,2023-12-26,POR,SAC,1,0.2,113.2,40.8,22.6,3.0,0.6,121.0,40.2,31.0,3.0
22300412,2023-12-26,SAS,UTA,0,0.2,114.4,43.8,29.4,3.0,0.6,118.0,42.2,28.6,3.0
22300410,2023-12-26,NOP,MEM,0,0.6,119.6,45.0,27.6,3.0,0.6,109.8,45.4,23.8,3.0
22300414,2023-12-26,LAC,CHA,1,0.6,127.6,41.2,27.4,3.0,0.0,99.2,39.0,19.4,3.0
22300420,2023-12-27,DAL,CLE,0,0.4,116.6,43.2,22.8,2.0,0.8,119.8,42.8,31.4,4.0
22300417,2023-12-27,BKN,MIL,0,0.4,114.2,42.0,27.2,1.0,0.8,126.0,48.2,27.2,2.0
22300419,2023-12-27,OKC,NYK,1,0.8,123.4,40.4,29.4,1.0,0.6,119.4,45.4,21.8,2.0
22300415,2023-12-27,ORL,PHI,0,0.4,112.2,43.2,25.0,1.0,0.6,120.0,39.8,26.0,2.0
22300418,2023-12-27,HOU,PHX,0,0.4,120.4,47.0,24.0,1.0,0.2,111.4,45.2,25.8,2.0
22300416,2023-12-27,WAS,TOR,0,0.2,118.8,41.2,25.6,1.0,0.2,110.4,41.8,30.2,4.0
22300423,2023-12-28,MIN,DAL,1,0.6,111.8,40.2,26.8,2.0,0.4,117.8,42.0,23.2,1.0
22300426,2023-12-28,GSW,MIA,0,0.8,123.8,49.4,30.8,3.0,0.8,116.4,42.8,25.2,3.0
22300422,2023-12-28,CHI,IND,0,0.8,111.8,42.8,23.8,2.0,0.4,121.4,37.8,31.6,2.0
22300427,2023-12-28,POR,SAS,0,0.4,115.2,41.2,24.8,2.0,0.0,112.2,43.4,29.6,2.0
22300424,2023-12-28,NOP,UTA,1,0.4,120.2,44.4,26.4,2.0,0.8,123.2,45.4,29.8,2.0
22300425,2023-12-28,DEN,MEM,1,1.0,117.4,44.8,27.4,3.0,0.8,113.8,45.8,24.8,2.0
22300421,2023-12-28,BOS,DET,1,0.8,131.0,51.0,29.0,3.0,0.0,115.2,40.2,23.6,2.0
22300428,2023-12-28,LAL,CHA,1,0.2,114.4,41.2,27.6,3.0,0.0,98.6,39.6,22.0,2.0
22300433,2023-12-29,CLE,MIL,0,0.8,117.0,44.4,31.6,2.0,0.8,129.2,47.2,30.4,2.0
22300430,2023-12-29,WAS,BKN,1,0.2,117.6,39.2,25.8,2.0,0.4,117.0,44.2,28.0,2.0
22300429,2023-12-29,ORL,NYK,1,0.4,111.2,43.2,24.8,2.0,0.6,119.0,45.6,22.6,2.0
22300434,2023-12-29,HOU,PHI,0,0.4,117.0,44.2,21.2,2.0,0.6,115.4,40.4,22.8,2.0
22300431,2023-12-29,ATL,SAC,0,0.4,121.8,41.6,27.4,3.0,0.4,118.6,39.2,28.8,3.0
22300437,2023-12-29,POR,SAS,1,0.4,113.4,45.2,23.4,1.0,0.2,113.8,44.0,30.4,1.0
22300435,2023-12-29,DEN,OKC,0,1.0,119.8,46.2,30.2,1.0,0.8,125.6,37.8,29.0,2.0
22300432,2023-12-29,BOS,TOR,1,0.8,133.8,48.6,30.4,1.0,0.4,116.0,46.0,32.8,2.0
22300438,2023-12-29,LAC,MEM,1,0.6,121.4,41.8,25.0,3.0,0.8,115.4,44.0,24.4,1.0
22300436,2023-12-29,PHX,CHA,1,0.4,112.8,47.4,25.4,2.0,0.0,104.6,41.0,24.8,1.0
22300444,2023-12-30,GSW,DAL,0,0.6,120.6,49.4,30.0,2.0,0.4,117.6,42.6,24.4,2.0
22300443,2023-12-30,MIN,LAL,1,0.6,113.0,38.8,26.0,2.0,0.4,119.2,41.4,30.0,2.0
22300439,2023-12-30,UTA,MIA,1,0.6,119.2,43.6,29.2,2.0,0.8,115.6,45.4,25.2,2.0
22300441,2023-12-30,IND,NYK,1,0.6,120.0,40.4,30.0,2.0,0.4,117.8,43.2,22.8,1.0
22300442,2023-12-30,CHI,PHI,1,0.6,111.0,43.2,22.8,2.0,0.8,120.8,37.6,22.6,1.0
22300440,2023-12-30,DET,TOR,1,0.0,116.8,44.4,24.0,2.0,0.2,116.8,43.4,32.6,1.0
22300445,2023-12-31,WAS,ATL,0,0.4,113.4,40.0,26.2,2.0,0.2,117.8,43.8,28.2,2.0
22300448,2023-12-31,SAS,BOS,0,0.2,115.6,42.0,31.2,2.0,1.0,132.6,48.0,30.6,2.0
22300446,2023-12-31,NOP,LAL,1,0.4,113.4,41.2,24.2,3.0,0.4,118.8,41.2,29.2,1.0
22300447,2023-12-31,OKC,BKN,1,0.8,126.2,37.4,28.6,2.0,0.4,117.4,45.2,27.8,2.0
22300450,2023-12-31,PHX,ORL,1,0.4,117.0,44.4,26.4,2.0,0.6,113.4,43.2,23.8,2.0
22300449,2023-12-31,MEM,SAC,0,0.6,113.6,42.2,26.4,2.0,0.4,113.4,38.4,28.8,2.0
22300452,2024-01-01,TOR,CLE,1,0.2,121.4,41.8,32.6,2.0,0.6,112.2,44.2,31.4,3.0
22300457,2024-01-01,UTA,DAL,1,0.8,119.4,44.6,30.2,2.0,0.6,124.8,41.8,25.8,2.0
22300458,2024-01-01,LAC,MIA,1,0.6,114.6,43.4,25.4,3.0,0.8,115.8,46.6,23.8,2.0
22300451,2024-01-01,NYK,MIN,1,0.2,118.8,40.8,22.8,2.0,0.8,112.0,40.0,26.4,2.0
22300454,2024-01-01,MIL,IND,0,0.8,126.6,46.4,28.8,3.0,0.6,119.2,39.6,30.6,2.0
22300456,2024-01-01,PHX,POR,1,0.6,118.6,42.0,26.0,1.0,0.4,118.4,45.4,24.4,3.0
22300453,2024-01-01,HOU,DET,1,0.4,117.0,45.2,22.2,3.0,0.2,117.8,45.4,25.2,2.0
22300455,2024-01-01,DEN,CHA,1,0.8,115.8,44.2,30.4,3.0,0.0,108.6,39.0,27.6,3.0
22300462,2024-01-02,OKC,BOS,1,0.8,124.2,39.0,27.8,2.0,1.0,130.6,49.4,29.4,2.0
22300459,2024-01-02,PHI,CHI,1,0.6,113.8,37.6,23.4,3.0,0.6,107.2,44.2,22.0,3.0
22300461,2024-01-02,NOP,BKN,1,0.6,116.6,42.8,26.2,2.0,0.4,115.6,45.6,26.6,2.0
22300463,2024-01-02,GSW,ORL,1,0.4,118.6,47.0,30.6,3.0,0.6,112.0,43.2,23.0,2.0
22300460,2024-01-02,MEM,SAS,1,0.4,108.8,40.8,25.0,2.0,0.2,116.8,41.6,32.0,2.0
22300464,2024-01-02,SAC,CHA,0,0.6,114.2,42.8,28.6,2.0,0.0,104.6,40.6,27.8,1.0
22300471,2024-01-03,MIN,NOP,0,0.6,109.6,38.8,23.8,2.0,0.6,114.4,45.4,24.4,1.0
22300468,2024-01-03,NYK,CHI,1,0.4,119.0,42.4,24.0,2.0,0.4,103.8,47.2,20.6,1.0
22300473,2024-01-03,PHX,LAC,0,0.8,119.4,42.4,27.0,2.0,0.6,114.8,42.0,25.0,2.0
22300475,2024-01-03,LAL,MIA,0,0.4,118.4,40.6,30.2,3.0,0.6,113.6,45.8,23.6,2.0
22300466,2024-01-03,IND,MIL,1,0.8,123.0,42.2,29.6,2.0,0.6,125.6,45.4,29.0,2.0
22300469,2024-01-03,HOU,BKN,1,0.4,119.8,40.4,24.8,2.0,0.2,107.4,46.6,25.4,1.0
22300476,2024-01-03,SAC,ORL,1,0.4,111.0,45.0,26.8,1.0,0.4,111.6,43.6,22.4,1.0
22300472,2024-01-03,DAL,POR,1,0.4,114.0,39.6,26.2,2.0,0.4,112.6,42.4,23.8,2.0
22300467,2024-01-03,ATL,OKC,1,0.2,117.0,46.6,27.4,3.0,1.0,125.6,38.2,29.8,1.0
22300470,2024-01-03,MEM,TOR,0,0.4,105.0,39.8,24.0,1.0,0.4,124.0,42.0,31.6,2.0
22300465,2024-01-03,CLE,WAS,1,0.4,111.6,44.0,29.6,2.0,0.2,115.0,41.0,28.0,3.0
22300474,2024-01-03,UTA,DET,1,0.8,121.0,46.4,32.4,2.0,0.2,118.2,44.6,25.8,2.0
22300478,2024-01-04,GSW,DEN,0,0.4,117.0,42.8,28.6,2.0,0.8,113.6,44.8,30.0,3.0
22300477,2024-01-04,SAS,MIL,0,0.2,112.6,41.2,29.8,2.0,0.4,125.6,43.2,30.0,1.0
22300480,2024-01-05,IND,ATL,1,1.0,129.4,44.4,31.0,2.0,0.4,122.6,47.8,27.6,2.0
22300486,2024-01-05,NOP,LAC,0,0.8,117.0,44.4,26.2,2.0,0.8,118.0,41.2,25.4,2.0
22300489,2024-01-05,PHX,MIA,1,0.8,121.0,39.4,26.0,2.0,0.6,111.2,44.0,25.4,2.0
22300485,2024-01-05,HOU,MIN,0,0.4,121.0,41.2,26.0,2.0,0.4,108.8,35.8,22.8,2.0
22300483,2024-01-05,PHI,NYK,0,0.6,111.6,38.6,22.2,3.0,0.4,116.4,44.6,24.4,2.0
22300488,2024-01-05,DEN,ORL,0,0.8,119.2,42.4,30.6,1.0,0.2,113.2,43.4,23.0,2.0
22300487,2024-01-05,DAL,POR,1,0.4,113.6,40.6,25.6,2.0,0.4,110.8,45.6,23.2,2.0
22300481,2024-01-05,BKN,OKC,1,0.0,104.0,48.2,26.0,2.0,0.8,127.4,39.8,28.8,2.0
22300492,2024-01-05,SAC,TOR,1,0.6,119.0,48.6,29.4,2.0,0.6,123.4,43.4,29.6,2.0
22300479,2024-01-05,BOS,UTA,1,0.8,126.2,48.6,29.4,3.0,0.8,126.6,46.8,31.0,2.0
22300491,2024-01-05,LAL,MEM,0,0.2,111.8,41.8,28.6,2.0,0.2,104.0,38.4,24.2,2.0
22300482,2024-01-05,CLE,WAS,1,0.6,118.8,49.4,30.2,2.0,0.2,111.6,40.4,27.4,2.0
22300490,2024-01-05,GSW,DET,1,0.2,117.2,39.6,28.0,1.0,0.2,124.8,47.0,27.2,2.0
22300484,2024-01-05,CHI,CHA,1,0.4,104.8,47.6,20.8,2.0,0.2,107.8,38.2,27.8,3.0
22300493,2024-01-06,IND,BOS,0,1.0,134.8,43.2,35.4,1.0,0.8,126.2,51.0,28.0,1.0
22300496,2024-01-06,HOU,MIL,1,0.4,116.6,40.0,25.8,1.0,0.6,126.2,42.8,30.2,2.0
22300494,2024-01-06,WAS,NYK,0,0.2,105.8,37.2,25.8,1.0,0.6,118.0,46.4,25.0,1.0
22300495,2024-01-06,PHI,UTA,0,0.6,107.4,39.0,22.0,1.0,0.6,120.0,47.6,28.8,1.0
22300499,2024-01-07,ORL,ATL,1,0.4,119.2,42.8,24.6,2.0,0.4,122.0,47.4,26.2,2.0
22300500,2024-01-07,SAC,NOP,0,0.8,123.4,49.0,31.4,2.0,0.8,113.0,43.8,27.0,2.0
22300505,2024-01-07,LAL,LAC,1,0.2,111.4,40.2,29.0,2.0,1.0,118.6,44.4,26.0,2.0
22300501,2024-01-07,DAL,MIN,1,0.6,119.4,43.6,28.4,2.0,0.6,112.0,39.4,24.6,2.0
22300498,2024-01-07,BKN,POR,0,0.2,104.4,49.0,25.2,2.0,0.2,105.4,44.8,23.0,2.0
22300497,2024-01-07,CLE,SAS,1,0.6,119.8,50.2,30.8,2.0,0.2,113.2,41.0,28.8,3.0
22300504,2024-01-07,GSW,TOR,0,0.4,117.0,40.8,28.2,2.0,0.4,123.0,40.2,27.2,2.0
22300503,2024-01-07,PHX,MEM,0,0.8,117.8,39.4,26.4,2.0,0.4,108.4,40.0,26.2,2.0
22300502,2024-01-07,DEN,DET,1,0.6,119.2,41.4,31.2,2.0,0.2,124.2,44.6,28.2,2.0
22300507,2024-01-08,IND,BOS,1,0.8,131.0,41.4,34.0,2.0,0.8,124.2,53.6,28.2,2.0
22300506,2024-01-08,CHA,CHI,0,0.2,105.2,38.2,25.6,3.0,0.4,102.0,46.2,22.0,3.0
22300509,2024-01-08,MIA,HOU,1,0.4,106.8,41.6,25.2,3.0,0.6,116.4,42.6,26.2,2.0
22300511,2024-01-08,LAC,PHX,1,0.8,116.6,43.4,25.4,1.0,0.6,114.2,41.6,25.4,1.0
22300508,2024-01-08,WAS,OKC,0,0.2,106.4,39.4,27.4,2.0,0.6,124.6,41.6,30.6,3.0
22300510,2024-01-08,MIL,UTA,0,0.4,119.0,42.8,26.0,2.0,0.8,123.0,48.8,29.4,2.0
22300513,2024-01-09,ORL,MIN,0,0.4,119.2,44.4,24.8,2.0,0.4,110.0,42.0,24.4,2.0
22300514,2024-01-09,NYK,POR,1,0.8,120.6,47.4,26.0,3.0,0.4,111.2,41.0,24.0,2.0
22300512,2024-01-09,DET,SAC,0,0.2,122.6,40.6,28.4,2.0,0.6,120.0,46.4,30.0,2.0
22300516,2024-01-09,LAL,TOR,1,0.2,106.0,39.8,25.4,2.0,0.6,126.0,41.6,29.0,2.0
22300515,2024-01-09,DAL,MEM,0,0.8,120.4,44.6,26.6,2.0,0.6,111.4,44.2,26.2,2.0
22300525,2024-01-10,GSW,NOP,0,0.4,120.2,40.8,28.8,3.0,0.8,117.2,47.0,28.6,3.0
22300524,2024-01-10,UTA,DEN,1,0.8,126.0,49.6,30.2,2.0,0.6,117.0,38.4,29.6,3.0
22300523,2024-01-10,CHI,HOU,1,0.6,105.0,47.0,23.6,2.0,0.6,113.6,42.6,24.2,2.0
22300517,2024-01-10,BOS,MIN,1,0.6,126.4,51.6,27.6,2.0,0.4,111.0,42.6,26.4,1.0
22300521,2024-01-10,ATL,PHI,1,0.4,121.4,49.4,25.6,3.0,0.4,106.8,36.2,25.2,4.0
22300518,2024-01-10,CHA,SAC,0,0.2,105.2,38.4,25.0,2.0,0.6,121.6,43.4,32.2,1.0
22300519,2024-01-10,DET,SAS,0,0.0,118.8,40.4,28.0,1.0,0.0,112.6,40.6,26.6,3.0
22300522,2024-01-10,MIA,OKC,0,0.4,108.0,41.8,26.0,2.0,0.6,128.0,39.4,32.2,2.0
22300526,2024-01-10,LAC,TOR,1,0.8,120.8,41.4,26.2,2.0,0.6,126.8,42.4,30.6,1.0
22300520,2024-01-10,IND,WAS,1,0.8,129.6,42.4,31.8,2.0,0.0,110.0,38.4,28.2,2.0
22300528,2024-01-11,MIL,BOS,1,0.2,118.4,41.8,27.0,3.0,0.6,125.0,49.4,26.0,1.0
22300527,2024-01-11,CLE,BKN,1,0.6,120.6,47.6,29.6,4.0,0.2,109.0,47.0,26.2,4.0
22300530,2024-01-11,DAL,NYK,1,0.6,114.6,42.6,25.6,2.0,1.0,117.8,50.0,26.4,2.0
22300531,2024-01-11,LAL,PHX,0,0.4,111.2,39.8,27.6,2.0,0.4,114.0,39.6,24.6,3.0
22300529,2024-01-11,OKC,POR,1,0.6,128.8,38.6,33.2,1.0,0.2,101.2,41.0,22.2,2.0
22300539,2024-01-12,DEN,NOP,1,0.6,120.6,38.0,28.8,2.0,0.8,119.6,47.0,29.4,2.0
22300536,2024-01-12,CHI,GSW,0,0.6,108.8,45.6,25.6,2.0,0.4,116.8,40.0,27.2,2.0
22300534,2024-01-12,DET,HOU,0,0.0,117.8,41.6,29.2,2.0,0.4,110.2,44.8,23.2,2.0
22300537,2024-01-12,MEM,LAC,0,0.8,117.0,48.2,27.6,3.0,0.8,121.8,41.2,28.0,2.0
22300535,2024-01-12,MIA,ORL,1,0.4,110.2,40.2,27.0,2.0,0.4,116.2,44.6,24.4,3.0
22300533,2024-01-12,ATL,IND,0,0.6,127.2,50.2,26.2,2.0,0.8,127.6,42.8,33.4,2.0
22300538,2024-01-12,MIN,POR,1,0.4,113.8,45.2,27.0,2.0,0.2,99.0,42.2,21.2,1.0
22300532,2024-01-12,PHI,SAC,1,0.2,107.0,40.4,26.0,2.0,0.8,125.4,44.4,32.4,2.0
22300540,2024-01-12,UTA,TOR,1,0.8,125.4,47.0,29.6,2.0,0.4,126.0,40.4,31.8,2.0
22300541,2024-01-12,SAS,CHA,1,0.2,113.0,41.4,27.6,2.0,0.2,101.0,40.4,22.0,2.0
22300547,2024-01-13,DAL,NOP,0,0.8,122.2,42.0,25.4,2.0,0.6,119.8,43.4,30.8,1.0
22300548,2024-01-13,SAS,CHI,0,0.4,119.8,42.6,28.2,1.0,0.6,115.6,42.6,28.4,1.0
22300545,2024-01-13,MIL,GSW,1,0.4,122.8,43.4,28.4,2.0,0.4,120.6,41.6,30.4,1.0
22300542,2024-01-13,BOS,HOU,1,0.6,120.8,46.2,23.8,2.0,0.4,110.2,43.4,22.0,1.0
22300549,2024-01-13,UTA,LAL,1,0.8,123.6,49.6,30.8,1.0,0.4,111.2,40.2,29.0,2.0
22300544,2024-01-13,MEM,NYK,0,0.6,119.6,48.2,28.8,1.0,0.8,120.2,49.2,27.2,2.0
22300546,2024-01-13,OKC,ORL,1,0.6,131.2,42.8,34.6,2.0,0.4,112.4,44.0,25.8,1.0
22300543,2024-01-13,ATL,WAS,0,0.4,122.8,44.2,25.8,1.0,0.0,105.6,39.2,26.0,3.0
22300553,2024-01-14,MIN,LAC,1,0.6,115.8,48.6,28.8,2.0,0.8,121.2,42.6,27.4,2.0
22300550,2024-01-14,DEN,IND,1,0.6,123.4,38.8,29.4,2.0,0.8,124.4,43.0,34.8,2.0
22300554,2024-01-14,POR,PHX,0,0.2,98.2,40.6,20.2,2.0,0.4,117.6,39.4,24.4,3.0
22300552,2024-01-14,MIL,SAC,1,0.6,122.6,45.0,29.0,1.0,0.6,116.4,43.6,29.2,2.0
22300551,2024-01-14,MIA,CHA,1,0.6,109.2,41.4,26.8,2.0,0.2,102.2,40.2,21.6,2.0
22300563,2024-01-15,TOR,BOS,0,0.2,125.4,37.4,31.8,3.0,0.6,124.6,45.0,24.2,2.0
22300556,2024-01-15,DAL,NOP,1,0.6,118.6,40.2,25.0,2.0,0.6,120.0,44.0,30.6,2.0
22300561,2024-01-15,CLE,CHI,1,0.8,120.6,49.6,27.2,4.0,0.8,120.0,44.2,29.8,2.0
22300560,2024-01-15,MEM,GSW,1,0.6,116.2,46.6,29.2,2.0,0.4,118.8,43.2,28.0,2.0
22300555,2024-01-15,PHI,HOU,1,0.4,111.0,42.4,25.8,3.0,0.4,113.8,45.8,22.4,2.0
22300562,2024-01-15,BKN,MIA,0,0.2,107.8,45.8,24.6,4.0,0.6,108.0,42.4,26.2,1.0
22300557,2024-01-15,NYK,ORL,0,0.8,118.2,50.0,26.4,2.0,0.4,105.4,46.2,23.4,2.0
22300564,2024-01-15,UTA,IND,1,1.0,130.6,48.6,31.8,2.0,0.6,116.2,42.6,30.4,1.0
22300559,2024-01-15,ATL,SAS,1,0.2,114.4,44.4,24.0,2.0,0.4,123.4,44.0,29.2,2.0
22300565,2024-01-15,LAL,OKC,1,0.4,117.0,38.2,29.2,2.0,0.8,126.0,44.6,33.2,2.0
22300558,2024-01-15,WAS,DET,0,0.2,110.8,42.8,28.0,2.0,0.0,110.2,41.2,29.0,3.0
22300566,2024-01-16,PHI,DEN,1,0.4,113.8,42.0,25.2,1.0,0.6,120.8,39.6,30.0,2.0
22300567,2024-01-16,PHX,SAC,1,0.6,118.6,41.2,25.2,2.0,0.4,117.8,44.6,29.0,2.0
22300568,2024-01-16,LAC,OKC,1,0.6,120.0,39.4,27.4,2.0,0.8,124.0,45.4,32.0,1.0
22300577,2024-01-17,LAL,DAL,1,0.6,116.8,40.0,30.0,2.0,0.6,115.8,38.2,22.8,2.0
22300573,2024-01-17,NYK,HOU,1,0.6,111.4,48.4,25.0,2.0,0.2,114.4,45.8,22.2,2.0
22300574,2024-01-17,TOR,MIA,1,0.2,118.6,40.4,30.6,2.0,0.8,107.8,44.4,25.4,2.0
22300572,2024-01-17,CLE,MIL,1,1.0,118.2,50.6,27.8,2.0,0.6,126.2,44.6,29.8,3.0
22300569,2024-01-17,DET,MIN,0,0.2,114.2,43.6,30.0,2.0,0.6,113.2,46.4,27.6,3.0
22300578,2024-01-17,POR,BKN,1,0.2,100.8,39.4,19.4,3.0,0.2,109.8,47.2,24.6,2.0
22300570,2024-01-17,ATL,ORL,1,0.4,113.0,48.0,24.6,2.0,0.4,100.6,47.4,23.6,2.0
22300571,2024-01-17,BOS,SAS,1,0.6,122.0,44.4,23.0,2.0,0.4,119.0,44.4,28.4,2.0
22300575,2024-01-17,NOP,CHA,1,0.6,125.0,42.8,30.4,2.0,0.0,97.4,43.2,20.4,3.0
22300580,2024-01-18,TOR,CHI,0,0.2,116.2,40.4,29.8,1.0,0.6,117.4,44.6,28.2,3.0
22300583,2024-01-18,SAC,IND,0,0.4,121.2,45.8,30.2,2.0,0.6,117.0,43.6,31.2,3.0
22300581,2024-01-18,UTA,OKC,0,1.0,133.0,48.2,31.6,3.0,0.6,120.2,44.4,30.6,2.0
22300582,2024-01-18,MIN,MEM,1,0.8,116.4,44.6,29.6,1.0,0.6,114.0,46.2,27.4,3.0
22300579,2024-01-18,NYK,WAS,1,0.6,109.0,49.6,24.4,1.0,0.2,116.2,43.2,30.2,3.0
22300587,2024-01-19,MIA,ATL,0,0.6,103.2,42.8,24.2,2.0,0.6,112.2,46.2,24.6,2.0
22300586,2024-01-19,BOS,DEN,0,0.8,119.2,46.8,22.2,2.0,0.6,121.0,41.2,29.0,3.0
22300591,2024-01-19,LAL,BKN,0,0.6,121.0,41.0,32.0,2.0,0.2,110.2,43.8,25.2,2.0
22300590,2024-01-19,POR,IND,1,0.2,95.0,40.0,19.4,2.0,0.6,115.6,42.6,32.0,1.0
22300585,2024-01-19,ORL,PHI,0,0.2,98.0,44.0,22.2,2.0,0.6,120.6,40.8,26.2,3.0
22300588,2024-01-19,NOP,PHX,0,0.6,124.8,42.6,29.8,2.0,0.6,119.8,41.6,25.6,3.0
22300584,2024-01-19,CHA,SAS,1,0.0,101.6,43.0,22.2,2.0,0.4,115.6,44.6,29.2,2.0
22300595,2024-01-20,ATL,CLE,0,0.6,106.2,42.8,22.8,1.0,1.0,117.2,49.2,27.6,3.0
22300592,2024-01-20,DET,MIL,0,0.2,114.8,44.2,30.4,3.0,0.6,123.6,43.6,29.6,3.0
22300593,2024-01-20,CHA,PHI,0,0.2,104.0,42.2,22.0,1.0,0.8,123.6,42.4,24.8,1.0
22300594,2024-01-20,WAS,SAS,0,0.2,117.0,43.4,29.8,2.0,0.2,113.6,42.2,29.2,1.0
22300599,2024-01-20,MIN,OKC,0,0.8,117.4,42.8,28.8,2.0,0.6,121.4,43.6,30.6,2.0
22300596,2024-01-20,NYK,TOR,1,0.6,109.2,48.0,23.6,2.0,0.2,112.0,40.6,29.2,2.0
22300598,2024-01-20,HOU,UTA,1,0.2,110.6,45.0,22.8,3.0,0.8,132.4,46.4,31.6,2.0
22300597,2024-01-20,CHI,MEM,1,0.6,116.8,42.8,28.8,2.0,0.4,110.4,42.2,26.0,2.0
22300603,2024-01-21,HOU,BOS,0,0.4,112.2,46.2,22.4,1.0,0.6,113.8,45.2,22.2,2.0
22300602,2024-01-21,WAS,DEN,0,0.2,116.8,45.0,29.0,1.0,0.6,115.2,43.0,26.0,2.0
22300601,2024-01-21,ORL,MIA,1,0.2,101.4,42.0,23.0,2.0,0.6,100.8,44.0,23.4,2.0
22300600,2024-01-21,LAC,BKN,1,0.8,125.0,39.2,29.2,5.0,0.2,111.4,41.8,26.4,2.0
22300604,2024-01-21,PHX,IND,1,0.8,121.4,41.2,26.2,2.0,0.4,116.2,39.2,32.6,2.0
22300605,2024-01-21,LAL,POR,1,0.4,117.0,42.0,31.4,2.0,0.4,101.8,40.8,19.2,2.0
22300613,2024-01-22,SAC,ATL,1,0.2,119.2,44.6,27.8,4.0,0.6,103.6,46.2,22.8,2.0
22300611,2024-01-22,DAL,BOS,0,0.4,114.8,38.0,24.0,5.0,0.8,116.6,50.0,24.0,1.0
22300607,2024-01-22,ORL,CLE,0,0.4,103.2,43.2,22.0,1.0,1.0,117.6,48.6,27.8,2.0
22300612,2024-01-22,PHX,CHI,1,1.0,122.6,45.0,27.8,1.0,0.6,117.0,44.0,29.0,2.0
22300606,2024-01-22,DET,MIL,0,0.2,119.8,44.2,31.0,2.0,0.8,128.6,45.8,29.4,2.0
22300608,2024-01-22,PHI,SAS,1,1.0,116.6,41.4,23.8,2.0,0.2,112.8,43.0,30.6,2.0
22300609,2024-01-22,TOR,MEM,0,0.2,108.0,39.4,28.8,2.0,0.2,105.6,37.8,26.2,2.0
22300610,2024-01-22,MIN,CHA,0,0.8,112.8,43.4,28.8,2.0,0.2,102.2,44.4,23.2,2.0
22300614,2024-01-23,IND,DEN,0,0.2,113.0,38.2,30.0,2.0,0.8,115.6,46.2,26.6,2.0
22300618,2024-01-23,LAC,LAL,1,0.8,122.4,39.4,28.0,2.0,0.6,122.0,43.6,30.4,2.0
22300615,2024-01-23,BKN,NYK,0,0.2,108.8,40.2,26.4,2.0,0.8,109.6,51.2,23.6,3.0
22300617,2024-01-23,OKC,POR,1,0.6,114.0,39.2,26.6,3.0,0.4,108.4,39.4,20.8,2.0
22300616,2024-01-23,NOP,UTA,1,0.4,118.4,41.6,27.8,4.0,0.6,132.8,50.2,30.4,3.0
22300626,2024-01-24,GSW,ATL,1,0.2,117.6,43.2,28.8,9.0,0.6,105.2,46.2,22.4,2.0
22300624,2024-01-24,MIL,CLE,1,0.8,126.0,44.8,27.8,2.0,1.0,119.4,47.6,28.2,2.0
22300620,2024-01-24,WAS,MIN,0,0.2,116.8,43.8,30.4,3.0,0.6,114.6,41.6,28.6,2.0
22300625,2024-01-24,DAL,PHX,0,0.4,116.2,41.0,24.8,2.0,1.0,120.2,43.6,29.6,2.0
22300623,2024-01-24,HOU,POR,0,0.2,111.2,47.8,23.4,3.0,0.4,111.6,41.0,22.6,1.0
22300622,2024-01-24,SAS,OKC,0,0.2,114.2,42.2,31.2,2.0,0.6,113.8,38.6,26.6,1.0
22300621,2024-01-24,MIA,MEM,0,0.4,98.4,43.0,23.2,3.0,0.4,103.4,38.0,26.2,2.0
22300619,2024-01-24,DET,CHA,1,0.2,120.8,44.0,29.4,2.0,0.4,108.0,42.6,24.8,2.0
22300630,2024-01-25,MIA,BOS,0,0.2,96.8,43.0,22.0,1.0,0.8,111.4,48.8,24.0,3.0
22300633,2024-01-25,LAL,CHI,1,0.6,120.2,43.8,29.8,2.0,0.6,113.4,46.2,27.8,3.0
22300631,2024-01-25,NYK,DEN,1,0.8,110.0,48.4,22.8,2.0,0.8,113.4,45.0,25.0,2.0
22300629,2024-01-25,BKN,MIN,0,0.2,109.0,40.0,28.6,2.0,0.6,116.4,43.0,28.8,1.0
22300627,2024-01-25,IND,PHI,1,0.2,113.0,38.4,29.2,2.0,1.0,120.8,41.8,24.8,3.0
22300632,2024-01-25,GSW,SAC,0,0.4,120.8,44.4,28.0,1.0,0.2,119.0,44.2,27.4,3.0
22300628,2024-01-25,WAS,UTA,0,0.0,112.8,42.8,30.2,1.0,0.4,128.6,46.6,29.0,2.0
22300639,2024-01-26,MIL,CLE,0,0.8,125.4,44.0,26.0,2.0,0.8,120.4,46.0,30.2,2.0
22300634,2024-01-26,ATL,DAL,0,0.4,105.8,43.8,23.6,2.0,0.2,112.4,40.0,24.4,2.0
22300635,2024-01-26,CHA,HOU,0,0.4,111.8,42.2,26.8,2.0,0.2,114.8,45.2,25.2,2.0
22300637,2024-01-26,TOR,LAC,0,0.2,105.4,42.6,30.0,4.0,0.8,122.6,39.4,27.8,3.0
22300638,2024-01-26,MEM,ORL,1,0.6,105.6,39.8,26.8,2.0,0.4,103.0,40.0,22.8,4.0
22300636,2024-01-26,IND,PHX,1,0.4,118.8,40.8,30.8,1.0,1.0,121.2,45.2,30.2,2.0
22300641,2024-01-26,SAS,POR,1,0.2,117.2,41.0,31.8,2.0,0.6,115.8,43.4,24.2,2.0
22300640,2024-01-26,NOP,OKC,0,0.6,126.4,46.0,30.0,3.0,0.8,120.8,40.0,29.2,2.0
22300648,2024-01-27,MIL,NOP,1,0.6,116.8,46.2,24.0,1.0,0.4,119.4,45.4,29.0,1.0
22300645,2024-01-27,BKN,HOU,1,0.2,108.8,36.4,27.8,2.0,0.4,119.4,46.6,27.8,1.0
22300646,2024-01-27,BOS,LAC,0,0.8,119.0,47.6,27.2,2.0,0.8,122.4,40.8,29.2,1.0
22300650,2024-01-27,GSW,LAL,0,0.4,126.4,42.4,29.2,2.0,0.6,126.0,41.0,30.8,2.0
22300643,2024-01-27,NYK,MIA,1,1.0,115.6,49.0,24.0,2.0,0.0,99.6,38.4,22.6,2.0
22300649,2024-01-27,SAS,MIN,1,0.4,120.8,44.6,32.6,1.0,0.6,110.8,42.2,27.2,2.0
22300644,2024-01-27,DEN,PHI,1,0.6,106.8,45.0,22.8,2.0,0.8,120.4,39.8,24.6,2.0
22300651,2024-01-27,DAL,SAC,0,0.4,120.4,40.6,25.4,1.0,0.4,127.2,40.2,30.0,2.0
22300647,2024-01-27,CHA,UTA,0,0.4,110.2,40.4,25.0,1.0,0.4,126.8,46.6,30.2,2.0
22300642,2024-01-27,DET,WAS,0,0.4,121.4,43.6,28.2,3.0,0.0,111.0,43.2,30.8,2.0
22300656,2024-01-28,POR,CHI,0,0.4,114.8,42.6,24.6,2.0,0.4,115.4,44.6,27.0,3.0
22300655,2024-01-28,ORL,PHX,1,0.2,104.6,38.8,21.8,2.0,0.8,123.6,43.6,28.6,2.0
22300654,2024-01-28,DET,OKC,1,0.2,116.4,42.2,26.6,1.0,1.0,118.8,42.0,27.6,2.0
22300653,2024-01-28,ATL,TOR,1,0.2,113.2,42.8,25.8,2.0,0.2,107.6,41.2,30.2,2.0
22300652,2024-01-28,IND,MEM,1,0.4,120.2,43.6,31.0,2.0,0.6,103.8,40.0,28.0,2.0
22300659,2024-01-29,BOS,NOP,1,0.6,114.8,47.2,27.0,2.0,0.4,118.8,46.6,28.8,2.0
22300658,2024-01-29,CLE,LAC,1,0.8,121.0,46.6,28.6,3.0,1.0,124.4,45.6,29.2,2.0
22300662,2024-01-29,HOU,LAL,1,0.4,121.4,50.0,27.2,2.0,0.6,129.6,43.0,30.8,2.0
22300667,2024-01-29,DEN,MIL,1,0.8,104.8,44.6,23.2,2.0,0.8,126.0,48.0,26.2,2.0
22300664,2024-01-29,OKC,MIN,0,0.8,112.8,43.0,23.8,1.0,0.4,109.6,40.8,27.2,2.0
22300657,2024-01-29,CHA,NYK,0,0.2,109.8,39.4,27.0,2.0,1.0,118.8,48.0,24.2,2.0
22300666,2024-01-29,DAL,ORL,1,0.2,118.4,40.8,27.6,2.0,0.4,106.4,38.8,24.2,1.0
22300668,2024-01-29,POR,PHI,1,0.2,110.4,42.8,25.4,1.0,0.6,116.2,41.2,24.2,2.0
22300661,2024-01-29,MIA,PHX,0,0.0,102.0,38.6,23.0,2.0,0.6,118.6,41.8,26.0,1.0
22300663,2024-01-29,MEM,SAC,0,0.6,105.2,42.2,27.6,1.0,0.6,122.8,38.6,28.6,2.0
22300660,2024-01-29,BKN,UTA,1,0.4,109.4,37.8,27.0,2.0,0.4,127.2,47.2,32.0,2.0
22300665,2024-01-29,SAS,WAS,0,0.6,119.4,45.6,32.4,2.0,0.2,112.8,44.0,29.8,2.0
22300669,2024-01-30,ATL,LAL,1,0.2,116.6,45.4,26.6,2.0,0.6,131.0,41.2,29.8,1.0
22300670,2024-01-30,BOS,IND,1,0.8,118.4,47.6,28.2,1.0,0.6,120.4,45.0,30.4,2.0
22300673,2024-01-30,GSW,PHI,1,0.2,127.2,43.6,28.8,3.0,0.4,112.2,39.6,23.0,1.0
22300672,2024-01-30,CHI,TOR,0,0.6,118.0,44.0,28.2,2.0,0.0,108.4,41.4,29.2,2.0
22300671,2024-01-30,NYK,UTA,1,1.0,118.8,47.0,24.8,1.0,0.4,124.2,48.4,30.0,1.0
22300679,2024-01-31,HOU,NOP,0,0.4,123.0,50.0,29.0,2.0,0.2,114.8,44.6,26.6,2.0
22300674,2024-01-31,CHA,CHI,0,0.2,110.4,38.2,27.0,2.0,0.4,116.2,42.2,26.4,1.0
22300680,2024-01-31,MIN,DAL,1,0.6,111.6,39.8,27.0,2.0,0.4,122.6,39.2,27.8,2.0
22300682,2024-01-31,OKC,DEN,1,0.6,112.6,43.2,23.8,2.0,0.8,107.0,44.6,25.0,2.0
22300676,2024-01-31,WAS,LAC,0,0.4,111.0,43.8,30.6,2.0,0.8,120.4,45.2,28.8,2.0
22300683,2024-01-31,POR,MIL,1,0.4,114.4,43.6,26.4,2.0,0.6,119.2,46.2,25.0,2.0
22300681,2024-01-31,SAS,ORL,0,0.4,115.8,43.0,31.0,2.0,0.4,110.4,38.6,24.8,2.0
22300677,2024-01-31,BKN,PHX,0,0.4,112.8,39.6,29.0,2.0,0.6,118.8,42.4,27.0,2.0
22300678,2024-01-31,MIA,SAC,1,0.0,101.4,38.6,22.8,2.0,0.8,120.0,42.6,26.6,2.0
22300675,2024-01-31,CLE,DET,1,0.8,117.6,44.8,27.0,2.0,0.4,117.0,44.8,26.0,3.0
22300687,2024-02-01,MEM,CLE,0,0.6,104.8,43.2,26.4,3.0,0.8,120.0,41.6,25.8,1.0
22300684,2024-02-01,BOS,LAL,0,0.8,121.0,44.6,27.0,2.0,0.4,128.6,39.6,29.8,2.0
22300685,2024-02-01,NYK,IND,1,1.0,117.2,43.8,25.2,2.0,0.6,123.2,47.0,31.4,2.0
22300686,2024-02-01,UTA,PHI,0,0.4,119.6,45.2,29.0,2.0,0.2,114.2,38.2,21.0,2.0
22300696,2024-02-02,SAS,NOP,0,0.4,110.8,42.6,30.0,2.0,0.4,115.0,47.4,25.2,2.0
22300693,2024-02-02,MEM,GSW,0,0.4,103.4,42.4,25.4,1.0,0.4,127.4,43.8,30.6,3.0
22300688,2024-02-02,DET,LAC,0,0.4,114.2,43.8,25.4,2.0,0.8,120.4,46.6,28.6,2.0
22300689,2024-02-02,WAS,MIA,0,0.4,112.0,44.8,28.2,2.0,0.2,107.0,41.2,26.0,2.0
22300694,2024-02-02,MIN,ORL,0,0.8,110.8,41.6,26.4,2.0,0.4,111.0,38.8,26.4,2.0
22300690,2024-02-02,ATL,PHX,1,0.4,125.2,45.6,28.0,3.0,0.6,123.0,43.0,27.6,2.0
22300697,2024-02-02,DEN,POR,1,0.6,104.4,44.0,23.4,2.0,0.6,116.4,42.2,26.2,2.0
22300691,2024-02-02,IND,SAC,0,0.6,122.4,48.2,30.8,1.0,0.8,117.0,43.8,26.4,2.0
22300692,2024-02-02,HOU,TOR,1,0.4,121.4,46.0,27.6,2.0,0.2,110.0,41.4,29.8,3.0
22300695,2024-02-02,OKC,CHA,1,0.6,111.4,45.2,24.0,2.0,0.0,106.8,39.2,26.0,2.0
22300703,2024-02-03,SAS,CLE,0,0.4,110.6,46.0,31.0,1.0,0.8,116.4,43.4,25.2,2.0
22300699,2024-02-03,ATL,GSW,1,0.6,129.6,44.2,30.0,1.0,0.6,130.2,44.0,31.4,1.0
22300701,2024-02-03,NYK,LAL,0,1.0,117.4,47.4,24.0,2.0,0.6,128.2,41.8,30.4,2.0
22300702,2024-02-03,DAL,MIL,0,0.4,118.0,35.8,26.6,3.0,0.4,118.0,44.2,25.2,3.0
22300698,2024-02-03,PHI,BKN,0,0.2,113.0,36.6,20.8,2.0,0.4,114.0,37.8,28.8,3.0
22300700,2024-02-03,CHI,SAC,0,0.4,114.6,40.6,25.6,3.0,0.8,119.2,41.2,27.2,1.0
22300709,2024-02-04,MIN,HOU,1,0.6,108.4,39.6,26.0,2.0,0.6,122.2,48.4,27.8,2.0
22300708,2024-02-04,MIA,LAC,0,0.4,109.8,44.2,26.6,2.0,0.8,122.2,46.6,28.2,2.0
22300711,2024-02-04,UTA,MIL,1,0.4,119.6,46.2,30.8,3.0,0.4,118.6,42.2,27.2,1.0
22300704,2024-02-04,DET,ORL,0,0.4,116.6,43.0,26.0,2.0,0.6,112.8,40.4,26.2,2.0
22300707,2024-02-04,CHA,IND,0,0.0,106.8,36.6,25.0,2.0,0.4,120.0,45.0,28.4,2.0
22300705,2024-02-04,WAS,PHX,0,0.4,111.0,43.6,27.6,2.0,0.4,120.6,40.8,27.8,2.0
22300712,2024-02-04,DEN,POR,1,0.6,105.6,45.2,25.8,2.0,0.4,110.6,40.0,22.8,2.0
22300710,2024-02-04,OKC,TOR,1,0.6,108.6,44.6,23.0,2.0,0.2,111.2,42.6,27.4,2.0
22300706,2024-02-04,BOS,MEM,1,0.6,118.2,46.6,27.8,3.0,0.2,102.6,41.0,25.4,2.0
22300715,2024-02-05,PHI,DAL,0,0.2,112.8,39.2,21.2,2.0,0.4,119.6,37.6,26.0,2.0
22300717,2024-02-05,BKN,GSW,0,0.6,120.6,40.4,30.0,2.0,0.4,130.2,45.6,31.4,2.0
22300716,2024-02-05,ATL,LAC,0,0.8,135.4,46.6,29.4,2.0,0.8,117.4,46.2,27.0,1.0
22300713,2024-02-05,CHA,LAL,0,0.0,105.8,38.8,24.6,1.0,0.6,122.6,43.4,29.0,2.0
22300714,2024-02-05,CLE,SAC,1,1.0,116.6,45.8,26.2,2.0,0.8,117.0,42.4,27.2,2.0
22300718,2024-02-05,NOP,TOR,1,0.4,107.2,43.8,22.8,3.0,0.2,116.6,42.8,28.8,1.0
22300720,2024-02-06,BKN,DAL,0,0.6,121.4,41.6,30.2,1.0,0.4,113.6,39.0,26.0,1.0
22300719,2024-02-06,IND,HOU,1,0.4,116.4,45.2,28.4,2.0,0.4,112.6,46.0,25.0,2.0
22300725,2024-02-06,PHX,MIL,1,0.6,122.4,41.6,29.6,2.0,0.4,120.2,38.4,28.4,2.0
22300723,2024-02-06,CHI,MIN,1,0.4,115.0,40.6,25.4,3.0,0.6,111.4,43.6,25.4,2.0
22300721,2024-02-06,MIA,ORL,1,0.4,106.8,47.0,26.4,2.0,0.8,113.8,39.8,26.4,2.0
22300724,2024-02-06,UTA,OKC,1,0.4,119.6,46.2,30.2,2.0,0.6,114.2,44.6,26.6,2.0
22300722,2024-02-06,NYK,MEM,1,0.8,114.0,48.8,23.0,3.0,0.0,99.4,41.6,23.2,2.0
22300729,2024-02-07,BOS,ATL,1,0.6,115.8,48.6,26.6,3.0,0.8,135.6,47.2,30.0,2.0
22300728,2024-02-07,WAS,CLE,0,0.4,111.8,43.6,27.4,3.0,1.0,121.4,44.6,29.4,2.0
22300731,2024-02-07,LAC,NOP,0,0.8,124.2,41.8,27.8,2.0,0.6,118.2,45.8,25.2,2.0
22300727,2024-02-07,PHI,GSW,0,0.2,112.2,41.6,20.2,2.0,0.6,125.4,51.0,30.2,2.0
22300730,2024-02-07,MIA,SAS,1,0.6,109.2,48.4,27.4,1.0,0.2,107.6,45.0,29.6,4.0
22300726,2024-02-07,CHA,TOR,0,0.0,105.0,38.6,22.8,2.0,0.2,115.2,41.4,29.0,2.0
22300732,2024-02-07,SAC,DET,0,0.6,115.0,42.6,27.4,2.0,0.2,113.8,41.4,25.2,3.0
22300735,2024-02-08,BKN,CLE,0,0.4,121.6,42.2,32.0,2.0,1.0,120.6,44.6,28.8,1.0
22300737,2024-02-08,MEM,CHI,0,0.0,100.0,39.6,25.8,2.0,0.6,114.4,42.4,24.8,2.0
22300736,2024-02-08,NYK,DAL,0,0.8,113.6,47.0,23.6,2.0,0.6,114.4,39.4,24.0,2.0
22300740,2024-02-08,LAL,DEN,0,0.6,118.4,42.0,29.6,3.0,0.8,111.2,45.6,27.0,4.0
22300733,2024-02-08,IND,GSW,0,0.4,119.6,41.4,29.2,2.0,0.8,122.0,51.4,28.8,1.0
22300738,2024-02-08,MIL,MIN,0,0.2,113.2,38.2,27.0,2.0,0.6,113.6,45.6,25.0,2.0
22300734,2024-02-08,ORL,SAS,1,0.6,110.2,39.6,25.4,2.0,0.0,105.8,46.4,28.6,1.0
22300739,2024-02-08,PHX,UTA,1,0.8,125.6,43.6,29.2,2.0,0.4,117.6,46.0,28.4,2.0
22300741,2024-02-08,POR,DET,0,0.4,111.2,41.0,24.0,4.0,0.4,119.6,42.0,27.2,1.0
22300742,2024-02-09,PHI,ATL,0,0.2,112.2,42.8,21.0,2.0,0.6,133.8,46.8,29.4,2.0
22300747,2024-02-09,LAL,NOP,1,0.6,115.8,42.8,29.8,1.0,0.8,118.2,44.8,27.2,2.0
22300746,2024-02-09,SAC,DEN,1,0.4,118.4,39.0,28.8,2.0,0.8,111.8,46.8,28.6,1.0
22300744,2024-02-09,TOR,HOU,1,0.4,114.8,40.4,29.2,2.0,0.4,117.6,44.6,26.2,3.0
22300743,2024-02-09,BOS,WAS,1,0.8,121.6,47.2,29.0,2.0,0.2,109.4,43.0,27.6,2.0
22300745,2024-02-09,MIL,CHA,1,0.2,112.8,37.2,29.2,1.0,0.0,110.0,38.0,23.6,2.0
22300756,2024-02-10,TOR,CLE,0,0.4,112.6,41.0,27.2,1.0,1.0,118.6,47.6,28.8,2.0
22300758,2024-02-10,POR,NOP,0,0.4,116.4,39.0,25.4,2.0,0.8,120.2,45.0,28.6,1.0
22300752,2024-02-10,ORL,CHI,1,0.8,109.8,40.4,26.8,2.0,0.6,117.2,43.6,24.2,2.0
22300754,2024-02-10,ATL,HOU,1,0.6,131.6,45.6,29.2,1.0,0.2,111.4,43.0,23.4,1.0
22300755,2024-02-10,NYK,IND,0,0.6,112.6,47.8,24.0,2.0,0.4,116.6,37.4,28.8,2.0
22300753,2024-02-10,WAS,PHI,0,0.0,111.6,41.8,27.6,1.0,0.2,115.0,44.8,23.6,1.0
22300757,2024-02-10,GSW,PHX,1,0.8,124.4,52.8,29.0,2.0,0.8,127.8,41.6,30.6,2.0
22300750,2024-02-10,BKN,SAS,1,0.2,111.2,39.0,28.2,2.0,0.0,105.4,44.6,28.2,2.0
22300748,2024-02-10,DAL,OKC,1,0.6,112.6,40.4,24.6,2.0,0.6,116.8,42.4,28.4,4.0
22300751,2024-02-10,CHA,MEM,1,0.0,104.8,39.6,22.0,1.0,0.0,103.2,39.0,26.6,2.0
22300749,2024-02-10,LAC,DET,1,0.8,123.8,41.8,26.8,3.0,0.4,121.2,40.4,27.0,2.0
22300759,2024-02-11,MIA,BOS,0,0.8,111.4,48.6,29.2,4.0,0.8,124.6,49.0,28.6,2.0
22300760,2024-02-11,OKC,SAC,1,0.6,118.8,42.8,28.8,1.0,0.6,124.2,38.6,30.0,2.0
22300766,2024-02-12,MEM,NOP,0,0.0,104.2,36.8,28.2,2.0,0.8,116.8,41.0,30.0,2.0
22300763,2024-02-12,ATL,CHI,0,0.6,130.2,45.2,28.4,2.0,0.6,117.4,45.6,24.2,2.0
22300767,2024-02-12,MIL,DEN,1,0.4,113.6,40.0,29.0,3.0,0.6,110.4,44.4,28.0,3.0
22300769,2024-02-12,UTA,GSW,0,0.4,117.8,47.6,29.4,4.0,0.8,122.8,54.0,29.2,2.0
22300770,2024-02-12,LAC,MIN,0,0.8,121.2,38.4,25.8,2.0,0.6,118.0,45.2,27.6,4.0
22300765,2024-02-12,HOU,NYK,1,0.2,114.2,48.8,24.0,2.0,0.4,111.2,45.2,21.4,2.0
22300761,2024-02-12,CHA,IND,1,0.2,106.6,41.2,23.6,2.0,0.6,120.6,36.8,30.6,2.0
22300762,2024-02-12,CLE,PHI,0,1.0,120.8,47.4,30.8,2.0,0.2,113.4,46.4,23.8,2.0
22300764,2024-02-12,TOR,SAS,0,0.4,110.4,41.6,28.2,2.0,0.0,106.4,44.6,27.4,2.0
22300768,2024-02-12,DAL,WAS,1,0.8,124.4,45.0,27.0,2.0,0.0,112.4,40.6,29.4,2.0
22300771,2024-02-13,BKN,BOS,0,0.4,111.8,41.8,28.8,3.0,0.8,120.8,49.4,29.0,2.0
22300773,2024-02-13,MIL,MIA,0,0.4,110.2,43.0,28.2,1.0,0.6,109.6,47.8,25.8,2.0
22300775,2024-02-13,POR,MIN,0,0.2,107.2,39.6,23.4,3.0,0.6,118.0,44.4,28.0,1.0
22300774,2024-02-13,PHX,SAC,1,0.6,123.0,41.6,29.2,3.0,0.4,120.2,39.0,31.2,2.0
22300772,2024-02-13,ORL,OKC,0,0.8,111.0,41.0,25.6,3.0,0.6,123.2,39.4,30.0,2.0
22300776,2024-02-13,LAL,DET,1,0.8,119.2,41.8,30.6,4.0,0.4,118.2,44.8,27.0,3.0
22300777,2024-02-14,CHA,ATL,1,0.4,109.0,41.8,25.4,2.0,0.4,127.2,43.6,29.6,2.0
22300781,2024-02-14,CLE,CHI,1,0.8,121.6,45.8,31.2,2.0,0.6,121.2,45.4,24.4,2.0
22300783,2024-02-14,MEM,HOU,1,0.0,101.4,36.6,27.8,2.0,0.2,108.2,46.8,22.4,2.0
22300789,2024-02-14,GSW,LAC,0,1.0,121.8,52.8,30.2,2.0,0.6,114.0,38.4,23.6,2.0
22300788,2024-02-14,UTA,LAL,0,0.4,118.6,47.8,29.4,2.0,0.8,121.4,40.8,31.0,1.0
22300779,2024-02-14,PHI,MIA,0,0.4,113.8,46.0,23.6,2.0,0.6,112.2,45.4,27.8,1.0
22300780,2024-02-14,BOS,BKN,1,1.0,123.4,46.4,29.2,1.0,0.2,106.6,38.6,27.4,1.0
22300778,2024-02-14,ORL,NYK,1,0.6,112.0,42.2,26.6,1.0,0.2,110.0,43.4,22.2,2.0
22300782,2024-02-14,TOR,IND,0,0.4,104.8,41.4,25.6,2.0,0.6,116.6,35.4,32.2,2.0
22300786,2024-02-14,DEN,SAC,0,0.6,109.4,44.6,28.6,2.0,0.2,120.6,41.0,30.0,1.0
22300785,2024-02-14,DAL,SAS,1,1.0,123.4,47.8,28.0,2.0,0.2,108.2,42.8,27.8,2.0
22300784,2024-02-14,NOP,WAS,1,0.8,113.2,43.0,28.4,2.0,0.0,112.8,42.4,29.2,2.0
22300787,2024-02-14,PHX,DET,1,0.8,125.0,41.8,28.8,1.0,0.4,115.4,47.2,27.4,1.0
22300576,2024-02-15,UTA,GSW,0,0.4,118.2,48.0,28.0,1.0,0.8,125.0,50.2,32.2,1.0
22300790,2024-02-15,MEM,MIL,1,0.2,107.4,36.6,29.4,1.0,0.4,108.0,44.2,27.6,2.0
22300791,2024-02-15,POR,MIN,0,0.0,105.2,40.6,23.4,2.0,0.8,121.0,45.0,28.0,2.0
22300797,2024-02-22,CHI,BOS,0,0.6,119.2,44.8,23.2,8.0,1.0,124.4,45.2,29.6,8.0
22300798,2024-02-22,NOP,HOU,1,0.8,112.2,40.6,28.4,8.0,0.2,112.8,49.8,22.4,8.0
22300799,2024-02-22,OKC,LAC,1,0.6,123.4,36.8,29.4,9.0,0.6,119.4,38.4,24.6,8.0
22300802,2024-02-22,GSW,LAL,1,0.8,127.6,48.0,34.6,7.0,0.8,126.4,40.6,32.2,8.0
22300795,2024-02-22,TOR,BKN,1,0.4,109.8,45.0,26.2,8.0,0.2,104.2,37.2,28.2,8.0
22300794,2024-02-22,PHI,NYK,0,0.4,114.2,43.6,25.4,8.0,0.2,109.0,40.0,21.0,8.0
22300792,2024-02-22,CLE,ORL,0,0.8,116.0,44.0,30.2,8.0,0.6,113.4,41.6,27.2,8.0
22300796,2024-02-22,DAL,PHX,1,1.0,123.0,50.0,28.0,8.0,0.8,120.2,44.2,27.8,8.0
22300803,2024-02-22,SAC,SAS,1,0.4,119.0,42.6,28.6,8.0,0.2,106.6,40.8,29.0,8.0
22300800,2024-02-22,DEN,WAS,1,0.4,105.0,44.0,27.2,8.0,0.0,115.6,43.8,29.8,8.0
22300793,2024-02-22,IND,DET,1,0.6,119.0,33.4,31.8,8.0,0.4,115.6,49.6,28.2,8.0
22300801,2024-02-22,UTA,CHA,0,0.2,121.0,47.2,28.4,7.0,0.6,109.8,44.2,25.6,8.0
22300805,2024-02-23,PHI,CLE,1,0.4,112.6,43.2,25.8,1.0,0.6,115.0,41.4,31.4,1.0
22300812,2024-02-23,POR,DEN,0,0.0,101.8,40.2,24.2,8.0,0.4,108.6,47.6,30.2,1.0
22300807,2024-02-23,MEM,LAC,0,0.4,107.4,37.6,28.8,8.0,0.4,111.0,39.6,23.6,1.0
22300810,2024-02-23,NOP,MIA,0,0.8,114.2,41.6,29.4,1.0,0.8,115.0,45.0,28.4,9.0
22300808,2024-02-23,MIN,MIL,0,0.8,124.4,43.8,28.6,8.0,0.4,108.8,44.2,27.8,8.0
22300806,2024-02-23,HOU,PHX,1,0.2,108.0,49.0,22.6,1.0,0.6,120.0,42.6,28.4,1.0
22300813,2024-02-23,LAL,SAS,1,0.6,123.6,39.2,30.6,1.0,0.2,110.2,40.0,30.4,1.0
22300804,2024-02-23,ATL,TOR,0,0.4,118.2,44.8,27.2,9.0,0.4,109.4,45.8,25.0,1.0
22300809,2024-02-23,OKC,WAS,1,0.6,122.2,36.6,26.2,1.0,0.0,116.4,42.4,30.4,1.0
22300811,2024-02-23,GSW,CHA,1,0.8,127.0,47.8,34.4,1.0,0.8,109.4,45.0,25.8,1.0
22300816,2024-02-24,NYK,BOS,0,0.2,106.4,41.6,20.2,2.0,1.0,125.2,43.4,28.4,2.0
22300815,2024-02-24,MIN,BKN,1,0.8,121.2,45.8,27.6,1.0,0.2,101.4,36.4,25.4,2.0
22300814,2024-02-24,DET,ORL,0,0.2,112.0,48.2,27.2,2.0,0.8,117.6,40.4,27.4,2.0
22300820,2024-02-25,WAS,CLE,0,0.0,111.8,43.2,28.0,2.0,0.4,110.8,40.4,31.0,2.0
22300823,2024-02-25,NOP,CHI,0,0.8,108.8,44.2,27.8,2.0,0.4,115.8,44.2,24.4,3.0
22300819,2024-02-25,IND,DAL,1,0.6,118.4,36.8,32.0,3.0,1.0,123.8,48.8,27.8,3.0
22300824,2024-02-25,GSW,DEN,0,0.8,123.8,48.0,33.4,2.0,0.4,111.2,46.6,31.2,2.0
22300818,2024-02-25,PHX,LAL,1,0.4,116.2,46.8,25.6,2.0,0.8,127.0,40.6,30.8,2.0
22300817,2024-02-25,PHI,MIL,0,0.6,109.2,43.6,25.0,2.0,0.6,110.2,46.6,25.6,2.0
22300821,2024-02-25,ATL,ORL,1,0.4,119.0,45.8,27.8,2.0,0.8,114.6,41.8,25.6,1.0
22300827,2024-02-25,LAC,SAC,0,0.6,110.0,42.4,23.0,2.0,0.6,120.4,44.4,28.2,3.0
22300825,2024-02-25,UTA,SAS,1,0.0,117.6,48.4,27.8,3.0,0.2,111.6,44.0,31.2,2.0
22300822,2024-02-25,HOU,OKC,0,0.4,110.0,50.2,23.2,2.0,0.8,128.2,41.4,27.0,2.0
22300826,2024-02-25,POR,CHA,0,0.0,103.6,40.8,23.4,2.0,0.8,109.4,44.0,26.6,2.0
22300831,2024-02-26,SAC,MIA,0,0.6,118.0,44.2,27.6,1.0,0.8,112.0,45.2,26.2,3.0
22300830,2024-02-26,MEM,BKN,0,0.4,104.4,39.0,28.8,3.0,0.2,99.6,40.8,25.0,2.0
22300829,2024-02-26,IND,TOR,0,0.8,123.2,40.0,33.4,1.0,0.4,112.6,47.0,27.6,3.0
22300828,2024-02-26,NYK,DET,1,0.2,105.2,40.2,19.0,2.0,0.0,108.2,46.4,27.8,2.0
22300837,2024-02-27,NYK,NOP,0,0.4,105.6,42.6,22.0,1.0,0.6,111.4,46.8,27.4,2.0
22300832,2024-02-27,CLE,DAL,1,0.4,109.8,40.4,30.8,2.0,0.8,121.6,48.4,24.8,2.0
22300834,2024-02-27,WAS,GSW,0,0.0,110.2,43.4,28.2,2.0,0.6,118.6,46.2,32.6,2.0
22300841,2024-02-27,OKC,HOU,1,1.0,130.6,43.0,28.4,2.0,0.4,109.4,48.6,22.4,2.0
22300842,2024-02-27,POR,MIA,0,0.0,95.2,44.4,20.4,2.0,0.8,113.0,44.0,25.8,1.0
22300833,2024-02-27,ORL,BKN,1,0.6,110.2,42.4,25.6,2.0,0.2,97.2,41.8,25.2,1.0
22300836,2024-02-27,BOS,PHI,1,1.0,121.8,40.8,28.8,3.0,0.4,105.0,42.2,24.2,2.0
22300838,2024-02-27,MIN,SAS,1,0.8,115.6,47.4,25.2,3.0,0.2,112.8,45.0,34.0,2.0
22300835,2024-02-27,ATL,UTA,1,0.4,115.4,46.6,27.8,2.0,0.2,120.2,45.6,29.4,2.0
22300839,2024-02-27,CHI,DET,0,0.4,115.0,44.8,25.4,2.0,0.0,109.2,43.4,27.4,1.0
22300840,2024-02-27,MIL,CHA,1,0.6,110.0,45.4,26.8,2.0,0.8,105.0,43.6,25.4,2.0
22300846,2024-02-28,CHI,CLE,1,0.4,112.4,44.0,25.6,1.0,0.6,109.8,41.2,31.2,1.0
22300843,2024-02-28,IND,NOP,1,0.6,122.6,40.4,32.8,2.0,0.6,115.2,45.8,27.8,1.0
22300844,2024-02-28,TOR,DAL,0,0.6,119.6,48.0,30.2,2.0,0.6,116.2,44.8,23.4,1.0
22300848,2024-02-28,LAC,LAL,0,0.4,109.0,43.2,23.6,3.0,0.6,121.8,41.0,30.0,3.0
22300847,2024-02-28,DEN,SAC,1,0.6,113.8,48.6,31.8,3.0,0.6,117.4,44.4,27.2,2.0
22300845,2024-02-28,MIN,MEM,1,0.8,114.2,48.4,24.2,1.0,0.4,100.4,40.6,25.4,2.0
22300851,2024-02-29,BKN,ATL,1,0.2,91.4,41.4,23.2,2.0,0.4,115.8,49.4,28.2,2.0
22300852,2024-02-29,NYK,GSW,0,0.4,103.4,40.0,23.6,2.0,0.8,118.2,45.6,33.6,2.0
22300854,2024-02-29,PHX,HOU,1,0.6,118.4,48.6,26.4,4.0,0.2,107.4,50.0,22.4,2.0
22300855,2024-02-29,DEN,MIA,1,0.8,118.2,47.6,34.0,1.0,1.0,113.0,41.8,27.4,2.0
22300849,2024-02-29,CHA,MIL,0,0.6,99.8,41.8,24.8,2.0,0.6,112.2,45.4,26.6,2.0
22300853,2024-02-29,SAS,OKC,1,0.0,109.4,44.0,32.2,2.0,1.0,127.6,46.8,26.2,2.0
22300850,2024-02-29,ORL,UTA,1,0.8,109.2,40.4,23.8,2.0,0.2,118.2,45.4,29.6,2.0
22300856,2024-02-29,LAL,WAS,1,0.6,120.0,39.4,29.2,1.0,0.0,111.8,41.2,29.6,2.0
22300857,2024-03-01,DET,CLE,0,0.2,108.0,42.8,25.8,3.0,0.4,112.8,41.8,32.4,2.0
22300859,2024-03-01,BOS,DAL,1,1.0,123.2,43.6,27.6,3.0,0.6,121.0,43.6,24.4,2.0
22300860,2024-03-01,TOR,GSW,0,0.6,124.8,47.4,32.0,2.0,0.8,112.2,48.0,30.4,1.0
22300864,2024-03-01,CHI,MIL,0,0.4,111.6,50.2,25.6,2.0,0.8,115.0,46.6,26.0,1.0
22300863,2024-03-01,NOP,IND,1,0.4,111.4,46.0,25.8,2.0,0.8,126.8,44.0,33.4,2.0
22300861,2024-03-01,MEM,POR,0,0.4,103.2,43.4,24.4,2.0,0.0,97.6,44.0,21.4,3.0
22300862,2024-03-01,MIN,SAC,0,0.8,112.0,48.0,25.2,2.0,0.6,111.6,43.0,27.4,2.0
22300865,2024-03-01,LAC,WAS,1,0.4,111.4,43.2,25.4,2.0,0.0,112.8,41.8,29.6,1.0
22300858,2024-03-01,PHI,CHA,1,0.2,100.2,39.4,23.2,3.0,0.4,95.2,41.0,24.2,1.0
22300866,2024-03-02,BKN,ATL,1,0.4,99.0,43.8,23.8,2.0,0.4,110.0,47.4,25.2,2.0
22300869,2024-03-02,LAL,DEN,0,0.6,119.2,41.0,28.4,2.0,1.0,119.2,46.8,33.0,2.0
22300870,2024-03-02,PHX,HOU,0,0.6,114.4,51.0,24.6,2.0,0.2,105.8,50.4,21.2,2.0
22300868,2024-03-02,MEM,POR,0,0.2,97.4,40.2,22.0,1.0,0.2,100.2,44.4,22.4,1.0
22300867,2024-03-02,MIA,UTA,1,0.8,107.8,41.4,24.8,2.0,0.2,115.2,44.0,28.8,2.0
22300872,2024-03-03,BOS,GSW,1,1.0,127.2,45.2,28.0,2.0,0.8,110.6,49.6,29.2,2.0
22300873,2024-03-03,MIN,LAC,0,0.6,110.4,46.4,26.2,2.0,0.4,113.4,43.4,26.2,2.0
22300876,2024-03-03,CLE,NYK,0,0.6,113.0,45.8,31.2,2.0,0.4,103.2,44.4,25.2,3.0
22300877,2024-03-03,SAS,IND,1,0.2,117.2,44.2,34.2,3.0,0.6,121.8,45.0,32.0,2.0
22300871,2024-03-03,DAL,PHI,0,0.4,119.8,41.0,22.8,2.0,0.4,103.6,41.2,25.0,2.0
22300878,2024-03-03,PHX,OKC,0,0.4,113.0,49.6,23.6,1.0,0.8,125.8,48.0,24.6,3.0
22300874,2024-03-03,ORL,DET,1,0.8,108.6,42.6,24.2,3.0,0.2,108.0,41.6,25.4,2.0
22300875,2024-03-03,TOR,CHA,1,0.6,120.8,45.6,32.2,2.0,0.2,95.0,39.0,23.4,2.0
22300883,2024-03-04,SAC,CHI,0,0.6,116.0,42.4,29.0,3.0,0.4,110.0,50.2,27.0,3.0
22300880,2024-03-04,MIL,LAC,1,1.0,115.6,47.6,25.6,3.0,0.6,109.8,43.0,24.2,1.0
22300881,2024-03-04,MIN,POR,1,0.6,106.6,46.8,26.4,1.0,0.4,103.4,47.4,23.4,2.0
22300884,2024-03-04,LAL,OKC,1,0.6,120.0,39.0,29.4,2.0,0.8,123.6,47.4,24.0,1.0
22300879,2024-03-04,BKN,MEM,0,0.6,103.2,45.0,25.6,2.0,0.0,94.8,41.2,20.2,2.0
22300882,2024-03-04,UTA,WAS,1,0.2,111.8,42.8,27.0,2.0,0.0,113.8,41.6,29.4,3.0
22300889,2024-03-05,NYK,ATL,0,0.4,102.6,44.8,26.8,2.0,0.4,110.6,46.8,25.2,3.0
22300886,2024-03-05,CLE,BOS,1,0.6,113.2,45.0,32.6,2.0,1.0,128.0,45.2,28.6,2.0
22300890,2024-03-05,TOR,NOP,0,0.6,118.8,45.6,32.8,2.0,0.4,111.8,46.8,23.8,4.0
22300885,2024-03-05,CHA,ORL,0,0.2,99.4,39.4,24.0,2.0,0.8,108.0,45.6,23.8,2.0
22300892,2024-03-05,DAL,IND,0,0.2,118.4,42.2,22.0,2.0,0.4,117.0,45.0,28.8,2.0
22300887,2024-03-05,BKN,PHI,1,0.6,106.4,40.4,27.0,1.0,0.6,108.4,42.0,25.6,2.0
22300893,2024-03-05,DEN,PHX,0,1.0,118.0,44.2,31.6,3.0,0.4,112.4,51.4,24.8,2.0
22300891,2024-03-05,HOU,SAS,1,0.4,108.4,51.4,21.2,3.0,0.4,116.2,44.8,33.4,2.0
22300888,2024-03-05,MIA,DET,1,0.8,111.2,39.6,26.0,3.0,0.2,103.2,39.0,25.0,2.0
22300895,2024-03-06,ATL,CLE,1,0.6,109.6,46.2,25.0,1.0,0.6,111.4,44.0,31.2,1.0
22300898,2024-03-06,UTA,CHI,0,0.4,115.8,42.2,27.6,2.0,0.6,110.2,47.6,26.6,2.0
22300897,2024-03-06,HOU,LAC,0,0.4,108.4,50.8,20.8,1.0,0.4,110.8,40.4,25.2,2.0
22300899,2024-03-06,GSW,MIL,1,0.6,108.8,48.2,28.4,3.0,1.0,115.8,47.4,24.8,2.0
22300894,2024-03-06,WAS,ORL,0,0.0,115.6,41.6,30.6,2.0,0.8,105.8,44.6,23.4,1.0
22300901,2024-03-06,LAL,SAC,0,0.6,118.6,40.8,29.6,2.0,0.4,112.4,44.2,29.0,2.0
22300900,2024-03-06,POR,OKC,0,0.4,103.8,46.6,24.0,2.0,0.6,115.0,43.8,22.4,2.0
22300896,2024-03-06,PHI,MEM,0,0.4,109.0,39.4,26.6,1.0,0.2,97.0,43.0,20.2,2.0
22300906,2024-03-07,DEN,BOS,1,0.8,114.0,45.4,29.0,2.0,0.8,123.0,48.6,28.0,2.0
22300907,2024-03-07,GSW,CHI,0,0.8,113.2,49.8,30.4,1.0,0.6,111.2,45.6,26.6,1.0
22300904,2024-03-07,DAL,MIA,1,0.2,120.2,42.8,23.6,2.0,0.8,113.6,38.8,27.4,2.0
22300903,2024-03-07,IND,MIN,0,0.4,117.8,44.4,28.0,2.0,0.6,110.2,44.6,27.6,3.0
22300902,2024-03-07,DET,BKN,1,0.2,103.4,40.2,24.4,2.0,0.6,106.6,40.0,25.6,2.0
22300908,2024-03-07,SAC,SAS,1,0.4,113.8,45.2,29.6,1.0,0.4,112.8,45.4,31.6,2.0
22300905,2024-03-07,PHX,TOR,1,0.6,113.8,50.2,26.6,2.0,0.4,113.8,45.2,29.6,2.0
22300913,2024-03-08,MEM,ATL,0,0.4,102.8,45.8,21.2,2.0,0.6,110.2,45.8,24.2,2.0
22300909,2024-03-08,PHI,NOP,0,0.4,111.2,40.6,26.8,2.0,0.6,120.6,48.4,27.4,3.0
22300916,2024-03-08,POR,HOU,0,0.4,111.8,41.8,26.6,2.0,0.4,109.6,48.4,23.8,2.0
22300914,2024-03-08,OKC,MIA,1,0.6,116.0,42.0,21.0,2.0,0.6,111.0,38.4,28.0,1.0
22300915,2024-03-08,LAL,MIL,1,0.6,120.0,40.8,29.0,2.0,0.8,110.0,45.2,22.2,2.0
22300911,2024-03-08,CLE,MIN,1,0.4,107.4,43.0,29.6,2.0,0.6,110.0,45.0,26.6,1.0
22300912,2024-03-08,NYK,ORL,1,0.4,102.2,45.0,28.0,3.0,1.0,111.2,42.8,23.0,2.0
22300910,2024-03-08,WAS,CHA,1,0.0,116.4,40.6,30.0,2.0,0.0,98.6,37.4,23.0,3.0
22300920,2024-03-09,PHX,BOS,0,0.6,113.2,49.8,26.0,2.0,0.6,121.6,50.8,27.4,2.0
22300917,2024-03-09,LAC,CHI,1,0.6,113.8,40.8,24.4,3.0,0.8,117.2,45.8,28.0,2.0
22300919,2024-03-09,DET,DAL,0,0.4,104.8,41.8,24.2,2.0,0.4,119.2,44.6,24.4,2.0
22300918,2024-03-09,CHA,BKN,1,0.0,101.6,39.6,21.8,1.0,0.6,112.8,38.6,26.8,2.0
22300921,2024-03-09,GSW,SAS,0,0.6,113.0,50.6,28.8,2.0,0.4,116.8,43.6,32.6,2.0
22300923,2024-03-09,POR,TOR,1,0.4,114.0,43.6,26.2,1.0,0.2,110.4,43.4,28.6,2.0
22300922,2024-03-09,DEN,UTA,1,0.8,113.2,45.4,28.6,2.0,0.2,113.6,43.6,26.0,3.0
22300925,2024-03-10,ATL,NOP,0,0.6,105.2,44.2,23.0,2.0,0.8,120.0,48.2,26.8,2.0
22300929,2024-03-10,SAC,HOU,0,0.6,118.0,46.2,29.8,3.0,0.6,115.2,48.6,26.0,2.0
22300924,2024-03-10,LAC,MIL,0,0.8,113.8,42.6,24.4,1.0,0.6,109.8,43.6,22.0,2.0
22300932,2024-03-10,LAL,MIN,1,0.6,121.4,40.6,28.8,2.0,0.4,108.8,46.2,25.8,2.0
22300930,2024-03-10,CLE,BKN,0,0.6,105.4,44.4,27.6,2.0,0.4,107.8,38.2,25.2,1.0
22300928,2024-03-10,ORL,IND,0,0.8,104.4,42.6,21.4,2.0,0.4,115.6,43.6,27.8,3.0
22300927,2024-03-10,NYK,PHI,0,0.4,99.2,44.8,25.8,2.0,0.4,110.4,43.4,27.0,2.0
22300931,2024-03-10,OKC,MEM,1,0.6,115.0,40.0,22.8,2.0,0.4,101.0,43.4,20.8,2.0
22300926,2024-03-10,MIA,WAS,0,0.4,109.8,40.2,27.0,2.0,0.2,116.4,43.2,28.2,2.0
22300938,2024-03-11,POR,BOS,0,0.4,115.2,44.8,26.2,2.0,0.6,121.6,48.2,29.0,2.0
22300935,2024-03-11,CHI,DAL,0,0.6,111.2,38.6,27.6,2.0,0.4,120.4,41.8,23.8,2.0
22300936,2024-03-11,SAS,GSW,0,0.6,121.0,45.2,33.8,2.0,0.4,113.6,47.8,28.8,2.0
22300934,2024-03-11,CLE,PHX,0,0.4,103.6,40.0,27.6,1.0,0.4,112.6,47.8,26.2,2.0
22300937,2024-03-11,DEN,TOR,1,0.8,118.2,43.2,29.6,2.0,0.2,109.0,43.2,27.6,2.0
22300933,2024-03-11,DET,CHA,1,0.2,108.6,43.6,25.2,2.0,0.2,103.8,40.2,22.2,2.0
22300943,2024-03-12,UTA,BOS,0,0.2,118.4,42.2,25.6,3.0,0.6,118.2,47.8,29.2,1.0
22300942,2024-03-12,SAS,HOU,0,0.4,115.0,46.2,31.4,1.0,0.8,116.6,45.4,27.8,2.0
22300945,2024-03-12,SAC,MIL,1,0.6,119.6,46.4,29.0,2.0,0.6,112.4,43.0,23.4,2.0
22300944,2024-03-12,LAC,MIN,0,0.6,109.2,43.2,24.0,2.0,0.4,106.6,45.0,25.4,2.0
22300941,2024-03-12,OKC,IND,0,0.8,116.2,41.8,26.0,2.0,0.4,113.2,42.8,25.0,2.0
22300939,2024-03-12,NYK,PHI,1,0.4,95.4,47.2,24.2,2.0,0.4,102.0,43.2,23.4,2.0
22300940,2024-03-12,MEM,WAS,1,0.4,101.2,45.2,22.0,2.0,0.4,112.2,42.2,28.2,2.0
22300953,2024-03-13,POR,ATL,1,0.2,113.6,42.4,26.2,2.0,0.6,106.4,44.6,25.0,3.0
22300951,2024-03-13,NOP,CLE,0,0.8,120.2,48.0,28.6,3.0,0.4,106.2,39.6,27.4,2.0
22300948,2024-03-13,IND,CHI,0,0.6,117.0,42.6,26.8,1.0,0.6,110.2,38.4,26.4,2.0
22300949,2024-03-13,MIA,DEN,0,0.4,112.0,41.4,26.8,3.0,0.8,122.6,43.4,32.4,2.0
22300952,2024-03-13,DAL,GSW,1,0.6,123.8,43.2,26.4,2.0,0.4,112.0,45.6,29.2,2.0
22300954,2024-03-13,SAC,LAL,1,0.6,120.6,47.6,30.0,1.0,0.6,118.6,42.8,28.6,3.0
22300947,2024-03-13,ORL,BKN,1,0.6,100.8,42.8,19.6,3.0,0.4,109.0,37.2,26.2,3.0
22300946,2024-03-13,DET,TOR,1,0.4,111.4,45.4,25.6,2.0,0.2,111.8,42.2,27.4,2.0
22300950,2024-03-13,MEM,CHA,0,0.6,103.0,46.8,23.2,1.0,0.2,100.4,41.8,22.8,2.0
22300959,2024-03-14,OKC,DAL,1,0.6,114.8,43.6,26.6,2.0,0.8,122.4,42.6,28.4,1.0
22300956,2024-03-14,CHI,LAC,0,0.6,114.0,41.6,25.2,1.0,0.4,111.4,42.0,25.0,2.0
22300960,2024-03-14,POR,NYK,0,0.4,112.0,44.0,25.4,1.0,0.6,96.8,46.2,26.0,2.0
22300958,2024-03-14,MIL,PHI,1,0.4,108.6,42.0,23.6,2.0,0.2,93.8,41.0,21.6,2.0
22300955,2024-03-14,BOS,PHX,1,0.6,114.8,46.8,27.2,2.0,0.6,114.2,46.8,26.2,3.0
22300957,2024-03-14,HOU,WAS,1,0.8,113.6,42.8,26.6,2.0,0.4,108.6,40.0,27.6,2.0
22300966,2024-03-15,UTA,ATL,1,0.2,118.4,42.4,25.2,3.0,0.6,106.4,43.8,24.2,2.0
22300965,2024-03-15,SAS,DEN,0,0.2,111.8,45.6,30.8,3.0,0.8,117.8,42.2,30.4,2.0
22300964,2024-03-15,NOP,LAC,1,0.8,116.4,48.6,27.8,2.0,0.6,115.4,41.4,26.4,1.0
22300962,2024-03-15,DET,MIA,0,0.6,115.8,51.4,26.0,2.0,0.2,104.4,43.0,23.8,2.0
22300963,2024-03-15,TOR,ORL,0,0.0,110.4,40.6,28.4,2.0,0.6,101.0,40.0,20.6,2.0
22300961,2024-03-15,CHA,PHX,0,0.4,101.2,39.8,23.2,2.0,0.6,114.6,47.0,26.4,1.0
22300967,2024-03-16,HOU,CLE,1,0.8,117.8,42.0,26.8,2.0,0.4,108.4,40.4,29.4,3.0
22300973,2024-03-16,LAL,GSW,0,0.6,117.2,44.2,27.0,3.0,0.4,114.2,44.8,28.2,3.0
22300974,2024-03-16,UTA,MIN,0,0.4,119.2,43.8,25.2,1.0,0.6,112.6,43.8,25.8,4.0
22300968,2024-03-16,IND,BKN,1,0.6,121.8,43.6,28.8,3.0,0.4,109.8,37.0,25.0,3.0
22300975,2024-03-16,SAC,NYK,0,0.8,122.8,46.2,30.2,3.0,0.6,96.4,46.8,22.8,2.0
22300970,2024-03-16,NOP,POR,1,0.8,113.0,47.2,28.4,1.0,0.4,106.6,46.6,23.8,2.0
22300972,2024-03-16,MEM,OKC,0,0.4,101.4,46.0,22.8,3.0,0.8,119.2,42.8,27.8,2.0
22300971,2024-03-16,CHI,WAS,1,0.4,112.4,41.0,25.0,2.0,0.4,109.4,37.8,28.2,2.0
22300969,2024-03-16,PHI,CHA,1,0.2,93.4,39.4,20.6,2.0,0.4,102.6,43.2,23.4,1.0
22300982,2024-03-17,LAC,ATL,0,0.4,111.8,40.6,26.2,2.0,0.4,107.6,41.8,25.4,2.0
22300980,2024-03-17,WAS,BOS,0,0.4,107.2,37.2,28.4,1.0,0.8,119.4,42.8,28.6,3.0
22300978,2024-03-17,DAL,DEN,1,0.8,122.2,42.4,28.8,3.0,1.0,119.8,40.0,32.8,2.0
22300977,2024-03-17,DET,MIA,0,0.6,112.8,52.6,26.2,2.0,0.2,102.4,43.4,23.0,2.0
22300981,2024-03-17,SAS,BKN,1,0.2,112.8,44.4,30.6,2.0,0.2,107.4,37.2,23.6,1.0
22300976,2024-03-17,MIL,PHX,1,0.4,108.8,40.2,25.4,3.0,0.6,112.6,48.0,26.2,2.0
22300979,2024-03-17,ORL,TOR,1,0.6,103.4,39.6,21.0,2.0,0.0,111.4,39.6,29.0,2.0
22300990,2024-03-18,LAL,ATL,1,0.4,118.2,41.0,27.6,2.0,0.4,107.2,42.4,26.4,1.0
22300983,2024-03-18,IND,CLE,0,0.6,118.6,45.0,26.2,2.0,0.4,108.8,41.0,28.4,2.0
22300985,2024-03-18,PHI,MIA,1,0.4,93.4,38.2,20.6,2.0,0.4,101.6,45.4,21.8,1.0
22300987,2024-03-18,UTA,MIN,0,0.2,113.8,43.8,24.0,2.0,0.6,112.6,44.6,26.4,2.0
22300988,2024-03-18,GSW,NYK,0,0.4,114.8,43.8,28.4,2.0,0.8,96.0,49.2,21.2,2.0
22300986,2024-03-18,CHI,POR,1,0.4,112.8,43.2,25.8,2.0,0.4,106.6,44.0,24.0,2.0
22300989,2024-03-18,SAC,MEM,1,0.6,115.0,45.4,28.2,2.0,0.2,100.8,42.4,25.4,2.0
22300984,2024-03-18,BOS,DET,1,1.0,123.6,42.0,29.8,1.0,0.4,109.4,51.4,26.2,1.0
22300993,2024-03-19,BKN,NOP,0,0.2,108.0,41.2,24.6,2.0,0.8,110.4,42.6,28.0,3.0
22300994,2024-03-19,SAS,DAL,0,0.4,111.4,47.0,28.8,2.0,0.8,120.8,45.4,27.8,2.0
22300995,2024-03-19,MIN,DEN,0,0.6,112.8,42.0,27.2,1.0,0.8,117.8,38.4,32.6,2.0
22300992,2024-03-19,WAS,HOU,0,0.2,105.6,34.4,28.2,2.0,1.0,118.0,44.0,25.8,3.0
22300991,2024-03-19,ORL,CHA,1,0.6,101.8,39.0,21.2,2.0,0.4,102.2,41.6,24.0,3.0
22301003,2024-03-20,POR,LAC,0,0.2,102.4,42.2,22.0,2.0,0.2,108.0,39.6,23.8,3.0
22300996,2024-03-20,CLE,MIA,0,0.4,107.8,39.6,28.4,2.0,0.4,99.8,46.6,21.6,2.0
22300998,2024-03-20,BOS,MIL,1,1.0,124.0,44.0,30.0,2.0,0.6,118.8,40.0,28.6,3.0
22300997,2024-03-20,DET,IND,0,0.4,103.4,48.8,25.0,2.0,0.6,117.0,46.2,26.6,2.0
22301002,2024-03-20,PHX,PHI,1,0.4,114.4,46.0,27.6,3.0,0.6,94.0,39.0,21.0,2.0
22300999,2024-03-20,TOR,SAC,0,0.0,108.0,39.8,27.6,3.0,0.6,113.0,48.0,28.0,2.0
22301000,2024-03-20,OKC,UTA,1,0.8,117.2,44.0,28.2,4.0,0.2,111.2,44.2,23.4,2.0
22301001,2024-03-20,GSW,MEM,1,0.4,112.8,42.0,28.0,2.0,0.2,104.6,44.6,25.6,2.0
22301010,2024-03-21,PHX,ATL,1,0.6,116.0,48.8,30.2,1.0,0.2,108.4,41.4,28.6,3.0
22301004,2024-03-21,ORL,NOP,1,0.8,109.4,39.8,25.2,2.0,0.8,110.6,42.6,29.4,2.0
22301006,2024-03-21,HOU,CHI,1,1.0,120.8,44.0,24.2,2.0,0.6,114.4,43.6,25.6,3.0
22301007,2024-03-21,MIL,BKN,1,0.6,118.2,39.6,27.0,1.0,0.2,106.4,41.4,24.0,2.0
22301009,2024-03-21,DEN,NYK,1,0.8,112.4,41.8,29.8,2.0,0.8,100.2,49.4,23.0,3.0
22301005,2024-03-21,WAS,SAC,1,0.0,106.4,35.2,26.0,2.0,0.8,116.8,49.8,29.6,1.0
22301008,2024-03-21,DAL,UTA,1,0.8,115.0,46.2,28.2,2.0,0.2,108.4,46.4,23.0,1.0
22301011,2024-03-22,DET,BOS,0,0.2,101.2,47.8,24.4,2.0,1.0,124.2,42.4,28.2,2.0
22301014,2024-03-22,MIN,CLE,1,0.6,114.4,40.4,27.2,3.0,0.4,108.4,40.8,29.4,2.0
22301013,2024-03-22,MIA,NOP,0,0.6,99.6,43.8,21.4,2.0,0.6,108.6,40.6,27.8,1.0
22301017,2024-03-22,POR,LAC,0,0.2,103.2,42.2,21.6,2.0,0.4,107.8,37.6,23.6,2.0
22301016,2024-03-22,GSW,IND,0,0.6,117.6,43.8,31.4,2.0,0.6,119.2,45.0,30.2,2.0
22301018,2024-03-22,LAL,PHI,1,0.6,121.4,43.8,30.4,4.0,0.4,98.6,37.6,23.6,2.0
22301012,2024-03-22,TOR,OKC,0,0.0,102.2,37.4,26.0,2.0,0.8,119.6,44.0,28.4,2.0
22301015,2024-03-22,SAS,MEM,0,0.2,107.6,46.8,28.2,3.0,0.2,109.2,45.8,27.2,2.0
22301023,2024-03-23,CHI,BOS,0,0.6,119.4,43.6,26.4,2.0,1.0,125.4,40.2,29.4,1.0
22301026,2024-03-23,POR,DEN,0,0.0,105.4,40.6,22.6,1.0,0.8,110.0,41.8,28.8,2.0
22301019,2024-03-23,NYK,BKN,1,0.8,105.6,45.6,24.8,2.0,0.0,104.0,43.2,23.2,2.0
22301025,2024-03-23,SAS,PHX,0,0.2,106.6,48.0,27.6,1.0,0.6,118.2,48.0,31.2,2.0
22301020,2024-03-23,ORL,SAC,0,1.0,114.2,38.6,28.2,2.0,0.6,111.4,47.0,27.0,2.0
22301022,2024-03-23,WAS,TOR,1,0.2,108.8,38.6,24.8,2.0,0.0,99.0,36.2,26.8,1.0
22301024,2024-03-23,HOU,UTA,1,1.0,123.8,45.4,25.0,2.0,0.2,106.4,46.4,24.2,2.0
22301021,2024-03-23,ATL,CHA,1,0.2,110.8,40.4,28.4,2.0,0.2,98.6,38.6,22.6,4.0
22301029,2024-03-24,MIA,CLE,1,0.6,99.6,42.2,22.2,2.0,0.4,104.4,41.6,27.8,2.0
22301027,2024-03-24,DET,NOP,0,0.0,99.0,44.6,24.0,2.0,0.8,111.8,43.2,28.4,2.0
22301031,2024-03-24,MIN,GSW,1,0.8,113.4,42.0,27.2,2.0,0.4,117.4,47.6,30.6,2.0
22301032,2024-03-24,LAL,IND,1,0.6,117.0,47.0,29.4,2.0,0.6,119.6,46.4,29.8,2.0
22301028,2024-03-24,LAC,PHI,0,0.6,112.8,38.8,24.4,2.0,0.4,101.6,39.8,24.2,2.0
22301030,2024-03-24,MIL,OKC,1,0.6,116.4,39.4,26.8,3.0,0.8,119.4,44.0,26.6,2.0
22301034,2024-03-25,ATL,BOS,1,0.4,116.8,41.4,32.6,2.0,1.0,124.8,41.8,28.8,2.0
22301041,2024-03-25,UTA,DAL,0,0.0,105.4,44.6,24.2,2.0,0.8,112.2,45.0,28.2,4.0
22301036,2024-03-25,TOR,BKN,0,0.0,100.0,37.2,25.8,2.0,0.0,101.4,45.0,24.2,2.0
22301043,2024-03-25,LAC,IND,0,0.4,109.0,39.2,23.4,1.0,0.6,122.8,45.0,31.6,1.0
22301042,2024-03-25,SAC,PHI,1,0.6,109.2,46.6,26.2,2.0,0.6,104.8,41.2,26.6,1.0
22301039,2024-03-25,SAS,PHX,1,0.2,107.6,46.4,27.0,2.0,0.8,122.0,45.6,33.4,2.0
22301038,2024-03-25,HOU,POR,1,1.0,132.6,47.0,27.0,2.0,0.0,109.0,40.6,24.2,2.0
22301040,2024-03-25,DEN,MEM,1,0.8,112.8,43.4,29.0,2.0,0.2,107.2,45.4,25.4,3.0
22301037,2024-03-25,CHI,WAS,0,0.4,115.6,39.8,29.2,2.0,0.4,107.4,43.2,24.6,2.0
22301035,2024-03-25,NYK,DET,1,0.8,105.4,44.8,23.4,2.0,0.0,100.2,44.2,22.6,1.0
22301033,2024-03-25,CLE,CHA,1,0.2,98.0,38.4,25.0,1.0,0.2,97.4,38.4,22.2,2.0
22301047,2024-03-26,SAC,DAL,0,0.8,112.6,46.2,26.8,1.0,0.8,113.4,46.0,28.4,1.0
22301044,2024-03-26,MIA,GSW,0,0.6,102.2,42.2,23.4,2.0,0.4,119.6,47.4,31.4,2.0
22301045,2024-03-26,MIL,LAL,0,0.8,121.2,42.0,28.8,2.0,0.6,123.0,44.0,29.2,2.0
22301046,2024-03-26,NOP,OKC,0,0.8,112.2,43.4,28.2,2.0,0.8,115.8,41.4,25.8,2.0
22301048,2024-03-27,CHA,CLE,1,0.0,93.8,38.0,21.4,2.0,0.4,100.4,38.8,28.8,2.0
22301049,2024-03-27,ORL,GSW,0,0.8,112.8,41.6,27.8,4.0,0.4,116.6,47.0,30.0,1.0
22301057,2024-03-27,OKC,HOU,0,0.8,114.4,43.6,25.8,1.0,1.0,127.6,46.6,26.0,2.0
22301052,2024-03-27,PHI,LAC,0,0.4,102.2,42.4,25.2,2.0,0.4,111.4,39.0,25.0,2.0
22301055,2024-03-27,MEM,LAL,0,0.2,108.2,44.2,25.6,2.0,0.8,127.2,50.2,30.2,1.0
22301050,2024-03-27,WAS,BKN,0,0.6,109.2,47.2,25.6,2.0,0.2,100.6,46.0,24.6,2.0
22301053,2024-03-27,TOR,NYK,0,0.0,97.0,35.2,25.6,2.0,0.8,109.2,45.2,26.2,2.0
22301054,2024-03-27,CHI,IND,1,0.4,114.4,41.8,29.0,2.0,0.6,125.2,41.8,33.0,2.0
22301059,2024-03-27,DEN,PHX,0,0.8,115.0,45.4,29.2,2.0,0.6,121.0,43.6,32.8,2.0
22301051,2024-03-27,ATL,POR,1,0.6,116.4,42.0,32.2,2.0,0.0,106.0,42.2,22.4,2.0
22301058,2024-03-27,UTA,SAS,0,0.0,106.4,43.6,25.2,2.0,0.4,107.2,45.6,27.0,2.0
22301056,2024-03-27,MIN,DET,1,0.8,112.6,41.2,28.0,3.0,0.0,99.8,42.8,22.2,2.0
22301060,2024-03-28,ATL,BOS,1,0.6,118.4,41.2,30.4,1.0,0.8,122.4,40.8,27.0,3.0
22301061,2024-03-28,NOP,MIL,1,0.6,109.4,43.0,26.2,2.0,0.6,123.2,46.8,30.4,2.0
22301066,2024-03-29,BKN,CHI,1,0.4,102.0,45.4,23.6,2.0,0.4,114.0,42.4,28.0,2.0
22301073,2024-03-29,SAC,DAL,0,0.6,107.6,42.8,26.2,3.0,1.0,116.0,47.8,30.2,3.0
22301062,2024-03-29,CHA,GSW,0,0.2,98.2,36.0,23.4,2.0,0.6,114.4,49.6,29.4,2.0
22301072,2024-03-29,UTA,HOU,0,0.0,107.8,41.4,25.2,2.0,1.0,130.6,47.0,25.4,2.0
22301064,2024-03-29,ORL,LAC,0,0.6,108.8,41.6,27.8,2.0,0.6,114.4,39.6,27.2,2.0
22301063,2024-03-29,IND,LAL,1,0.6,124.4,40.8,32.4,2.0,1.0,130.2,51.0,30.0,2.0
22301071,2024-03-29,DEN,MIN,0,0.8,113.4,45.6,28.8,2.0,0.8,110.0,40.4,27.4,2.0
22301070,2024-03-29,SAS,NYK,1,0.4,106.4,43.8,29.0,2.0,0.8,118.6,43.2,29.8,2.0
22301067,2024-03-29,CLE,PHI,1,0.2,101.0,37.4,30.0,2.0,0.2,104.0,43.4,24.0,2.0
22301069,2024-03-29,OKC,PHX,1,0.6,116.0,44.4,26.0,2.0,0.8,116.0,46.0,31.4,2.0
22301068,2024-03-29,MIA,POR,1,0.4,99.8,40.6,23.4,3.0,0.0,105.8,40.2,25.2,2.0
22301065,2024-03-29,WAS,DET,0,0.6,112.2,48.0,26.0,2.0,0.0,99.2,42.4,21.0,2.0
22301074,2024-03-30,NOP,BOS,0,0.6,110.0,43.0,24.8,2.0,0.6,123.0,38.8,26.6,2.0
22301076,2024-03-30,ATL,MIL,0,0.8,122.0,43.4,28.8,2.0,0.4,115.2,49.0,27.6,2.0
22301075,2024-03-30,ORL,MEM,1,0.4,106.0,41.4,27.4,1.0,0.2,110.6,44.8,24.8,3.0
22301077,2024-03-31,DEN,CLE,1,0.6,110.0,45.0,29.4,2.0,0.4,103.6,37.4,30.8,2.0
22301084,2024-03-31,MIN,CHI,0,0.8,109.4,41.2,27.6,2.0,0.2,113.6,43.2,27.6,2.0
22301083,2024-03-31,HOU,DAL,0,1.0,123.4,46.6,24.2,2.0,1.0,116.0,44.2,30.6,2.0
22301085,2024-03-31,SAS,GSW,0,0.6,111.0,43.4,29.6,2.0,0.6,110.0,50.0,27.8,2.0
22301079,2024-03-31,CHA,LAC,0,0.2,98.0,36.2,23.8,2.0,0.6,111.2,39.4,25.2,2.0
22301078,2024-03-31,BKN,LAL,0,0.6,108.8,45.6,25.0,2.0,0.8,121.0,51.0,27.0,2.0
22301081,2024-03-31,WAS,MIA,0,0.6,106.8,48.6,25.6,2.0,0.6,110.0,39.6,27.0,2.0
22301080,2024-03-31,TOR,PHI,0,0.0,98.0,33.4,27.2,4.0,0.2,106.4,43.8,23.0,2.0
22301082,2024-03-31,NYK,OKC,0,0.6,120.0,44.4,28.8,2.0,0.6,117.8,43.0,26.8,2.0
22301086,2024-03-31,SAC,UTA,1,0.4,103.6,41.2,24.6,2.0,0.0,106.4,42.2,25.8,2.0
22301091,2024-04-01,CHI,ATL,0,0.4,112.0,43.2,29.0,1.0,0.8,121.6,44.0,28.2,2.0
22301087,2024-04-01,CHA,BOS,0,0.2,103.2,36.4,26.4,1.0,0.6,119.4,41.6,27.0,2.0
22301089,2024-04-01,IND,BKN,1,0.6,121.8,42.0,30.2,3.0,0.6,108.0,43.4,23.0,1.0
22301092,2024-04-01,NOP,PHX,0,0.6,107.2,44.6,24.4,2.0,0.6,113.6,42.8,29.8,3.0
22301090,2024-04-01,ORL,POR,1,0.4,107.2,41.8,26.6,2.0,0.0,101.6,41.2,25.0,3.0
22301088,2024-04-01,DET,MEM,0,0.2,97.8,42.6,20.2,3.0,0.2,106.0,44.0,25.4,2.0
22301100,2024-04-02,UTA,CLE,0,0.0,108.2,41.2,24.4,2.0,0.4,105.6,34.8,31.6,2.0
22300589,2024-04-02,GSW,DAL,1,0.8,111.2,45.4,29.8,2.0,1.0,118.4,45.6,29.2,2.0
22301098,2024-04-02,MIN,HOU,1,0.8,107.2,41.2,28.2,2.0,0.8,119.4,45.4,23.2,2.0
22301101,2024-04-02,SAC,LAC,1,0.6,108.6,42.6,27.2,2.0,0.6,112.2,39.6,25.6,2.0
22301094,2024-04-02,TOR,LAL,0,0.0,104.2,33.2,29.2,2.0,0.8,124.0,50.2,27.4,2.0
22301095,2024-04-02,WAS,MIL,1,0.4,106.4,48.0,27.0,2.0,0.6,115.8,48.8,29.0,3.0
22301096,2024-04-02,MIA,NYK,1,0.6,112.4,40.6,27.6,2.0,0.6,122.4,47.4,28.0,2.0
22301099,2024-04-02,DEN,SAS,1,0.6,113.4,46.8,30.4,2.0,0.6,114.2,41.2,31.0,2.0
22301093,2024-04-02,PHI,OKC,1,0.4,114.6,43.2,24.6,2.0,0.6,115.8,42.4,27.2,2.0
22301110,2024-04-03,PHX,CLE,1,0.6,112.8,45.0,30.0,2.0,0.6,114.6,37.0,34.4,1.0
22301103,2024-04-03,WAS,LAL,0,0.4,107.4,45.8,26.6,1.0,0.8,119.6,51.4,29.4,1.0
22301109,2024-04-03,NOP,ORL,0,0.4,107.2,40.8,25.2,2.0,0.4,103.8,42.4,25.2,2.0
22301106,2024-04-03,BKN,IND,1,0.6,111.6,43.8,21.8,2.0,0.6,123.8,41.4,30.8,2.0
22301102,2024-04-03,CHA,POR,0,0.2,105.8,36.6,27.0,2.0,0.0,98.8,41.8,24.8,2.0
22301105,2024-04-03,BOS,OKC,1,0.6,117.2,44.8,26.4,2.0,0.6,118.2,43.6,29.2,1.0
22301108,2024-04-03,MIN,TOR,1,0.8,109.0,39.8,28.6,1.0,0.0,105.8,34.0,27.4,1.0
22301107,2024-04-03,MIL,MEM,0,0.4,115.4,52.2,29.8,1.0,0.4,104.8,43.8,25.2,2.0
22301104,2024-04-03,ATL,DET,1,0.8,117.8,44.4,26.0,2.0,0.2,99.0,42.4,19.6,2.0
22301124,2024-04-04,DAL,ATL,1,0.8,115.8,45.4,28.0,2.0,0.8,118.0,45.2,27.2,1.0
22301114,2024-04-04,LAC,DEN,1,0.6,109.8,39.8,23.8,2.0,0.6,112.6,47.4,31.0,2.0
22301113,2024-04-04,HOU,GSW,0,0.6,111.2,44.0,21.6,2.0,1.0,110.0,47.6,31.0,2.0
22301111,2024-04-04,MIA,PHI,0,0.8,116.6,41.6,28.0,2.0,0.4,112.2,44.2,23.6,2.0
22301112,2024-04-04,NYK,SAC,1,0.4,121.2,44.0,28.0,2.0,0.6,108.6,45.4,27.8,2.0
22301097,2024-04-05,DAL,GSW,1,0.8,114.6,46.6,25.8,1.0,1.0,114.0,47.6,30.6,1.0
22301120,2024-04-05,HOU,MIA,0,0.4,111.2,40.8,22.4,1.0,0.6,113.4,43.0,27.0,1.0
22301125,2024-04-05,PHX,MIN,1,0.6,111.0,45.8,28.8,2.0,0.8,112.8,41.0,30.0,2.0
22301119,2024-04-05,CHI,NYK,1,0.4,109.6,47.6,25.2,4.0,0.4,120.4,41.4,28.8,1.0
22301115,2024-04-05,CHA,ORL,1,0.2,104.6,37.2,27.0,2.0,0.6,105.8,40.4,25.2,2.0
22301117,2024-04-05,WAS,POR,0,0.2,110.0,43.2,25.4,2.0,0.2,94.4,43.8,23.2,2.0
22301118,2024-04-05,BOS,SAC,1,0.6,119.4,45.8,27.4,2.0,0.4,108.8,44.4,28.0,1.0
22301123,2024-04-05,NOP,SAS,0,0.2,106.0,39.6,24.0,2.0,0.6,114.0,46.2,32.2,3.0
22301116,2024-04-05,IND,OKC,1,0.6,117.0,42.4,28.4,2.0,0.4,114.4,40.8,27.8,2.0
22301122,2024-04-05,MIL,TOR,0,0.2,112.0,49.6,28.4,2.0,0.0,101.0,35.2,25.8,2.0
22301126,2024-04-05,LAC,UTA,1,0.8,107.0,42.2,23.0,1.0,0.0,107.0,39.8,24.8,3.0
22301121,2024-04-05,MEM,DET,1,0.4,107.2,44.4,26.6,2.0,0.2,101.4,40.6,20.4,2.0
22301130,2024-04-06,DEN,ATL,1,0.4,107.0,47.6,28.8,2.0,0.6,113.0,48.2,26.8,2.0
22301127,2024-04-06,LAL,CLE,1,0.8,119.0,47.4,27.6,3.0,0.4,111.8,35.0,31.8,3.0
22301129,2024-04-06,MEM,PHI,0,0.6,108.2,46.2,26.4,1.0,0.6,114.8,43.0,25.6,2.0
22301128,2024-04-06,BKN,DET,1,0.6,115.4,43.8,22.2,3.0,0.2,99.6,40.8,20.4,1.0
22301132,2024-04-07,LAC,CLE,1,0.8,111.6,43.8,23.8,2.0,0.4,109.0,36.6,30.0,1.0
22301138,2024-04-07,PHX,NOP,0,0.8,110.0,46.2,29.0,2.0,0.2,105.4,40.4,24.4,2.0
22301136,2024-04-07,ORL,CHI,1,0.6,110.2,40.0,25.0,2.0,0.6,110.2,49.8,25.2,2.0
22301131,2024-04-07,DAL,HOU,1,0.8,109.8,45.0,25.0,2.0,0.2,105.6,39.8,22.4,2.0
22301133,2024-04-07,IND,MIA,1,0.6,115.6,43.4,28.8,2.0,0.8,118.8,44.8,27.6,2.0
22301143,2024-04-07,LAL,MIN,0,0.8,115.0,46.8,27.4,1.0,0.6,109.0,41.8,29.0,2.0
22301139,2024-04-07,MIL,NYK,0,0.2,109.4,46.4,25.2,2.0,0.2,111.4,40.6,25.8,2.0
22301140,2024-04-07,SAS,PHI,0,0.6,115.4,45.0,34.4,2.0,0.8,116.6,41.0,27.6,1.0
22301134,2024-04-07,BOS,POR,1,0.8,116.0,48.4,28.2,2.0,0.4,97.6,46.0,26.2,2.0
22301141,2024-04-07,BKN,SAC,0,0.6,113.6,44.4,21.4,1.0,0.4,109.6,46.8,26.8,2.0
22301135,2024-04-07,CHA,OKC,0,0.2,105.8,36.8,26.8,2.0,0.4,111.6,38.8,27.4,2.0
22301142,2024-04-07,GSW,UTA,1,0.8,115.0,46.0,30.8,2.0,0.0,106.4,39.2,23.2,2.0
22301137,2024-04-07,TOR,WAS,1,0.2,106.8,38.6,26.0,2.0,0.2,106.6,43.4,25.0,2.0
22301148,2024-04-09,MIL,BOS,1,0.2,111.2,44.8,26.4,2.0,1.0,116.4,47.8,29.4,2.0
22301157,2024-04-09,POR,NOP,0,0.4,97.8,50.0,24.4,2.0,0.2,106.6,39.2,25.2,2.0
22301144,2024-04-09,CHA,DAL,0,0.2,110.0,35.8,28.0,2.0,0.8,117.8,46.0,24.4,2.0
22301154,2024-04-09,UTA,DEN,0,0.0,106.2,37.8,22.4,2.0,0.6,116.0,49.4,31.6,3.0
22301155,2024-04-09,LAL,GSW,0,0.8,120.4,45.4,28.0,2.0,0.8,115.6,45.4,30.2,2.0
22301156,2024-04-09,PHX,LAC,0,0.6,110.2,43.6,29.2,2.0,0.8,115.6,45.2,25.2,2.0
22301147,2024-04-09,ATL,MIA,0,0.4,110.4,45.2,28.0,3.0,0.6,113.4,43.8,23.6,2.0
22301149,2024-04-09,CHI,NYK,0,0.4,104.8,46.4,23.6,2.0,0.4,110.6,38.8,26.0,2.0
22301150,2024-04-09,HOU,ORL,1,0.0,112.6,37.2,24.8,2.0,0.8,113.4,40.4,25.8,2.0
22301146,2024-04-09,TOR,IND,0,0.4,112.6,42.8,26.4,2.0,0.8,119.2,42.8,29.2,2.0
22301153,2024-04-09,OKC,SAC,1,0.4,110.2,38.4,27.4,2.0,0.6,110.4,48.6,28.2,2.0
22301151,2024-04-09,MEM,SAS,0,0.6,102.6,47.2,24.6,3.0,0.4,117.0,48.6,32.6,2.0
22301152,2024-04-09,MIN,WAS,1,0.6,112.2,43.2,29.2,2.0,0.2,113.6,42.6,26.4,2.0
22301145,2024-04-09,PHI,DET,1,1.0,120.4,41.8,28.2,2.0,0.2,102.0,38.2,22.4,3.0
22301161,2024-04-10,MIA,DAL,0,0.6,113.0,44.6,25.0,1.0,0.8,118.8,47.6,26.6,1.0
22301164,2024-04-10,DEN,MIN,1,0.8,118.6,48.8,31.8,1.0,0.8,118.0,44.6,29.6,1.0
22301162,2024-04-10,MIL,ORL,1,0.2,107.6,46.6,26.8,1.0,0.6,111.0,40.2,24.8,1.0
22301165,2024-04-10,LAC,PHX,0,0.8,110.6,49.6,25.2,1.0,0.6,108.0,43.4,27.4,1.0
22301163,2024-04-10,OKC,SAS,1,0.4,110.0,38.2,25.8,1.0,0.4,111.4,49.6,31.8,1.0
22301160,2024-04-10,BKN,TOR,1,0.4,104.0,45.0,19.6,3.0,0.4,113.2,44.8,24.4,1.0
22301158,2024-04-10,CLE,MEM,1,0.2,109.2,36.4,28.6,3.0,0.6,102.4,48.0,23.8,1.0
22301159,2024-04-10,ATL,CHA,0,0.4,110.0,49.2,28.8,1.0,0.2,107.2,37.4,26.4,1.0
22301170,2024-04-11,SAC,NOP,0,0.4,106.0,51.0,26.0,2.0,0.4,110.2,40.0,25.8,2.0
22301166,2024-04-11,DET,CHI,0,0.0,103.2,37.6,22.6,2.0,0.4,106.6,45.4,22.8,2.0
22301169,2024-04-11,POR,GSW,0,0.4,101.4,50.8,26.0,2.0,0.8,119.0,45.6,30.8,2.0
22301168,2024-04-11,UTA,HOU,1,0.0,105.2,36.4,21.6,2.0,0.2,114.8,36.0,26.2,2.0
22301167,2024-04-11,BOS,NYK,0,0.8,113.8,45.2,29.4,2.0,0.6,113.8,35.8,27.4,2.0
22301178,2024-04-12,MIN,ATL,1,0.6,116.8,43.8,28.4,2.0,0.2,110.2,47.8,30.0,2.0
22301182,2024-04-12,GSW,NOP,0,0.8,118.2,44.4,29.8,1.0,0.6,115.0,40.6,27.0,1.0
22301172,2024-04-12,WAS,CHI,0,0.2,116.4,42.4,26.2,3.0,0.4,110.2,45.2,22.4,1.0
22301180,2024-04-12,SAS,DEN,1,0.4,106.6,50.0,30.4,2.0,0.8,115.8,47.4,30.8,2.0
22301183,2024-04-12,POR,HOU,0,0.4,99.2,51.8,24.8,1.0,0.2,117.8,36.4,26.0,1.0
22301177,2024-04-12,MEM,LAL,0,0.4,100.0,48.0,22.4,2.0,0.6,121.2,43.4,29.4,3.0
22301179,2024-04-12,OKC,MIL,1,0.6,114.4,42.0,26.4,2.0,0.4,108.4,43.8,26.0,2.0
22301175,2024-04-12,NYK,BKN,1,0.8,117.6,40.2,27.2,1.0,0.6,104.4,48.6,20.8,2.0
22301171,2024-04-12,PHI,ORL,1,1.0,117.4,44.2,28.4,3.0,0.4,110.0,38.4,23.4,2.0
22301174,2024-04-12,CLE,IND,1,0.4,111.0,40.2,28.8,2.0,0.8,125.4,42.4,30.4,3.0
22301185,2024-04-12,SAC,PHX,0,0.2,108.8,46.2,25.4,1.0,0.6,108.0,43.2,27.4,2.0
22301176,2024-04-12,MIA,TOR,1,0.4,109.6,46.0,24.6,2.0,0.4,111.4,45.8,23.2,2.0
22301184,2024-04-12,LAC,UTA,0,0.8,113.2,50.8,26.2,2.0,0.2,108.8,39.6,22.6,1.0
22301181,2024-04-12,DAL,DET,0,1.0,121.0,47.0,26.6,2.0,0.0,102.6,37.0,23.6,1.0
22301173,2024-04-12,BOS,CHA,1,0.6,112.0,42.2,28.8,1.0,0.4,109.4,36.0,25.8,2.0
22301188,2024-04-14,IND,ATL,1,0.6,122.8,40.8,30.8,2.0,0.0,107.2,46.2,27.4,2.0
22301190,2024-04-14,NYK,CHI,1,0.8,115.8,38.6,24.6,2.0,0.6,115.8,46.2,24.6,2.0
22301196,2024-04-14,OKC,DAL,1,0.8,119.4,43.4,28.0,2.0,0.8,117.0,46.2,26.6,2.0
22301193,2024-04-14,MEM,DEN,0,0.2,101.8,45.6,21.2,2.0,0.6,117.8,43.6,31.4,2.0
22301199,2024-04-14,LAC,HOU,0,0.6,114.6,50.0,26.4,2.0,0.4,119.0,40.2,26.4,2.0
22301195,2024-04-14,NOP,LAL,0,0.8,116.2,41.2,27.6,2.0,0.6,120.2,41.8,26.8,2.0
22301191,2024-04-14,ORL,MIL,1,0.2,109.2,39.6,23.0,2.0,0.4,109.6,43.4,26.2,2.0
22301192,2024-04-14,PHI,BKN,1,1.0,120.6,44.6,27.4,2.0,0.6,103.6,49.0,21.2,2.0
22301194,2024-04-14,MIN,PHX,0,0.6,112.0,42.6,26.8,2.0,0.6,105.2,42.8,26.0,2.0
22301200,2024-04-14,SAC,POR,1,0.2,108.4,46.2,25.4,2.0,0.2,102.8,50.4,25.0,2.0
22301189,2024-04-14,MIA,TOR,1,0.6,113.6,43.2,27.2,2.0,0.4,115.0,44.4,24.0,2.0
22301198,2024-04-14,GSW,UTA,1,0.6,113.4,46.4,29.4,2.0,0.4,108.2,42.2,22.6,2.0
22301186,2024-04-14,BOS,WAS,1,0.6,111.2,43.6,29.0,2.0,0.0,118.4,41.4,27.4,2.0
22301197,2024-04-14,SAS,DET,1,0.6,109.8,48.0,30.0,2.0,0.2,101.4,37.6,23.4,2.0
22301187,2024-04-14,CLE,CHA,0,0.4,111.0,40.2,26.8,2.0,0.4,111.8,35.4,25.4,2.0
22400062,2024-10-22,LAL,MIN,1,0.6,120.0,39.8,29.0,191.0,0.6,115.8,41.0,26.6,191.0
22400061,2024-10-22,BOS,NYK,1,0.6,117.4,43.0,29.8,191.0,1.0,119.8,41.6,25.6,191.0
22400066,2024-10-23,PHI,MIL,0,1.0,120.2,47.8,27.8,192.0,0.4,105.0,41.2,25.2,192.0
22400064,2024-10-23,ATL,BKN,1,0.0,111.2,41.4,28.2,192.0,0.4,97.8,47.4,20.6,192.0
22400065,2024-10-23,MIA,ORL,0,0.6,113.4,42.8,27.6,192.0,0.4,108.8,40.8,23.6,192.0
22400063,2024-10-23,DET,IND,0,0.2,102.4,38.0,22.4,192.0,0.8,132.0,41.4,33.6,192.0
22400071,2024-10-23,LAC,PHX,0,0.4,109.4,50.0,24.6,192.0,0.6,110.8,39.4,25.8,192.0
22400067,2024-10-23,TOR,CLE,0,0.2,112.2,43.2,23.8,192.0,0.4,112.8,41.4,27.2,192.0
22400069,2024-10-23,NOP,CHI,1,0.8,116.0,40.8,27.2,192.0,0.4,118.0,43.6,24.2,192.0
22400072,2024-10-23,POR,GSW,0,0.0,97.6,50.2,22.8,192.0,0.8,116.8,46.0,31.0,192.0
22400070,2024-10-23,UTA,MEM,0,0.4,111.0,43.2,23.0,192.0,0.0,102.4,44.4,20.8,192.0
22400068,2024-10-23,HOU,CHA,0,0.6,121.4,43.0,27.6,192.0,0.4,111.0,37.6,26.8,192.0
22400076,2024-10-24,SAC,MIN,0,0.4,112.6,45.6,27.0,193.0,0.4,111.0,41.2,24.2,2.0
22400074,2024-10-24,DAL,SAS,1,0.6,112.6,46.2,24.4,193.0,0.6,112.2,52.0,29.8,193.0
22400073,2024-10-24,WAS,BOS,0,0.0,118.8,40.8,28.8,193.0,0.6,119.0,43.0,29.6,2.0
22400075,2024-10-24,DEN,OKC,0,0.8,123.0,44.2,32.4,193.0,1.0,124.0,47.2,30.8,193.0
22400077,2024-10-25,ORL,BKN,1,0.4,109.4,44.2,24.4,2.0,0.2,98.4,46.4,20.8,2.0
22400081,2024-10-25,NYK,IND,1,0.8,117.2,40.2,24.6,3.0,0.8,129.8,41.4,34.0,2.0
22400078,2024-10-25,TOR,PHI,1,0.0,107.4,41.0,22.2,2.0,0.8,118.8,49.4,26.0,2.0
22400085,2024-10-25,LAL,PHX,1,0.6,118.8,41.0,27.4,3.0,0.8,113.0,40.2,24.8,2.0
22400086,2024-10-25,POR,NOP,0,0.0,97.0,48.0,21.8,2.0,0.8,118.0,40.8,27.8,2.0
22400083,2024-10-25,MIL,CHI,0,0.6,108.0,42.8,25.2,2.0,0.4,120.6,45.6,25.4,2.0
22400084,2024-10-25,UTA,GSW,0,0.4,113.8,47.2,23.0,2.0,0.8,121.2,48.0,32.2,2.0
22400082,2024-10-25,HOU,MEM,1,0.6,115.2,45.2,25.2,2.0,0.2,108.4,43.8,22.2,2.0
22400080,2024-10-25,CLE,DET,1,0.6,120.6,40.6,28.2,2.0,0.2,103.6,40.0,21.8,2.0
22400079,2024-10-25,ATL,CHA,1,0.2,113.2,42.8,27.2,2.0,0.6,109.4,41.6,25.0,2.0
22400088,2024-10-26,CHA,MIA,0,0.6,112.6,44.4,24.6,1.0,0.6,109.8,43.2,28.2,3.0
22400092,2024-10-26,MEM,ORL,1,0.2,112.6,42.6,22.8,1.0,0.6,111.4,43.6,25.4,1.0
22400096,2024-10-26,LAL,SAC,1,0.8,120.0,40.2,28.6,1.0,0.2,114.2,42.4,25.0,2.0
22400089,2024-10-26,DET,BOS,0,0.2,103.4,39.6,22.8,1.0,0.8,125.2,45.2,28.4,2.0
22400090,2024-10-26,WAS,CLE,0,0.0,118.8,39.8,29.4,2.0,0.8,119.6,41.2,28.4,1.0
22400095,2024-10-26,PHX,DAL,1,0.8,117.8,39.4,28.4,1.0,0.6,107.2,46.8,25.6,2.0
22400094,2024-10-26,SAS,HOU,1,0.6,108.8,50.6,29.6,2.0,0.6,117.2,50.6,23.4,1.0
22400087,2024-10-26,DEN,LAC,0,0.6,112.0,46.2,30.6,2.0,0.2,108.0,50.6,24.8,3.0
22400091,2024-10-26,CHI,OKC,0,0.6,123.8,47.0,27.4,1.0,1.0,120.2,49.8,28.8,2.0
22400093,2024-10-26,MIN,TOR,1,0.4,108.4,40.8,23.0,2.0,0.2,105.8,43.8,23.0,1.0
22400098,2024-10-27,BKN,MIL,1,0.2,103.2,44.6,21.8,2.0,0.4,111.6,42.4,24.2,2.0
22400097,2024-10-27,IND,PHI,0,0.6,126.0,40.6,34.2,2.0,0.6,113.6,45.8,23.6,2.0
22400100,2024-10-27,OKC,ATL,1,1.0,120.6,52.2,28.8,1.0,0.4,116.0,38.8,26.6,2.0
22400099,2024-10-27,POR,NOP,1,0.0,97.6,48.2,21.4,2.0,0.8,117.0,40.6,27.8,2.0
22400101,2024-10-27,GSW,LAC,0,0.8,119.8,51.6,31.8,2.0,0.2,108.8,46.8,25.2,1.0
22400111,2024-10-28,PHX,LAL,1,0.8,115.8,39.2,27.8,2.0,1.0,122.2,41.2,28.8,2.0
22400104,2024-10-28,BOS,MIL,1,1.0,128.2,45.4,27.2,2.0,0.2,108.6,42.4,22.8,1.0
22400102,2024-10-28,ORL,IND,1,0.6,113.8,45.0,25.8,2.0,0.4,120.8,39.2,33.2,1.0
22400112,2024-10-28,SAC,POR,1,0.2,118.6,37.6,26.8,2.0,0.2,104.2,48.6,22.0,1.0
22400106,2024-10-28,NYK,CLE,0,0.8,116.2,42.6,22.2,3.0,0.8,124.6,41.4,28.4,2.0
22400108,2024-10-28,MEM,CHI,0,0.4,117.8,42.2,26.2,2.0,0.4,117.4,50.8,26.4,2.0
22400107,2024-10-28,TOR,DEN,0,0.2,105.6,44.0,25.0,2.0,0.4,110.6,45.0,28.6,2.0
22400109,2024-10-28,SAS,HOU,0,0.6,110.2,50.2,28.2,2.0,0.6,114.2,49.6,23.2,2.0
22400110,2024-10-28,DAL,UTA,1,0.4,101.6,45.0,23.0,2.0,0.4,112.0,47.4,22.8,3.0
22400103,2024-10-28,ATL,WAS,0,0.4,114.0,41.0,24.4,1.0,0.0,117.6,40.4,28.6,2.0
22400105,2024-10-28,MIA,DET,1,0.6,109.2,42.6,29.0,2.0,0.2,106.0,40.8,22.8,2.0
22400115,2024-10-29,UTA,SAC,0,0.2,107.6,47.6,22.2,1.0,0.4,116.2,39.2,26.6,1.0
22400116,2024-10-29,GSW,NOP,1,0.6,120.6,51.8,30.8,2.0,0.6,110.6,40.4,25.6,2.0
22400114,2024-10-29,MIN,DAL,0,0.6,109.4,42.0,24.2,3.0,0.4,101.4,47.2,23.0,1.0
22400113,2024-10-29,BKN,DEN,0,0.2,105.0,42.8,21.4,2.0,0.4,112.8,46.6,28.2,1.0
22400118,2024-10-30,CLE,LAL,1,0.8,120.8,41.4,27.0,2.0,0.8,118.6,42.6,28.8,2.0
22400124,2024-10-30,MEM,BKN,0,0.4,118.4,45.8,29.8,2.0,0.2,111.4,42.0,24.4,1.0
22400122,2024-10-30,MIA,NYK,0,0.8,112.0,42.2,29.4,2.0,0.6,113.4,40.8,21.8,2.0
22400123,2024-10-30,CHI,ORL,1,0.4,116.8,49.6,28.0,2.0,0.8,115.0,45.2,26.0,2.0
22400127,2024-10-30,LAC,POR,0,0.4,109.6,47.6,26.0,3.0,0.2,102.4,48.2,21.4,2.0
22400125,2024-10-30,OKC,SAS,1,1.0,120.8,48.8,27.4,3.0,0.6,112.6,50.6,27.8,2.0
22400121,2024-10-30,WAS,ATL,1,0.2,117.6,40.8,28.2,2.0,0.4,116.6,40.8,26.2,2.0
22400119,2024-10-30,IND,BOS,1,0.4,119.8,40.2,30.8,2.0,1.0,125.8,42.4,25.2,2.0
22400126,2024-10-30,GSW,NOP,1,0.8,123.6,48.0,32.2,1.0,0.4,109.0,41.6,25.4,1.0
22400117,2024-10-30,CHA,TOR,1,0.4,110.8,47.0,23.6,4.0,0.2,110.0,46.6,26.4,2.0
22400120,2024-10-30,PHI,DET,0,0.6,113.2,46.4,20.8,3.0,0.0,104.2,43.6,21.0,2.0
22400128,2024-10-31,MEM,MIL,1,0.4,117.4,44.8,30.8,1.0,0.2,108.8,42.6,21.0,3.0
22400131,2024-10-31,LAC,PHX,0,0.4,108.8,48.6,26.6,1.0,0.8,116.0,40.2,27.0,3.0
22400130,2024-10-31,UTA,SAS,0,0.0,104.8,46.8,21.8,2.0,0.4,107.0,51.2,26.0,1.0
22400129,2024-10-31,DAL,HOU,0,0.6,107.6,45.4,24.0,2.0,0.6,112.2,48.6,22.2,3.0
22400137,2024-11-01,TOR,LAL,0,0.2,116.0,46.6,29.2,2.0,0.6,115.8,42.2,26.6,2.0
22400134,2024-11-01,DET,NYK,0,0.2,106.2,45.4,22.2,2.0,0.6,114.4,43.0,23.6,2.0
22400133,2024-11-01,CLE,ORL,1,1.0,125.6,40.0,28.4,2.0,0.6,112.2,45.0,25.6,2.0
22400138,2024-11-01,NOP,IND,1,0.4,105.2,43.6,25.0,2.0,0.4,115.4,42.0,29.2,2.0
22400135,2024-11-01,ATL,SAC,0,0.4,117.6,42.6,26.8,2.0,0.6,117.4,42.0,26.6,3.0
22400132,2024-11-01,CHA,BOS,0,0.6,118.8,48.0,25.8,2.0,0.8,125.8,43.0,24.0,2.0
22400136,2024-11-01,BKN,CHI,1,0.4,118.0,40.4,26.0,2.0,0.6,113.4,51.6,27.6,2.0
22400139,2024-11-01,MIN,DEN,1,0.4,110.4,41.6,25.0,3.0,0.6,117.6,48.6,28.2,3.0
22400140,2024-11-01,POR,OKC,0,0.4,107.2,46.8,21.6,2.0,1.0,116.8,49.0,27.2,2.0
22400146,2024-11-02,SAS,MIN,1,0.4,103.6,48.8,24.4,2.0,0.6,113.0,42.0,27.4,1.0
22400149,2024-11-02,PHX,POR,1,0.8,116.0,41.6,27.2,2.0,0.4,109.2,45.6,22.8,1.0
22400143,2024-11-02,TOR,SAC,1,0.2,119.8,47.8,31.2,1.0,0.6,117.8,42.0,26.4,1.0
22400141,2024-11-02,CHA,BOS,0,0.4,116.6,47.0,22.6,1.0,0.8,124.2,43.2,21.6,1.0
22400145,2024-11-02,MIL,CLE,0,0.2,111.0,43.4,21.8,2.0,1.0,122.4,42.6,27.6,1.0
22400144,2024-11-02,HOU,GSW,0,0.6,110.6,46.8,20.2,2.0,0.8,119.8,48.0,31.6,3.0
22400150,2024-11-02,LAC,OKC,0,0.4,111.6,48.0,27.4,2.0,1.0,117.2,46.4,25.8,1.0
22400148,2024-11-02,DEN,UTA,1,0.4,115.6,47.0,27.8,1.0,0.0,99.2,47.8,21.2,2.0
22400142,2024-11-02,PHI,MEM,0,0.4,107.2,45.0,19.8,3.0,0.4,116.6,47.8,30.4,2.0
22400153,2024-11-03,DAL,ORL,1,0.6,110.8,44.6,24.4,3.0,0.4,110.8,41.4,25.2,2.0
22400152,2024-11-03,NOP,ATL,0,0.4,105.6,44.4,24.8,2.0,0.2,116.6,41.6,27.8,2.0
22400151,2024-11-03,BKN,DET,0,0.6,118.8,41.0,28.6,2.0,0.2,104.0,45.4,22.4,2.0
22400156,2024-11-04,DET,LAL,1,0.4,105.0,46.4,22.4,1.0,0.6,120.0,41.6,28.0,3.0
22400154,2024-11-04,CLE,MIL,1,1.0,122.6,43.8,28.2,2.0,0.0,108.8,43.2,21.2,2.0
22400161,2024-11-04,HOU,NYK,1,0.6,113.8,48.0,21.8,2.0,0.6,116.0,41.4,24.4,3.0
22400163,2024-11-04,OKC,ORL,1,1.0,117.8,44.8,26.2,2.0,0.2,104.6,42.2,23.4,1.0
22400165,2024-11-04,DAL,IND,0,0.6,108.4,45.2,24.0,1.0,0.2,116.0,42.0,29.8,3.0
22400167,2024-11-04,PHX,PHI,1,0.8,113.4,45.8,28.0,2.0,0.2,107.2,40.2,18.2,2.0
22400164,2024-11-04,NOP,POR,0,0.2,106.8,44.2,24.2,1.0,0.4,108.0,47.2,21.0,2.0
22400159,2024-11-04,MIA,SAC,0,0.6,108.4,42.6,27.4,5.0,0.6,120.4,44.2,26.4,2.0
22400168,2024-11-04,LAC,SAS,1,0.4,107.4,47.8,26.6,2.0,0.6,104.4,47.2,24.8,2.0
22400157,2024-11-04,ATL,BOS,0,0.2,116.8,42.0,28.6,1.0,0.8,122.4,42.2,22.0,2.0
22400155,2024-11-04,WAS,GSW,0,0.4,118.8,40.4,28.2,5.0,0.8,117.2,46.0,29.2,2.0
22400166,2024-11-04,DEN,TOR,1,0.6,124.0,46.0,28.6,2.0,0.2,123.0,46.2,32.4,2.0
22400160,2024-11-04,CHI,UTA,0,0.6,113.6,51.0,27.2,3.0,0.0,95.0,45.8,21.8,2.0
22400158,2024-11-04,BKN,MEM,1,0.6,117.0,39.0,28.8,1.0,0.6,119.8,49.6,32.6,2.0
22400162,2024-11-04,MIN,CHA,1,0.6,113.0,39.0,28.2,2.0,0.2,115.2,42.6,23.4,2.0
22400174,2024-11-06,MEM,LAL,1,0.4,115.8,50.0,30.8,2.0,0.4,116.0,41.6,27.0,2.0
22400178,2024-11-06,PHX,MIA,1,1.0,113.8,47.6,25.8,2.0,0.4,106.8,40.6,26.4,2.0
22400171,2024-11-06,ATL,NYK,1,0.2,114.6,40.8,28.4,2.0,0.6,113.6,42.4,24.4,2.0
22400170,2024-11-06,IND,ORL,1,0.4,123.2,44.6,30.2,2.0,0.2,99.6,42.2,23.2,2.0
22400179,2024-11-06,LAC,PHI,1,0.4,108.2,47.8,25.6,2.0,0.2,108.6,38.0,20.0,2.0
22400173,2024-11-06,HOU,SAS,1,0.6,110.0,45.2,22.0,2.0,0.4,103.4,46.4,24.6,2.0
22400175,2024-11-06,NOP,CLE,0,0.2,106.2,43.2,24.2,2.0,1.0,118.8,42.0,28.4,2.0
22400176,2024-11-06,DAL,CHI,1,0.6,113.4,43.6,25.4,2.0,0.4,112.2,49.0,28.4,2.0
22400172,2024-11-06,BOS,GSW,0,0.8,122.2,44.8,23.6,2.0,0.8,116.8,45.2,28.0,2.0
22400177,2024-11-06,DEN,OKC,1,0.8,127.4,47.4,30.4,2.0,1.0,115.4,42.4,26.6,2.0
22400180,2024-11-06,SAC,TOR,1,0.8,117.2,45.6,24.6,2.0,0.2,126.6,45.2,34.2,2.0
22400169,2024-11-06,CHA,DET,1,0.2,109.8,39.6,22.8,2.0,0.6,104.4,48.6,21.4,2.0
22400181,2024-11-07,CHI,MIN,0,0.4,113.0,47.0,28.8,1.0,0.6,112.4,39.6,28.0,3.0
22400183,2024-11-07,SAS,POR,1,0.4,103.2,44.8,24.2,1.0,0.4,106.6,44.6,20.2,3.0
22400182,2024-11-07,MIL,UTA,1,0.0,107.2,43.6,20.6,3.0,0.2,104.8,46.6,25.2,3.0
22400194,2024-11-08,DEN,MIA,1,0.8,126.8,48.0,31.4,2.0,0.4,109.8,41.0,27.0,2.0
22400189,2024-11-08,NYK,MIL,1,0.4,112.2,42.0,26.4,2.0,0.2,111.4,43.2,20.6,1.0
22400187,2024-11-08,BOS,BKN,1,0.6,120.8,46.6,23.2,2.0,0.6,115.2,37.0,29.8,4.0
22400184,2024-11-08,CHA,IND,1,0.4,110.2,39.8,23.2,2.0,0.6,124.0,44.4,28.8,2.0
22400195,2024-11-08,LAL,PHI,1,0.2,112.6,40.0,25.2,2.0,0.2,106.8,38.8,20.0,2.0
22400190,2024-11-08,DAL,PHX,0,0.6,115.2,43.0,26.6,2.0,1.0,114.0,47.4,26.4,2.0
22400193,2024-11-08,MIN,POR,1,0.6,117.0,39.4,28.0,1.0,0.4,108.0,43.6,21.4,1.0
22400185,2024-11-08,DET,ATL,1,0.6,106.2,47.0,25.4,2.0,0.4,115.0,42.6,28.2,2.0
22400186,2024-11-08,ORL,NOP,1,0.0,98.0,40.6,23.2,2.0,0.2,109.4,41.0,23.8,2.0
22400188,2024-11-08,CLE,GSW,1,1.0,123.0,43.0,30.8,2.0,1.0,119.6,46.4,28.6,2.0
22400192,2024-11-08,OKC,HOU,1,0.8,114.2,42.8,27.2,2.0,0.8,114.2,47.4,23.4,2.0
22400196,2024-11-08,SAC,LAC,0,0.8,119.4,47.0,24.8,2.0,0.4,107.8,44.0,25.6,2.0
22400191,2024-11-08,MEM,WAS,1,0.6,117.4,48.0,29.0,2.0,0.4,116.8,42.6,27.4,4.0
22400199,2024-11-09,CLE,BKN,1,1.0,123.4,44.4,30.0,1.0,0.6,108.2,39.0,27.2,1.0
22400198,2024-11-09,ATL,CHI,0,0.4,115.2,43.2,28.6,1.0,0.2,111.6,43.4,27.6,2.0
22400200,2024-11-09,LAC,TOR,1,0.6,108.2,43.8,24.4,1.0,0.2,123.0,41.2,33.2,3.0
22400197,2024-11-09,SAS,UTA,0,0.6,108.2,43.4,26.8,2.0,0.2,104.4,44.4,25.2,2.0
22400206,2024-11-10,MIN,MIA,0,0.8,119.6,40.8,27.8,2.0,0.2,111.4,39.0,27.0,2.0
22400203,2024-11-10,IND,NYK,1,0.6,117.6,43.0,28.6,2.0,0.6,114.6,43.0,29.0,2.0
22400209,2024-11-10,PHX,SAC,0,1.0,115.0,45.6,27.4,2.0,0.6,116.4,44.2,23.4,2.0
22400202,2024-11-10,MIL,BOS,0,0.2,108.6,42.8,21.0,2.0,0.8,116.0,44.2,23.2,2.0
22400208,2024-11-10,DEN,DAL,1,0.8,125.0,47.2,32.6,2.0,0.4,113.8,42.8,25.2,2.0
22400207,2024-11-10,OKC,GSW,0,0.8,118.4,43.2,26.4,2.0,0.8,118.2,47.6,28.2,2.0
22400201,2024-11-10,DET,HOU,0,0.6,109.6,46.2,26.2,2.0,0.6,114.4,48.4,23.2,2.0
22400211,2024-11-10,LAL,TOR,1,0.4,114.8,39.8,25.8,2.0,0.2,117.0,41.8,31.0,1.0
22400210,2024-11-10,POR,MEM,0,0.2,107.2,41.6,20.2,2.0,0.8,121.8,50.4,29.6,2.0
22400204,2024-11-10,ORL,WAS,1,0.2,101.2,40.8,23.8,2.0,0.4,117.2,42.8,27.4,2.0
22400205,2024-11-10,PHI,CHA,1,0.0,104.4,36.8,22.6,2.0,0.4,103.2,43.4,21.6,2.0
22400214,2024-11-11,NOP,BKN,0,0.2,109.2,37.4,22.6,3.0,0.4,104.4,39.4,26.0,2.0
22400216,2024-11-11,SAS,SAC,1,0.4,109.0,42.4,27.6,2.0,0.6,117.2,45.4,22.4,1.0
22400212,2024-11-11,CHI,CLE,0,0.2,116.2,42.0,29.0,2.0,1.0,120.4,41.2,29.8,2.0
22400215,2024-11-11,OKC,LAC,1,0.6,114.2,42.4,25.2,1.0,0.8,105.4,43.6,22.6,2.0
22400213,2024-11-11,HOU,WAS,1,0.6,113.0,49.0,22.8,1.0,0.4,112.8,41.0,26.4,1.0
22400002,2024-11-12,DET,MIA,1,0.6,109.8,47.8,25.8,2.0,0.2,109.2,38.8,25.8,2.0
22400008,2024-11-12,POR,MIN,1,0.2,102.2,43.0,18.4,2.0,0.6,114.6,42.6,25.4,2.0
22400004,2024-11-12,PHI,NYK,0,0.2,106.8,37.4,24.0,2.0,0.4,115.6,42.4,27.6,2.0
22400006,2024-11-12,UTA,PHX,0,0.4,107.4,45.0,25.0,3.0,0.8,113.6,47.4,27.6,2.0
22400001,2024-11-12,BOS,ATL,0,0.8,113.8,44.4,24.4,2.0,0.4,114.8,43.0,28.8,3.0
22400007,2024-11-12,GSW,DAL,1,0.8,122.8,48.4,28.8,2.0,0.4,117.4,43.8,26.8,2.0
22400005,2024-11-12,MIL,TOR,1,0.2,110.2,43.4,21.2,2.0,0.2,112.6,41.0,29.2,2.0
22400003,2024-11-12,ORL,CHA,1,0.4,103.6,41.8,23.6,2.0,0.4,102.4,45.0,22.0,2.0
22400226,2024-11-13,POR,MIN,1,0.4,107.2,39.6,21.0,1.0,0.6,115.6,42.6,25.6,1.0
22400217,2024-11-13,ORL,IND,1,0.6,109.4,41.8,24.8,1.0,0.6,117.0,38.0,27.4,3.0
22400227,2024-11-13,SAC,PHX,1,0.6,110.8,43.0,21.8,2.0,0.8,117.0,43.2,26.0,1.0
22400218,2024-11-13,BKN,BOS,0,0.4,101.8,39.4,24.0,2.0,0.6,114.4,42.4,25.4,1.0
22400220,2024-11-13,PHI,CLE,0,0.2,105.2,38.8,23.4,1.0,1.0,121.4,40.8,28.8,2.0
22400221,2024-11-13,OKC,NOP,1,0.6,120.0,40.0,26.4,2.0,0.0,105.2,37.2,23.2,2.0
22400219,2024-11-13,NYK,CHI,0,0.4,112.2,42.8,27.6,1.0,0.2,116.4,43.4,29.4,2.0
22400222,2024-11-13,HOU,LAC,1,0.8,110.2,50.8,20.0,2.0,0.8,112.6,43.0,24.2,2.0
22400225,2024-11-13,LAL,MEM,1,0.6,117.4,39.0,27.6,3.0,0.8,124.2,49.4,30.8,3.0
22400224,2024-11-13,SAS,WAS,1,0.4,109.6,42.4,27.4,2.0,0.2,107.0,39.2,25.8,2.0
22400223,2024-11-13,MIL,DET,1,0.4,107.4,43.8,21.4,1.0,0.6,113.2,49.6,27.2,1.0
22400228,2024-11-14,UTA,DAL,1,0.4,112.2,42.2,27.6,2.0,0.2,119.2,41.2,27.0,2.0
22400015,2024-11-15,SAS,LAL,0,0.6,116.6,41.2,30.6,2.0,0.6,116.8,38.8,28.0,2.0
22400009,2024-11-15,IND,MIA,0,0.6,111.4,38.4,24.8,2.0,0.2,112.0,39.6,25.4,3.0
22400020,2024-11-15,SAC,MIN,0,0.6,114.0,44.2,24.8,2.0,0.4,112.4,41.8,24.2,2.0
22400014,2024-11-15,NYK,BKN,1,0.4,117.4,43.0,29.8,2.0,0.4,106.2,40.8,24.6,2.0
22400010,2024-11-15,ORL,PHI,1,0.8,111.0,43.6,26.0,2.0,0.2,103.2,40.2,22.8,2.0
22400018,2024-11-15,OKC,PHX,1,0.6,120.8,37.8,25.8,2.0,0.6,114.2,42.6,25.8,2.0
22400013,2024-11-15,CLE,CHI,1,1.0,121.0,42.2,28.2,2.0,0.4,116.0,44.2,28.4,2.0
22400017,2024-11-15,NOP,DEN,1,0.0,100.6,40.2,23.0,2.0,1.0,126.2,47.0,33.6,5.0
22400016,2024-11-15,HOU,LAC,1,0.8,110.6,52.6,21.4,2.0,0.6,110.6,42.6,24.6,2.0
22400019,2024-11-15,GSW,MEM,1,0.8,121.4,49.0,29.4,3.0,0.6,124.0,47.2,29.4,2.0
22400012,2024-11-15,ATL,WAS,1,0.4,113.0,43.6,30.0,3.0,0.0,106.4,40.0,24.8,2.0
22400011,2024-11-15,TOR,DET,0,0.0,103.4,42.6,27.0,3.0,0.4,114.2,47.6,28.6,2.0
22400231,2024-11-16,NOP,LAL,0,0.2,100.8,44.6,22.4,1.0,0.8,120.2,39.6,27.8,1.0
22400229,2024-11-16,CHA,MIL,1,0.4,99.6,47.8,21.6,4.0,0.6,110.0,43.4,22.4,3.0
22400232,2024-11-16,DAL,SAS,1,0.2,116.4,39.6,26.2,2.0,0.6,119.6,41.0,33.0,1.0
22400230,2024-11-16,BOS,TOR,1,0.6,117.6,41.4,27.0,3.0,0.0,98.6,45.0,23.6,1.0
22400233,2024-11-16,SAC,UTA,1,0.4,114.8,45.0,23.8,1.0,0.6,114.6,42.4,27.8,2.0
22400235,2024-11-17,IND,MIA,1,0.4,106.8,37.0,24.4,2.0,0.4,114.8,39.6,26.0,2.0
22400240,2024-11-17,NYK,BKN,1,0.6,119.0,43.8,29.0,2.0,0.2,109.4,40.8,24.4,2.0
22400234,2024-11-17,MIN,PHX,1,0.4,111.4,42.0,23.6,2.0,0.4,107.8,43.4,23.4,2.0
22400239,2024-11-17,POR,ATL,1,0.4,104.8,41.4,20.2,4.0,0.6,120.2,46.0,31.0,2.0
22400242,2024-11-17,OKC,DAL,0,0.8,116.2,39.0,24.2,2.0,0.2,114.6,40.8,24.8,1.0
22400238,2024-11-17,MEM,DEN,1,0.6,126.8,49.2,28.0,2.0,0.8,119.2,44.2,32.2,2.0
22400241,2024-11-17,CHI,HOU,0,0.4,121.4,41.2,29.8,2.0,0.8,110.2,53.2,22.0,2.0
22400243,2024-11-17,LAC,UTA,1,0.4,109.4,47.0,21.6,2.0,0.4,111.0,39.2,24.0,1.0
22400237,2024-11-17,WAS,DET,0,0.0,107.4,41.0,24.6,2.0,0.6,112.6,49.6,26.6,2.0
22400236,2024-11-17,CLE,CHA,1,1.0,123.6,41.0,28.2,2.0,0.6,104.0,50.8,22.8,1.0
22400249,2024-11-18,PHX,ORL,0,0.2,108.4,44.2,24.0,1.0,1.0,108.4,44.6,23.8,3.0
22400247,2024-11-18,TOR,IND,1,0.0,101.8,47.4,25.6,2.0,0.4,107.0,38.8,26.2,1.0
22400245,2024-11-18,MIA,PHI,1,0.4,114.4,38.6,24.8,1.0,0.2,100.8,40.6,22.8,3.0
22400250,2024-11-18,SAC,ATL,0,0.6,119.4,45.0,24.8,2.0,0.4,118.0,45.8,30.8,1.0
22400244,2024-11-18,DET,CHI,0,0.6,113.0,50.8,26.6,1.0,0.4,119.0,44.2,29.0,1.0
22400251,2024-11-18,LAC,GSW,1,0.4,111.2,45.6,23.6,1.0,0.8,121.0,49.0,30.2,3.0
22400248,2024-11-18,MIL,HOU,1,0.4,108.2,43.2,24.6,2.0,1.0,117.4,56.8,25.0,1.0
22400246,2024-11-18,NYK,WAS,1,0.6,118.6,43.6,28.6,1.0,0.0,107.4,40.6,23.4,1.0
22400021,2024-11-19,BOS,CLE,1,0.8,120.4,40.4,28.6,3.0,1.0,122.0,42.0,26.8,2.0
22400024,2024-11-19,DAL,NOP,1,0.4,116.2,43.6,24.8,2.0,0.2,96.2,48.0,23.0,3.0
22400023,2024-11-19,MEM,DEN,0,0.6,121.6,48.2,28.6,2.0,0.6,113.0,43.2,31.0,2.0
22400025,2024-11-19,SAS,OKC,1,0.4,114.6,41.0,30.2,3.0,0.6,114.8,36.6,25.2,2.0
22400026,2024-11-19,LAL,UTA,1,1.0,118.2,40.8,28.0,3.0,0.4,112.0,39.6,24.0,2.0
22400022,2024-11-19,BKN,CHA,1,0.2,109.4,37.6,25.8,2.0,0.4,105.2,49.4,25.2,2.0
22400257,2024-11-20,PHX,NYK,0,0.2,104.6,43.6,23.0,2.0,0.8,121.2,44.0,31.4,2.0
22400259,2024-11-20,LAC,ORL,1,0.4,110.6,45.0,25.8,2.0,1.0,107.2,43.6,23.8,2.0
22400254,2024-11-20,HOU,IND,1,0.8,117.2,56.8,25.0,2.0,0.4,114.2,37.8,27.2,2.0
22400255,2024-11-20,MEM,PHI,1,0.4,118.0,49.2,27.4,1.0,0.2,97.4,40.2,22.2,2.0
22400256,2024-11-20,OKC,POR,1,0.6,112.4,37.8,25.0,1.0,0.6,106.6,41.2,21.8,3.0
22400258,2024-11-20,GSW,ATL,1,0.6,117.2,47.4,31.2,2.0,0.6,115.6,44.4,31.6,2.0
22400252,2024-11-20,CLE,NOP,1,0.8,124.4,43.6,28.0,1.0,0.2,96.8,49.2,23.2,1.0
22400253,2024-11-20,MIL,CHI,1,0.6,109.6,43.6,24.8,2.0,0.4,118.4,44.0,28.6,2.0
22400261,2024-11-21,TOR,MIN,1,0.2,107.2,47.8,25.8,3.0,0.4,110.0,38.6,22.6,4.0
22400263,2024-11-21,LAL,ORL,0,1.0,119.8,38.6,28.4,2.0,0.8,101.6,39.6,23.0,1.0
22400262,2024-11-21,SAS,UTA,1,0.6,114.6,42.8,30.8,2.0,0.2,113.4,39.0,25.0,2.0
22400260,2024-11-21,CHA,DET,1,0.2,107.6,47.0,25.6,2.0,0.6,115.6,51.2,27.8,3.0
22400027,2024-11-22,PHI,BKN,1,0.0,98.2,40.4,21.6,2.0,0.4,112.6,37.6,27.8,3.0
22400029,2024-11-22,MIL,IND,1,0.8,112.6,44.4,26.6,2.0,0.2,110.4,38.6,25.6,2.0
22400031,2024-11-22,HOU,POR,1,0.8,121.8,54.6,27.4,2.0,0.6,106.0,43.6,22.8,2.0
22400034,2024-11-22,LAC,SAC,1,0.6,105.8,45.4,24.0,2.0,0.4,115.6,42.6,25.0,4.0
22400030,2024-11-22,CHI,ATL,1,0.4,117.0,40.4,28.4,2.0,0.6,112.4,49.6,30.8,2.0
22400028,2024-11-22,WAS,BOS,0,0.0,109.8,41.4,24.0,4.0,0.8,122.8,41.0,30.4,3.0
22400033,2024-11-22,DEN,DAL,0,0.6,112.6,42.8,30.0,3.0,0.6,118.6,44.8,24.2,3.0
22400032,2024-11-22,NOP,GSW,0,0.2,95.8,48.2,21.6,2.0,0.8,117.8,50.2,32.0,2.0
22400264,2024-11-23,UTA,NYK,1,0.2,114.6,41.0,23.0,2.0,0.8,126.6,42.8,31.2,3.0
22400267,2024-11-23,HOU,POR,0,0.8,122.8,53.0,27.2,1.0,0.6,105.8,44.0,22.6,1.0
22400270,2024-11-23,LAL,DEN,0,0.8,118.8,39.2,26.6,2.0,0.4,109.6,43.4,29.2,1.0
22400269,2024-11-23,SAS,GSW,1,0.6,116.6,44.2,31.0,2.0,0.8,114.8,51.4,30.4,1.0
22400266,2024-11-23,CHI,MEM,0,0.4,119.4,40.6,29.4,1.0,0.4,114.6,47.2,26.8,3.0
22400265,2024-11-23,ORL,DET,1,0.8,102.6,40.6,24.2,2.0,0.4,115.2,51.2,27.4,2.0
22400268,2024-11-23,MIL,CHA,1,0.8,118.6,43.8,28.2,1.0,0.4,111.2,45.6,25.8,2.0
22400271,2024-11-24,BOS,MIN,1,0.8,121.8,41.2,29.4,2.0,0.4,112.2,37.2,21.4,3.0
22400276,2024-11-24,SAC,BKN,0,0.4,114.0,44.8,25.2,2.0,0.2,110.8,35.2,28.6,2.0
22400273,2024-11-24,MIA,DAL,1,0.6,111.2,42.6,23.4,6.0,0.8,119.8,45.6,23.8,2.0
22400274,2024-11-24,PHI,LAC,0,0.2,101.0,40.4,22.8,2.0,0.8,106.0,47.8,24.0,2.0
22400275,2024-11-24,CLE,TOR,1,0.8,126.2,45.4,28.6,4.0,0.4,108.6,48.4,25.0,3.0
22400272,2024-11-24,IND,WAS,1,0.2,115.8,39.6,27.2,2.0,0.0,110.6,44.2,23.6,2.0
22400284,2024-11-25,GSW,BKN,0,0.6,109.6,51.2,30.4,2.0,0.4,109.6,34.6,28.2,1.0
22400283,2024-11-25,DEN,NYK,0,0.4,110.6,44.0,29.6,2.0,0.8,123.2,42.8,30.0,2.0
22400277,2024-11-25,CHA,ORL,0,0.4,117.2,45.6,25.8,2.0,0.8,106.0,39.4,24.0,2.0
22400282,2024-11-25,MEM,POR,1,0.6,118.4,48.8,28.8,2.0,0.6,102.2,46.8,19.8,2.0
22400279,2024-11-25,IND,NOP,1,0.4,116.6,40.8,27.8,1.0,0.2,99.8,45.2,23.0,3.0
22400280,2024-11-25,ATL,DAL,0,0.4,113.4,49.2,30.2,3.0,0.8,120.8,51.4,24.6,1.0
22400281,2024-11-25,BOS,LAC,1,1.0,120.0,42.4,28.8,1.0,1.0,110.2,46.4,27.8,1.0
22400285,2024-11-25,SAC,OKC,0,0.2,109.2,44.6,21.8,1.0,0.6,107.4,41.2,23.6,5.0
22400278,2024-11-25,DET,TOR,1,0.4,111.2,49.0,24.8,2.0,0.4,113.2,48.6,25.4,1.0
22400039,2024-11-26,PHX,LAL,1,0.0,105.0,42.0,24.8,6.0,0.6,113.6,37.2,25.8,3.0
22400036,2024-11-26,MIA,MIL,0,0.6,116.8,45.4,25.2,2.0,0.8,118.2,44.6,27.0,3.0
22400038,2024-11-26,UTA,SAS,0,0.2,115.8,43.4,24.0,3.0,0.6,109.6,46.0,29.2,3.0
22400035,2024-11-26,WAS,CHI,0,0.0,105.2,44.2,23.0,2.0,0.4,120.4,40.4,28.8,3.0
22400037,2024-11-26,MIN,HOU,0,0.4,111.6,40.6,20.8,2.0,0.6,117.4,52.0,24.4,3.0
22400296,2024-11-27,SAS,LAL,0,0.8,112.2,45.8,28.8,1.0,0.4,109.6,37.4,25.4,1.0
22400286,2024-11-27,CHA,MIA,0,0.2,111.0,45.4,23.6,2.0,0.6,113.2,44.4,25.4,1.0
22400297,2024-11-27,PHX,BKN,0,0.2,109.6,43.2,26.4,1.0,0.6,110.8,35.6,27.4,2.0
22400292,2024-11-27,DAL,NYK,1,0.8,124.6,51.0,24.2,2.0,0.8,127.4,42.4,34.0,2.0
22400288,2024-11-27,IND,POR,1,0.4,115.6,40.0,27.8,2.0,0.4,100.6,46.2,20.8,2.0
22400294,2024-11-27,MIN,SAC,0,0.4,114.2,42.8,21.8,1.0,0.2,105.8,40.6,22.4,2.0
22400287,2024-11-27,CLE,ATL,0,0.8,127.8,46.0,29.0,3.0,0.2,111.4,46.0,31.0,2.0
22400289,2024-11-27,ORL,CHI,1,0.8,105.4,38.6,25.2,2.0,0.6,124.4,41.0,29.4,1.0
22400298,2024-11-27,UTA,DEN,0,0.2,115.4,45.0,25.6,1.0,0.4,115.4,43.0,29.0,2.0
22400290,2024-11-27,PHI,HOU,0,0.2,99.6,38.0,22.4,3.0,0.6,112.2,47.6,23.8,1.0
22400291,2024-11-27,WAS,LAC,0,0.0,103.4,42.4,22.8,1.0,0.8,105.8,47.0,25.4,2.0
22400299,2024-11-27,GSW,OKC,0,0.4,109.0,48.6,30.2,2.0,0.6,112.2,43.8,25.2,2.0
22400295,2024-11-27,NOP,TOR,0,0.0,101.6,42.8,25.8,2.0,0.4,114.2,48.0,26.4,2.0
22400293,2024-11-27,MEM,DET,1,0.8,119.4,50.0,31.4,2.0,0.4,111.8,45.4,25.4,2.0
22400040,2024-11-29,CHA,NYK,0,0.2,107.0,46.0,21.2,2.0,0.6,127.4,39.6,31.4,2.0
22400043,2024-11-29,BKN,ORL,0,0.8,115.4,35.8,27.6,2.0,0.8,110.2,38.8,25.6,2.0
22400049,2024-11-29,POR,SAC,1,0.2,100.6,45.8,20.8,2.0,0.2,104.6,43.0,23.2,2.0
22400047,2024-11-29,CHI,BOS,0,0.4,123.8,39.2,29.8,2.0,1.0,117.4,42.8,28.4,4.0
22400041,2024-11-29,ATL,CLE,1,0.4,116.4,46.8,32.8,2.0,0.6,123.8,46.8,28.6,2.0
22400042,2024-11-29,MEM,NOP,1,0.8,124.6,49.4,31.4,2.0,0.0,100.4,42.2,25.8,2.0
22400044,2024-11-29,MIN,LAC,1,0.2,109.0,41.2,21.6,2.0,0.8,109.6,47.6,25.0,2.0
22400048,2024-11-29,LAL,OKC,0,0.4,112.6,38.0,26.8,2.0,0.6,113.4,42.8,26.2,2.0
22400046,2024-11-29,MIA,TOR,1,0.6,108.0,46.0,24.2,2.0,0.6,113.4,49.2,27.0,2.0
22400045,2024-11-29,IND,DET,0,0.6,116.0,43.0,27.4,2.0,0.2,109.2,43.6,24.8,2.0
22400301,2024-11-30,DET,PHI,0,0.4,112.8,42.8,26.4,1.0,0.2,105.4,39.6,22.4,3.0
22400300,2024-11-30,CHA,ATL,0,0.2,103.6,45.0,21.2,1.0,0.4,118.0,50.0,32.6,1.0
22400304,2024-11-30,UTA,DAL,0,0.2,115.0,46.2,25.8,3.0,0.8,126.2,49.0,26.0,3.0
22400303,2024-11-30,PHX,GSW,1,0.2,116.4,40.6,28.0,3.0,0.4,109.4,51.0,29.8,3.0
22400302,2024-11-30,MIL,WAS,1,1.0,116.6,44.8,25.4,4.0,0.0,101.8,42.6,22.8,3.0
22400311,2024-12-01,UTA,LAL,0,0.2,110.2,48.4,24.2,1.0,0.2,106.4,40.6,25.8,2.0
22400309,2024-12-01,TOR,MIA,1,0.4,109.6,49.2,28.4,2.0,0.8,110.2,45.0,26.4,2.0
22400305,2024-12-01,BKN,ORL,0,0.6,112.2,35.6,25.8,2.0,1.0,116.2,42.0,27.2,2.0
22400306,2024-12-01,MEM,IND,1,1.0,126.6,48.6,33.8,2.0,0.6,114.6,42.2,28.2,2.0
22400313,2024-12-01,SAC,SAS,0,0.2,104.2,42.2,24.2,2.0,0.8,113.8,44.4,29.8,4.0
22400307,2024-12-01,CLE,BOS,1,0.4,118.4,45.2,27.6,2.0,1.0,119.8,44.6,27.2,2.0
22400308,2024-12-01,NYK,NOP,1,0.6,120.4,40.2,28.0,2.0,0.0,104.0,44.0,25.2,2.0
22400312,2024-12-01,POR,DAL,0,0.4,103.8,44.0,22.6,2.0,0.8,121.0,49.0,26.8,1.0
22400314,2024-12-01,LAC,DEN,1,0.6,107.2,45.6,24.6,2.0,0.6,121.8,43.0,30.4,4.0
22400310,2024-12-01,HOU,OKC,1,0.8,116.6,47.2,24.6,4.0,0.8,109.8,46.4,24.4,2.0
22400318,2024-12-02,MIN,LAL,1,0.2,103.6,44.6,21.2,3.0,0.4,103.8,41.8,26.2,1.0
22400316,2024-12-02,BOS,MIA,1,0.8,118.0,45.4,24.2,1.0,0.6,112.2,43.4,26.2,1.0
22400317,2024-12-02,CHI,BKN,1,0.4,128.4,41.2,30.4,3.0,0.6,111.0,35.4,24.0,1.0
22400315,2024-12-02,ATL,NOP,1,0.6,120.0,46.8,32.6,2.0,0.0,101.0,44.4,24.6,1.0
22400052,2024-12-03,DET,MIL,0,0.4,107.8,40.0,24.8,3.0,1.0,121.2,43.8,27.4,3.0
22400053,2024-12-03,NYK,ORL,1,0.6,116.4,44.0,28.0,2.0,1.0,112.4,42.8,25.6,2.0
22400054,2024-12-03,TOR,IND,1,0.4,111.4,50.0,30.0,2.0,0.6,115.4,41.2,27.8,2.0
22400050,2024-12-03,CHA,PHI,0,0.0,99.8,45.4,21.2,3.0,0.4,109.8,41.2,21.2,3.0
22400060,2024-12-03,LAC,POR,1,0.6,111.6,43.2,24.8,2.0,0.4,112.4,42.8,25.0,2.0
22400057,2024-12-03,PHX,SAS,1,0.4,115.6,41.4,28.4,3.0,0.8,117.2,42.8,29.8,2.0
22400058,2024-12-03,DEN,GSW,1,0.4,121.8,40.2,32.0,2.0,0.2,106.4,48.8,28.2,3.0
22400059,2024-12-03,SAC,HOU,1,0.2,111.6,42.8,26.8,2.0,0.8,114.4,48.0,23.6,2.0
22400055,2024-12-03,OKC,UTA,1,0.8,112.2,46.2,25.6,2.0,0.2,107.4,47.4,25.2,2.0
22400056,2024-12-03,DAL,MEM,1,0.8,123.8,46.8,28.6,2.0,1.0,130.4,48.4,35.2,2.0
22400051,2024-12-03,CLE,WAS,1,0.6,118.0,45.8,26.0,2.0,0.0,103.4,42.6,23.0,3.0
22400321,2024-12-04,MIA,LAL,1,0.4,105.4,40.8,25.6,2.0,0.4,99.4,43.2,24.6,2.0
22400324,2024-12-04,LAC,MIN,0,0.6,112.0,41.4,24.4,1.0,0.4,104.4,45.2,24.2,2.0
22400322,2024-12-04,PHI,ORL,0,0.6,109.6,39.2,22.2,1.0,0.8,111.4,41.6,24.6,1.0
22400320,2024-12-04,BKN,IND,1,0.4,109.8,37.4,24.0,2.0,0.4,114.6,39.0,25.8,1.0
22400323,2024-12-04,MIL,ATL,0,1.0,122.4,42.0,26.6,1.0,0.8,120.4,48.6,32.2,2.0
22400319,2024-12-04,BOS,DET,1,0.8,118.0,47.6,24.8,2.0,0.4,109.2,41.4,26.0,1.0
22400330,2024-12-05,NOP,PHX,1,0.0,101.8,44.0,23.2,3.0,0.6,116.6,41.2,28.6,2.0
22400329,2024-12-05,MEM,SAC,1,0.8,125.2,46.4,33.0,2.0,0.4,115.0,40.8,29.2,2.0
22400331,2024-12-05,SAS,CHI,0,0.6,110.6,43.2,28.6,2.0,0.4,126.8,43.8,29.8,3.0
22400326,2024-12-05,WAS,DAL,0,0.0,101.6,43.4,22.8,2.0,1.0,124.4,44.8,27.6,2.0
22400325,2024-12-05,CLE,DEN,1,0.6,116.0,44.4,26.4,2.0,0.6,121.6,39.4,31.8,2.0
22400332,2024-12-05,GSW,HOU,1,0.0,107.0,48.0,30.0,2.0,0.6,113.4,48.4,21.0,2.0
22400328,2024-12-05,TOR,OKC,0,0.6,114.2,47.4,31.2,2.0,0.8,117.0,43.8,27.2,2.0
22400327,2024-12-05,NYK,CHA,1,0.8,119.4,43.8,29.0,2.0,0.0,96.8,45.2,21.2,2.0
22400334,2024-12-06,ATL,LAL,1,1.0,120.4,51.6,31.6,2.0,0.4,98.0,42.0,25.4,2.0
22400335,2024-12-06,BOS,MIL,1,0.8,122.6,48.2,25.8,2.0,0.8,117.4,41.2,24.6,2.0
22400338,2024-12-06,GSW,MIN,0,0.2,108.0,49.0,28.0,1.0,0.6,105.0,45.4,26.6,2.0
22400333,2024-12-06,PHI,ORL,1,0.4,107.4,38.2,21.8,2.0,0.8,113.6,42.2,24.6,2.0
22400336,2024-12-06,CHI,IND,0,0.6,128.4,46.8,31.2,1.0,0.2,109.8,38.6,23.8,2.0
22400337,2024-12-06,SAS,SAC,0,0.4,114.6,41.8,28.0,1.0,0.4,115.2,43.8,28.2,1.0
22400339,2024-12-06,POR,UTA,0,0.2,112.6,38.0,26.8,3.0,0.0,104.4,44.2,23.4,3.0
22400346,2024-12-07,MIA,PHX,1,0.6,111.6,43.6,28.8,3.0,0.6,117.0,43.6,29.0,2.0
22400340,2024-12-07,CHA,CLE,0,0.0,100.2,42.8,23.8,2.0,0.6,116.8,44.0,27.4,2.0
22400344,2024-12-07,TOR,DAL,0,0.6,112.6,47.6,30.8,2.0,1.0,126.0,46.2,28.2,2.0
22400341,2024-12-07,WAS,DEN,1,0.0,101.2,43.0,23.0,2.0,0.4,119.0,39.6,29.4,2.0
22400342,2024-12-07,NOP,OKC,0,0.2,105.0,44.0,20.8,2.0,0.8,116.8,46.0,27.2,2.0
22400345,2024-12-07,BOS,MEM,0,0.8,119.6,47.0,24.6,1.0,0.8,123.6,44.2,31.4,2.0
22400343,2024-12-07,NYK,DET,0,0.8,115.4,43.8,25.8,2.0,0.2,112.8,40.6,26.0,3.0
22400348,2024-12-08,BKN,MIL,0,0.4,104.0,37.6,24.2,4.0,0.6,113.4,41.2,23.8,2.0
22400355,2024-12-08,GSW,MIN,1,0.2,102.0,48.6,25.8,2.0,0.8,104.2,44.6,28.8,2.0
22400347,2024-12-08,CHI,PHI,0,0.4,127.6,44.4,32.0,2.0,0.6,108.0,39.0,22.0,2.0
22400352,2024-12-08,ORL,PHX,1,0.6,105.8,42.0,22.8,2.0,0.4,113.8,42.6,28.6,1.0
22400358,2024-12-08,LAL,POR,1,0.2,100.6,40.8,25.8,2.0,0.2,112.8,36.0,27.0,2.0
22400351,2024-12-08,MIA,CLE,1,0.6,116.2,43.0,30.6,1.0,0.8,115.2,44.6,26.8,1.0
22400354,2024-12-08,SAS,NOP,1,0.2,111.6,42.4,27.6,2.0,0.2,108.2,41.6,21.0,1.0
22400350,2024-12-08,ATL,DEN,0,1.0,120.2,51.0,31.8,2.0,0.4,118.0,42.6,31.6,1.0
22400356,2024-12-08,LAC,HOU,0,0.6,109.2,41.8,23.4,4.0,0.6,112.4,48.8,21.6,3.0
22400357,2024-12-08,SAC,UTA,1,0.4,120.2,43.2,29.2,2.0,0.2,109.6,48.2,25.4,2.0
22400353,2024-12-08,WAS,MEM,0,0.2,104.0,43.6,23.8,1.0,0.8,122.8,46.2,30.2,1.0
22400349,2024-12-08,IND,CHA,0,0.2,112.0,38.4,25.0,2.0,0.0,101.8,41.6,23.6,1.0
22400359,2024-12-09,TOR,NYK,0,0.4,112.4,45.0,30.6,2.0,0.8,114.8,43.4,27.2,2.0
22401201,2024-12-10,MIL,ORL,1,0.6,115.8,39.2,24.4,2.0,0.6,104.2,42.8,20.4,2.0
22401203,2024-12-10,OKC,DAL,1,0.8,119.6,45.4,27.4,3.0,1.0,125.2,48.0,27.0,3.0
22401202,2024-12-11,NYK,ATL,0,0.8,117.6,42.6,29.6,2.0,0.8,119.0,49.4,30.4,3.0
22401204,2024-12-11,HOU,GSW,1,0.6,112.4,50.0,20.0,3.0,0.4,104.6,46.2,26.4,3.0
22401207,2024-12-12,NOP,SAC,0,0.2,109.6,41.0,23.0,4.0,0.6,127.2,43.6,31.2,4.0
22401206,2024-12-12,MIA,TOR,1,0.6,116.4,45.8,29.6,4.0,0.4,111.8,46.0,28.4,3.0
22401205,2024-12-12,BOS,DET,1,0.6,116.2,47.0,25.0,5.0,0.4,114.6,40.8,26.8,5.0
22401210,2024-12-13,MIN,LAL,1,0.8,104.6,45.8,28.2,5.0,0.4,103.4,39.4,25.8,5.0
22401211,2024-12-13,MEM,BKN,1,0.8,126.8,45.2,29.8,5.0,0.2,101.2,36.4,22.6,5.0
22401209,2024-12-13,PHI,IND,0,0.8,106.6,41.8,23.2,5.0,0.2,112.6,37.8,25.0,5.0
22401214,2024-12-13,UTA,PHX,0,0.2,108.4,46.4,24.6,5.0,0.4,112.4,43.0,28.4,5.0
22401215,2024-12-13,POR,SAS,0,0.2,109.6,38.2,24.2,5.0,0.4,115.6,45.8,27.8,5.0
22401213,2024-12-13,DEN,LAC,1,0.4,121.8,43.4,34.2,5.0,0.4,106.2,39.0,22.2,5.0
22401208,2024-12-13,CLE,WAS,1,0.8,117.6,43.8,27.6,5.0,0.2,107.2,46.0,23.6,5.0
22401212,2024-12-13,CHI,CHA,1,0.4,123.8,44.0,31.8,5.0,0.2,104.8,42.8,23.4,5.0
22401218,2024-12-15,SAS,MIN,0,0.4,113.8,46.4,27.8,2.0,0.8,105.4,45.6,26.8,2.0
22401227,2024-12-15,ORL,NYK,0,0.4,106.0,41.6,19.6,5.0,0.6,114.0,40.4,29.0,4.0
22401219,2024-12-15,PHX,POR,1,0.4,116.6,41.4,29.4,2.0,0.0,109.8,37.4,23.8,2.0
22401217,2024-12-15,WAS,BOS,0,0.2,105.4,46.6,23.6,2.0,0.8,118.6,48.0,28.4,3.0
22401216,2024-12-15,IND,NOP,1,0.4,112.6,37.8,26.4,2.0,0.2,114.4,41.2,23.4,3.0
22401228,2024-12-15,GSW,DAL,0,0.4,101.6,45.4,25.2,4.0,0.8,124.8,47.2,26.0,5.0
22401220,2024-12-15,LAL,MEM,1,0.2,99.8,41.6,24.6,2.0,0.8,126.6,47.0,29.2,2.0
22401221,2024-12-16,DET,MIA,1,0.2,108.4,40.6,25.2,4.0,0.8,116.0,47.2,28.8,4.0
22401222,2024-12-16,CHA,PHI,0,0.2,103.0,44.6,23.2,3.0,0.6,105.8,41.2,23.0,3.0
22401224,2024-12-16,BKN,CLE,0,0.2,105.0,37.6,24.2,3.0,0.8,117.6,45.0,28.6,3.0
22401223,2024-12-16,TOR,CHI,0,0.2,108.8,45.0,28.2,4.0,0.6,119.8,45.8,31.6,3.0
22401225,2024-12-16,SAC,DEN,0,0.8,124.4,43.4,29.6,4.0,0.6,121.4,44.8,31.4,3.0
22401226,2024-12-16,LAC,UTA,1,0.4,107.4,37.4,23.0,3.0,0.2,114.8,42.6,26.6,3.0
22400372,2024-12-19,SAC,LAL,0,0.6,126.2,45.0,28.6,3.0,0.4,107.0,42.6,25.4,4.0
22400364,2024-12-19,TOR,BKN,0,0.0,108.6,45.4,28.2,3.0,0.2,106.8,38.0,25.4,3.0
22400367,2024-12-19,MIN,NYK,0,0.8,104.8,47.2,25.8,4.0,0.6,109.8,41.6,27.0,4.0
22400369,2024-12-19,PHX,IND,0,0.4,119.0,41.8,28.8,4.0,0.6,114.2,39.6,28.8,4.0
22400370,2024-12-19,SAS,ATL,1,0.4,113.6,45.8,29.4,4.0,0.8,119.2,51.2,30.4,8.0
22400365,2024-12-19,HOU,NOP,1,0.6,106.2,47.0,20.0,8.0,0.2,112.8,42.8,22.8,4.0
22400363,2024-12-19,BOS,CHI,0,0.8,119.4,48.4,28.6,4.0,0.6,118.6,43.2,31.6,3.0
22400371,2024-12-19,POR,DEN,1,0.0,105.4,39.2,24.0,4.0,0.6,123.6,48.2,32.6,3.0
22400366,2024-12-19,MEM,GSW,1,0.8,125.4,49.2,28.8,4.0,0.4,105.2,43.2,25.8,4.0
22400368,2024-12-19,DAL,LAC,0,0.8,126.0,50.0,26.6,4.0,0.4,111.0,37.2,23.0,3.0
22400361,2024-12-19,ORL,OKC,0,0.4,103.0,41.8,20.4,4.0,0.8,123.0,46.4,29.2,9.0
22400360,2024-12-19,DET,UTA,0,0.4,114.2,42.6,27.2,3.0,0.2,115.4,40.8,25.6,3.0
22400362,2024-12-19,WAS,CHA,1,0.2,107.6,46.4,24.4,4.0,0.2,103.8,42.8,24.8,3.0
22400374,2024-12-20,CLE,MIL,1,0.8,120.0,44.4,29.0,4.0,0.6,113.8,39.0,23.6,10.0
22400375,2024-12-20,MIA,OKC,0,0.8,123.0,47.2,30.0,4.0,1.0,120.8,43.6,27.8,1.0
22400373,2024-12-20,PHI,CHA,1,0.6,108.0,43.4,22.0,4.0,0.2,106.4,45.2,25.4,1.0
22400376,2024-12-21,SAC,LAL,0,0.6,124.2,44.4,30.2,2.0,0.6,111.0,46.0,24.0,2.0
22400377,2024-12-21,ORL,MIA,1,0.2,101.6,41.4,21.2,2.0,0.6,115.6,45.0,25.6,1.0
22400384,2024-12-21,NOP,NYK,0,0.0,110.2,41.4,23.2,2.0,0.6,111.4,44.4,29.0,2.0
22400380,2024-12-21,CLE,PHI,1,0.8,119.6,44.6,28.6,1.0,0.8,109.2,44.2,23.4,1.0
22400386,2024-12-21,SAS,POR,1,0.6,115.4,46.0,30.6,2.0,0.2,109.6,42.4,24.8,2.0
22400381,2024-12-21,CHI,BOS,0,0.6,114.2,44.4,29.0,2.0,0.6,115.0,48.8,26.8,2.0
22400383,2024-12-21,MIN,GSW,0,0.6,104.6,44.6,25.4,2.0,0.2,104.0,39.6,26.0,2.0
22400385,2024-12-21,DAL,LAC,1,0.6,120.8,48.2,26.0,2.0,0.4,109.2,39.6,23.2,2.0
22400379,2024-12-21,BKN,UTA,0,0.4,106.6,40.4,24.2,2.0,0.4,119.4,46.0,26.0,2.0
22400378,2024-12-21,ATL,MEM,0,0.6,119.6,51.6,30.8,2.0,0.8,131.2,51.4,31.0,2.0
22400382,2024-12-21,MIL,WAS,1,0.4,108.4,40.8,23.0,1.0,0.4,112.0,49.0,26.0,2.0
22400387,2024-12-21,PHX,DET,0,0.4,116.4,41.4,28.0,2.0,0.4,116.6,42.2,28.0,2.0
22400389,2024-12-22,SAC,IND,0,0.4,116.0,44.8,28.6,1.0,0.8,120.2,41.2,30.8,3.0
22400390,2024-12-22,NOP,DEN,0,0.0,107.0,43.4,22.8,1.0,0.6,125.6,46.4,34.6,3.0
22400388,2024-12-22,TOR,HOU,0,0.0,109.0,42.0,28.6,3.0,0.6,109.0,45.2,22.8,3.0
22400398,2024-12-23,CHI,MIL,0,0.6,109.2,45.4,28.0,2.0,0.6,110.0,41.6,25.4,2.0
22400395,2024-12-23,ATL,MIN,1,0.4,118.2,49.0,30.8,2.0,0.4,103.8,44.0,24.4,2.0
22400396,2024-12-23,MIA,BKN,1,0.4,114.2,44.4,22.8,2.0,0.2,105.6,41.8,24.2,2.0
22400403,2024-12-23,GSW,IND,0,0.4,108.6,40.4,27.8,2.0,0.8,118.2,42.0,31.4,1.0
22400402,2024-12-23,DEN,PHX,1,0.8,129.4,47.6,34.6,1.0,0.4,119.2,40.2,28.2,2.0
22400401,2024-12-23,DAL,POR,1,0.6,116.0,45.2,25.6,2.0,0.2,108.6,44.4,24.4,2.0
22400394,2024-12-23,PHI,SAS,1,0.6,108.6,45.0,21.4,2.0,0.8,115.6,47.4,31.6,2.0
22400393,2024-12-23,ORL,BOS,1,0.4,107.0,42.0,21.8,2.0,0.6,117.4,52.4,26.8,2.0
22400391,2024-12-23,CHA,HOU,0,0.2,105.6,46.6,25.6,3.0,0.8,109.6,45.2,23.6,1.0
22400399,2024-12-23,MEM,LAC,0,0.8,131.4,49.0,33.0,2.0,0.4,112.6,38.4,24.2,2.0
22400397,2024-12-23,NYK,TOR,1,0.8,110.0,46.6,28.4,2.0,0.0,107.4,42.6,27.8,1.0
22400392,2024-12-23,CLE,UTA,1,0.8,121.6,45.0,29.2,2.0,0.4,112.2,42.8,24.2,2.0
22400400,2024-12-23,OKC,WAS,1,1.0,115.0,46.4,26.2,3.0,0.2,107.8,49.2,23.8,2.0
22400404,2024-12-23,LAL,DET,0,0.8,105.2,47.6,22.0,2.0,0.6,119.2,42.4,28.8,2.0
22400408,2024-12-25,GSW,LAL,0,0.2,106.8,40.2,28.0,2.0,0.6,106.6,47.2,22.6,2.0
22400406,2024-12-25,DAL,MIN,0,0.6,117.4,43.0,26.8,2.0,0.4,103.4,44.8,26.2,2.0
22400407,2024-12-25,BOS,PHI,0,0.6,114.0,50.4,24.2,2.0,0.6,109.2,43.2,20.8,2.0
22400405,2024-12-25,NYK,SAS,1,0.8,115.2,45.6,28.8,2.0,0.6,112.6,44.8,31.0,2.0
22400409,2024-12-25,PHX,DEN,1,0.4,115.2,40.2,28.0,2.0,0.8,124.6,48.2,33.0,2.0
22400411,2024-12-26,ORL,MIA,0,0.4,105.6,41.6,23.6,3.0,0.4,111.8,43.8,22.8,3.0
22400415,2024-12-26,MIL,BKN,0,0.8,111.4,41.2,27.0,3.0,0.2,102.0,44.2,24.0,3.0
22400413,2024-12-26,ATL,CHI,1,0.4,114.8,47.0,28.2,3.0,0.6,107.4,47.6,27.6,3.0
22400416,2024-12-26,NOP,HOU,0,0.0,109.6,43.4,25.0,4.0,1.0,113.8,48.2,24.2,3.0
22400410,2024-12-26,IND,OKC,0,1.0,118.6,44.8,32.0,3.0,1.0,113.8,47.2,25.6,3.0
22400414,2024-12-26,MEM,TOR,1,0.6,125.4,51.0,31.4,3.0,0.0,110.8,38.4,28.8,3.0
22400417,2024-12-26,POR,UTA,1,0.2,110.6,44.2,25.6,3.0,0.4,115.4,45.4,25.4,3.0
22400418,2024-12-26,SAC,DET,0,0.2,106.8,45.6,25.0,4.0,0.6,118.6,41.2,28.0,3.0
22400412,2024-12-26,WAS,CHA,1,0.2,106.4,49.0,24.8,3.0,0.0,103.2,46.4,25.8,3.0
22400422,2024-12-27,HOU,MIN,0,1.0,116.0,49.0,23.4,1.0,0.4,105.0,44.4,27.2,2.0
22400419,2024-12-27,ORL,NYK,0,0.4,101.4,40.8,22.6,1.0,1.0,118.6,45.2,28.6,2.0
22400420,2024-12-27,BOS,IND,1,0.4,112.2,50.4,22.2,2.0,0.8,117.2,46.8,30.6,1.0
22400421,2024-12-27,BKN,SAS,0,0.4,100.4,43.6,23.0,1.0,0.4,111.8,45.6,31.2,2.0
22400424,2024-12-27,DEN,CLE,0,0.6,120.6,48.2,32.4,2.0,1.0,123.8,45.8,30.8,4.0
22400425,2024-12-27,PHX,DAL,0,0.4,110.4,41.2,27.0,2.0,0.6,116.4,42.8,24.8,2.0
22400426,2024-12-27,LAC,GSW,1,0.6,114.2,42.4,24.4,4.0,0.2,111.4,41.2,28.8,2.0
22400423,2024-12-27,NOP,MEM,0,0.0,110.0,43.6,26.4,1.0,0.6,129.4,53.8,32.0,1.0
22400427,2024-12-28,ATL,MIA,1,0.6,120.8,46.8,29.4,2.0,0.4,106.8,40.4,22.8,2.0
22400430,2024-12-28,CHI,MIL,1,0.4,112.2,44.4,29.4,2.0,0.6,108.8,42.8,26.4,2.0
22400429,2024-12-28,WAS,NYK,0,0.4,108.0,48.8,25.0,2.0,1.0,120.2,45.0,28.2,1.0
22400433,2024-12-28,UTA,PHI,0,0.4,114.2,47.8,24.6,2.0,0.8,111.4,41.6,22.8,3.0
22400431,2024-12-28,GSW,PHX,1,0.2,103.2,43.2,25.8,1.0,0.2,105.0,40.4,27.0,1.0
22400435,2024-12-28,LAL,SAC,1,0.8,112.2,44.8,25.2,3.0,0.0,107.2,44.4,24.2,2.0
22400434,2024-12-28,POR,DAL,1,0.4,111.8,45.6,25.8,2.0,0.6,107.4,41.6,22.4,1.0
22400428,2024-12-28,CHA,OKC,0,0.0,106.2,45.6,27.6,2.0,1.0,114.0,47.2,24.2,2.0
22400432,2024-12-28,DEN,DET,1,0.4,121.6,44.8,32.6,1.0,0.8,121.6,41.4,27.6,2.0
22400439,2024-12-29,HOU,MIA,0,0.8,120.2,51.2,22.6,2.0,0.4,104.0,40.0,21.4,1.0
22400436,2024-12-29,ORL,BKN,1,0.4,100.2,39.6,21.8,2.0,0.4,97.6,45.6,22.4,2.0
22400437,2024-12-29,BOS,IND,0,0.4,118.2,49.6,23.2,2.0,0.6,114.4,46.0,29.4,2.0
22400441,2024-12-29,MIN,SAS,1,0.4,106.4,42.2,27.0,2.0,0.6,112.6,44.2,29.6,2.0
22400438,2024-12-29,TOR,ATL,0,0.0,115.2,38.0,30.8,3.0,0.6,123.2,44.6,30.8,1.0
22400440,2024-12-29,OKC,MEM,1,1.0,111.6,46.6,24.2,1.0,0.8,133.8,52.2,33.0,2.0
22400443,2024-12-30,WAS,NYK,0,0.4,114.8,47.4,27.0,2.0,1.0,120.8,42.2,25.6,2.0
22400447,2024-12-30,POR,PHI,0,0.6,115.2,46.0,25.2,2.0,0.8,110.0,39.6,23.0,2.0
22400446,2024-12-30,GSW,CLE,0,0.4,106.4,45.8,27.0,2.0,1.0,130.6,43.4,33.4,3.0
22400442,2024-12-30,CHA,CHI,0,0.0,103.4,46.8,25.0,2.0,0.4,111.0,46.6,29.4,2.0
22400448,2024-12-30,SAC,DAL,1,0.0,105.8,43.8,26.2,2.0,0.6,112.8,41.6,22.2,2.0
22400445,2024-12-30,UTA,DEN,0,0.4,115.0,50.4,25.6,2.0,0.6,123.6,44.8,31.4,2.0
22400444,2024-12-30,NOP,LAC,0,0.0,114.0,42.8,28.8,3.0,0.8,115.0,44.0,23.4,3.0
22400450,2024-12-31,IND,MIL,0,0.6,115.0,46.6,28.8,2.0,0.4,108.2,44.0,26.4,3.0
22400452,2024-12-31,OKC,MIN,1,1.0,116.6,49.2,26.6,2.0,0.6,107.4,46.0,25.8,2.0
22400454,2024-12-31,LAL,CLE,0,0.8,115.4,42.6,27.2,3.0,1.0,127.2,45.8,31.8,1.0
22400451,2024-12-31,SAS,LAC,1,0.4,108.0,44.0,28.2,2.0,0.8,109.4,43.8,22.6,1.0
22400449,2024-12-31,BOS,TOR,1,0.4,119.4,48.8,24.2,2.0,0.0,112.4,39.6,30.4,2.0
22400453,2024-12-31,PHX,MEM,0,0.2,103.8,40.8,25.6,3.0,0.6,126.2,50.4,31.4,2.0
22400459,2025-01-01,TOR,BKN,1,0.0,107.8,41.6,28.8,1.0,0.2,97.6,42.6,23.2,3.0
22400455,2025-01-01,DET,ORL,1,0.6,120.8,39.2,27.0,4.0,0.6,100.8,40.0,22.8,3.0
22400462,2025-01-01,SAC,PHI,1,0.2,107.8,46.8,25.8,2.0,0.8,113.4,38.2,21.0,2.0
22400461,2025-01-01,DEN,ATL,1,0.6,123.6,44.2,32.2,2.0,0.8,125.2,42.0,30.4,3.0
22400457,2025-01-01,MIA,NOP,1,0.6,105.4,42.2,21.6,3.0,0.0,114.0,42.4,29.8,2.0
22400456,2025-01-01,WAS,CHI,1,0.2,111.4,46.2,25.4,2.0,0.4,110.6,48.0,31.0,2.0
22400460,2025-01-01,HOU,DAL,1,0.6,113.6,53.2,20.6,3.0,0.4,110.2,40.2,20.6,2.0
22400458,2025-01-01,NYK,UTA,1,1.0,125.2,44.6,27.6,2.0,0.2,114.0,45.4,26.6,2.0
22400465,2025-01-02,MIL,BKN,0,0.6,112.0,45.2,27.2,2.0,0.2,101.4,39.0,24.0,1.0
22400463,2025-01-02,MIA,IND,0,0.8,106.4,42.2,25.2,1.0,0.4,113.0,46.6,26.8,2.0
22400467,2025-01-02,GSW,PHI,1,0.2,102.8,47.8,25.0,3.0,0.8,115.0,36.8,23.2,1.0
22400468,2025-01-02,LAL,POR,1,0.6,114.8,40.6,28.0,2.0,0.4,110.6,43.6,24.0,3.0
22400464,2025-01-02,MIN,BOS,0,0.6,107.8,45.6,24.6,2.0,0.4,119.8,46.8,24.6,2.0
22400466,2025-01-02,OKC,LAC,1,1.0,118.4,47.0,26.8,2.0,0.6,103.0,42.6,20.0,2.0
22400473,2025-01-03,OKC,NYK,1,1.0,117.0,42.2,27.6,1.0,1.0,121.2,47.0,27.0,2.0
22400470,2025-01-03,TOR,ORL,0,0.2,111.8,41.0,29.4,2.0,0.4,95.8,38.4,21.6,2.0
22400475,2025-01-03,DEN,SAS,0,0.6,128.0,43.6,34.0,2.0,0.4,109.6,45.8,29.0,3.0
22400477,2025-01-03,LAL,ATL,1,0.6,117.0,39.6,29.4,1.0,0.8,126.8,42.6,31.4,2.0
22400471,2025-01-03,HOU,BOS,0,0.6,112.8,49.6,20.2,2.0,0.6,122.6,44.8,28.0,1.0
22400474,2025-01-03,DAL,CLE,0,0.2,103.6,39.6,19.0,2.0,1.0,126.8,45.8,32.2,3.0
22400476,2025-01-03,SAC,MEM,1,0.4,110.6,46.6,25.6,2.0,0.6,124.0,52.6,29.8,3.0
22400472,2025-01-03,NOP,WAS,1,0.0,117.0,39.6,30.2,2.0,0.4,116.2,45.2,28.6,2.0
22400469,2025-01-03,DET,CHA,1,0.8,118.0,41.2,26.8,2.0,0.0,102.2,47.6,23.6,4.0
22400479,2025-01-04,DET,MIN,1,0.8,111.0,44.4,24.8,1.0,0.6,110.0,45.2,23.2,2.0
22400482,2025-01-04,CHI,NYK,1,0.4,112.4,48.2,31.0,3.0,0.8,119.2,46.0,26.2,1.0
22400478,2025-01-04,BKN,PHI,0,0.4,105.0,40.8,24.6,2.0,0.6,113.8,34.0,22.2,2.0
22400480,2025-01-04,IND,PHX,1,0.4,116.4,45.8,28.6,2.0,0.2,101.2,42.4,25.2,4.0
22400483,2025-01-04,MIL,POR,0,0.4,111.6,45.6,24.4,2.0,0.4,113.0,43.2,24.6,2.0
22400486,2025-01-04,LAC,ATL,1,0.6,103.2,43.6,21.4,2.0,0.6,123.8,42.8,30.4,1.0
22400484,2025-01-04,SAS,DEN,0,0.6,111.0,48.6,30.4,1.0,0.6,130.0,43.6,36.6,1.0
22400481,2025-01-04,MIA,UTA,0,0.6,107.4,41.2,26.6,2.0,0.0,113.6,45.4,26.2,3.0
22400485,2025-01-04,GSW,MEM,1,0.4,109.6,47.6,27.4,2.0,0.6,128.6,51.6,30.8,1.0
22400491,2025-01-05,HOU,LAL,1,0.4,107.2,45.0,17.4,2.0,0.8,118.0,43.2,29.4,2.0
22400492,2025-01-05,GSW,SAC,0,0.6,111.2,44.6,28.6,1.0,0.6,119.2,44.6,27.8,2.0
22400487,2025-01-05,OKC,BOS,1,1.0,116.4,41.4,29.0,2.0,0.8,121.6,42.8,27.2,2.0
22400489,2025-01-05,WAS,NOP,0,0.4,119.2,44.6,29.2,2.0,0.2,117.6,38.4,30.0,2.0
22400490,2025-01-05,ORL,UTA,0,0.4,95.4,38.4,22.8,2.0,0.2,118.2,46.6,27.0,1.0
22400488,2025-01-05,CLE,CHA,1,1.0,128.4,45.2,33.6,2.0,0.0,101.4,47.8,24.2,2.0
22400501,2025-01-06,SAC,MIA,1,0.8,122.4,44.4,30.0,1.0,0.4,109.6,40.6,27.4,2.0
22400497,2025-01-06,TOR,MIL,0,0.2,106.2,42.4,29.4,3.0,0.2,109.6,44.4,24.6,2.0
22400496,2025-01-06,NYK,ORL,0,0.6,122.8,47.0,28.0,2.0,0.4,96.2,38.6,25.0,1.0
22400495,2025-01-06,BKN,IND,0,0.2,101.6,41.0,24.0,2.0,0.6,118.8,45.0,30.0,2.0
22400494,2025-01-06,PHI,PHX,0,0.6,114.8,36.2,22.8,2.0,0.2,104.8,41.8,26.6,2.0
22400493,2025-01-06,DET,POR,1,0.8,111.4,46.4,25.2,2.0,0.6,112.4,44.6,24.2,2.0
22400498,2025-01-06,CHI,SAS,1,0.6,122.0,47.6,32.8,2.0,0.6,110.4,51.2,29.4,2.0
22400499,2025-01-06,MEM,DAL,1,0.4,120.2,47.6,29.4,2.0,0.2,108.2,41.6,21.8,3.0
22400500,2025-01-06,MIN,LAC,1,0.4,110.0,42.6,22.6,2.0,0.6,106.6,42.6,24.2,2.0
22400504,2025-01-07,DAL,LAL,1,0.0,109.4,43.4,22.0,1.0,0.6,118.0,42.8,28.6,2.0
22400508,2025-01-07,GSW,MIA,0,0.6,112.6,42.2,28.2,2.0,0.4,111.2,42.8,27.8,1.0
22400505,2025-01-07,NOP,MIN,0,0.4,117.4,39.4,29.4,2.0,0.4,109.0,45.6,22.4,1.0
22400502,2025-01-07,CHA,PHX,1,0.0,102.2,48.6,23.0,2.0,0.2,104.6,42.2,26.8,1.0
22400506,2025-01-07,UTA,ATL,0,0.4,115.2,47.4,26.0,2.0,0.4,116.6,42.6,30.0,3.0
22400507,2025-01-07,DEN,BOS,0,0.8,127.4,47.6,35.2,3.0,0.6,111.6,42.0,24.4,2.0
22400503,2025-01-07,WAS,HOU,0,0.2,116.2,45.2,29.2,2.0,0.4,105.4,44.0,17.4,2.0
22400514,2025-01-08,NOP,POR,0,0.4,112.0,39.6,28.0,1.0,0.4,111.0,43.6,25.4,2.0
22400516,2025-01-08,MIL,SAS,1,0.4,114.2,45.8,27.4,2.0,0.4,113.2,52.4,30.4,2.0
22400510,2025-01-08,IND,CHI,1,0.8,120.4,44.2,29.0,2.0,0.8,118.2,49.8,30.6,2.0
22400515,2025-01-08,DEN,LAC,1,0.6,121.8,47.4,33.8,1.0,0.4,107.4,44.6,25.0,2.0
22400509,2025-01-08,CLE,OKC,1,1.0,126.6,45.4,32.8,3.0,1.0,116.2,40.8,27.6,3.0
22400511,2025-01-08,NYK,TOR,1,0.4,114.4,46.0,26.0,2.0,0.2,101.8,41.4,27.0,2.0
22400512,2025-01-08,PHI,WAS,1,0.4,111.8,39.0,22.4,2.0,0.2,112.2,45.0,27.0,1.0
22400513,2025-01-08,BKN,DET,0,0.2,104.0,42.2,24.2,2.0,0.8,112.2,46.6,24.8,2.0
22400523,2025-01-09,UTA,MIA,0,0.4,117.2,47.2,25.6,2.0,0.4,113.2,42.0,30.0,2.0
22400519,2025-01-09,ORL,MIN,0,0.6,99.8,39.8,25.6,3.0,0.4,107.4,45.0,23.0,2.0
22400521,2025-01-09,DAL,POR,1,0.2,108.6,44.2,23.8,2.0,0.4,109.6,42.4,24.8,1.0
22400522,2025-01-09,PHX,ATL,1,0.2,107.6,42.2,27.6,2.0,0.4,117.4,42.0,30.2,2.0
22400518,2025-01-09,DET,GSW,0,1.0,110.6,46.8,25.0,1.0,0.4,110.4,42.8,28.6,2.0
22400520,2025-01-09,MEM,HOU,0,0.4,117.6,50.2,28.2,3.0,0.6,110.0,44.4,19.8,2.0
22400517,2025-01-09,CLE,TOR,1,1.0,122.6,45.8,32.0,1.0,0.2,100.0,37.6,26.8,1.0
22400526,2025-01-10,ORL,MIL,0,0.4,97.2,40.8,23.8,1.0,0.6,116.2,48.6,27.2,2.0
22400531,2025-01-10,DEN,BKN,1,0.6,120.6,46.2,32.0,2.0,0.2,103.4,42.2,24.6,2.0
22400528,2025-01-10,BOS,SAC,0,0.8,112.4,42.0,25.2,3.0,1.0,122.6,48.6,28.4,4.0
22400527,2025-01-10,PHI,NOP,0,0.4,108.6,39.8,22.6,2.0,0.4,109.4,40.8,25.8,2.0
22400525,2025-01-10,IND,GSW,1,0.8,121.6,43.4,31.0,2.0,0.6,112.8,41.6,31.0,1.0
22400529,2025-01-10,NYK,OKC,0,0.4,111.6,43.8,24.0,2.0,0.8,114.6,39.4,27.6,2.0
22400530,2025-01-10,CHI,WAS,1,0.6,117.6,47.2,28.6,2.0,0.2,111.6,46.0,27.2,2.0
22400536,2025-01-11,POR,MIA,0,0.4,111.2,44.4,25.0,2.0,0.4,108.8,44.2,28.4,2.0
22400534,2025-01-11,DET,TOR,1,0.8,110.4,45.0,25.0,2.0,0.2,111.0,36.2,30.0,2.0
22400533,2025-01-11,PHX,UTA,1,0.4,111.2,41.4,30.0,2.0,0.4,111.4,49.6,24.0,2.0
22400535,2025-01-11,MIN,MEM,0,0.6,107.2,46.4,23.0,2.0,0.4,119.4,48.6,26.2,2.0
22400539,2025-01-12,NYK,MIL,1,0.2,108.0,43.0,21.4,2.0,0.6,114.0,47.0,25.4,2.0
22400546,2025-01-12,UTA,BKN,1,0.4,112.0,50.6,24.6,1.0,0.2,101.8,43.6,24.2,2.0
22400543,2025-01-12,CLE,IND,0,1.0,126.4,43.4,33.2,3.0,1.0,120.8,43.0,31.2,2.0
22400544,2025-01-12,ORL,PHI,1,0.4,99.2,43.0,24.2,2.0,0.4,110.2,41.4,22.4,2.0
22400541,2025-01-12,CHI,SAC,0,0.6,122.2,45.6,30.2,2.0,1.0,123.4,48.2,28.6,2.0
22400542,2025-01-12,BOS,NOP,1,0.6,106.8,40.8,23.8,2.0,0.6,112.4,43.4,27.0,2.0
22400540,2025-01-12,DAL,DEN,0,0.4,112.0,47.6,25.6,3.0,0.6,117.6,47.4,30.0,2.0
22400545,2025-01-12,WAS,OKC,0,0.0,107.6,46.6,25.2,2.0,0.8,117.2,41.2,26.6,2.0
22400547,2025-01-12,PHX,CHA,1,0.6,111.6,40.4,29.6,1.0,0.2,103.2,50.4,21.4,5.0
22400553,2025-01-13,LAC,MIA,1,0.2,104.8,44.6,23.0,5.0,0.6,109.6,45.0,27.8,2.0
22400548,2025-01-13,WAS,MIN,0,0.0,102.6,44.8,23.6,1.0,0.6,109.2,46.4,25.6,2.0
22400552,2025-01-13,LAL,SAS,0,0.4,111.0,42.8,26.0,6.0,0.4,112.2,53.4,30.2,5.0
22400550,2025-01-13,TOR,GSW,1,0.0,107.8,37.4,28.2,2.0,0.4,104.2,41.4,27.8,3.0
22400551,2025-01-13,HOU,MEM,1,0.8,113.8,42.8,19.2,4.0,0.4,121.4,47.6,25.8,2.0
22400549,2025-01-13,NYK,DET,0,0.4,114.6,44.4,22.8,1.0,0.8,115.4,44.0,27.8,2.0
22400560,2025-01-14,POR,BKN,0,0.4,109.6,46.2,25.0,3.0,0.0,101.4,44.2,24.2,2.0
22400556,2025-01-14,ATL,PHX,1,0.2,113.2,40.4,30.6,5.0,0.8,114.0,41.0,29.8,2.0
22400558,2025-01-14,MIL,SAC,1,0.6,113.2,45.6,25.6,2.0,1.0,125.6,49.8,30.4,2.0
22400554,2025-01-14,IND,CLE,0,1.0,116.8,45.2,30.2,2.0,0.8,120.6,42.6,31.6,2.0
22400557,2025-01-14,CHI,NOP,0,0.6,124.6,45.8,29.8,2.0,0.4,109.8,44.4,24.6,2.0
22400559,2025-01-14,DAL,DEN,0,0.4,112.4,47.4,27.2,2.0,0.8,118.0,49.2,28.0,2.0
22400555,2025-01-14,PHI,OKC,0,0.4,109.0,40.6,22.4,2.0,0.8,121.2,45.4,26.0,2.0
22400570,2025-01-15,LAL,MIA,1,0.4,109.4,42.2,25.6,2.0,0.6,109.2,48.4,27.2,2.0
22400571,2025-01-15,LAC,BKN,1,0.4,109.4,46.0,25.2,2.0,0.2,109.0,45.2,27.0,1.0
22400561,2025-01-15,PHI,NYK,0,0.2,104.8,37.6,20.8,1.0,0.4,113.2,43.0,22.6,2.0
22400564,2025-01-15,MIL,ORL,1,0.8,118.8,47.4,27.0,1.0,0.4,98.8,42.8,22.4,3.0
22400563,2025-01-15,CHI,ATL,0,0.4,119.4,48.6,28.8,1.0,0.4,113.6,42.4,28.2,1.0
22400562,2025-01-15,TOR,BOS,1,0.2,109.2,38.8,28.2,2.0,0.6,107.2,45.6,22.4,3.0
22400566,2025-01-15,NOP,DAL,1,0.4,111.6,43.8,25.8,1.0,0.4,107.8,42.8,26.8,1.0
22400565,2025-01-15,MIN,GSW,0,0.8,112.2,50.4,25.6,2.0,0.2,100.2,44.8,26.0,2.0
22400568,2025-01-15,DEN,HOU,0,0.8,117.2,47.8,27.2,1.0,0.8,115.8,43.8,21.6,2.0
22400567,2025-01-15,SAS,MEM,0,0.4,113.0,50.0,28.8,2.0,0.4,118.4,43.6,22.6,2.0
22400569,2025-01-15,UTA,CHA,0,0.4,107.2,47.4,23.4,3.0,0.2,107.0,52.0,24.0,3.0
22400572,2025-01-16,DET,IND,0,0.8,116.4,42.4,26.6,3.0,0.8,115.0,43.2,29.2,2.0
22400573,2025-01-16,WAS,PHX,0,0.0,104.2,42.4,24.0,3.0,0.6,115.6,39.6,29.0,2.0
22400574,2025-01-16,OKC,CLE,1,0.8,121.4,44.8,27.0,2.0,0.8,119.2,43.2,29.0,2.0
22400576,2025-01-16,SAC,HOU,1,0.8,121.0,51.4,29.0,2.0,1.0,124.2,44.4,25.4,1.0
22400575,2025-01-16,POR,LAC,0,0.2,111.4,42.8,24.8,2.0,0.6,115.0,46.2,25.4,1.0
22400578,2025-01-17,NYK,MIN,0,0.6,119.4,44.4,25.0,2.0,0.6,113.6,47.6,25.0,2.0
22400585,2025-01-17,LAL,BKN,1,0.4,110.0,40.4,26.2,2.0,0.2,102.6,42.8,25.4,2.0
22400577,2025-01-17,BOS,ORL,1,0.4,104.8,46.4,23.2,2.0,0.4,99.0,40.6,22.2,2.0
22400579,2025-01-17,MIA,DEN,0,0.6,107.2,45.2,27.2,2.0,0.8,117.6,47.2,27.2,2.0
22400583,2025-01-17,DAL,OKC,1,0.4,110.2,41.8,27.2,2.0,0.8,127.2,43.4,27.6,1.0
22400580,2025-01-17,MIL,TOR,1,0.8,117.6,48.0,24.4,2.0,0.4,110.4,43.0,29.8,2.0
22400581,2025-01-17,NOP,UTA,1,0.6,116.0,44.4,26.0,2.0,0.2,108.6,44.6,25.2,2.0
22400582,2025-01-17,SAS,MEM,0,0.2,113.4,47.6,27.0,2.0,0.6,121.6,45.4,22.4,2.0
22400584,2025-01-17,CHI,CHA,0,0.2,115.4,49.8,28.4,2.0,0.4,108.8,49.8,24.8,2.0
22400588,2025-01-18,IND,PHI,1,0.8,114.6,44.2,30.4,2.0,0.2,108.8,35.4,22.2,3.0
22400586,2025-01-18,DET,PHX,0,0.6,112.8,44.4,26.4,2.0,0.8,120.8,40.6,30.2,2.0
22400587,2025-01-18,BOS,ATL,0,0.6,110.6,45.0,24.8,1.0,0.6,115.2,44.8,29.4,3.0
22400590,2025-01-18,MIN,CLE,0,0.6,116.0,46.2,24.4,1.0,0.6,119.0,44.8,29.6,2.0
22400591,2025-01-18,POR,HOU,0,0.2,106.2,42.6,23.2,2.0,0.8,125.8,43.8,26.4,2.0
22400589,2025-01-18,GSW,WAS,1,0.4,103.6,46.8,26.8,3.0,0.0,106.4,42.8,25.4,2.0
22400596,2025-01-19,LAC,LAL,1,0.6,112.4,46.6,22.8,3.0,0.4,106.6,36.0,25.4,2.0
22400595,2025-01-19,OKC,BKN,1,0.8,122.4,45.0,25.4,2.0,0.2,103.2,44.2,26.2,2.0
22400594,2025-01-19,MIL,PHI,1,0.8,119.4,45.4,24.2,2.0,0.0,107.4,34.6,22.2,1.0
22400592,2025-01-19,MIA,SAS,1,0.4,107.0,43.8,26.8,2.0,0.2,113.6,44.0,27.2,2.0
22400597,2025-01-19,POR,CHI,1,0.0,103.0,41.8,24.0,1.0,0.2,117.4,51.0,30.6,2.0
22400593,2025-01-19,ORL,DEN,0,0.2,97.2,40.2,20.6,2.0,0.8,119.0,46.4,28.4,2.0
22400598,2025-01-19,SAC,WAS,1,0.8,121.6,51.6,29.2,3.0,0.0,108.6,41.4,25.0,1.0
22400601,2025-01-20,MEM,MIN,1,0.6,125.8,42.6,25.4,3.0,0.4,118.6,44.6,25.6,2.0
22400603,2025-01-20,CLE,PHX,1,0.6,118.0,46.2,27.8,2.0,0.8,121.2,42.2,28.6,2.0
22400602,2025-01-20,NYK,ATL,1,0.4,116.8,44.0,24.0,3.0,0.8,118.0,47.2,28.8,2.0
22400604,2025-01-20,GSW,BOS,0,0.6,108.4,47.4,26.0,2.0,0.4,110.0,47.4,23.4,2.0
22400611,2025-01-20,LAC,CHI,0,0.8,114.4,44.4,23.6,1.0,0.0,110.2,47.2,27.0,1.0
22400599,2025-01-20,CHA,DAL,1,0.6,115.0,49.6,25.0,3.0,0.4,107.8,41.6,26.4,3.0
22400605,2025-01-20,NOP,UTA,1,0.8,123.2,47.4,29.0,3.0,0.2,109.0,43.2,26.2,3.0
22400600,2025-01-20,HOU,DET,0,0.8,123.8,46.2,25.2,2.0,0.4,114.4,44.6,24.8,2.0
22400606,2025-01-21,BKN,NYK,0,0.2,102.4,44.6,26.0,2.0,0.6,120.4,43.2,26.6,1.0
22400608,2025-01-21,TOR,ORL,1,0.4,113.2,45.0,31.0,4.0,0.2,99.4,38.6,22.4,2.0
22400609,2025-01-21,DEN,PHI,1,0.8,116.8,48.0,26.4,2.0,0.0,106.2,33.8,22.8,2.0
22400607,2025-01-21,MIA,POR,0,0.4,113.2,43.8,28.6,2.0,0.2,103.4,43.2,23.4,2.0
22400610,2025-01-21,LAL,WAS,1,0.4,104.0,34.8,25.4,2.0,0.0,107.6,41.6,23.6,2.0
22400614,2025-01-22,DAL,MIN,0,0.2,105.4,41.2,25.0,2.0,0.4,114.8,46.8,23.2,2.0
22400613,2025-01-22,BKN,PHX,0,0.2,99.2,43.2,25.0,1.0,0.6,116.8,41.4,27.8,2.0
22400620,2025-01-22,LAC,BOS,0,0.8,113.6,44.4,25.6,2.0,0.6,115.6,48.8,25.6,2.0
22400615,2025-01-22,HOU,CLE,1,0.6,119.2,45.2,24.8,2.0,0.6,115.2,47.8,27.0,2.0
22400619,2025-01-22,SAC,GSW,1,0.8,121.6,49.8,28.8,3.0,0.4,104.0,45.2,25.2,2.0
22400618,2025-01-22,OKC,UTA,1,0.8,122.6,44.4,28.8,3.0,0.2,114.4,46.0,27.2,2.0
22400612,2025-01-22,ATL,DET,0,0.6,115.2,46.6,26.4,2.0,0.6,115.0,47.0,24.0,2.0
22400616,2025-01-22,MEM,CHA,1,0.8,124.4,43.4,25.2,2.0,0.8,116.0,49.8,26.8,2.0
22400624,2025-01-23,MIL,MIA,1,0.8,122.2,46.4,26.8,4.0,0.2,110.8,44.2,27.6,2.0
22400622,2025-01-23,ORL,POR,0,0.2,96.8,39.4,21.6,2.0,0.4,107.0,42.4,23.6,2.0
22400626,2025-01-23,DEN,SAC,1,0.8,123.2,47.2,29.6,2.0,0.8,123.4,46.2,28.4,1.0
22400629,2025-01-23,LAL,BOS,1,0.6,106.8,38.2,27.4,2.0,0.6,115.0,44.2,25.8,1.0
22400628,2025-01-23,GSW,CHI,1,0.4,108.2,45.6,26.4,1.0,0.2,108.8,49.0,26.8,3.0
22400625,2025-01-23,OKC,DAL,0,0.8,120.0,41.0,27.6,1.0,0.2,108.0,41.4,24.4,1.0
22400623,2025-01-23,ATL,TOR,0,0.6,113.0,49.6,25.0,1.0,0.6,109.8,46.0,30.0,2.0
22400983,2025-01-23,LAC,WAS,1,0.6,114.4,42.8,24.8,1.0,0.0,106.2,43.0,24.6,2.0
22400630,2025-01-24,CHA,POR,0,0.6,117.0,44.6,27.6,2.0,0.6,104.4,43.2,24.2,1.0
22400631,2025-01-24,PHI,CLE,1,0.0,108.2,33.0,26.2,3.0,0.6,118.2,48.0,27.2,2.0
22400632,2025-01-24,MEM,NOP,1,0.8,125.4,42.2,27.4,2.0,0.8,123.2,47.6,28.4,4.0
22400644,2025-01-25,GSW,LAL,0,0.6,114.2,46.8,29.2,2.0,0.8,109.8,40.8,28.0,2.0
22400636,2025-01-25,BKN,MIA,0,0.0,89.6,44.8,21.0,3.0,0.2,110.4,44.4,28.4,2.0
22400646,2025-01-25,LAC,MIL,1,0.6,111.2,44.6,25.4,2.0,1.0,126.0,49.6,28.8,2.0
22400642,2025-01-25,CHI,PHI,0,0.2,107.4,46.0,25.0,2.0,0.2,114.2,34.6,26.2,1.0
22400641,2025-01-25,NYK,SAC,1,0.6,112.2,41.8,26.6,4.0,0.6,123.2,46.2,28.0,2.0
22400635,2025-01-25,DAL,BOS,0,0.4,112.4,44.0,24.0,2.0,0.6,114.8,43.6,25.6,2.0
22400637,2025-01-25,CHA,NOP,1,0.6,113.8,43.4,25.6,1.0,0.8,124.6,46.2,29.6,1.0
22400634,2025-01-25,MIN,DEN,1,0.4,113.8,44.0,24.4,3.0,0.8,126.0,48.2,30.0,2.0
22400640,2025-01-25,CLE,HOU,0,0.4,118.6,45.6,28.2,1.0,0.6,117.0,47.8,24.2,3.0
22400639,2025-01-25,ATL,TOR,0,0.4,112.4,46.0,26.6,2.0,0.8,111.4,44.8,31.0,2.0
22400643,2025-01-25,MEM,UTA,1,1.0,129.6,44.6,32.0,1.0,0.2,116.0,46.4,27.0,3.0
22400645,2025-01-25,PHX,WAS,1,0.6,114.4,43.2,27.2,3.0,0.0,103.6,46.0,24.0,2.0
22400638,2025-01-25,ORL,DET,1,0.0,91.8,40.0,20.4,2.0,0.6,113.2,48.0,22.4,3.0
22400647,2025-01-26,POR,OKC,0,0.8,107.0,45.2,22.8,2.0,0.6,119.4,40.0,26.4,3.0
22400648,2025-01-27,CHA,LAL,0,0.6,115.0,44.0,25.8,2.0,0.8,110.0,42.4,27.2,2.0
22400658,2025-01-27,UTA,MIL,0,0.0,114.2,46.2,27.4,2.0,0.8,123.4,47.6,27.2,2.0
22400652,2025-01-27,MIA,ORL,1,0.4,110.0,47.2,27.8,2.0,0.2,97.4,41.6,20.0,2.0
22400651,2025-01-27,BKN,SAC,0,0.0,95.6,44.0,22.6,2.0,0.6,124.2,44.8,29.6,2.0
22400656,2025-01-27,MIN,ATL,1,0.6,117.4,44.8,27.8,2.0,0.2,109.2,44.4,26.6,2.0
22400654,2025-01-27,TOR,NOP,1,0.8,114.0,46.2,31.6,2.0,0.6,119.2,44.8,27.4,2.0
22400655,2025-01-27,CHI,DEN,1,0.2,108.0,46.2,25.2,2.0,0.8,125.2,48.2,32.0,2.0
22400650,2025-01-27,BOS,HOU,0,0.6,115.0,45.6,27.2,2.0,0.6,118.4,48.8,23.8,2.0
22400659,2025-01-27,PHX,LAC,1,0.8,114.8,46.4,26.2,2.0,0.6,113.0,44.0,24.6,2.0
22400653,2025-01-27,NYK,MEM,1,0.8,117.0,44.0,29.4,2.0,1.0,128.8,43.2,32.0,2.0
22400657,2025-01-27,DAL,WAS,1,0.4,110.6,44.8,22.2,2.0,0.0,100.8,44.4,24.0,2.0
22400649,2025-01-27,CLE,DET,1,0.4,122.0,43.8,27.4,2.0,0.4,111.0,48.4,22.8,2.0
22400660,2025-01-28,PHI,LAL,1,0.4,112.2,35.6,25.4,3.0,0.8,112.0,45.2,26.8,1.0
22400662,2025-01-28,POR,MIL,1,0.8,108.0,46.0,21.4,2.0,0.8,124.0,47.0,29.0,1.0
22400532,2025-01-28,ATL,HOU,0,0.0,103.8,43.6,26.0,1.0,0.8,115.8,47.4,24.8,1.0
22400661,2025-01-28,GSW,UTA,1,0.4,112.6,45.4,30.0,3.0,0.0,113.8,48.2,27.0,1.0
22400672,2025-01-29,PHX,MIN,0,0.8,111.0,44.8,24.2,2.0,0.6,114.2,45.8,26.8,2.0
22400663,2025-01-29,CHA,BKN,0,0.4,111.4,42.0,25.8,2.0,0.0,94.6,42.8,20.8,2.0
22400669,2025-01-29,PHI,SAC,1,0.6,115.4,37.8,25.2,1.0,0.6,119.8,44.8,29.4,2.0
22400667,2025-01-29,MIA,CLE,0,0.6,112.4,47.6,28.6,2.0,0.4,119.2,45.0,27.6,2.0
22400666,2025-01-29,BOS,CHI,1,0.6,114.4,43.2,26.8,2.0,0.4,109.2,46.6,25.4,2.0
22400670,2025-01-29,NOP,DAL,0,0.4,116.2,44.2,26.8,2.0,0.4,115.4,46.4,25.0,2.0
22400668,2025-01-29,NYK,DEN,1,0.8,120.6,44.2,30.2,2.0,0.6,122.8,48.4,32.2,2.0
22400671,2025-01-29,SAS,LAC,0,0.2,113.0,43.0,26.6,10.0,0.4,111.6,44.8,23.6,2.0
22400673,2025-01-29,GSW,OKC,1,0.4,111.0,43.8,31.0,1.0,0.6,116.2,40.8,26.2,3.0
22400665,2025-01-29,WAS,TOR,0,0.0,99.6,44.6,23.8,2.0,0.8,114.6,45.8,30.8,2.0
22400664,2025-01-29,IND,DET,1,0.8,111.8,45.0,29.0,11.0,0.4,109.2,46.4,23.2,2.0
22400674,2025-01-30,WAS,LAL,0,0.0,96.0,44.0,23.4,1.0,0.8,112.4,46.4,26.6,2.0
22400677,2025-01-30,UTA,MIN,0,0.0,109.8,48.0,27.0,2.0,0.8,115.0,44.2,26.6,1.0
22400678,2025-01-30,POR,ORL,1,0.8,110.4,46.4,22.4,2.0,0.2,102.4,43.6,23.4,3.0
22400675,2025-01-30,CLE,ATL,1,0.4,120.8,44.4,28.0,1.0,0.0,101.0,43.4,25.2,2.0
22400676,2025-01-30,MEM,HOU,1,0.8,122.0,44.4,28.4,3.0,0.8,110.8,44.0,23.6,2.0
22400684,2025-01-31,SAS,MIL,1,0.2,115.2,39.8,27.2,2.0,0.6,120.4,45.4,29.2,3.0
22400685,2025-01-31,GSW,PHX,0,0.6,117.2,44.6,31.4,2.0,0.6,108.6,42.0,25.2,2.0
22400683,2025-01-31,NOP,BOS,0,0.2,116.2,40.2,26.2,2.0,0.6,113.8,42.2,26.6,2.0
22400682,2025-01-31,TOR,CHI,0,1.0,113.4,44.4,30.8,2.0,0.4,108.8,48.8,26.8,2.0
22400680,2025-01-31,DET,DAL,1,0.4,108.8,46.0,24.0,2.0,0.6,121.8,46.4,27.2,2.0
22400681,2025-01-31,PHI,DEN,0,0.8,117.0,37.2,26.0,2.0,0.4,122.6,46.4,31.6,2.0
22400679,2025-01-31,CHA,LAC,0,0.2,106.0,42.6,23.8,2.0,0.6,117.4,48.2,24.0,2.0
22400692,2025-02-01,NYK,LAL,0,1.0,125.2,43.0,33.0,3.0,0.8,117.0,46.0,26.8,2.0
22400693,2025-02-01,SAS,MIA,0,0.2,118.8,42.2,28.6,1.0,0.4,108.0,44.8,27.0,3.0
22400689,2025-02-01,HOU,BKN,0,0.8,115.4,45.2,24.2,2.0,0.2,95.2,42.6,21.2,3.0
22400687,2025-02-01,UTA,ORL,1,0.0,108.6,40.0,26.2,2.0,0.2,100.4,42.4,20.2,2.0
22400694,2025-02-01,POR,PHX,1,0.8,111.0,44.6,22.0,2.0,0.8,116.2,44.8,29.0,1.0
22400691,2025-02-01,OKC,SAC,1,0.6,118.4,41.6,25.6,3.0,0.4,116.0,43.8,30.6,3.0
22400686,2025-02-01,IND,ATL,1,0.8,116.8,42.6,29.2,3.0,0.0,103.2,41.2,25.8,2.0
22400688,2025-02-01,CHA,DEN,0,0.2,102.8,44.4,22.0,1.0,0.4,121.2,43.2,31.6,1.0
22400690,2025-02-01,MIN,WAS,0,1.0,121.4,41.6,29.2,2.0,0.0,97.6,42.4,22.0,2.0
22400698,2025-02-02,PHI,BOS,0,0.8,122.0,37.6,25.0,2.0,0.6,114.0,42.8,28.2,2.0
22400695,2025-02-02,DET,CHI,1,0.4,110.8,45.0,23.4,2.0,0.4,110.8,48.4,28.6,2.0
22400696,2025-02-02,CLE,DAL,1,0.6,126.6,45.2,29.8,3.0,0.6,119.4,48.0,26.4,2.0
22400697,2025-02-02,TOR,LAC,1,0.8,112.8,44.8,30.4,2.0,0.8,117.2,49.2,24.4,2.0
22400699,2025-02-02,MIL,MEM,0,0.4,119.4,45.2,27.8,2.0,0.8,124.4,42.4,29.2,3.0
22400705,2025-02-03,OKC,MIL,1,0.6,121.8,47.0,25.6,2.0,0.2,118.2,41.4,27.8,1.0
22400708,2025-02-03,GSW,ORL,1,0.6,114.8,45.6,30.4,3.0,0.2,101.6,41.4,20.8,2.0
22400707,2025-02-03,UTA,IND,0,0.2,108.4,39.8,26.4,2.0,0.8,121.6,40.8,30.2,2.0
22400709,2025-02-03,POR,PHX,1,0.8,116.2,44.8,22.2,2.0,0.6,116.2,42.6,27.6,2.0
22400704,2025-02-03,MIN,SAC,0,0.8,119.0,43.2,29.8,2.0,0.2,113.4,43.6,30.8,2.0
22400703,2025-02-03,MEM,SAS,1,0.8,124.4,46.6,29.4,1.0,0.2,116.4,43.0,29.6,2.0
22400701,2025-02-03,DET,ATL,0,0.4,113.4,43.2,25.6,1.0,0.0,104.8,42.8,26.0,2.0
22400706,2025-02-03,DEN,NOP,1,0.4,116.2,40.6,31.4,2.0,0.0,114.8,40.8,23.8,3.0
22400702,2025-02-03,NYK,HOU,1,0.8,123.8,44.0,33.4,2.0,0.6,113.2,43.4,22.8,2.0
22400700,2025-02-03,CHA,WAS,0,0.2,104.2,45.4,24.2,2.0,0.2,100.0,41.4,22.4,2.0
22400715,2025-02-04,LAC,LAL,0,0.6,116.8,46.4,22.8,2.0,0.8,119.2,42.8,26.6,3.0
22400714,2025-02-04,CHI,MIA,1,0.4,113.4,48.8,29.8,2.0,0.6,107.6,46.2,27.8,3.0
22400713,2025-02-04,TOR,NYK,0,0.8,111.4,45.6,30.2,2.0,0.8,128.8,43.6,32.4,1.0
22400716,2025-02-04,POR,IND,1,0.8,120.0,45.0,24.8,1.0,1.0,120.6,40.8,30.6,1.0
22400710,2025-02-04,CLE,BOS,0,0.8,129.6,48.0,31.6,2.0,0.8,118.4,42.0,30.4,2.0
22400712,2025-02-04,PHI,DAL,1,0.6,117.6,38.2,24.4,2.0,0.4,115.4,48.4,25.8,2.0
22400711,2025-02-04,BKN,HOU,1,0.4,98.2,42.4,21.8,3.0,0.4,109.8,44.4,23.0,1.0
22400721,2025-02-05,PHI,MIA,0,0.6,119.4,37.0,27.2,1.0,0.6,113.2,45.0,28.4,1.0
22400717,2025-02-05,CHA,MIL,0,0.0,102.4,45.0,23.8,2.0,0.2,114.0,40.4,27.8,2.0
22400727,2025-02-05,SAC,ORL,0,0.4,112.0,42.4,29.2,2.0,0.2,105.6,43.0,22.0,2.0
22400724,2025-02-05,OKC,PHX,1,0.6,122.2,50.2,27.2,2.0,0.4,116.2,40.6,28.6,2.0
22400719,2025-02-05,ATL,SAS,0,0.2,112.4,41.6,25.8,2.0,0.2,115.8,44.6,30.0,2.0
22400718,2025-02-05,DET,CLE,0,0.4,116.8,43.2,27.4,2.0,0.8,124.4,50.2,29.6,1.0
22400726,2025-02-05,DEN,NOP,1,0.6,120.4,42.6,30.6,2.0,0.0,112.2,42.0,23.2,2.0
22400723,2025-02-05,MIN,CHI,1,0.6,115.2,41.4,27.8,2.0,0.6,120.6,46.6,32.0,1.0
22400725,2025-02-05,UTA,GSW,1,0.2,110.0,43.8,27.2,2.0,0.6,109.4,44.0,28.0,2.0
22400722,2025-02-05,TOR,MEM,0,0.6,111.0,42.2,29.4,1.0,0.8,122.2,47.4,28.4,2.0
22400720,2025-02-05,BKN,WAS,0,0.6,101.2,39.8,23.8,1.0,0.4,103.0,44.8,22.6,2.0
22400730,2025-02-06,DEN,ORL,1,0.8,125.0,44.4,31.4,1.0,0.2,107.4,42.0,23.6,1.0
22400733,2025-02-06,LAC,IND,0,0.4,110.8,44.2,25.0,2.0,0.8,116.2,40.6,30.0,2.0
22400732,2025-02-06,POR,SAC,1,1.0,120.8,46.4,25.2,2.0,0.4,110.2,42.2,27.2,1.0
22400728,2025-02-06,BOS,DAL,0,0.8,116.4,42.4,29.0,2.0,0.4,117.2,47.4,27.0,2.0
22400731,2025-02-06,LAL,GSW,1,0.8,120.0,44.4,27.4,2.0,0.6,113.4,44.6,28.6,1.0
22400729,2025-02-06,MIN,HOU,1,0.6,120.6,43.0,29.6,1.0,0.2,106.4,45.6,21.8,2.0
22400737,2025-02-07,BKN,MIA,1,0.6,102.2,40.2,24.4,2.0,0.6,113.6,45.6,29.0,2.0
22400736,2025-02-07,ATL,MIL,1,0.2,119.0,40.4,27.6,2.0,0.2,111.4,40.0,26.4,2.0
22400738,2025-02-07,DET,PHI,1,0.4,121.6,43.2,27.0,2.0,0.4,116.0,36.2,27.6,2.0
22400734,2025-02-07,CHA,SAS,1,0.0,101.4,46.4,22.8,2.0,0.4,119.6,44.0,31.6,2.0
22400735,2025-02-07,WAS,CLE,0,0.6,105.2,43.8,26.0,2.0,0.8,126.0,48.8,29.6,2.0
22400739,2025-02-07,OKC,TOR,1,0.8,127.2,52.8,26.8,2.0,0.4,109.8,38.2,28.8,2.0
22400740,2025-02-07,PHX,UTA,1,0.2,115.8,39.8,28.8,2.0,0.4,114.2,44.2,27.6,2.0
22400742,2025-02-08,LAL,IND,1,0.8,121.6,44.2,28.2,2.0,0.8,117.0,39.8,30.2,2.0
22400747,2025-02-08,MIN,POR,1,0.6,121.8,45.6,29.0,2.0,1.0,117.4,45.4,25.0,2.0
22400743,2025-02-08,ORL,SAS,1,0.2,101.6,40.6,21.4,2.0,0.4,119.6,45.6,31.2,1.0
22400744,2025-02-08,WAS,ATL,0,0.6,113.6,43.2,27.6,1.0,0.4,122.8,42.8,29.6,1.0
22400748,2025-02-08,NYK,BOS,0,0.8,124.4,41.6,29.6,4.0,0.8,118.0,42.2,30.8,2.0
22400750,2025-02-08,SAC,NOP,1,0.2,108.6,42.8,25.2,2.0,0.0,117.6,41.8,24.2,3.0
22400749,2025-02-08,PHX,DEN,0,0.4,120.2,42.4,29.0,1.0,1.0,125.0,45.4,33.8,2.0
22400745,2025-02-08,CHI,GSW,0,0.4,116.4,44.0,30.0,3.0,0.4,113.0,43.2,28.6,2.0
22400741,2025-02-08,DAL,HOU,1,0.4,116.6,44.2,25.6,2.0,0.0,109.2,44.6,23.2,2.0
22400746,2025-02-08,MEM,OKC,0,0.8,124.8,50.6,27.2,3.0,0.8,127.8,53.0,27.2,1.0
22400751,2025-02-08,LAC,UTA,1,0.4,111.4,45.4,25.6,2.0,0.4,119.0,49.0,27.4,1.0
22400754,2025-02-09,MIL,PHI,1,0.2,111.0,41.4,26.8,2.0,0.2,115.0,36.8,26.8,2.0
22400753,2025-02-09,HOU,TOR,1,0.0,106.4,45.2,23.0,1.0,0.2,110.4,39.4,28.8,2.0
22400752,2025-02-09,DET,CHA,1,0.6,122.8,46.2,28.2,2.0,0.2,108.2,46.6,25.8,2.0
22400755,2025-02-10,CLE,MIN,1,0.8,127.6,48.6,30.2,3.0,0.6,117.0,46.4,26.0,2.0
22400763,2025-02-10,DEN,POR,1,1.0,122.0,49.6,31.6,2.0,0.8,113.2,46.8,24.0,2.0
22400762,2025-02-10,DAL,SAC,0,0.4,112.4,42.6,24.0,2.0,0.4,112.4,43.8,23.2,2.0
22400757,2025-02-10,WAS,SAS,0,0.6,116.6,46.2,29.2,2.0,0.2,113.0,41.8,29.2,2.0
22400756,2025-02-10,ORL,ATL,0,0.4,106.0,43.0,22.4,2.0,0.6,124.8,43.8,31.2,2.0
22400759,2025-02-10,MIA,BOS,0,0.4,105.8,44.8,26.8,3.0,0.8,119.8,42.8,28.6,2.0
22400761,2025-02-10,OKC,NOP,1,1.0,131.0,54.0,28.8,2.0,0.0,120.4,40.4,25.4,2.0
22400760,2025-02-10,MIL,GSW,0,0.4,114.4,42.6,27.8,1.0,0.4,116.2,43.6,29.4,2.0
22400768,2025-02-10,LAL,UTA,1,1.0,125.6,45.6,29.0,2.0,0.4,118.4,52.0,28.4,2.0
22400758,2025-02-10,BKN,CHA,1,0.8,103.4,43.8,24.0,3.0,0.2,107.8,45.6,27.2,1.0
22400765,2025-02-11,IND,NYK,0,0.6,113.8,40.2,30.0,3.0,0.6,116.6,38.4,26.4,3.0
22400764,2025-02-11,PHI,TOR,0,0.2,113.6,39.8,26.6,2.0,0.2,106.6,40.2,27.2,2.0
22400767,2025-02-11,PHX,MEM,0,0.2,115.2,41.4,25.8,3.0,0.8,126.0,49.2,27.2,3.0
22400766,2025-02-11,CHI,DET,0,0.4,118.6,40.8,29.2,3.0,0.6,121.8,46.0,30.8,2.0
22400781,2025-02-12,UTA,LAL,1,0.2,118.4,49.6,29.0,2.0,1.0,125.2,44.8,28.4,2.0
22400778,2025-02-12,OKC,MIA,1,1.0,129.6,49.0,27.2,2.0,0.4,101.6,48.0,25.6,2.0
22400776,2025-02-12,MIN,MIL,0,0.6,117.8,45.2,23.6,2.0,0.4,112.8,42.8,25.0,2.0
22400771,2025-02-12,WAS,IND,0,0.4,119.8,45.8,29.2,2.0,0.4,110.4,39.2,29.4,1.0
22400772,2025-02-12,BKN,PHI,1,0.8,102.0,45.2,23.4,2.0,0.2,112.2,39.8,27.0,1.0
22400779,2025-02-12,HOU,PHX,1,0.2,105.6,48.0,22.8,3.0,0.2,116.0,42.4,28.6,1.0
22400780,2025-02-12,DEN,POR,1,1.0,129.8,48.6,34.6,2.0,0.6,111.2,44.8,24.2,2.0
22400777,2025-02-12,NOP,SAC,0,0.0,113.4,41.6,23.0,2.0,0.6,116.2,46.4,23.8,2.0
22400769,2025-02-12,BOS,SAS,1,0.8,116.8,46.2,27.0,2.0,0.4,118.6,40.8,29.4,2.0
22400773,2025-02-12,NYK,ATL,1,0.6,117.8,41.0,27.2,1.0,0.8,121.8,42.8,30.8,2.0
22400774,2025-02-12,TOR,CLE,0,0.2,104.8,41.4,25.6,1.0,0.8,125.8,48.6,28.8,2.0
22400782,2025-02-12,DAL,GSW,1,0.4,117.6,40.0,26.2,2.0,0.6,120.2,43.4,29.6,2.0
22400783,2025-02-12,LAC,MEM,1,0.4,111.8,41.4,27.6,4.0,0.8,125.8,53.8,27.0,1.0
22400775,2025-02-12,CHI,DET,0,0.2,112.6,39.2,26.8,1.0,0.6,122.8,48.6,29.2,1.0
22400770,2025-02-12,ORL,CHA,1,0.4,107.4,41.6,23.0,2.0,0.2,104.8,43.4,24.6,2.0
22400786,2025-02-13,DAL,MIA,1,0.6,119.6,38.8,25.8,1.0,0.2,100.8,46.6,24.4,1.0
22400785,2025-02-13,NOP,SAC,1,0.0,112.4,40.0,25.4,1.0,0.6,116.8,46.6,24.8,1.0
22400784,2025-02-13,HOU,GSW,0,0.4,105.8,47.4,23.8,1.0,0.4,120.8,44.6,30.4,1.0
22401004,2025-02-13,UTA,LAC,0,0.4,122.4,47.2,28.8,1.0,0.4,115.0,41.6,28.2,1.0
22400787,2025-02-13,MIN,OKC,1,0.6,115.2,49.8,23.4,1.0,1.0,127.6,46.2,26.0,1.0
22400524,2025-02-19,LAL,CHA,0,0.8,123.4,46.4,29.4,7.0,0.2,99.2,42.8,23.6,7.0
22400796,2025-02-20,POR,LAL,0,0.4,111.2,44.2,23.6,8.0,0.6,118.4,46.4,28.6,1.0
22400790,2025-02-20,ATL,ORL,0,0.6,125.0,44.8,34.0,8.0,0.6,108.0,41.6,22.8,8.0
22400795,2025-02-20,SAS,PHX,1,0.4,117.4,38.8,29.2,8.0,0.2,114.4,42.4,28.0,8.0
22400789,2025-02-20,PHI,BOS,0,0.0,107.8,40.6,24.6,8.0,0.8,116.4,49.8,25.2,8.0
22400791,2025-02-20,BKN,CLE,0,0.8,100.0,46.0,23.2,8.0,0.8,123.2,49.0,27.8,8.0
22400792,2025-02-20,NYK,CHI,1,0.8,125.2,40.0,26.2,8.0,0.2,110.8,37.8,25.8,8.0
22400793,2025-02-20,MIL,LAC,1,0.6,114.2,45.0,25.0,8.0,0.6,117.4,42.0,28.4,7.0
22400788,2025-02-20,IND,MEM,1,0.4,114.8,40.2,30.6,8.0,0.6,122.2,49.6,24.4,8.0
22400794,2025-02-20,DEN,CHA,1,1.0,131.2,49.2,34.2,8.0,0.4,98.8,44.0,23.4,1.0
22400800,2025-02-21,TOR,MIA,0,0.2,103.4,42.4,25.4,9.0,0.2,98.6,46.2,23.2,8.0
22400799,2025-02-21,WAS,MIL,0,0.2,121.0,44.2,29.2,9.0,0.6,115.0,44.4,24.2,1.0
22400801,2025-02-21,HOU,MIN,1,0.4,106.0,48.8,24.0,8.0,0.6,113.0,48.8,23.6,8.0
22400797,2025-02-21,CLE,NYK,1,1.0,124.2,49.2,28.0,1.0,0.8,123.0,42.8,27.0,1.0
22400803,2025-02-21,DAL,NOP,1,0.8,120.0,38.0,26.6,8.0,0.2,117.8,40.8,26.4,8.0
22400805,2025-02-21,SAC,GSW,0,0.6,121.2,50.8,27.8,8.0,0.6,116.2,44.8,29.0,8.0
22400804,2025-02-21,UTA,OKC,0,0.2,119.4,47.0,27.4,8.0,0.8,119.8,46.8,26.2,8.0
22400798,2025-02-21,ORL,MEM,0,0.6,104.8,45.2,19.8,1.0,0.4,119.2,49.4,23.4,1.0
22400802,2025-02-21,SAS,DET,0,0.4,116.2,39.4,28.0,1.0,0.8,122.4,49.8,29.0,9.0
22400808,2025-02-22,DEN,LAL,0,1.0,128.2,50.0,32.0,2.0,0.6,116.4,46.6,27.4,2.0
22400807,2025-02-22,PHI,BKN,0,0.0,108.4,41.6,24.8,2.0,0.6,99.6,47.2,23.0,2.0
22400806,2025-02-22,CHI,PHX,0,0.0,106.4,39.8,23.6,2.0,0.2,114.4,43.2,28.8,2.0
22400809,2025-02-22,UTA,HOU,1,0.2,115.4,43.0,27.0,1.0,0.6,107.4,50.6,22.4,1.0
22400810,2025-02-22,POR,CHA,1,0.2,109.2,40.6,24.4,2.0,0.2,98.4,42.4,22.4,2.0
22400817,2025-02-23,MIL,MIA,1,0.8,113.8,44.6,23.4,2.0,0.2,101.0,44.2,22.2,2.0
22400811,2025-02-23,BOS,NYK,1,0.8,118.8,49.0,26.6,3.0,0.6,119.8,40.6,26.8,2.0
22400816,2025-02-23,TOR,PHX,1,0.2,104.2,44.8,24.8,2.0,0.2,111.6,43.2,28.4,1.0
22400818,2025-02-23,NOP,SAS,1,0.2,114.6,43.8,26.2,2.0,0.4,115.0,38.2,28.4,2.0
22400812,2025-02-23,GSW,DAL,1,0.8,120.2,43.8,31.2,2.0,0.8,116.8,40.4,25.8,2.0
22400813,2025-02-23,IND,LAC,1,0.6,122.4,41.6,31.4,3.0,0.6,120.0,43.4,28.0,3.0
22400820,2025-02-23,MIN,OKC,0,0.4,110.6,46.4,23.4,2.0,0.8,121.6,48.2,28.6,2.0
22400819,2025-02-23,CLE,MEM,1,1.0,129.0,49.4,30.0,2.0,0.4,112.6,47.8,23.4,2.0
22400815,2025-02-23,ORL,WAS,1,0.6,107.6,47.2,20.2,2.0,0.0,117.4,44.6,26.2,2.0
22400814,2025-02-23,ATL,DET,0,0.6,121.6,46.0,31.4,3.0,1.0,124.4,51.4,30.8,2.0
22400825,2025-02-24,ATL,MIA,1,0.4,127.2,43.6,31.6,1.0,0.2,106.4,45.6,22.6,1.0
22400826,2025-02-24,OKC,MIN,0,0.8,122.6,44.6,29.2,1.0,0.2,112.4,46.6,23.4,1.0
22400824,2025-02-24,WAS,BKN,1,0.0,110.6,43.8,25.6,1.0,0.8,100.2,47.6,23.2,2.0
22400827,2025-02-24,UTA,POR,0,0.4,118.2,47.0,27.4,2.0,0.2,115.8,42.6,26.8,2.0
22400823,2025-02-24,PHI,CHI,0,0.0,106.6,42.6,23.8,2.0,0.0,108.2,42.0,24.4,2.0
22400822,2025-02-24,IND,DEN,0,0.6,124.4,41.6,31.4,1.0,0.8,125.8,48.6,31.0,2.0
22400821,2025-02-24,DET,LAC,1,1.0,129.0,47.6,32.2,1.0,0.6,119.8,40.2,27.6,1.0
22400828,2025-02-24,SAC,CHA,1,0.6,122.4,49.2,28.8,3.0,0.2,95.6,42.4,21.2,2.0
22400831,2025-02-25,HOU,MIL,1,0.6,109.4,49.2,24.8,3.0,0.8,110.8,42.0,22.6,2.0
22400832,2025-02-25,MEM,PHX,1,0.4,114.8,47.2,24.8,2.0,0.2,112.4,42.0,27.8,2.0
22400833,2025-02-25,NOP,SAS,1,0.4,113.8,49.8,26.2,2.0,0.4,112.0,40.6,28.8,2.0
22400829,2025-02-25,TOR,BOS,0,0.4,107.8,46.2,24.6,2.0,1.0,118.4,50.8,26.0,2.0
22400830,2025-02-25,ORL,CLE,0,0.6,107.2,47.6,21.4,2.0,1.0,128.0,51.6,28.6,2.0
22400835,2025-02-25,LAL,DAL,1,0.6,116.2,45.2,27.0,3.0,0.6,114.0,40.0,26.2,2.0
22400834,2025-02-25,GSW,CHA,1,0.8,119.0,45.8,30.4,2.0,0.2,95.4,41.8,22.4,1.0
22400838,2025-02-26,NYK,PHI,1,0.6,120.0,42.6,27.8,3.0,0.0,103.2,43.6,22.0,2.0
22400839,2025-02-26,WAS,POR,0,0.2,109.8,40.6,25.6,2.0,0.4,119.0,43.8,28.4,2.0
22400843,2025-02-26,UTA,SAC,0,0.4,118.0,48.2,26.4,2.0,0.6,123.8,48.8,30.0,2.0
22400844,2025-02-26,HOU,SAS,1,0.6,110.6,48.2,25.0,1.0,0.2,106.4,41.0,29.0,1.0
22400841,2025-02-26,MIA,ATL,1,0.2,106.6,44.4,21.4,2.0,0.4,121.8,45.4,30.2,2.0
22400836,2025-02-26,DET,BOS,1,1.0,127.8,47.6,30.4,2.0,1.0,114.4,49.0,26.6,1.0
22400842,2025-02-26,CHI,LAC,0,0.2,114.4,44.6,26.0,2.0,0.4,113.2,42.4,25.2,2.0
22400840,2025-02-26,BKN,OKC,0,0.6,99.6,44.0,24.8,2.0,0.6,120.8,46.2,28.8,2.0
22400837,2025-02-26,IND,TOR,1,0.6,124.2,40.4,31.8,2.0,0.4,110.6,44.6,26.2,1.0
22400849,2025-02-27,LAL,MIN,1,0.6,111.2,47.8,26.2,2.0,0.4,117.2,49.2,25.8,3.0
22400848,2025-02-27,PHX,NOP,0,0.2,119.6,42.8,28.6,2.0,0.6,115.4,52.2,27.4,2.0
22400846,2025-02-27,MIL,DEN,1,0.8,108.0,42.0,22.8,2.0,0.8,126.4,46.6,33.2,3.0
22400845,2025-02-27,ORL,GSW,0,0.6,102.4,47.4,21.2,2.0,0.8,119.6,46.4,33.0,2.0
22400847,2025-02-27,DAL,CHA,1,0.6,108.2,42.4,24.6,2.0,0.2,96.6,43.2,21.8,2.0
22400858,2025-02-28,UTA,MIN,1,0.2,112.0,45.4,26.8,2.0,0.4,117.4,45.6,25.4,1.0
22400856,2025-02-28,MEM,NYK,0,0.4,121.2,42.8,27.6,3.0,0.6,116.4,41.6,24.8,2.0
22400854,2025-02-28,MIA,IND,1,0.4,112.6,42.4,24.4,2.0,0.8,123.4,41.4,31.0,2.0
22400853,2025-02-28,BKN,POR,0,0.4,104.4,43.8,26.2,2.0,0.6,121.4,46.4,28.8,2.0
22400852,2025-02-28,BOS,CLE,0,0.8,113.2,45.0,26.0,2.0,1.0,126.8,51.2,28.2,3.0
22400857,2025-02-28,PHX,NOP,1,0.2,120.6,44.6,29.4,1.0,0.8,118.0,54.2,26.8,1.0
22400850,2025-02-28,DET,DEN,0,1.0,124.8,46.8,30.2,2.0,0.6,119.6,50.0,30.0,1.0
22400859,2025-02-28,LAL,LAC,1,0.8,109.6,49.2,24.2,1.0,0.4,112.0,42.0,26.0,2.0
22400851,2025-02-28,ATL,OKC,0,0.2,121.2,44.2,30.2,2.0,0.6,123.6,47.0,29.8,2.0
22400855,2025-02-28,CHI,TOR,1,0.2,119.4,44.0,28.6,2.0,0.2,107.6,42.8,26.2,2.0
22400865,2025-03-01,DAL,MIL,0,0.6,106.6,44.2,25.2,2.0,0.8,111.6,42.0,23.0,2.0
22400861,2025-03-01,DET,BKN,1,0.8,123.0,45.8,30.6,1.0,0.2,104.8,42.8,25.6,1.0
22400862,2025-03-01,HOU,SAC,0,0.6,110.4,50.8,23.0,3.0,0.6,121.6,48.2,30.0,3.0
22400863,2025-03-01,MEM,SAS,0,0.4,121.0,46.4,28.0,1.0,0.2,107.0,41.6,28.6,3.0
22400864,2025-03-01,PHI,GSW,1,0.0,103.6,41.4,21.8,3.0,1.0,122.4,44.0,32.4,2.0
22400860,2025-03-01,CHA,WAS,0,0.0,95.8,45.0,22.8,2.0,0.2,109.8,40.4,25.4,3.0
22400873,2025-03-02,PHX,MIN,0,0.4,123.8,43.8,30.8,2.0,0.2,117.4,42.8,26.8,2.0
22400869,2025-03-02,MIA,NYK,0,0.6,115.0,41.8,26.6,2.0,0.6,109.4,40.8,25.0,2.0
22400867,2025-03-02,CLE,POR,1,1.0,125.2,49.4,26.0,2.0,0.8,121.4,44.6,29.6,2.0
22400872,2025-03-02,UTA,NOP,0,0.4,112.2,48.0,29.2,2.0,0.6,111.6,52.2,26.0,2.0
22400868,2025-03-02,IND,CHI,1,0.6,120.6,39.0,30.4,2.0,0.4,122.4,45.6,30.4,2.0
22400866,2025-03-02,BOS,DEN,1,0.6,113.2,41.8,25.0,2.0,0.6,120.0,50.2,30.4,2.0
22400874,2025-03-02,LAL,LAC,1,1.0,111.4,47.0,22.2,2.0,0.2,108.4,42.2,26.6,2.0
22400871,2025-03-02,SAS,OKC,0,0.2,109.0,41.2,29.2,1.0,0.8,130.4,45.8,32.2,2.0
22400870,2025-03-02,ORL,TOR,0,0.4,105.0,46.2,21.4,3.0,0.2,109.0,45.2,27.0,2.0
22400876,2025-03-03,PHI,POR,0,0.2,109.6,41.8,22.2,2.0,0.8,126.8,47.2,29.2,1.0
22400880,2025-03-03,DAL,SAC,0,0.4,106.4,42.8,24.6,2.0,0.6,120.4,47.8,28.6,2.0
22400878,2025-03-03,MEM,ATL,0,0.4,124.0,45.4,28.6,2.0,0.2,115.4,44.0,27.0,3.0
22400875,2025-03-03,CHA,GSW,0,0.0,92.8,44.8,22.8,2.0,0.8,125.2,45.4,33.8,2.0
22400879,2025-03-03,OKC,HOU,1,0.8,133.6,44.6,31.4,1.0,0.6,111.4,49.0,21.8,2.0
22400877,2025-03-03,MIA,WAS,1,0.4,113.4,39.8,28.4,1.0,0.4,106.4,40.8,26.2,2.0
22400881,2025-03-03,UTA,DET,0,0.4,115.0,47.6,30.8,1.0,0.8,121.0,44.6,30.6,2.0
22400884,2025-03-04,ATL,MIL,0,0.4,120.2,40.2,30.0,1.0,0.8,114.8,44.2,25.2,3.0
22400888,2025-03-04,SAS,BKN,1,0.2,113.4,41.8,31.0,2.0,0.2,104.2,41.4,24.4,3.0
22400887,2025-03-04,MIN,PHI,1,0.4,117.6,42.8,28.0,2.0,0.2,109.2,41.6,23.0,1.0
22400886,2025-03-04,CHI,CLE,0,0.4,122.6,43.4,30.4,2.0,1.0,129.8,48.4,27.6,2.0
22400890,2025-03-04,LAL,NOP,1,1.0,111.0,45.6,22.4,2.0,0.8,116.6,51.2,28.0,2.0
22400885,2025-03-04,NYK,GSW,0,0.6,110.0,39.2,24.8,2.0,0.8,122.6,49.2,32.4,1.0
22400882,2025-03-04,IND,HOU,1,0.6,120.6,37.0,31.4,2.0,0.4,112.8,49.2,22.2,1.0
22400889,2025-03-04,PHX,LAC,1,0.2,119.2,45.4,29.8,2.0,0.2,106.8,41.6,25.8,2.0
22400883,2025-03-04,ORL,TOR,0,0.2,102.6,42.6,21.8,2.0,0.4,107.6,44.0,26.4,2.0
22400893,2025-03-05,CLE,MIA,1,1.0,129.2,49.6,25.4,1.0,0.6,112.0,40.2,29.6,2.0
22400892,2025-03-05,CHA,MIN,0,0.0,95.4,46.8,23.0,2.0,0.6,118.2,41.4,29.2,1.0
22400891,2025-03-05,BOS,POR,1,0.6,110.4,41.0,23.6,3.0,0.8,122.4,48.0,27.0,2.0
22400896,2025-03-05,DEN,SAC,1,0.4,114.8,46.8,30.0,3.0,0.8,118.2,43.6,27.8,2.0
22400897,2025-03-05,MIL,DAL,1,0.8,119.4,45.6,25.8,1.0,0.2,103.8,40.8,24.6,2.0
22400895,2025-03-05,MEM,OKC,0,0.2,129.0,43.4,31.4,2.0,0.8,135.0,47.0,31.2,2.0
22400894,2025-03-05,WAS,UTA,1,0.4,104.2,41.0,25.6,2.0,0.2,111.4,44.2,29.0,2.0
22400898,2025-03-05,LAC,DET,1,0.2,108.0,42.6,27.0,1.0,0.8,118.2,45.0,29.2,2.0
22400903,2025-03-06,LAL,NYK,1,1.0,113.6,48.0,23.4,2.0,0.6,109.4,41.2,25.0,2.0
22400899,2025-03-06,ATL,IND,1,0.4,115.8,41.6,30.6,2.0,0.6,117.8,34.8,32.0,2.0
22400900,2025-03-06,BOS,PHI,1,0.6,112.4,41.6,23.0,1.0,0.2,111.0,40.2,23.2,2.0
22400944,2025-03-06,ORL,CHI,0,0.2,104.4,39.6,22.8,2.0,0.4,122.6,44.4,31.0,2.0
22400901,2025-03-06,BKN,GSW,0,0.0,105.8,41.6,24.8,2.0,0.8,120.2,47.2,32.4,2.0
22400902,2025-03-06,NOP,HOU,0,0.6,116.8,44.4,28.4,2.0,0.4,110.2,52.6,20.0,2.0
22400907,2025-03-07,MIA,MIN,0,0.6,116.2,39.6,32.4,2.0,0.6,117.0,39.2,28.8,2.0
22400911,2025-03-07,LAC,NYK,1,0.4,113.2,39.6,25.8,2.0,0.6,110.2,42.4,24.8,1.0
22400909,2025-03-07,DEN,PHX,1,0.6,118.0,47.0,30.0,2.0,0.4,121.2,45.4,31.6,3.0
22400908,2025-03-07,OKC,POR,1,1.0,133.4,44.2,31.2,2.0,0.6,123.2,45.6,25.6,2.0
22400910,2025-03-07,SAC,SAS,1,0.8,118.6,44.8,27.0,2.0,0.4,119.6,41.8,32.6,3.0
22400904,2025-03-07,CHA,CLE,0,0.0,99.8,50.8,23.4,2.0,1.0,125.8,47.6,25.6,2.0
22400905,2025-03-07,TOR,UTA,1,0.4,105.0,43.8,26.0,3.0,0.2,113.4,46.8,28.4,2.0
22400906,2025-03-07,DAL,MEM,0,0.2,104.8,38.6,25.8,2.0,0.2,125.0,45.8,30.0,2.0
22400918,2025-03-08,BOS,LAL,1,0.6,114.8,43.0,24.6,2.0,1.0,114.8,46.4,23.6,2.0
22400912,2025-03-08,CHA,BKN,1,0.0,104.8,49.4,25.6,1.0,0.0,109.8,40.2,25.8,2.0
22400917,2025-03-08,MIL,ORL,0,0.8,122.8,48.6,26.6,3.0,0.0,107.0,36.8,23.0,2.0
22400914,2025-03-08,ATL,IND,1,0.4,121.0,40.2,31.2,2.0,0.6,118.2,36.8,31.6,2.0
22400913,2025-03-08,HOU,NOP,1,0.4,112.0,50.2,23.0,2.0,0.4,114.4,41.8,26.8,2.0
22400916,2025-03-08,MIA,CHI,0,0.4,110.8,40.8,30.4,1.0,0.4,119.2,45.2,29.6,2.0
22400915,2025-03-08,TOR,WAS,0,0.6,108.4,45.4,26.0,1.0,0.6,111.2,42.8,27.6,3.0
22400919,2025-03-08,GSW,DET,1,0.8,118.8,46.0,30.6,2.0,0.6,120.0,42.6,30.2,3.0
22400921,2025-03-09,DAL,PHX,0,0.2,107.2,38.6,26.0,2.0,0.4,119.8,44.0,31.0,2.0
22400927,2025-03-09,LAC,SAC,1,0.4,109.8,40.2,23.8,2.0,0.8,118.0,45.2,27.2,2.0
22400925,2025-03-09,MIN,SAS,1,0.8,117.8,39.6,29.4,2.0,0.4,120.8,40.0,32.2,2.0
22400922,2025-03-09,MIL,CLE,0,0.8,125.2,48.8,26.2,1.0,1.0,125.0,47.2,23.8,2.0
22400920,2025-03-09,OKC,DEN,1,1.0,129.0,43.8,30.8,2.0,0.6,122.8,45.4,31.2,2.0
22400924,2025-03-09,PHI,UTA,1,0.2,110.0,39.8,25.2,3.0,0.2,115.0,51.2,26.2,2.0
22400923,2025-03-09,NOP,MEM,0,0.2,113.0,40.6,27.6,1.0,0.2,119.2,50.0,28.4,2.0
22400926,2025-03-09,POR,DET,0,0.4,115.2,47.0,23.2,2.0,0.4,118.6,41.2,27.8,1.0
22400930,2025-03-10,BKN,LAL,1,0.0,106.0,38.4,23.6,2.0,0.8,112.8,45.0,23.0,2.0
22400939,2025-03-10,SAC,NYK,0,0.6,116.4,45.4,27.0,1.0,0.4,107.2,44.4,25.4,3.0
22400934,2025-03-10,HOU,ORL,1,0.4,117.6,47.8,25.0,2.0,0.2,112.8,36.6,22.6,2.0
22400933,2025-03-10,CHI,IND,1,0.6,118.6,47.2,28.0,2.0,0.4,119.6,36.8,31.8,2.0
22400928,2025-03-10,ATL,PHI,1,0.6,123.2,43.2,30.0,2.0,0.4,114.2,42.8,26.4,1.0
22400935,2025-03-10,MEM,PHX,1,0.4,118.0,49.8,28.0,1.0,0.6,121.6,42.8,31.8,1.0
22400938,2025-03-10,GSW,POR,1,0.8,117.6,47.6,30.6,2.0,0.2,113.4,48.0,20.4,1.0
22400937,2025-03-10,SAS,DAL,0,0.4,124.4,39.0,31.8,1.0,0.0,109.8,35.4,27.2,1.0
22400936,2025-03-10,OKC,DEN,0,1.0,127.4,46.4,28.4,1.0,0.6,121.0,44.0,30.0,1.0
22400929,2025-03-10,BOS,UTA,1,0.8,117.6,45.2,25.2,2.0,0.0,116.0,48.0,24.2,1.0
22400932,2025-03-10,TOR,WAS,1,0.6,113.6,47.2,26.2,2.0,0.6,113.4,45.4,28.2,2.0
22400931,2025-03-10,MIA,CHA,0,0.2,107.6,41.8,28.6,2.0,0.2,106.6,48.2,25.6,2.0
22400942,2025-03-11,IND,MIL,1,0.4,116.2,38.6,30.8,1.0,0.6,121.0,49.2,24.6,2.0
22400940,2025-03-11,CLE,BKN,1,1.0,122.8,47.2,24.2,2.0,0.2,107.8,38.8,24.0,1.0
22400943,2025-03-11,NOP,LAC,1,0.2,112.2,41.4,26.8,2.0,0.6,111.6,39.0,23.4,2.0
22400941,2025-03-11,DET,WAS,1,0.6,118.6,43.6,25.8,2.0,0.6,110.0,48.0,28.2,1.0
22400952,2025-03-12,DEN,MIN,0,0.6,122.2,42.6,30.8,2.0,1.0,122.8,40.0,30.0,3.0
22400953,2025-03-12,POR,NYK,0,0.2,111.6,47.4,21.6,2.0,0.4,111.0,45.4,26.4,2.0
22400947,2025-03-12,TOR,PHI,1,0.8,114.4,51.6,25.4,2.0,0.2,113.6,41.0,26.8,2.0
22400949,2025-03-12,HOU,PHX,1,0.6,116.4,51.8,25.4,2.0,0.4,120.2,45.0,31.0,2.0
22400951,2025-03-12,SAS,DAL,1,0.2,124.2,38.2,31.0,2.0,0.2,113.0,36.8,27.2,2.0
22400948,2025-03-12,MIA,LAC,0,0.2,105.6,44.2,27.6,2.0,0.6,115.2,37.8,25.4,1.0
22400946,2025-03-12,BOS,OKC,0,1.0,117.2,46.6,26.8,2.0,0.8,123.6,44.8,27.4,2.0
22400950,2025-03-12,MEM,UTA,1,0.6,116.4,49.4,27.0,2.0,0.0,113.4,49.4,23.0,2.0
22400945,2025-03-12,ATL,CHA,1,0.8,125.8,43.6,31.4,2.0,0.4,107.6,46.6,25.2,2.0
22400955,2025-03-13,MIL,LAL,1,0.4,117.4,47.6,24.4,2.0,0.6,113.2,45.8,25.4,3.0
22400956,2025-03-13,CHI,BKN,1,0.6,117.8,49.4,27.6,3.0,0.2,109.8,38.8,26.4,2.0
22401141,2025-03-13,NOP,ORL,0,0.2,112.0,41.0,26.6,2.0,0.2,106.6,35.8,21.0,3.0
22400957,2025-03-13,GSW,SAC,1,1.0,119.8,45.8,31.0,3.0,0.4,114.6,43.6,26.4,3.0
22400954,2025-03-13,DET,WAS,0,0.6,120.2,46.4,25.4,2.0,0.4,108.0,47.8,25.6,2.0
22400965,2025-03-14,DEN,LAL,1,0.6,120.6,43.4,29.4,2.0,0.4,112.8,45.2,24.8,1.0
22400963,2025-03-14,MIN,ORL,1,1.0,122.6,42.6,30.6,2.0,0.4,108.8,36.6,22.6,1.0
22400959,2025-03-14,PHI,IND,0,0.2,114.2,40.4,25.2,2.0,0.4,113.8,39.0,30.0,3.0
22400967,2025-03-14,PHX,SAC,1,0.4,121.4,41.0,30.6,2.0,0.2,111.0,42.2,24.6,1.0
22400958,2025-03-14,MIA,BOS,0,0.0,105.2,40.4,26.8,2.0,0.8,117.6,45.8,26.6,2.0
22400962,2025-03-14,MEM,CLE,0,0.8,114.8,48.6,25.8,2.0,1.0,118.0,47.4,23.4,3.0
22400961,2025-03-14,HOU,DAL,1,0.8,113.0,49.6,26.4,2.0,0.2,116.6,35.6,27.6,2.0
22400960,2025-03-14,ATL,LAC,0,0.8,124.0,45.8,29.6,2.0,0.8,115.6,39.4,24.4,2.0
22400966,2025-03-14,UTA,TOR,0,0.0,115.2,53.2,24.0,2.0,0.8,117.2,55.4,27.6,2.0
22400964,2025-03-14,SAS,CHA,0,0.4,123.0,40.6,30.2,2.0,0.4,109.4,46.6,27.0,2.0
22400971,2025-03-15,MEM,MIA,1,0.8,119.0,47.8,26.6,1.0,0.0,102.0,39.6,24.6,1.0
22400974,2025-03-15,GSW,NYK,1,1.0,122.0,43.6,31.4,2.0,0.4,110.6,43.8,26.4,3.0
22400972,2025-03-15,MIL,IND,1,0.4,117.2,47.0,25.0,2.0,0.4,113.2,41.0,29.4,1.0
22400968,2025-03-15,BKN,BOS,0,0.2,109.2,40.8,27.0,2.0,0.8,112.6,43.6,25.4,1.0
22400973,2025-03-15,SAS,NOP,1,0.2,124.4,38.6,28.2,1.0,0.2,107.6,42.0,25.4,2.0
22400970,2025-03-15,HOU,CHI,1,1.0,119.2,51.4,27.4,1.0,0.8,118.6,50.4,27.6,2.0
22400969,2025-03-15,DET,OKC,0,0.4,118.4,46.8,23.6,2.0,0.8,119.8,43.8,25.0,3.0
22400975,2025-03-15,DEN,WAS,0,0.6,123.6,42.0,29.8,1.0,0.6,115.8,48.6,27.2,2.0
22400979,2025-03-16,CLE,ORL,0,1.0,116.8,45.4,24.4,2.0,0.4,108.4,35.8,20.6,2.0
22400976,2025-03-16,DAL,PHI,0,0.2,114.4,36.4,24.4,2.0,0.2,111.8,41.8,23.4,2.0
22400977,2025-03-16,LAL,PHX,1,0.2,110.8,44.4,24.8,2.0,0.4,122.0,40.4,31.0,2.0
22400978,2025-03-16,BKN,ATL,1,0.2,108.0,43.4,27.8,1.0,0.8,119.4,45.2,28.0,2.0
22400982,2025-03-16,MIL,OKC,0,0.4,115.0,45.0,24.8,1.0,0.8,118.4,44.8,23.0,1.0
22400980,2025-03-16,POR,TOR,1,0.0,110.4,45.6,20.4,4.0,0.8,119.6,56.0,27.6,2.0
22400981,2025-03-16,MIN,UTA,1,1.0,121.0,44.2,30.0,2.0,0.0,114.4,48.6,24.4,2.0
22400538,2025-03-16,LAC,CHA,1,0.8,115.2,40.8,26.2,2.0,0.6,116.4,42.0,30.2,2.0
22400984,2025-03-17,NYK,MIA,1,0.4,109.0,45.2,25.2,2.0,0.0,99.4,38.8,23.6,2.0
22400986,2025-03-17,MIN,IND,0,1.0,121.6,45.4,30.6,1.0,0.4,113.4,39.0,29.8,2.0
22400985,2025-03-17,HOU,PHI,1,1.0,120.8,54.0,25.6,2.0,0.4,116.8,40.6,21.8,1.0
22400537,2025-03-17,LAL,SAS,1,0.2,109.6,42.6,24.2,1.0,0.4,126.4,38.8,28.0,2.0
22400989,2025-03-17,UTA,CHI,0,0.0,113.0,46.2,24.8,1.0,0.8,118.0,47.6,26.0,2.0
22400990,2025-03-17,GSW,DEN,0,1.0,118.6,43.8,30.4,2.0,0.4,118.4,42.8,28.8,2.0
22400991,2025-03-17,PHX,TOR,1,0.4,113.0,42.8,28.8,1.0,0.6,116.4,55.8,28.0,1.0
22400992,2025-03-17,SAC,MEM,1,0.2,110.2,41.2,25.2,3.0,0.8,119.6,46.2,27.2,2.0
22400995,2025-03-17,POR,WAS,1,0.2,107.8,48.0,20.8,1.0,0.6,116.0,48.4,27.6,2.0
22400987,2025-03-17,NOP,DET,0,0.2,111.2,44.2,28.8,2.0,0.4,116.8,47.8,24.0,2.0
22401012,2025-03-18,GSW,MIL,1,0.8,115.4,42.4,29.0,1.0,0.4,114.2,44.2,25.6,2.0
22400994,2025-03-18,BOS,BKN,1,0.8,111.0,42.0,24.8,3.0,0.4,112.0,44.0,30.4,2.0
22400993,2025-03-18,CHA,ATL,0,0.6,110.6,42.2,29.8,2.0,0.6,117.4,44.2,27.0,2.0
22400997,2025-03-18,LAC,CLE,1,0.8,118.8,43.0,27.6,2.0,0.8,115.0,45.6,23.4,2.0
22401003,2025-03-19,SAS,NYK,1,0.4,123.4,40.4,28.8,2.0,0.6,110.4,44.2,27.2,2.0
22401002,2025-03-19,OKC,PHI,1,0.8,121.2,46.2,24.0,3.0,0.2,119.0,37.6,20.6,2.0
22401009,2025-03-19,SAC,CLE,1,0.2,111.2,38.6,26.0,2.0,0.6,115.2,42.4,26.0,1.0
22401001,2025-03-19,MIN,NOP,0,0.8,126.4,45.6,30.0,2.0,0.2,104.0,43.2,26.6,2.0
22401007,2025-03-19,PHX,CHI,1,0.4,113.8,44.4,29.0,2.0,0.8,115.2,47.8,26.8,2.0
22400998,2025-03-19,IND,DAL,1,0.6,116.2,40.4,29.6,2.0,0.2,117.2,36.4,24.8,3.0
22401006,2025-03-19,LAL,DEN,1,0.4,114.4,42.0,27.4,2.0,0.6,120.6,43.8,30.8,2.0
22400999,2025-03-19,ORL,HOU,0,0.6,105.4,38.6,19.6,3.0,1.0,120.4,56.0,26.2,2.0
22401008,2025-03-19,POR,MEM,1,0.4,112.4,47.4,22.8,2.0,0.6,122.6,44.4,27.2,2.0
22400627,2025-03-19,UTA,WAS,1,0.0,108.0,47.0,23.8,2.0,0.4,111.8,48.2,27.2,2.0
22401000,2025-03-19,MIA,DET,0,0.0,96.6,37.8,23.2,2.0,0.6,120.2,49.0,27.2,2.0
22400996,2025-03-20,LAL,MIL,0,0.6,116.8,41.0,26.2,1.0,0.4,112.8,41.0,26.0,2.0
22401011,2025-03-20,IND,BKN,1,0.8,122.6,40.2,29.4,1.0,0.2,109.0,42.4,30.2,2.0
22401010,2025-03-20,CHA,NYK,1,0.4,110.0,40.0,29.8,2.0,0.6,112.4,42.4,27.8,1.0
22401013,2025-03-20,SAC,CHI,0,0.4,113.8,37.2,26.2,1.0,0.6,116.6,45.6,27.2,1.0
22401005,2025-03-20,GSW,TOR,1,0.8,113.2,43.6,28.8,2.0,0.6,110.8,54.0,27.2,3.0
22401014,2025-03-21,WAS,ORL,0,0.4,113.4,44.8,28.2,2.0,0.4,104.8,40.0,20.4,2.0
22401018,2025-03-21,SAS,PHI,1,0.6,121.6,43.2,28.6,2.0,0.2,114.4,39.6,19.6,2.0
22401020,2025-03-21,UTA,BOS,0,0.2,112.0,45.8,24.0,2.0,0.8,109.6,43.0,24.8,3.0
22401021,2025-03-21,PHX,CLE,1,0.6,115.6,44.4,29.6,2.0,0.4,116.6,41.0,25.8,2.0
22401016,2025-03-21,MIN,NOP,1,0.6,121.2,45.2,26.6,2.0,0.4,107.0,44.6,27.4,2.0
22401022,2025-03-21,POR,DEN,1,0.6,113.0,52.2,24.4,2.0,0.4,114.2,44.2,29.4,2.0
22401015,2025-03-21,MIA,HOU,0,0.0,98.8,36.0,23.2,2.0,1.0,124.2,52.6,25.8,2.0
22401023,2025-03-21,LAC,MEM,1,0.8,123.0,45.2,28.6,3.0,0.4,118.4,44.6,26.6,2.0
22401019,2025-03-21,DAL,DET,1,0.2,120.2,38.2,23.6,2.0,0.6,119.6,47.6,27.8,2.0
22401017,2025-03-21,OKC,CHA,1,0.8,122.4,46.0,26.2,2.0,0.4,112.0,43.2,29.6,1.0
22401027,2025-03-22,SAC,MIL,0,0.4,116.2,37.0,28.0,2.0,0.6,113.6,40.4,24.4,2.0
22401024,2025-03-22,IND,BKN,1,0.8,120.6,44.0,27.0,2.0,0.2,108.0,44.2,28.0,2.0
22401028,2025-03-22,LAL,CHI,0,0.6,113.4,43.4,27.8,2.0,0.6,118.0,42.4,27.6,2.0
22401025,2025-03-22,ATL,GSW,1,0.6,120.2,43.8,27.8,4.0,0.8,110.6,43.2,27.8,2.0
22401026,2025-03-22,NYK,WAS,1,0.4,105.4,42.0,26.2,2.0,0.4,113.8,43.6,28.8,1.0
22401031,2025-03-23,ATL,PHI,1,0.6,118.6,43.4,28.4,1.0,0.2,117.4,38.0,21.8,2.0
22401033,2025-03-23,TOR,SAS,0,0.4,109.8,48.2,28.4,3.0,0.6,122.0,40.6,29.4,2.0
22401034,2025-03-23,POR,BOS,0,0.8,114.6,51.2,24.2,2.0,0.8,111.0,43.2,24.6,2.0
22401030,2025-03-23,UTA,CLE,0,0.2,108.8,41.4,24.0,2.0,0.2,117.2,40.2,26.0,2.0
22401029,2025-03-23,DET,NOP,1,0.4,118.4,43.6,26.8,2.0,0.2,100.2,42.0,24.6,2.0
22401035,2025-03-23,HOU,DEN,0,1.0,122.4,54.2,23.6,2.0,0.4,117.0,42.0,30.2,2.0
22401036,2025-03-23,LAC,OKC,0,1.0,124.6,47.0,27.6,2.0,1.0,125.2,47.2,26.2,2.0
22401032,2025-03-23,MIA,CHA,1,0.0,97.6,37.0,22.8,2.0,0.4,111.2,39.6,29.6,2.0
22401038,2025-03-24,ORL,LAL,1,0.6,112.0,42.6,22.4,3.0,0.6,111.2,41.0,26.0,2.0
22401043,2025-03-24,PHX,MIL,1,0.8,119.4,46.2,31.8,3.0,0.6,111.2,39.2,22.8,2.0
22401037,2025-03-24,IND,MIN,1,0.8,119.8,43.8,27.2,2.0,0.6,125.0,42.8,28.4,3.0
22401041,2025-03-24,NOP,PHI,1,0.2,107.6,41.4,27.0,1.0,0.2,121.2,36.8,24.0,1.0
22401044,2025-03-24,SAC,BOS,0,0.4,117.0,39.8,27.2,2.0,1.0,114.4,42.6,25.8,1.0
22401042,2025-03-24,DEN,CHI,0,0.4,114.0,42.8,29.8,1.0,0.6,124.0,41.4,31.0,2.0
22401040,2025-03-24,BKN,DAL,0,0.2,106.6,43.8,25.6,2.0,0.2,118.2,39.0,23.6,3.0
22401039,2025-03-24,WAS,TOR,0,0.2,108.6,42.4,27.0,2.0,0.2,104.0,45.6,27.2,1.0
22401045,2025-03-25,CHA,ORL,0,0.2,103.2,40.8,26.0,2.0,0.6,113.0,43.4,22.4,1.0
22401046,2025-03-25,DET,SAS,1,0.6,120.6,41.8,27.4,2.0,0.8,119.8,42.6,29.4,2.0
22401049,2025-03-25,HOU,ATL,1,0.8,118.0,49.8,23.2,2.0,0.6,120.4,42.6,30.2,2.0
22401051,2025-03-25,POR,CLE,0,0.8,115.2,48.4,25.0,2.0,0.2,114.6,41.8,25.2,2.0
22401048,2025-03-25,NYK,DAL,1,0.4,107.0,44.2,26.6,3.0,0.4,119.0,41.0,24.4,1.0
22401047,2025-03-25,MIA,GSW,1,0.2,103.8,35.8,24.6,2.0,0.6,107.6,42.2,26.4,3.0
22401052,2025-03-25,SAC,OKC,0,0.4,114.8,40.8,26.8,1.0,1.0,122.2,46.8,28.0,2.0
22401050,2025-03-25,UTA,MEM,0,0.2,103.4,44.8,24.4,2.0,0.2,115.6,44.8,26.2,4.0
22401055,2025-03-26,IND,LAL,0,1.0,119.8,46.6,27.4,2.0,0.4,111.0,40.8,25.4,2.0
22401057,2025-03-26,DEN,MIL,1,0.4,113.2,44.8,28.6,2.0,0.4,107.2,37.4,22.0,2.0
22401058,2025-03-26,PHX,BOS,0,0.8,116.6,49.8,30.2,2.0,1.0,116.4,43.4,27.8,2.0
22401056,2025-03-26,NYK,LAC,0,0.6,113.8,41.6,30.6,1.0,0.8,121.0,47.6,26.8,3.0
22401054,2025-03-26,BKN,TOR,0,0.2,104.2,42.2,24.8,2.0,0.2,101.2,47.4,27.2,2.0
22401053,2025-03-26,PHI,WAS,0,0.0,115.0,36.4,23.6,2.0,0.0,104.2,43.2,25.0,2.0
22401063,2025-03-27,CHI,LAL,1,0.8,127.0,42.8,32.4,3.0,0.4,110.0,41.0,23.8,1.0
22401061,2025-03-27,WAS,IND,0,0.2,108.6,43.2,25.6,1.0,0.8,117.2,44.2,28.0,1.0
22401066,2025-03-27,SAC,POR,1,0.2,109.4,40.4,26.2,2.0,0.6,116.4,47.2,26.4,2.0
22401059,2025-03-27,CLE,SAS,1,0.4,118.4,40.4,26.6,2.0,0.6,115.2,43.4,28.4,2.0
22401062,2025-03-27,MIA,ATL,1,0.4,108.0,36.8,25.0,2.0,0.6,123.6,42.2,31.6,2.0
22401060,2025-03-27,ORL,DAL,0,0.8,113.0,47.2,23.2,2.0,0.4,122.4,40.8,25.4,2.0
22401065,2025-03-27,UTA,HOU,0,0.2,103.6,41.6,24.6,2.0,0.8,118.8,49.2,21.8,2.0
22401064,2025-03-27,OKC,MEM,1,1.0,123.8,48.4,30.6,2.0,0.4,118.8,46.2,28.8,2.0
22401070,2025-03-28,MIL,NYK,0,0.4,109.6,38.4,23.8,2.0,0.4,113.2,41.0,31.6,2.0
22401071,2025-03-28,MIN,PHX,1,0.4,122.0,42.8,28.4,4.0,0.8,117.8,47.2,29.6,2.0
22401067,2025-03-28,DET,CLE,1,0.8,123.6,42.8,28.2,3.0,0.6,119.4,45.8,27.4,1.0
22401072,2025-03-28,NOP,GSW,0,0.4,107.0,41.2,27.4,4.0,0.4,105.4,40.8,25.4,3.0
22401068,2025-03-28,BKN,LAC,0,0.0,97.0,42.8,21.4,2.0,0.8,122.0,48.6,26.8,2.0
22401073,2025-03-28,DEN,UTA,1,0.4,115.8,43.4,29.4,2.0,0.2,106.2,38.6,26.4,1.0
22401069,2025-03-28,TOR,CHA,1,0.4,104.0,50.6,28.2,2.0,0.2,106.4,39.6,25.8,3.0
22401078,2025-03-29,MEM,LAL,0,0.2,114.6,43.2,28.2,2.0,0.2,109.4,41.4,24.8,2.0
22401076,2025-03-29,PHI,MIA,0,0.0,110.4,38.8,23.8,3.0,0.6,113.4,36.4,25.6,2.0
22401075,2025-03-29,WAS,BKN,0,0.2,108.0,42.0,23.4,2.0,0.0,97.8,43.6,22.6,1.0
22401079,2025-03-29,OKC,IND,1,1.0,124.6,47.4,30.2,2.0,0.8,122.6,46.6,31.8,2.0
22401074,2025-03-29,ORL,SAC,1,0.6,109.8,46.6,21.8,2.0,0.2,110.4,41.4,25.4,2.0
22401080,2025-03-29,SAS,BOS,0,0.6,116.6,44.6,27.8,2.0,1.0,119.8,45.4,28.6,3.0
22401077,2025-03-29,CHI,DAL,0,0.8,128.6,42.6,33.2,2.0,0.6,117.6,39.8,24.4,2.0
22401082,2025-03-30,NYK,POR,1,0.6,115.4,41.0,31.6,2.0,0.4,115.4,43.6,26.0,3.0
22401083,2025-03-30,MIL,ATL,0,0.4,112.4,38.0,24.8,2.0,0.6,123.2,41.8,31.6,3.0
22401086,2025-03-30,SAS,GSW,0,0.4,114.8,41.2,27.2,1.0,0.6,106.6,43.2,26.4,2.0
22401088,2025-03-30,PHX,HOU,0,0.6,113.8,43.2,28.4,2.0,0.8,114.2,47.8,20.0,3.0
22401081,2025-03-30,CLE,LAC,1,0.6,120.0,46.6,25.8,2.0,0.8,123.8,46.6,26.6,2.0
22401087,2025-03-30,PHI,TOR,0,0.0,109.4,38.0,24.6,1.0,0.6,107.8,51.6,29.8,2.0
22401084,2025-03-30,MIN,DET,1,0.4,121.2,41.6,28.6,2.0,0.8,124.8,41.4,26.6,2.0
22401085,2025-03-30,NOP,CHA,1,0.4,109.8,42.6,28.6,2.0,0.2,105.4,43.0,26.6,2.0
22401092,2025-03-31,WAS,MIA,0,0.2,109.4,41.8,23.0,2.0,0.8,114.4,38.4,27.4,2.0
22401095,2025-03-31,DAL,BKN,0,0.8,115.4,39.8,25.4,2.0,0.2,101.0,44.0,23.6,2.0
22401090,2025-03-31,IND,SAC,1,0.6,123.8,43.8,33.6,2.0,0.2,105.4,42.4,23.4,2.0
22401093,2025-03-31,MEM,BOS,0,0.2,115.6,41.8,30.0,2.0,1.0,123.2,46.6,30.2,2.0
22401094,2025-03-31,OKC,CHI,1,1.0,124.4,45.8,28.2,2.0,0.8,128.2,45.8,33.6,2.0
22401096,2025-03-31,LAL,HOU,1,0.4,118.4,39.8,25.6,2.0,0.8,120.6,47.6,23.8,1.0
22401091,2025-03-31,ORL,LAC,0,0.8,112.4,48.2,23.4,2.0,0.6,121.8,45.6,26.0,1.0
22401089,2025-03-31,CHA,UTA,1,0.0,101.2,42.6,25.6,1.0,0.0,99.2,38.6,24.6,3.0
22401102,2025-04-01,DEN,MIN,0,0.6,120.0,43.4,32.0,4.0,0.6,119.8,44.6,28.4,2.0
22400988,2025-04-01,SAS,ORL,0,0.2,110.4,41.2,26.0,2.0,0.6,105.8,43.6,22.0,1.0
22401098,2025-04-01,NYK,PHI,1,0.8,117.8,42.2,31.8,2.0,0.0,107.2,40.8,23.6,2.0
22401101,2025-04-01,MIL,PHX,1,0.2,113.6,37.0,24.2,2.0,0.4,110.2,41.8,26.6,2.0
22401097,2025-04-01,ATL,POR,0,0.6,125.4,41.8,33.4,2.0,0.2,111.0,38.4,24.8,2.0
22401100,2025-04-01,MEM,GSW,0,0.2,116.4,42.8,29.6,1.0,0.6,115.4,41.6,29.8,2.0
22401099,2025-04-01,CHI,TOR,1,0.6,126.0,46.4,33.0,1.0,0.8,110.4,52.0,29.8,2.0
22401106,2025-04-02,BOS,MIA,0,1.0,122.4,47.8,30.8,2.0,1.0,118.8,44.0,28.2,2.0
22401103,2025-04-02,CLE,NYK,1,0.8,123.0,46.8,27.6,3.0,0.8,114.4,41.2,30.6,1.0
22401105,2025-04-02,WAS,SAC,1,0.2,107.6,41.4,23.2,2.0,0.2,105.6,42.6,23.6,2.0
22401110,2025-04-02,DEN,SAS,0,0.6,126.0,46.2,33.8,1.0,0.0,106.8,39.6,25.4,1.0
22401109,2025-04-02,DAL,ATL,1,0.6,112.6,40.8,26.2,2.0,0.4,123.2,41.6,31.2,1.0
22401111,2025-04-02,LAC,NOP,1,0.6,115.4,46.4,23.8,2.0,0.4,105.6,44.8,27.8,3.0
22401107,2025-04-02,HOU,UTA,1,0.6,119.8,48.6,26.2,2.0,0.0,100.6,39.2,24.8,2.0
22401108,2025-04-02,OKC,DET,1,1.0,125.2,46.0,30.2,2.0,0.6,122.4,40.8,26.0,3.0
22401104,2025-04-02,IND,CHA,1,0.6,124.4,43.0,32.8,2.0,0.2,102.0,46.2,26.4,2.0
22401115,2025-04-03,PHI,MIL,0,0.0,101.6,41.8,23.4,2.0,0.2,117.4,34.4,26.2,2.0
22401113,2025-04-03,BKN,MIN,0,0.4,103.0,42.4,26.0,3.0,0.8,124.8,47.0,31.2,2.0
22401112,2025-04-03,WAS,ORL,0,0.4,110.0,40.0,23.2,1.0,0.6,105.4,43.2,22.6,2.0
22401116,2025-04-03,TOR,POR,0,0.8,116.2,49.8,31.4,2.0,0.2,110.8,41.6,24.8,2.0
22401117,2025-04-03,LAL,GSW,0,0.6,116.2,41.8,25.4,3.0,0.6,118.8,43.8,29.6,2.0
22401114,2025-04-03,MIA,MEM,0,1.0,119.2,44.4,28.4,1.0,0.2,119.8,43.4,28.4,2.0
22401120,2025-04-04,BOS,PHX,1,0.8,117.2,48.8,29.4,2.0,0.2,110.2,39.2,25.2,3.0
22401122,2025-04-04,CHI,POR,1,0.6,124.2,47.8,32.0,3.0,0.4,110.0,44.8,24.0,1.0
22401118,2025-04-04,CHA,SAC,0,0.2,102.0,47.0,25.6,2.0,0.2,108.8,43.2,24.0,2.0
22401124,2025-04-04,SAS,CLE,0,0.2,110.2,41.8,26.6,2.0,0.8,123.8,45.4,26.6,2.0
22401126,2025-04-04,LAL,NOP,1,0.6,118.2,41.8,26.2,1.0,0.4,106.6,46.0,29.6,2.0
22401127,2025-04-04,LAC,DAL,1,0.8,118.0,42.8,25.2,2.0,0.6,112.6,41.0,24.8,2.0
22401125,2025-04-04,GSW,DEN,1,0.8,120.4,45.4,30.0,1.0,0.4,124.0,49.2,33.0,2.0
22401123,2025-04-04,HOU,OKC,1,0.8,126.2,52.2,27.2,2.0,1.0,128.4,46.8,29.6,2.0
22401119,2025-04-04,IND,UTA,1,0.6,124.4,41.4,32.6,2.0,0.0,103.4,36.6,24.8,2.0
22401121,2025-04-04,TOR,DET,0,0.6,114.4,44.8,31.6,1.0,0.6,119.6,41.2,25.2,2.0
22401131,2025-04-05,MIA,MIL,0,0.8,118.4,45.4,28.0,2.0,0.4,121.4,35.2,27.8,2.0
22401130,2025-04-05,PHI,MIN,0,0.0,104.4,42.4,25.6,2.0,0.8,119.0,48.8,28.6,2.0
22401128,2025-04-05,ATL,NYK,0,0.2,120.4,42.4,30.0,3.0,0.6,109.8,41.8,27.4,3.0
22401132,2025-04-05,LAC,DAL,1,0.8,115.6,43.4,24.4,1.0,0.6,108.2,42.2,24.8,1.0
22401129,2025-04-05,DET,MEM,0,0.6,115.8,44.2,25.4,1.0,0.2,113.8,42.8,25.6,2.0
22401135,2025-04-06,OKC,LAL,0,0.8,126.4,43.0,28.4,2.0,0.6,119.0,40.4,26.2,2.0
22400617,2025-04-06,NOP,MIL,0,0.4,102.2,46.2,28.0,2.0,0.6,122.2,36.8,27.6,1.0
22401142,2025-04-06,DEN,IND,0,0.4,121.0,46.4,31.8,2.0,0.8,128.6,44.4,34.0,2.0
22401140,2025-04-06,NYK,PHX,1,0.8,111.4,41.8,26.8,1.0,0.0,109.2,36.8,25.0,2.0
22401138,2025-04-06,CLE,SAC,0,0.8,122.2,46.0,27.2,2.0,0.4,112.8,44.8,22.8,2.0
22401139,2025-04-06,POR,SAS,1,0.4,110.4,46.6,23.0,2.0,0.2,109.6,40.6,26.6,2.0
22401133,2025-04-06,CHA,CHI,0,0.2,101.6,48.4,23.8,2.0,0.6,122.0,51.4,30.8,2.0
22401143,2025-04-06,GSW,HOU,0,1.0,126.8,45.0,31.0,2.0,0.8,127.0,51.6,28.6,2.0
22401134,2025-04-06,BKN,TOR,0,0.4,100.8,41.8,26.0,3.0,0.4,112.2,42.0,29.6,2.0
22401136,2025-04-06,ATL,UTA,1,0.2,118.6,41.6,28.4,1.0,0.0,105.2,41.4,24.2,2.0
22401137,2025-04-06,BOS,WAS,1,0.8,119.2,49.6,29.4,2.0,0.2,105.6,37.8,20.4,3.0
22401145,2025-04-07,MIA,PHI,1,0.6,117.0,48.4,27.6,2.0,0.0,103.4,39.8,26.4,2.0
22401144,2025-04-07,DET,SAC,0,0.4,112.0,44.2,23.6,2.0,0.4,111.2,43.4,23.0,1.0
22401153,2025-04-08,OKC,LAL,1,0.6,121.2,40.8,26.8,2.0,0.8,120.8,41.0,25.2,2.0
22401152,2025-04-08,MIL,MIN,1,0.8,123.0,40.6,28.6,2.0,1.0,121.2,49.2,27.8,3.0
22401155,2025-04-08,LAC,SAS,1,0.8,116.2,42.8,24.8,3.0,0.2,109.2,42.6,26.8,2.0
22401149,2025-04-08,ORL,ATL,1,0.6,105.0,42.6,23.6,5.0,0.4,125.6,42.8,31.6,2.0
22401151,2025-04-08,NYK,BOS,0,0.8,110.6,41.2,26.8,2.0,0.8,117.6,52.4,29.4,2.0
22401150,2025-04-08,BKN,NOP,1,0.4,105.4,42.4,27.8,2.0,0.2,101.2,45.6,27.0,2.0
22401147,2025-04-08,CLE,CHI,1,0.6,120.0,42.6,26.8,2.0,0.6,124.4,50.0,29.4,2.0
22401154,2025-04-08,PHX,GSW,0,0.0,108.4,36.2,24.6,2.0,0.8,123.8,44.2,30.8,2.0
22401146,2025-04-08,CHA,MEM,0,0.2,105.6,45.2,23.0,2.0,0.4,114.8,48.4,23.8,3.0
22401148,2025-04-08,IND,WAS,1,0.8,121.2,42.6,31.2,2.0,0.2,101.8,38.0,20.8,2.0
22401159,2025-04-09,DAL,LAL,0,0.4,108.8,42.4,24.2,4.0,0.6,118.0,41.6,23.4,1.0
22401160,2025-04-09,CHI,MIA,1,0.6,123.2,47.8,28.4,1.0,0.6,116.8,48.4,26.2,2.0
22401157,2025-04-09,WAS,PHI,0,0.2,99.0,40.0,20.2,1.0,0.0,105.4,41.4,24.8,2.0
22401162,2025-04-09,UTA,POR,1,0.0,110.0,41.2,24.2,3.0,0.6,113.0,49.0,23.4,3.0
22401163,2025-04-09,GSW,SAS,0,0.8,120.8,46.8,28.6,1.0,0.2,111.4,42.6,26.6,1.0
22401156,2025-04-09,ORL,BOS,1,0.8,110.4,42.4,25.4,1.0,0.8,117.2,49.2,28.2,1.0
22401165,2025-04-09,SAC,DEN,0,0.6,118.4,45.2,23.6,2.0,0.2,119.6,46.6,31.2,3.0
22401166,2025-04-09,LAC,HOU,1,1.0,116.2,44.0,25.8,1.0,0.8,124.0,51.2,28.6,3.0
22401164,2025-04-09,PHX,OKC,0,0.0,105.6,37.6,23.4,1.0,0.6,122.0,40.2,26.8,1.0
22401158,2025-04-09,TOR,CHA,1,0.4,114.6,42.4,30.0,3.0,0.2,106.8,42.8,23.4,1.0
22401170,2025-04-10,MEM,MIN,0,0.6,114.2,50.6,21.8,2.0,0.8,117.0,49.0,26.6,2.0
22401167,2025-04-10,DET,NYK,1,0.2,108.8,43.0,24.6,3.0,0.6,112.0,42.8,27.0,2.0
22401169,2025-04-10,BKN,ATL,0,0.6,109.2,41.8,28.4,2.0,0.2,119.0,41.8,29.4,2.0
22401168,2025-04-10,IND,CLE,1,1.0,119.8,43.8,30.0,2.0,0.8,122.6,43.4,30.6,2.0
22401161,2025-04-10,MIL,NOP,1,1.0,120.2,42.0,29.8,2.0,0.2,105.0,44.8,27.4,2.0
22401177,2025-04-11,NOP,MIA,0,0.0,107.6,44.0,28.2,1.0,0.4,115.0,43.8,26.0,2.0
22401171,2025-04-11,DET,MIL,0,0.4,111.0,41.2,24.2,1.0,1.0,120.8,44.8,28.8,1.0
22401179,2025-04-11,MIN,BKN,1,0.8,120.6,45.4,27.6,1.0,0.4,108.0,40.2,29.6,1.0
22401172,2025-04-11,IND,ORL,0,1.0,120.4,45.0,30.0,1.0,0.8,105.4,42.4,23.8,2.0
22401182,2025-04-11,PHX,SAS,1,0.0,106.2,37.4,24.6,2.0,0.4,113.2,43.6,26.4,2.0
22401173,2025-04-11,PHI,ATL,0,0.2,108.0,43.2,23.8,2.0,0.4,123.0,43.0,31.4,1.0
22401175,2025-04-11,NYK,CLE,0,0.4,112.2,40.8,28.8,1.0,0.6,119.6,44.4,28.8,1.0
22401183,2025-04-11,POR,GSW,0,0.6,119.6,49.8,25.0,2.0,0.6,116.2,46.0,28.6,2.0
22401185,2025-04-11,LAL,HOU,1,0.6,119.6,40.4,23.4,2.0,0.6,117.8,49.4,26.0,2.0
22401184,2025-04-11,SAC,LAC,0,0.6,119.8,44.2,24.2,2.0,1.0,123.8,43.2,28.8,2.0
22401181,2025-04-11,UTA,OKC,0,0.2,118.0,44.0,25.4,2.0,0.6,118.0,40.2,23.8,2.0
22401178,2025-04-11,DAL,TOR,1,0.2,104.2,41.8,24.6,2.0,0.4,114.4,44.2,31.0,2.0
22401180,2025-04-11,DEN,MEM,1,0.2,118.6,46.6,29.6,2.0,0.6,118.6,48.2,22.8,1.0
22401176,2025-04-11,CHI,WAS,1,0.8,123.6,48.4,29.2,2.0,0.2,100.8,41.6,20.2,2.0
22401174,2025-04-11,BOS,CHA,1,0.6,109.0,47.0,26.2,2.0,0.0,104.0,41.6,21.4,2.0
22401199,2025-04-13,POR,LAL,1,0.4,111.4,49.4,23.2,2.0,0.8,124.4,41.0,24.4,2.0
22401188,2025-04-13,BKN,NYK,0,0.2,103.6,40.4,28.0,2.0,0.4,111.6,40.0,28.4,2.0
22401186,2025-04-13,ATL,ORL,1,0.6,124.2,45.0,31.2,2.0,1.0,113.8,43.0,26.6,2.0
22401189,2025-04-13,CLE,IND,0,0.6,116.4,45.4,28.8,2.0,0.8,119.6,46.2,29.0,2.0
22401200,2025-04-13,SAC,PHX,1,0.6,117.6,43.2,23.8,2.0,0.2,105.0,41.2,24.8,2.0
22401191,2025-04-13,PHI,CHI,0,0.2,111.8,43.8,25.0,2.0,0.8,120.0,49.4,28.4,2.0
22401194,2025-04-13,MEM,DAL,1,0.6,115.4,47.8,23.6,2.0,0.4,107.2,43.2,25.6,2.0
22401193,2025-04-13,HOU,DEN,0,0.6,120.0,46.6,25.2,2.0,0.4,114.2,48.0,29.4,2.0
22401198,2025-04-13,GSW,LAC,0,0.6,112.2,45.8,27.8,2.0,1.0,121.2,44.6,27.2,2.0
22401196,2025-04-13,NOP,OKC,0,0.0,108.8,44.6,27.8,2.0,0.6,123.2,40.4,27.0,2.0
22401197,2025-04-13,SAS,TOR,1,0.2,110.2,41.2,26.6,2.0,0.4,111.2,45.8,28.4,2.0
22401195,2025-04-13,MIN,UTA,1,0.8,116.0,44.6,26.0,2.0,0.2,119.0,47.2,25.0,2.0
22401190,2025-04-13,MIA,WAS,0,0.4,120.8,49.0,27.6,2.0,0.0,95.4,41.6,20.6,2.0
22401192,2025-04-13,MIL,DET,1,1.0,120.6,45.6,28.4,2.0,0.4,114.2,41.0,26.2,2.0
22401187,2025-04-13,BOS,CHA,1,0.8,114.4,48.8,28.4,2.0,0.0,101.8,42.4,22.4,2.0
