game_id,game_date,home_team,home_pts,home_reb,home_oreb,home_dreb,home_ast,home_stl,home_blk,home_tov,home_pf,home_fgm,home_fga,home_fg3a,home_fg3m,home_fta,home_ftm,away_team,away_pts,away_reb,away_oreb,away_dreb,away_ast,away_stl,away_blk,away_tov,away_pf,away_fgm,away_fga,away_fg3a,away_fg3m,away_fta,away_ftm,home_win
0022100001,2021-10-19,MIL,127,54,13,41,25,8,9,8,19,48,105,45,17,18,14,BKN,104,44,5,39,19,3,9,13,17,37,84,32,17,23,13,1
0022100002,2021-10-19,LAL,114,45,5,40,21,7,4,18,25,45,95,42,15,19,9,GSW,121,50,9,41,30,9,2,17,18,41,93,39,14,30,25,0
0022100010,2021-10-20,SAS,123,43,13,30,32,8,3,8,22,49,98,30,13,18,12,ORL,97,44,13,31,17,6,6,16,20,35,86,29,9,23,18,1
0022100003,2021-10-20,CHA,123,46,12,34,29,9,5,8,21,46,107,31,13,27,18,IND,122,51,8,43,29,2,10,17,24,42,90,47,17,24,21,1
0022100009,2021-10-20,NOP,97,44,10,34,28,5,6,14,16,39,93,30,13,9,6,PHI,117,47,6,41,24,9,5,13,11,44,85,25,13,20,16,0
0022100013,2021-10-20,POR,121,49,9,40,25,5,5,13,22,45,93,35,12,22,19,SAC,124,43,7,36,24,6,4,10,22,42,92,41,17,29,23,0
0022100005,2021-10-20,NYK,138,55,7,48,27,9,10,19,22,51,105,45,17,27,19,BOS,134,56,15,41,34,13,9,18,24,48,117,57,21,23,17,1
0022100007,2021-10-20,MEM,132,53,13,40,28,8,8,12,15,53,100,33,14,12,12,CLE,121,36,7,29,38,6,5,11,17,47,93,38,14,18,13,1
0022100004,2021-10-20,DET,88,47,11,36,17,7,5,17,16,36,90,28,6,13,10,CHI,94,48,9,39,18,8,5,17,19,37,86,23,7,15,13,0
0022100012,2021-10-20,PHX,98,45,11,34,23,9,3,18,18,36,87,37,14,17,12,DEN,110,46,6,40,25,9,1,19,20,44,83,39,17,9,5,0
0022100008,2021-10-20,MIN,124,46,13,33,26,18,12,18,22,42,87,38,16,31,24,HOU,106,41,12,29,21,13,3,24,25,40,88,33,11,22,15,1
0022100011,2021-10-20,UTA,107,53,12,41,18,6,5,10,19,40,91,47,14,15,13,OKC,86,50,15,35,19,4,2,15,15,34,91,35,7,18,11,1
0022100006,2021-10-20,TOR,83,54,19,35,14,10,4,19,21,30,97,34,7,22,16,WAS,98,51,7,44,20,14,8,22,17,36,81,27,5,26,21,0
0022100015,2021-10-21,MIA,137,58,11,47,28,8,2,11,26,51,96,35,15,31,20,MIL,95,38,5,33,19,6,0,15,26,32,84,42,12,29,19,1
0022100014,2021-10-21,ATL,113,55,6,49,31,8,9,13,16,45,94,35,15,9,8,DAL,87,50,10,40,16,7,3,15,21,31,93,43,13,13,12,1
0022100016,2021-10-21,GSW,115,53,10,43,27,5,4,21,20,43,83,31,15,22,14,LAC,113,39,8,31,24,9,2,7,25,42,96,40,14,21,15,1
0022100021,2021-10-22,PHI,109,35,5,30,17,8,9,10,21,43,91,36,14,11,9,BKN,114,47,11,36,26,6,6,13,16,41,88,38,12,24,20,0
0022100018,2021-10-22,ORL,96,46,9,37,24,5,3,19,18,33,83,43,17,15,13,NYK,121,38,6,32,34,10,4,11,19,44,88,54,24,17,9,0
0022100019,2021-10-22,WAS,135,38,6,32,24,5,6,9,21,49,94,38,19,19,18,IND,134,42,7,35,28,5,6,12,22,52,97,34,15,20,15,1
0022100025,2021-10-22,LAL,105,46,12,34,25,7,3,16,26,34,86,34,15,29,22,PHX,115,47,7,40,31,8,2,12,22,42,86,32,10,28,21,0
0022100024,2021-10-22,DEN,102,41,8,33,26,10,2,21,21,44,86,30,9,8,5,SAS,96,39,7,32,24,11,2,20,17,40,84,24,6,14,10,1
0022100022,2021-10-22,CHI,128,46,11,35,32,9,7,14,14,47,89,28,14,25,20,NOP,112,42,9,33,26,7,5,17,20,42,87,29,15,16,13,1
0022100023,2021-10-22,HOU,124,54,10,44,29,12,10,17,18,48,95,38,17,14,11,OKC,91,39,8,31,22,9,4,19,21,34,91,43,14,16,9,1
0022100020,2021-10-22,BOS,83,42,10,32,19,6,12,25,19,32,82,34,11,11,8,TOR,115,60,21,39,22,16,2,12,13,42,100,35,10,21,21,0
0022100026,2021-10-22,SAC,101,52,16,36,20,15,5,15,22,39,99,36,8,21,15,UTA,110,51,13,38,16,14,3,19,17,37,90,42,16,23,20,0
0022100017,2021-10-22,CLE,112,36,7,29,26,9,3,19,15,43,84,31,9,20,17,CHA,123,46,11,35,32,13,1,18,16,48,91,32,13,17,14,0
0022100028,2021-10-23,IND,102,55,14,41,18,10,5,16,18,38,97,39,10,21,16,MIA,91,55,10,45,18,4,2,22,25,35,91,33,9,14,12,1
0022100032,2021-10-23,SAS,111,38,10,28,29,10,4,13,18,48,99,39,10,6,5,MIL,121,44,7,37,21,6,5,22,15,44,83,35,15,22,18,0
0022100033,2021-10-23,POR,134,48,8,40,24,8,5,9,15,51,94,50,21,17,11,PHX,105,38,7,31,27,6,1,14,19,43,89,28,9,15,10,1
0022100027,2021-10-23,CLE,101,54,12,42,23,6,6,10,16,37,89,28,7,27,20,ATL,95,54,17,37,20,5,3,9,23,38,99,34,10,15,9,1
0022100031,2021-10-23,MIN,96,47,13,34,22,13,8,20,25,39,96,38,12,10,6,NOP,89,61,21,40,15,10,5,30,22,31,89,40,9,23,18,1
0022100029,2021-10-23,TOR,95,49,11,38,17,7,6,12,23,34,85,37,11,23,16,DAL,103,50,13,37,24,6,6,9,22,38,91,42,14,18,13,0
0022100034,2021-10-23,LAC,114,44,14,30,23,7,4,7,21,43,99,39,13,17,15,MEM,120,48,13,35,26,5,3,11,19,42,90,36,15,25,21,0
0022100030,2021-10-23,CHI,97,42,3,39,24,13,11,13,17,35,84,26,11,19,16,DET,82,53,11,42,14,9,8,23,17,34,88,28,5,15,9,1
0022100036,2021-10-24,NYK,104,52,16,36,20,8,8,12,21,37,100,48,13,25,17,ORL,110,57,10,47,22,7,4,13,25,36,88,43,12,34,26,0
0022100038,2021-10-24,OKC,103,42,6,36,24,9,4,11,17,40,84,31,8,19,15,PHI,115,47,12,35,25,4,9,12,17,41,88,41,17,20,16,0
0022100037,2021-10-24,HOU,97,40,5,35,20,7,4,20,20,32,75,32,14,24,19,BOS,107,43,6,37,22,10,6,12,22,38,86,47,15,20,16,0
0022100039,2021-10-24,SAC,107,47,10,37,26,0,4,19,16,42,86,46,15,13,8,GSW,119,43,14,29,26,12,3,7,13,43,97,37,13,24,20,0
0022100040,2021-10-24,LAL,121,36,9,27,29,10,12,17,14,45,84,30,16,22,15,MEM,118,49,18,31,25,13,4,17,20,45,100,35,13,18,15,1
0022100035,2021-10-24,BKN,95,44,9,35,18,10,8,17,19,38,87,35,9,12,10,CHA,111,48,10,38,26,10,5,12,17,43,94,30,10,19,15,0
0022100042,2021-10-25,IND,109,47,12,35,23,6,1,19,24,40,90,36,14,17,15,MIL,119,42,7,35,24,13,6,14,19,41,85,32,11,31,26,0
0022100045,2021-10-25,MIA,107,42,9,33,28,10,2,11,19,41,87,27,6,19,19,ORL,90,39,6,33,21,7,6,18,22,33,81,44,12,19,12,1
0022100049,2021-10-25,LAC,116,43,5,38,37,21,6,17,23,44,93,43,14,19,14,POR,86,47,7,40,15,11,4,30,18,32,85,37,8,18,14,1
0022100041,2021-10-25,CHA,129,52,14,38,26,4,6,14,25,46,103,44,19,28,18,BOS,140,53,11,42,33,8,9,12,23,50,101,50,19,25,21,0
0022100048,2021-10-25,DEN,87,47,11,36,21,10,3,22,22,35,86,38,9,12,8,CLE,99,49,11,38,26,8,5,16,18,38,82,25,7,20,16,0
0022100047,2021-10-25,MIN,98,41,11,30,20,10,7,11,19,31,90,50,15,27,21,NOP,107,60,15,45,19,5,5,20,20,39,87,30,10,23,19,0
0022100046,2021-10-25,TOR,108,47,13,34,27,8,1,21,18,40,83,30,12,20,16,CHI,111,29,5,24,24,11,3,13,16,39,81,27,12,22,21,0
0022100044,2021-10-25,BKN,104,54,7,47,23,6,4,9,19,40,94,35,10,17,14,WAS,90,53,10,43,16,5,5,12,17,33,95,39,9,20,15,1
0022100043,2021-10-25,ATL,122,49,10,39,24,11,3,16,19,46,90,32,12,21,18,DET,104,36,11,25,26,7,6,14,15,40,91,33,9,18,15,1
0022100053,2021-10-26,SAS,121,59,16,43,33,10,6,16,22,48,108,36,13,22,12,LAL,125,56,9,47,20,8,10,13,21,50,105,30,8,22,17,0
0022100050,2021-10-26,NYK,112,45,13,32,24,7,5,15,18,41,87,37,16,15,14,PHI,99,40,12,28,24,9,4,15,14,36,82,41,12,17,15,1
0022100054,2021-10-26,UTA,122,41,8,33,20,5,6,14,22,44,85,39,12,29,22,DEN,110,35,5,30,19,9,3,13,23,42,83,28,10,24,16,1
0022100051,2021-10-26,OKC,98,42,9,33,19,7,3,14,18,36,86,34,12,17,14,GSW,106,46,7,39,30,9,8,15,20,39,83,40,14,18,14,0
0022100052,2021-10-26,DAL,116,50,14,36,25,9,7,15,22,43,93,43,12,25,18,HOU,106,49,11,38,24,7,3,17,21,36,86,39,16,26,18,1
0022100061,2021-10-27,OKC,123,42,10,32,21,8,3,16,16,43,86,37,15,29,22,LAL,115,40,10,30,29,8,2,17,22,46,92,35,11,14,12,1
0022100057,2021-10-27,BKN,93,42,4,38,21,7,7,16,24,33,85,43,14,14,13,MIA,106,62,17,45,21,6,2,15,19,38,96,29,8,26,22,0
0022100060,2021-10-27,MIL,108,43,13,30,22,10,3,9,18,39,95,51,14,21,16,MIN,113,49,10,39,29,5,4,17,20,43,91,45,13,17,14,0
0022100058,2021-10-27,TOR,118,41,16,25,22,18,6,12,20,46,100,30,14,19,12,IND,100,40,9,31,19,6,7,23,19,38,79,29,10,17,14,1
0022100062,2021-10-27,PHX,107,56,14,42,23,6,6,11,16,42,93,22,6,24,17,SAC,110,40,8,32,28,7,6,12,20,42,95,38,15,15,11,0
0022100059,2021-10-27,NOP,99,44,9,35,24,5,6,10,19,40,93,36,11,9,8,ATL,102,55,21,34,21,4,4,11,14,40,96,30,8,17,14,0
0022100064,2021-10-27,LAC,79,36,9,27,19,13,2,14,24,31,87,41,9,13,8,CLE,92,57,14,43,12,9,3,21,14,33,81,20,3,27,23,0
0022100063,2021-10-27,POR,116,48,13,35,22,11,6,14,20,39,84,36,15,31,23,MEM,96,50,21,29,27,9,3,22,25,35,96,50,17,19,9,1
0022100056,2021-10-27,BOS,107,37,10,27,18,9,5,13,21,37,85,29,10,28,23,WAS,116,47,11,36,18,8,7,16,20,43,84,25,9,29,21,0
0022100055,2021-10-27,ORL,111,33,8,25,22,6,2,19,21,43,88,40,15,13,10,CHA,120,40,10,30,22,14,4,17,14,43,83,30,14,24,20,0
0022100067,2021-10-28,CHI,103,37,5,32,25,6,5,7,18,36,84,32,11,22,20,NYK,104,49,11,38,16,5,7,13,21,39,85,29,11,20,15,0
0022100069,2021-10-28,DAL,104,45,9,36,18,4,7,13,19,41,89,45,18,13,4,SAS,99,48,11,37,21,6,11,15,16,39,88,30,12,15,9,1
0022100066,2021-10-28,WAS,122,51,14,37,26,6,4,9,16,46,99,34,13,21,17,ATL,111,43,6,37,26,4,3,13,16,48,88,21,6,14,9,1
0022100068,2021-10-28,HOU,91,41,13,28,15,8,3,11,24,31,95,44,9,23,20,UTA,122,58,10,48,24,8,4,20,23,41,85,46,16,30,24,0
0022100070,2021-10-28,GSW,101,48,7,41,29,8,7,23,17,39,90,40,14,12,9,MEM,104,51,10,41,25,17,9,18,14,39,97,48,12,14,14,0
0022100065,2021-10-28,PHI,110,46,6,40,22,7,9,21,23,38,76,27,12,24,22,DET,102,37,10,27,22,11,4,14,22,35,86,39,13,27,19,1
0022100071,2021-10-29,TOR,110,40,9,31,18,11,2,8,18,43,86,30,9,22,15,ORL,109,46,12,34,24,1,5,17,24,41,87,34,16,16,11,1
0022100072,2021-10-29,BKN,105,50,10,40,20,9,6,18,21,34,76,26,6,41,31,IND,98,46,11,35,20,9,7,14,27,37,93,29,8,23,16,1
0022100074,2021-10-29,NOP,109,49,13,36,18,9,6,10,22,42,98,34,9,25,16,SAC,113,45,3,42,19,4,5,14,20,40,80,27,9,25,24,0
0022100077,2021-10-29,LAL,113,42,11,31,24,9,6,22,20,46,84,27,12,10,9,CLE,101,36,16,20,28,10,1,15,13,37,87,34,12,22,15,1
0022100075,2021-10-29,DEN,106,51,5,46,28,8,3,20,24,43,83,36,11,13,9,DAL,75,36,6,30,14,8,3,15,17,23,78,37,8,27,21,1
0022100076,2021-10-29,POR,111,63,16,47,21,8,6,14,19,41,98,41,19,16,10,LAC,92,43,6,37,17,7,5,13,14,34,87,42,15,16,9,1
0022100073,2021-10-29,MIA,114,60,16,44,23,6,3,18,20,43,91,35,9,19,19,CHA,99,37,11,26,21,8,6,11,17,35,90,37,13,22,16,1
0022100084,2021-10-30,MEM,103,32,8,24,26,14,7,14,17,34,88,50,16,21,19,MIA,129,50,11,39,31,12,2,18,17,46,88,37,21,19,16,0
0022100080,2021-10-30,NOP,117,43,12,31,30,7,3,12,24,42,92,33,11,24,22,NYK,123,37,5,32,22,7,4,12,21,42,81,33,19,25,20,0
0022100079,2021-10-30,DET,110,48,17,31,26,12,6,16,18,36,89,43,14,30,24,ORL,103,46,12,34,21,5,6,18,21,38,87,32,16,15,11,1
0022100085,2021-10-30,MIL,93,52,9,43,20,6,2,21,18,36,89,39,10,16,11,SAS,102,49,8,41,28,12,3,10,13,39,95,31,7,24,17,0
0022100082,2021-10-30,PHI,122,37,5,32,24,11,6,12,24,46,86,38,12,19,18,ATL,94,49,20,29,24,6,1,19,17,36,95,22,8,19,14,1
0022100078,2021-10-30,WAS,115,62,12,50,19,6,7,13,22,38,104,36,10,36,29,BOS,112,54,8,46,23,8,10,12,32,44,107,26,2,25,22,1
0022100088,2021-10-30,PHX,101,52,8,44,27,12,3,15,14,39,84,26,6,27,17,CLE,92,47,10,37,21,8,3,19,21,36,91,44,14,7,6,1
0022100087,2021-10-30,MIN,91,46,15,31,21,8,6,20,23,35,89,41,13,9,8,DEN,93,48,14,34,24,11,10,18,15,36,88,37,9,16,12,0
0022100086,2021-10-30,GSW,103,56,10,46,30,9,8,16,21,39,92,54,21,8,4,OKC,82,45,3,42,14,8,6,16,8,29,83,39,8,21,16,1
0022100081,2021-10-30,IND,94,40,8,32,25,8,10,20,17,35,81,43,13,16,11,TOR,97,48,12,36,18,8,4,18,17,39,92,32,11,12,8,0
0022100083,2021-10-30,CHI,107,45,9,36,16,8,5,9,19,39,91,21,5,30,24,UTA,99,54,14,40,15,5,7,20,21,35,92,38,11,19,18,1
0022100090,2021-10-31,CHA,125,44,10,34,36,4,6,9,18,46,89,42,20,21,13,POR,113,47,15,32,30,4,5,12,18,43,97,54,17,11,10,1
0022100089,2021-10-31,DAL,105,45,10,35,24,8,4,10,20,40,90,37,12,20,13,SAC,99,56,17,39,20,6,3,13,19,38,96,36,7,20,16,1
0022100093,2021-10-31,LAL,95,43,10,33,22,15,9,14,20,39,96,31,9,13,8,HOU,85,55,10,45,18,8,3,27,18,32,76,28,6,29,15,1
0022100091,2021-10-31,MIL,95,44,13,31,16,7,3,11,22,39,96,41,12,6,5,UTA,107,44,7,37,13,6,10,13,10,35,75,37,12,27,25,0
0022100092,2021-10-31,BKN,117,41,2,39,30,7,2,20,19,47,72,25,13,16,10,DET,91,29,7,22,21,12,3,15,18,32,79,33,12,22,15,1
0022100101,2021-11-01,MIN,97,47,16,31,21,8,1,14,20,36,97,51,14,19,11,ORL,115,51,12,39,21,5,7,16,19,37,82,43,17,30,24,0
0022100096,2021-11-01,PHI,113,34,7,27,34,11,6,11,18,43,83,36,13,16,14,POR,103,45,13,32,21,5,2,15,15,40,84,34,12,18,11,1
0022100095,2021-11-01,IND,131,39,10,29,37,11,4,16,19,52,91,38,18,12,9,SAS,118,36,8,28,34,6,4,17,9,47,89,28,14,14,10,1
0022100094,2021-11-01,CHA,110,46,20,26,27,12,12,17,23,42,101,39,15,15,11,CLE,113,49,17,32,21,12,7,16,14,39,90,28,9,38,26,0
0022100098,2021-11-01,BOS,114,38,13,25,20,10,1,9,15,42,96,33,15,20,15,CHI,128,50,10,40,30,7,8,18,19,49,86,31,13,18,17,0
0022100100,2021-11-01,MEM,106,55,11,44,20,8,4,13,18,44,97,34,13,7,5,DEN,97,40,6,34,27,8,8,12,10,39,88,38,9,15,10,1
0022100102,2021-11-01,LAC,99,51,13,38,18,8,5,14,14,35,92,42,15,19,14,OKC,94,51,10,41,17,8,6,16,18,35,90,37,11,16,13,1
0022100099,2021-11-01,NYK,104,41,7,34,20,3,4,17,13,35,76,38,16,24,18,TOR,113,48,13,35,24,12,4,9,20,43,99,42,14,14,13,0
0022100097,2021-11-01,ATL,118,47,13,34,24,9,5,11,17,38,83,34,13,29,29,WAS,111,36,7,29,27,7,4,12,24,41,86,39,13,16,16,1
0022100104,2021-11-02,DAL,110,41,11,30,17,1,3,10,21,37,84,42,14,31,22,MIA,125,45,9,36,25,6,5,7,25,43,83,25,13,30,26,0
0022100103,2021-11-02,DET,89,43,14,29,21,5,5,14,22,30,93,47,8,30,21,MIL,117,52,9,43,28,7,8,17,23,42,84,37,17,21,16,0
0022100105,2021-11-02,UTA,119,59,15,44,16,7,6,17,23,43,98,48,14,27,19,SAC,113,38,6,32,24,8,8,11,24,42,93,31,12,24,17,1
0022100106,2021-11-02,PHX,112,42,7,35,32,8,4,19,17,43,82,26,9,18,17,NOP,100,43,14,29,21,17,6,18,16,36,91,39,13,16,15,1
0022100107,2021-11-02,LAL,119,43,11,32,26,10,4,17,19,49,93,25,6,20,15,HOU,117,38,11,27,27,8,4,25,21,48,91,42,16,12,5,1
0022100109,2021-11-03,IND,111,49,10,39,26,7,7,13,22,42,91,41,16,14,11,NYK,98,46,14,32,23,7,6,10,19,36,87,24,5,27,21,1
0022100108,2021-11-03,CLE,107,43,5,38,29,4,2,19,14,39,74,30,15,18,14,POR,104,39,10,29,24,12,6,9,19,40,90,37,13,17,11,1
0022100113,2021-11-03,BKN,117,42,7,35,34,7,8,16,18,43,88,48,22,12,9,ATL,108,52,12,40,23,8,4,14,16,41,94,35,13,15,13,1
0022100110,2021-11-03,ORL,79,46,8,38,15,8,1,15,20,27,84,43,9,20,16,BOS,92,50,9,41,24,7,9,11,20,33,79,37,10,25,16,0
0022100118,2021-11-03,SAC,112,37,4,33,27,8,7,8,21,42,80,30,10,22,18,NOP,99,40,8,32,24,1,3,17,16,37,86,34,12,15,13,1
0022100111,2021-11-03,PHI,103,35,5,30,24,9,4,14,15,38,77,28,12,21,15,CHI,98,47,9,38,19,11,4,16,17,38,82,21,6,18,16,1
0022100116,2021-11-03,SAS,108,40,5,35,25,10,10,15,24,43,88,21,7,20,15,DAL,109,56,15,41,21,10,4,19,23,40,93,34,8,29,21,0
0022100114,2021-11-03,MEM,108,36,3,33,28,9,7,12,16,42,81,34,16,14,8,DEN,106,44,11,33,24,7,4,12,16,43,91,27,8,13,12,1
0022100115,2021-11-03,MIN,115,39,15,24,27,11,2,17,16,43,94,40,14,16,15,LAC,126,35,3,32,33,6,7,21,14,47,78,36,21,12,11,0
0022100112,2021-11-03,WAS,100,44,10,34,19,6,7,13,15,34,78,32,8,30,24,TOR,109,42,10,32,17,10,3,12,23,41,88,25,10,20,17,0
0022100117,2021-11-03,GSW,114,53,7,46,33,14,4,17,17,42,86,45,18,18,12,CHA,92,49,9,40,18,10,2,16,14,34,91,36,10,19,14,1
0022100119,2021-11-04,DET,98,41,12,29,21,6,2,11,18,35,87,36,11,19,17,PHI,109,49,15,34,22,8,3,15,17,41,83,32,12,22,15,0
0022100121,2021-11-04,MIA,78,45,13,32,18,8,0,18,19,28,81,41,9,19,13,BOS,95,46,11,35,16,7,4,16,16,31,78,41,16,20,17,0
0022100122,2021-11-04,PHX,123,46,13,33,29,12,8,12,24,44,93,31,14,23,21,HOU,111,43,7,36,25,4,4,19,21,38,88,32,11,28,24,1
0022100123,2021-11-04,LAL,104,49,16,33,22,8,5,14,21,39,94,33,12,17,14,OKC,107,50,12,38,23,7,2,16,16,37,87,41,15,26,18,0
0022100120,2021-11-04,ATL,98,32,5,27,18,11,4,9,24,35,82,28,7,26,21,UTA,116,46,8,38,30,6,4,17,20,41,81,41,17,23,17,0
0022100124,2021-11-05,DET,90,44,7,37,17,11,6,14,22,33,87,34,11,18,13,BKN,96,45,4,41,25,3,4,17,21,36,80,27,11,14,13,0
0022100128,2021-11-05,MIL,98,37,7,30,19,5,5,15,20,33,82,43,16,21,16,NYK,113,59,20,39,16,12,4,15,17,41,96,40,10,26,21,0
0022100131,2021-11-05,POR,110,42,6,36,27,7,4,14,15,40,82,39,17,15,13,IND,106,40,7,33,28,8,2,11,18,43,88,42,14,10,6,1
0022100125,2021-11-05,ORL,89,43,7,36,23,9,12,18,13,35,89,41,12,10,7,SAS,102,48,5,43,23,11,7,13,14,40,90,19,6,18,16,0
0022100127,2021-11-05,TOR,101,45,19,26,20,10,8,10,19,42,99,27,12,9,5,CLE,102,39,11,28,22,4,3,18,13,38,83,30,10,19,16,0
0022100130,2021-11-05,GSW,126,49,9,40,36,10,4,11,16,47,91,50,20,14,12,NOP,85,42,11,31,23,6,3,19,18,31,88,44,11,16,12,1
0022100129,2021-11-05,MIN,84,42,7,35,17,8,7,22,33,31,89,52,17,7,5,LAC,104,62,15,47,18,12,4,17,16,36,88,28,6,32,26,0
0022100126,2021-11-05,WAS,115,53,5,48,34,4,6,19,13,49,84,25,10,13,7,MEM,87,39,12,27,19,12,4,9,15,34,96,31,6,17,13,1
0022100132,2021-11-05,SAC,140,56,13,43,29,5,1,18,21,48,87,44,22,26,22,CHA,110,28,7,21,29,8,5,10,19,43,92,35,11,21,13,1
0022100138,2021-11-06,POR,105,52,12,40,22,14,7,12,21,36,95,55,15,24,18,LAL,90,59,11,48,20,8,5,19,17,31,90,32,9,24,19,1
0022100135,2021-11-06,CHI,105,46,18,28,20,7,1,9,19,37,92,29,7,30,24,PHI,114,41,6,35,22,6,5,14,22,43,81,26,13,19,15,0
0022100137,2021-11-06,PHX,121,42,5,37,26,8,6,12,22,45,88,43,14,21,17,ATL,117,50,14,36,18,3,1,12,16,42,97,33,13,23,20,1
0022100136,2021-11-06,DAL,107,40,7,33,19,7,6,15,18,41,78,39,13,14,12,BOS,104,36,8,28,20,6,2,11,14,42,86,31,9,16,11,1
0022100133,2021-11-06,DEN,95,45,10,35,19,10,5,11,20,36,89,40,9,17,14,HOU,94,47,7,40,19,8,6,17,16,35,75,28,8,24,16,1
0022100134,2021-11-06,MIA,118,36,7,29,30,3,1,14,18,47,78,21,11,17,13,UTA,115,31,7,24,26,10,3,6,19,43,83,45,15,19,14,1
0022100142,2021-11-07,WAS,101,42,4,38,24,8,8,19,16,41,81,27,11,13,8,MIL,94,49,16,33,17,14,3,13,10,37,94,36,10,18,10,1
0022100139,2021-11-07,TOR,103,35,8,27,23,10,6,8,16,41,87,30,7,18,14,BKN,116,48,12,36,29,3,0,16,15,41,80,38,17,20,17,0
0022100143,2021-11-07,SAC,91,33,8,25,20,14,6,12,18,31,84,34,10,22,19,IND,94,54,13,41,13,8,7,21,24,37,83,25,6,18,14,0
0022100144,2021-11-07,OKC,99,57,15,42,21,5,7,15,14,35,94,42,12,20,17,SAS,94,46,11,35,29,9,10,10,16,41,100,30,6,9,6,1
0022100140,2021-11-07,NYK,109,32,7,25,21,9,9,11,14,39,85,31,9,24,22,CLE,126,48,11,37,31,8,2,17,18,49,90,35,19,11,9,0
0022100145,2021-11-07,GSW,120,41,7,34,31,12,3,17,28,44,85,46,15,20,17,HOU,107,42,12,30,17,11,3,21,16,36,79,33,10,37,25,1
0022100141,2021-11-07,ORL,107,39,7,32,24,8,8,13,22,43,87,32,12,11,9,UTA,100,50,16,34,21,10,7,18,17,34,89,42,8,29,24,1
0022100146,2021-11-07,LAC,120,50,7,43,24,8,5,20,16,41,86,48,18,21,20,CHA,106,44,12,32,20,13,2,13,21,41,101,33,10,18,14,1
0022100151,2021-11-08,DEN,113,49,12,37,28,7,5,10,23,42,91,41,12,24,17,MIA,96,37,6,31,22,3,3,13,20,31,78,36,13,25,21,1
0022100149,2021-11-08,MEM,125,51,15,36,28,7,8,16,22,46,92,28,11,26,22,MIN,118,45,15,30,23,7,8,16,27,41,97,45,17,23,19,1
0022100148,2021-11-08,CHI,118,56,15,41,21,8,5,9,17,46,98,31,9,20,17,BKN,95,42,6,36,19,6,7,15,16,34,86,33,11,19,16,1
0022100147,2021-11-08,PHI,96,47,12,35,20,7,6,9,13,35,91,40,13,16,13,NYK,103,55,14,41,25,4,4,13,18,40,91,40,13,13,10,0
0022100153,2021-11-08,SAC,104,46,8,38,18,6,6,24,18,37,82,24,10,26,20,PHX,109,38,5,33,28,14,9,15,21,44,93,30,12,11,9,0
0022100152,2021-11-08,GSW,127,39,10,29,31,13,4,14,22,44,92,44,18,22,21,ATL,113,35,3,32,21,6,2,18,16,38,82,43,17,26,20,1
0022100150,2021-11-08,DAL,108,46,9,37,27,7,3,13,15,43,85,35,14,13,8,NOP,92,39,9,30,27,7,0,14,16,37,87,34,9,11,9,1
0022100154,2021-11-08,LAL,126,51,8,43,30,11,8,15,23,44,91,32,13,35,25,CHA,123,55,14,41,23,5,3,18,23,43,99,42,14,28,23,1
0022100155,2021-11-09,PHI,109,46,13,33,21,7,7,7,20,42,103,43,14,12,11,MIL,118,52,12,40,21,5,6,9,10,44,95,39,15,21,15,0
0022100157,2021-11-09,LAC,117,43,5,38,25,5,0,8,17,44,85,30,16,19,13,POR,109,43,9,34,29,6,5,10,15,43,91,37,14,12,9,1
0022100156,2021-11-09,UTA,110,44,8,36,21,8,4,15,20,41,81,38,15,16,13,ATL,98,32,6,26,22,6,5,13,18,37,85,35,18,10,6,1
0022100170,2021-11-10,LAL,120,50,9,41,26,5,6,23,27,46,92,38,18,16,10,MIA,117,47,11,36,26,14,2,14,25,40,96,37,10,35,27,1
0022100161,2021-11-10,NYK,100,38,7,31,19,9,10,11,17,36,83,37,16,17,12,MIL,112,50,13,37,29,4,4,15,17,40,90,50,26,9,6,0
0022100169,2021-11-10,GSW,123,53,20,33,23,14,6,16,21,40,85,40,11,40,32,MIN,110,40,17,23,30,8,4,17,28,39,95,44,17,20,15,1
0022100159,2021-11-10,ORL,90,49,12,37,19,10,3,17,18,35,92,33,4,24,16,BKN,123,49,8,41,29,8,5,15,18,46,91,37,16,17,15,0
0022100167,2021-11-10,DEN,101,39,11,28,19,5,4,10,14,36,84,30,12,20,17,IND,98,48,10,38,22,5,11,15,19,40,84,31,11,11,7,1
0022100168,2021-11-10,PHX,119,39,9,30,27,6,6,11,20,49,94,28,11,12,10,POR,109,46,14,32,24,5,2,16,21,44,91,30,7,16,14,1
0022100166,2021-11-10,SAS,136,43,12,31,34,11,3,8,16,49,92,32,18,31,20,SAC,117,44,11,33,20,4,6,15,26,47,91,36,10,16,13,1
0022100163,2021-11-10,CHI,117,46,8,38,26,9,2,11,15,45,89,31,15,14,12,DAL,107,43,8,35,23,9,4,12,16,38,83,33,12,24,19,1
0022100165,2021-11-10,NOP,100,50,19,31,24,13,5,10,20,34,97,35,9,32,23,OKC,108,56,13,43,23,6,4,18,23,37,87,34,10,30,24,0
0022100160,2021-11-10,BOS,104,44,12,32,21,10,5,15,13,42,94,29,10,15,10,TOR,88,41,6,35,20,8,8,18,17,33,77,25,6,19,16,1
0022100158,2021-11-10,CLE,94,40,6,34,21,7,4,15,18,35,76,31,9,21,15,WAS,97,49,12,37,25,9,2,12,20,35,84,28,10,17,17,0
0022100162,2021-11-10,HOU,104,42,8,34,17,5,5,16,20,35,82,34,12,34,22,DET,112,49,16,33,23,6,6,14,26,42,97,48,16,18,12,0
0022100164,2021-11-10,MEM,108,57,20,37,27,14,8,16,18,45,107,38,9,15,9,CHA,118,49,9,40,32,13,7,17,16,41,90,36,15,24,21,0
0022100173,2021-11-11,LAC,112,42,9,33,20,9,9,12,14,43,91,37,11,17,15,MIA,109,50,18,32,18,9,4,15,21,43,97,41,9,17,14,1
0022100172,2021-11-11,UTA,100,37,7,30,22,6,4,12,16,39,83,32,9,23,13,IND,111,53,15,38,19,7,5,13,23,43,96,31,11,19,14,0
0022100171,2021-11-11,PHI,109,39,9,30,29,8,8,12,16,40,88,34,11,19,18,TOR,115,47,16,31,25,10,7,12,18,42,96,33,14,17,17,0
0022100175,2021-11-12,BOS,122,53,16,37,22,5,7,17,12,47,96,41,12,18,16,MIL,113,39,12,27,23,7,3,13,19,44,98,47,16,11,9,1
0022100184,2021-11-12,LAL,83,44,11,33,17,12,8,20,14,29,82,41,9,20,16,MIN,107,54,14,40,24,10,4,16,21,43,94,37,12,12,9,0
0022100179,2021-11-12,NOP,112,43,12,31,26,6,5,16,26,43,88,32,13,16,13,BKN,120,34,7,27,27,9,4,12,20,41,82,34,18,27,20,0
0022100174,2021-11-12,CHA,104,49,12,37,25,10,5,14,18,39,90,36,10,24,16,NYK,96,51,14,37,17,8,5,19,22,36,93,35,13,18,11,1
0022100178,2021-11-12,MEM,94,59,17,42,19,6,6,15,16,37,98,33,7,23,13,PHX,119,46,4,42,28,12,6,12,22,46,94,37,18,9,9,0
0022100177,2021-11-12,HOU,92,49,9,40,13,6,6,13,23,34,85,32,7,27,17,POR,104,52,11,41,21,10,4,14,27,34,87,36,11,31,25,0
0022100180,2021-11-12,OKC,105,52,16,36,13,8,6,10,18,42,99,30,10,15,11,SAC,103,49,11,38,20,5,7,14,12,38,95,41,14,17,13,1
0022100182,2021-11-12,DEN,105,49,10,39,26,6,5,8,21,40,90,35,10,20,15,ATL,96,50,14,36,20,2,5,8,20,38,93,28,5,21,15,1
0022100183,2021-11-12,GSW,119,47,12,35,27,15,3,16,15,45,93,46,15,16,14,CHI,93,38,7,31,18,9,2,20,16,34,78,27,8,22,17,1
0022100181,2021-11-12,SAS,109,41,3,38,30,3,3,13,17,41,84,30,13,20,14,DAL,123,48,10,38,30,9,7,6,18,46,100,45,18,19,13,0
0022100176,2021-11-12,CLE,98,40,8,32,27,12,6,21,11,39,82,41,14,9,6,DET,78,43,10,33,18,12,5,23,13,29,79,30,9,13,11,1
0022100185,2021-11-13,UTA,105,38,12,26,23,13,2,17,19,35,85,53,17,25,18,MIA,111,48,13,35,23,6,3,21,25,42,85,33,13,16,14,0
0022100191,2021-11-13,LAC,129,57,11,46,35,6,8,14,17,53,99,40,16,9,7,MIN,102,41,12,29,25,8,6,11,15,40,102,36,11,16,11,1
0022100186,2021-11-13,IND,118,37,7,30,33,7,10,15,21,47,82,28,14,15,10,PHI,113,46,18,28,16,11,2,14,22,38,89,23,12,29,25,1
0022100190,2021-11-13,CLE,91,39,9,30,17,10,4,11,19,31,81,38,10,22,19,BOS,89,47,10,37,20,7,3,20,16,33,78,23,6,18,17,1
0022100188,2021-11-13,NOP,112,37,8,29,29,5,6,14,22,38,79,29,14,25,22,MEM,101,39,13,26,21,6,6,9,19,38,88,24,8,21,17,1
0022100187,2021-11-13,ORL,92,44,14,30,21,7,5,13,15,31,92,40,13,20,17,WAS,104,48,7,41,29,6,7,16,17,42,84,35,12,10,8,0
0022100189,2021-11-13,TOR,121,39,15,24,21,9,1,13,25,44,87,34,13,31,20,DET,127,34,9,25,34,5,6,14,23,43,79,35,15,30,26,0
0022100193,2021-11-14,ATL,120,51,15,36,21,6,1,13,19,47,97,35,15,13,11,MIL,100,30,4,26,24,8,3,11,17,38,84,41,14,16,10,1
0022100196,2021-11-14,OKC,96,44,10,34,20,9,2,14,22,36,90,45,14,11,10,BKN,120,44,7,37,31,8,3,15,15,41,82,43,18,21,20,0
0022100195,2021-11-14,HOU,89,48,9,39,19,7,5,23,19,35,85,32,7,18,12,PHX,115,52,12,40,19,16,7,10,19,42,97,40,14,20,17,0
0022100197,2021-11-14,DEN,124,49,14,35,29,9,1,11,14,47,90,40,19,14,11,POR,95,36,8,28,22,8,4,13,15,35,80,39,13,13,12,1
0022100192,2021-11-14,LAL,114,46,9,37,28,6,5,16,16,43,83,31,15,17,13,SAS,106,43,11,32,28,9,2,15,17,40,90,36,16,15,10,1
0022100198,2021-11-14,LAC,90,44,9,35,16,7,7,20,15,29,81,34,11,21,21,CHI,100,45,7,38,19,9,4,15,20,38,86,29,11,14,13,0
0022100194,2021-11-14,CHA,106,39,4,35,23,10,2,13,21,42,88,36,14,12,8,GSW,102,49,11,38,31,8,7,15,17,38,90,39,9,25,17,1
0022100207,2021-11-15,OKC,90,42,9,33,26,6,10,20,15,34,83,41,15,10,7,MIA,103,45,8,37,22,11,5,19,13,37,82,40,18,13,11,0
0022100202,2021-11-15,ATL,129,46,9,37,32,10,7,11,17,47,85,30,14,32,21,ORL,111,41,12,29,30,8,5,16,27,43,95,43,16,14,9,1
0022100203,2021-11-15,NYK,92,46,8,38,22,1,5,12,15,37,86,34,11,10,7,IND,84,44,9,35,16,6,6,9,15,32,86,37,8,16,12,1
0022100206,2021-11-15,MIN,96,54,13,41,18,8,3,21,28,31,85,44,13,27,21,PHX,99,52,14,38,21,8,2,15,23,32,85,31,7,36,28,0
0022100200,2021-11-15,DET,107,47,16,31,23,7,2,18,10,39,96,47,13,17,16,SAC,129,47,11,36,32,11,5,14,17,52,98,33,16,11,9,0
0022100199,2021-11-15,CLE,92,42,7,35,18,6,3,14,18,32,83,40,16,16,12,BOS,98,46,6,40,23,7,6,14,16,36,78,29,10,20,16,0
0022100201,2021-11-15,WAS,105,42,6,36,23,9,4,6,22,39,84,28,10,25,17,NOP,100,45,7,38,20,2,3,12,25,30,74,21,11,34,29,1
0022100209,2021-11-15,LAL,103,43,8,35,19,10,5,19,15,36,79,32,6,31,25,CHI,121,36,4,32,31,9,2,17,21,49,89,34,15,11,8,0
0022100204,2021-11-15,DAL,111,44,10,34,30,7,2,9,19,45,90,36,14,10,7,DEN,101,46,10,36,20,4,5,12,16,40,84,32,9,17,12,1
0022100205,2021-11-15,MEM,136,49,7,42,33,14,8,10,21,52,96,41,16,20,16,HOU,102,46,14,32,24,6,5,18,16,36,95,38,11,26,19,1
0022100208,2021-11-15,POR,118,39,7,32,25,6,7,14,15,46,82,36,16,14,10,TOR,113,39,12,27,20,7,2,11,17,41,89,33,15,18,16,1
0022100211,2021-11-16,UTA,120,56,6,50,27,5,8,11,20,46,89,38,16,19,12,PHI,85,42,6,36,19,5,5,9,16,33,90,29,6,17,13,1
0022100212,2021-11-16,LAC,106,52,6,46,16,9,3,21,13,37,85,38,12,22,20,SAS,92,41,6,35,26,10,4,16,17,41,95,22,5,7,5,1
0022100210,2021-11-16,BKN,99,38,9,29,21,12,2,12,23,34,88,36,10,27,21,GSW,117,53,9,44,25,4,8,22,27,41,79,40,13,28,22,0
0022100219,2021-11-17,MIL,109,52,9,43,22,9,4,15,10,40,87,37,12,24,17,LAL,102,48,11,37,24,8,4,13,19,40,96,43,12,12,10,1
0022100218,2021-11-17,NYK,98,45,11,34,25,5,7,18,20,37,88,49,16,12,8,ORL,104,51,14,37,20,7,3,15,19,39,96,38,11,18,15,0
0022100214,2021-11-17,DET,97,42,8,34,16,13,5,13,20,34,80,28,8,28,21,IND,89,43,7,36,14,5,5,18,22,33,79,37,9,19,14,1
0022100220,2021-11-17,MIN,107,35,10,25,20,8,10,17,24,41,82,36,10,18,15,SAC,97,47,20,27,19,7,3,20,22,34,93,38,10,25,19,1
0022100215,2021-11-17,ATL,110,40,6,34,28,9,4,14,17,41,81,37,13,18,15,BOS,99,42,12,30,24,9,2,14,17,37,84,41,11,17,14,1
0022100216,2021-11-17,BKN,109,47,8,39,29,7,3,12,20,38,83,32,12,25,21,CLE,99,50,12,38,20,9,1,14,17,35,89,44,11,21,18,1
0022100217,2021-11-17,MIA,113,39,10,29,29,6,2,11,25,42,87,40,15,17,14,NOP,98,38,10,28,18,6,3,17,21,33,75,35,10,28,22,1
0022100223,2021-11-17,POR,112,44,12,32,26,10,5,17,19,37,84,31,11,28,27,CHI,107,36,10,26,23,7,9,15,23,39,83,29,13,20,16,1
0022100222,2021-11-17,PHX,105,49,8,41,27,6,7,8,9,41,93,39,13,14,10,DAL,98,49,8,41,28,5,2,10,14,38,91,32,16,6,6,1
0022100221,2021-11-17,OKC,101,56,9,47,18,10,6,14,19,41,92,39,10,16,9,HOU,89,46,9,37,16,6,4,14,14,32,90,42,12,19,13,1
0022100213,2021-11-17,CHA,97,59,16,43,30,6,8,11,16,42,96,32,10,6,3,WAS,87,48,11,37,23,7,5,11,12,33,90,42,8,16,13,1
0022100228,2021-11-18,DEN,89,46,10,36,22,6,4,11,14,32,89,36,12,16,13,PHI,103,45,6,39,22,5,7,10,18,43,85,29,11,12,6,0
0022100227,2021-11-18,MIN,115,47,12,35,30,5,9,13,17,41,86,49,21,15,12,SAS,90,42,11,31,26,7,6,12,12,35,84,32,6,19,14,1
0022100224,2021-11-18,CLE,89,42,13,29,22,6,3,20,11,34,80,39,12,16,9,GSW,104,34,5,29,36,12,2,11,17,41,83,43,15,8,7,0
0022100226,2021-11-18,MEM,120,47,12,35,28,8,7,12,17,52,96,26,11,6,5,LAC,108,34,7,27,24,6,6,14,15,42,90,39,16,8,8,1
0022100229,2021-11-18,UTA,119,46,10,36,34,8,9,24,18,44,80,46,19,13,12,TOR,103,35,14,21,24,10,3,13,13,39,94,38,10,17,15,1
0022100225,2021-11-18,MIA,112,41,7,34,27,10,1,6,13,41,82,26,10,24,20,WAS,97,37,5,32,25,4,3,17,19,38,77,36,15,10,6,1
0022100232,2021-11-19,BOS,130,51,12,39,22,7,2,14,20,44,88,30,11,38,31,LAL,108,33,7,26,20,5,6,12,29,39,84,30,12,24,18,1
0022100233,2021-11-19,BKN,115,43,14,29,19,6,13,11,19,41,91,33,10,25,23,ORL,113,45,11,34,26,7,6,13,25,40,89,38,14,25,19,1
0022100230,2021-11-19,CHA,121,45,6,39,28,8,7,17,26,44,81,31,12,28,21,IND,118,38,8,30,19,10,6,10,24,41,88,36,11,32,25,1
0022100236,2021-11-19,DEN,108,38,7,31,24,5,5,14,22,39,82,37,14,20,16,CHI,114,50,17,33,19,7,3,11,20,41,93,31,8,24,24,0
0022100237,2021-11-19,PHX,112,53,10,43,28,7,4,18,22,44,85,29,14,14,10,DAL,104,40,10,30,25,15,1,10,17,37,90,40,12,23,18,1
0022100231,2021-11-19,DET,102,35,11,24,21,11,7,13,22,32,80,42,14,30,24,GSW,105,48,14,34,22,8,4,19,23,38,80,30,12,21,17,0
0022100235,2021-11-19,NOP,94,55,12,43,19,9,1,13,12,38,87,30,13,8,5,LAC,81,43,8,35,22,7,4,12,12,34,90,37,9,5,4,1
0022100234,2021-11-19,MIL,96,53,6,47,21,9,5,13,18,31,83,41,12,26,22,OKC,89,53,11,42,17,6,4,12,22,32,91,48,12,21,13,1
0022100238,2021-11-19,SAC,89,40,11,29,15,8,4,15,18,32,84,37,9,25,16,TOR,108,53,13,40,20,9,9,17,24,38,84,31,12,24,20,0
0022100241,2021-11-20,WAS,103,35,9,26,22,6,2,20,19,36,74,30,11,23,20,MIA,100,37,10,27,21,7,3,14,26,38,81,27,7,20,17,1
0022100244,2021-11-20,MIL,117,60,11,49,25,6,5,14,18,37,82,40,19,37,24,ORL,108,39,6,33,26,5,3,10,24,39,98,51,19,14,11,1
0022100246,2021-11-20,POR,118,38,5,33,23,6,7,13,21,40,80,34,15,23,23,PHI,111,32,3,29,24,7,4,12,24,41,81,28,10,21,19,1
0022100240,2021-11-20,IND,111,46,8,38,28,11,9,11,16,42,91,38,14,18,13,NOP,94,52,11,41,17,7,5,16,14,35,88,18,6,19,18,1
0022100239,2021-11-20,NYK,106,37,4,33,25,12,7,15,23,33,78,41,18,26,22,HOU,99,48,13,35,21,5,8,22,21,38,84,39,10,22,13,1
0022100243,2021-11-20,BOS,111,48,8,40,28,4,7,7,11,41,88,39,17,14,12,OKC,105,54,15,39,23,5,0,10,15,39,96,42,18,16,9,1
0022100247,2021-11-20,SAC,105,35,8,27,20,8,5,8,14,41,91,31,10,21,13,UTA,123,52,14,38,20,5,2,13,16,46,91,39,17,17,14,0
0022100245,2021-11-20,MIN,138,50,18,32,28,12,6,13,26,49,91,41,20,28,20,MEM,95,33,10,23,21,7,5,16,24,29,83,32,9,35,28,1
0022100242,2021-11-20,ATL,115,46,8,38,24,6,6,12,22,43,82,34,12,21,17,CHA,105,51,20,31,26,6,2,10,22,43,102,40,10,15,9,1
0022100249,2021-11-21,DET,116,39,8,31,27,7,6,11,24,43,97,40,14,21,16,LAL,121,51,12,39,29,7,8,13,21,45,92,31,10,27,21,0
0022100250,2021-11-21,CHI,109,44,11,33,21,5,1,10,26,37,88,29,11,27,24,NYK,103,44,12,32,16,4,11,14,25,35,84,27,7,31,26,1
0022100248,2021-11-21,LAC,97,42,8,34,18,5,2,15,15,36,75,29,12,18,13,DAL,91,39,8,31,21,6,5,10,21,34,83,30,6,18,17,1
0022100251,2021-11-21,PHX,126,51,10,41,34,7,3,13,20,46,87,36,11,26,23,DEN,97,42,12,30,20,5,1,10,22,33,90,38,11,28,20,1
0022100252,2021-11-21,GSW,119,47,8,39,31,5,7,16,18,39,79,45,22,24,19,TOR,104,47,18,29,25,7,4,11,21,39,99,37,15,20,11,1
0022100259,2021-11-22,NOP,96,48,15,33,24,6,6,23,23,37,88,32,6,18,16,MIN,110,49,21,28,21,14,9,12,20,40,100,44,10,28,20,0
0022100253,2021-11-22,CLE,112,53,14,39,24,6,5,15,16,36,93,44,14,29,26,BKN,117,42,8,34,32,6,6,10,23,45,95,35,11,18,16,0
0022100258,2021-11-22,MIL,123,55,13,42,28,10,7,13,22,44,94,45,18,24,17,ORL,92,47,15,32,16,6,4,16,17,34,93,41,11,18,13,1
0022100257,2021-11-22,CHI,77,38,5,33,13,6,2,9,16,31,85,28,6,15,9,IND,109,59,11,48,27,7,12,13,15,40,90,31,13,18,16,0
0022100262,2021-11-22,SAC,94,49,11,38,17,4,0,14,19,33,80,31,7,29,21,PHI,102,45,11,34,19,9,6,7,20,36,85,32,9,27,21,0
0022100260,2021-11-22,SAS,111,44,11,33,23,9,4,15,16,49,93,20,5,16,8,PHX,115,44,11,33,25,10,0,15,18,45,88,27,12,16,13,0
0022100256,2021-11-22,BOS,108,58,11,47,19,10,3,15,24,39,92,35,12,19,18,HOU,90,42,4,38,19,5,4,15,20,31,83,42,11,24,17,1
0022100255,2021-11-22,ATL,113,44,8,36,25,6,6,8,16,42,87,34,14,16,15,OKC,101,50,16,34,24,5,5,10,15,39,97,38,10,14,13,1
0022100261,2021-11-22,UTA,118,46,10,36,26,5,10,14,20,41,87,43,17,25,19,MEM,119,50,16,34,24,10,4,7,20,42,95,35,13,27,22,0
0022100254,2021-11-22,WAS,103,65,20,45,23,6,6,18,20,36,94,37,9,27,22,CHA,109,36,6,30,21,11,4,10,22,40,91,31,15,24,14,0
0022100264,2021-11-23,NYK,106,52,7,45,23,7,4,17,23,37,82,34,15,21,17,LAL,100,50,13,37,23,8,3,12,17,34,91,36,11,30,21,1
0022100263,2021-11-23,DET,92,35,9,26,22,7,1,15,23,35,84,38,10,14,12,MIA,100,51,12,39,22,9,3,17,19,35,76,29,9,29,21,0
0022100266,2021-11-23,LAC,104,47,12,35,17,5,3,19,24,35,85,32,10,29,24,DAL,112,42,12,30,22,11,5,15,23,39,89,39,12,27,22,0
0022100265,2021-11-23,POR,119,43,12,31,25,12,7,9,18,45,88,39,15,20,14,DEN,100,37,7,30,26,6,5,19,15,38,78,33,15,11,9,1
0022100268,2021-11-24,IND,116,52,14,38,25,3,5,11,25,42,104,46,13,24,19,LAL,124,52,9,43,20,5,4,12,21,42,95,37,15,29,25,0
0022100274,2021-11-24,MIN,113,52,15,37,24,10,7,18,26,38,93,55,18,21,19,MIA,101,40,4,36,25,6,2,21,25,33,74,42,15,29,20,1
0022100270,2021-11-24,BOS,104,45,15,30,25,6,5,11,24,34,91,48,11,28,25,BKN,123,50,10,40,29,8,4,10,23,43,85,35,14,30,23,0
0022100278,2021-11-24,GSW,116,41,4,37,32,7,5,16,21,42,80,38,15,24,17,PHI,96,41,8,33,17,10,7,21,22,34,80,28,8,22,20,1
0022100267,2021-11-24,CLE,115,44,13,31,22,7,0,10,23,43,97,39,12,25,17,PHX,120,47,10,37,26,4,2,15,23,45,86,22,8,28,22,0
0022100279,2021-11-24,SAC,125,43,14,29,21,4,4,14,21,45,86,33,12,34,23,POR,121,43,13,30,27,9,1,15,26,44,94,38,12,25,21,1
0022100277,2021-11-24,SAS,106,44,15,29,27,8,4,12,16,43,100,33,12,10,8,ATL,124,44,8,36,26,10,5,11,11,45,88,26,12,24,22,0
0022100271,2021-11-24,HOU,118,46,7,39,27,5,6,22,16,42,84,36,17,22,17,CHI,113,40,8,32,26,12,6,14,22,44,96,35,15,12,10,1
0022100272,2021-11-24,MEM,113,40,11,29,25,6,3,15,20,42,82,29,9,26,20,TOR,126,34,11,23,25,8,4,10,20,47,89,30,14,21,18,0
0022100276,2021-11-24,OKC,104,43,4,39,21,7,4,13,18,37,82,36,15,22,15,UTA,110,43,7,36,19,11,8,10,15,39,86,47,15,20,17,0
0022100275,2021-11-24,NOP,127,52,12,40,33,13,2,11,26,44,96,29,12,32,27,WAS,102,45,13,32,23,5,3,19,23,36,84,31,7,36,23,1
0022100273,2021-11-24,MIL,114,56,10,46,23,5,6,16,18,42,87,36,15,17,15,DET,93,44,9,35,16,7,1,9,18,34,95,45,11,19,14,1
0022100269,2021-11-24,ORL,99,51,10,41,23,5,1,15,19,38,93,42,15,10,8,CHA,106,49,12,37,26,11,11,10,16,39,93,40,12,21,16,0
0022100288,2021-11-26,DEN,109,31,9,22,24,9,2,8,19,40,92,47,17,14,12,MIL,120,44,5,39,24,3,7,22,14,46,73,33,16,20,12,0
0022100281,2021-11-26,CHA,133,44,7,37,32,5,7,16,21,49,88,40,23,15,12,MIN,115,45,15,30,24,8,6,12,20,45,100,35,11,19,14,1
0022100282,2021-11-26,NYK,97,51,17,34,13,7,1,16,20,34,92,39,12,22,17,PHX,118,35,1,34,28,10,2,11,19,44,79,28,13,21,17,0
0022100290,2021-11-26,GSW,118,48,11,37,31,8,5,15,19,47,87,37,12,16,12,POR,103,37,7,30,23,7,2,10,13,36,86,38,13,23,18,1
0022100291,2021-11-26,LAL,137,51,9,42,32,9,6,19,27,51,102,44,15,28,20,SAC,141,56,16,40,32,11,4,15,26,54,120,45,14,29,19,0
0022100285,2021-11-26,MEM,100,36,10,26,27,8,7,13,19,37,91,38,12,19,14,ATL,132,49,9,40,33,8,5,12,15,52,89,27,13,21,15,0
0022100287,2021-11-26,SAS,96,53,8,45,21,7,6,11,15,38,87,24,6,19,14,BOS,88,51,12,39,20,4,8,11,20,34,92,34,10,15,10,1
0022100289,2021-11-26,UTA,97,43,9,34,17,6,8,18,22,36,80,33,13,18,12,NOP,98,39,6,33,27,8,4,14,21,38,89,27,11,13,11,0
0022100283,2021-11-26,ORL,88,36,5,31,18,7,5,15,16,30,80,32,7,30,21,CHI,123,47,6,41,32,11,1,14,24,48,86,34,17,16,10,0
0022100284,2021-11-26,IND,114,53,17,36,31,6,4,13,19,47,97,39,11,11,9,TOR,97,41,13,28,17,8,3,11,18,37,89,30,7,22,16,1
0022100286,2021-11-26,OKC,99,41,10,31,23,7,4,10,15,38,94,33,11,14,12,WAS,101,43,5,38,17,2,12,15,15,38,79,29,10,15,15,0
0022100280,2021-11-26,LAC,107,54,11,43,26,9,4,15,27,39,91,38,11,19,18,DET,96,52,13,39,17,8,4,15,19,33,90,33,8,26,22,1
0022100296,2021-11-27,CHI,104,47,10,37,22,6,4,23,20,38,81,39,11,21,17,MIA,107,36,9,27,23,13,1,10,19,37,86,40,14,22,19,0
0022100292,2021-11-27,PHI,120,44,12,32,27,13,5,16,25,39,93,34,12,39,30,MIN,121,54,11,43,22,7,6,21,31,48,96,36,14,16,11,0
0022100293,2021-11-27,ATL,90,52,13,39,18,8,6,7,17,33,93,37,9,20,15,NYK,99,50,8,42,20,4,3,10,17,36,82,29,11,22,16,0
0022100295,2021-11-27,CLE,105,51,10,41,28,3,9,13,18,41,90,39,14,12,9,ORL,92,43,8,35,21,11,5,9,16,35,88,32,8,23,14,1
0022100294,2021-11-27,BKN,107,47,10,37,25,7,5,20,15,42,84,23,7,21,16,PHX,113,41,11,30,17,11,1,13,17,41,92,38,13,21,18,0
0022100299,2021-11-27,UTA,127,41,7,34,24,9,4,18,25,45,80,35,20,22,17,NOP,105,45,14,31,27,8,3,15,20,40,93,35,8,21,17,1
0022100298,2021-11-27,DAL,114,35,9,26,23,7,4,7,21,42,89,38,14,22,16,WAS,120,43,7,36,28,4,4,15,18,45,78,24,9,26,21,0
0022100297,2021-11-27,HOU,146,41,10,31,36,5,4,15,25,51,95,49,23,31,21,CHA,143,39,16,23,31,10,5,11,23,48,103,50,20,30,27,1
0022100301,2021-11-28,IND,100,45,12,33,21,6,2,13,21,38,92,45,12,16,12,MIL,118,52,13,39,27,7,3,14,14,46,90,35,8,22,18,0
0022100303,2021-11-28,MEM,128,68,14,54,30,4,11,10,25,50,104,39,13,20,15,SAC,101,49,12,37,17,5,8,8,18,33,97,42,9,37,26,1
0022100302,2021-11-28,TOR,97,44,14,30,19,6,5,11,24,35,93,42,13,16,14,BOS,109,53,12,41,24,5,3,18,19,34,82,34,12,31,29,0
0022100300,2021-11-28,LAC,90,47,15,32,18,8,3,25,21,32,80,28,9,25,17,GSW,105,43,11,32,25,19,2,17,27,38,86,40,17,22,12,0
0022100304,2021-11-28,LAL,110,42,6,36,32,11,8,12,18,43,86,32,9,25,15,DET,106,53,12,41,29,5,4,17,20,38,89,33,13,19,17,1
0022100305,2021-11-29,PHI,101,55,12,43,24,7,6,11,19,39,97,33,10,18,13,ORL,96,55,8,47,20,7,6,12,21,37,90,33,8,18,14,1
0022100309,2021-11-29,MIN,100,47,8,39,25,8,5,14,25,36,82,35,9,26,19,IND,98,47,8,39,27,6,3,14,18,36,91,37,9,21,17,1
0022100312,2021-11-29,UTA,129,43,8,35,30,6,3,5,19,47,89,46,19,23,16,POR,107,42,12,30,19,1,3,9,18,42,91,31,11,17,12,1
0022100310,2021-11-29,DAL,96,33,7,26,20,8,7,10,15,39,89,39,12,15,6,CLE,114,48,5,43,29,3,4,20,22,45,80,19,10,18,14,0
0022100313,2021-11-29,LAC,104,35,4,31,17,2,2,15,16,37,72,36,14,21,16,NOP,123,47,14,33,30,11,1,8,21,48,94,35,14,16,13,0
0022100306,2021-11-29,MIA,111,39,12,27,32,2,1,9,18,43,91,44,15,15,10,DEN,120,35,5,30,32,2,1,13,18,43,74,35,18,21,16,0
0022100308,2021-11-29,HOU,102,60,9,51,31,7,5,14,19,40,96,46,15,11,7,OKC,89,45,4,41,16,10,10,13,14,31,87,43,7,26,20,1
0022100311,2021-11-29,SAS,116,51,15,36,28,4,6,10,15,49,92,18,8,16,10,WAS,99,40,12,28,26,5,3,7,15,41,92,31,9,13,8,1
0022100307,2021-11-29,CHI,133,41,5,36,35,3,5,11,19,53,89,30,14,19,13,CHA,119,34,5,29,23,7,9,9,14,42,88,39,18,21,17,1
0022100318,2021-11-30,SAC,92,40,9,31,22,11,4,20,21,35,79,29,6,22,16,LAL,117,47,10,37,21,10,6,15,20,46,92,28,11,20,14,0
0022100314,2021-11-30,BKN,112,38,9,29,27,7,7,9,14,41,85,28,8,25,22,NYK,110,42,10,32,27,5,2,11,21,44,91,32,11,12,11,1
0022100316,2021-11-30,PHX,104,35,8,27,28,12,4,13,12,43,87,30,12,11,6,GSW,96,51,15,36,25,7,5,23,13,36,86,40,14,14,10,1
0022100315,2021-11-30,TOR,91,44,11,33,14,7,9,18,21,36,91,39,10,12,9,MEM,98,54,18,36,18,13,10,17,15,36,93,34,10,19,16,0
0022100317,2021-11-30,POR,110,43,10,33,24,8,5,11,22,41,96,42,14,18,14,DET,92,45,7,38,17,4,7,19,20,29,76,35,9,30,25,1
0022100321,2021-12-01,WAS,115,52,14,38,34,6,7,14,23,45,91,32,10,21,15,MIN,107,39,12,27,15,3,6,13,23,37,88,37,11,26,22,1
0022100322,2021-12-01,BOS,88,46,4,42,18,5,8,13,15,33,79,28,11,15,11,PHI,87,46,8,38,20,7,9,7,17,33,89,31,8,17,13,1
0022100327,2021-12-01,LAC,115,49,17,32,35,8,6,13,15,47,100,31,9,16,12,SAC,124,38,7,31,28,8,1,12,16,46,88,38,15,20,17,0
0022100319,2021-12-01,IND,111,40,8,32,23,8,4,10,18,44,90,33,10,16,13,ATL,114,41,7,34,24,4,8,13,15,44,86,33,16,12,10,0
0022100323,2021-12-01,MIA,85,28,9,19,21,8,4,13,17,32,85,37,12,13,9,CLE,111,46,6,40,27,8,14,21,15,37,68,31,16,23,21,0
0022100325,2021-12-01,NOP,107,32,16,16,22,10,1,16,12,40,89,37,13,16,14,DAL,139,34,9,25,32,7,2,18,19,57,83,34,18,9,7,0
0022100320,2021-12-01,ORL,108,39,1,38,26,8,6,13,15,44,81,27,6,19,14,DEN,103,35,1,34,22,5,4,15,19,39,80,34,10,21,15,1
0022100326,2021-12-01,OKC,110,35,10,25,16,9,6,13,21,40,85,32,8,29,22,HOU,114,40,8,32,25,9,12,19,25,40,79,37,15,22,19,0
0022100324,2021-12-01,MIL,127,45,9,36,29,10,1,13,20,46,94,36,14,26,21,CHA,125,36,3,33,30,8,9,17,21,43,87,51,21,21,18,1
0022100329,2021-12-02,TOR,97,47,15,32,23,10,7,14,24,37,88,40,14,14,9,MIL,93,47,16,31,16,4,4,15,12,32,85,31,11,25,18,1
0022100332,2021-12-02,POR,83,41,8,33,19,8,6,18,20,29,82,34,12,17,13,SAS,114,48,6,42,32,10,5,14,15,44,91,36,14,16,12,0
0022100328,2021-12-02,NYK,115,39,10,29,19,10,8,18,20,42,82,26,9,27,22,CHI,119,39,13,26,24,10,8,15,22,44,89,29,11,21,20,0
0022100330,2021-12-02,MEM,152,53,14,39,41,16,9,10,15,60,96,36,19,18,13,OKC,79,26,8,18,14,2,5,20,14,25,76,38,11,22,18,1
0022100331,2021-12-02,PHX,114,44,6,38,23,8,3,15,20,43,79,21,12,23,16,DET,103,36,7,29,20,6,6,13,22,36,80,27,11,26,20,1
0022100333,2021-12-03,IND,104,39,12,27,20,7,3,13,19,35,80,36,9,33,25,MIA,113,38,9,29,24,5,6,13,22,43,81,34,16,13,11,0
0022100336,2021-12-03,BKN,110,41,7,34,26,4,4,17,31,36,76,23,6,41,32,MIN,105,44,16,28,22,5,4,18,25,36,93,42,13,24,20,1
0022100337,2021-12-03,HOU,118,35,7,28,33,7,5,12,16,44,92,47,17,15,13,ORL,116,45,10,35,24,6,4,18,21,42,86,37,13,21,19,1
0022100335,2021-12-03,ATL,96,47,11,36,20,5,3,15,20,31,76,28,10,30,24,PHI,98,40,6,34,22,8,5,11,24,38,81,22,9,17,13,0
0022100340,2021-12-03,GSW,118,51,11,40,30,10,8,17,29,45,92,39,19,12,9,PHX,96,38,9,29,23,9,3,16,15,31,81,22,8,35,26,1
0022100339,2021-12-03,UTA,137,44,9,35,26,3,3,20,27,45,81,51,27,23,20,BOS,130,30,5,25,23,9,3,6,22,47,91,39,14,22,22,1
0022100334,2021-12-03,WAS,101,33,3,30,21,5,4,10,22,38,82,31,10,19,15,CLE,116,54,15,39,30,2,5,16,19,42,89,30,13,25,19,0
0022100338,2021-12-03,DAL,91,42,5,37,17,4,3,15,23,32,79,34,10,26,17,NOP,107,55,13,42,30,5,5,10,26,37,90,30,12,28,21,0
0022100341,2021-12-03,LAL,115,43,13,30,28,8,3,12,19,45,90,33,12,21,13,LAC,119,34,6,28,28,5,3,10,19,41,81,35,16,24,21,0
0022100344,2021-12-04,MIL,124,57,19,38,32,3,6,14,22,44,98,50,18,20,18,MIA,102,39,9,30,29,6,5,15,17,34,84,43,17,24,17,1
0022100346,2021-12-04,GSW,107,45,11,34,26,6,2,13,18,40,90,39,13,21,14,SAS,112,45,11,34,24,10,4,12,17,42,88,35,12,19,16,0
0022100347,2021-12-04,POR,117,32,9,23,22,7,2,9,21,42,89,29,8,32,25,BOS,145,46,12,34,26,5,7,12,21,49,87,37,21,29,26,0
0022100343,2021-12-04,BKN,107,55,15,40,28,8,6,7,19,46,111,25,8,9,7,CHI,111,47,7,40,22,4,10,9,12,41,86,31,10,27,19,0
0022100342,2021-12-04,NYK,99,40,16,24,23,7,3,11,12,35,88,40,12,21,17,DEN,113,42,8,34,30,10,5,13,19,44,84,43,20,5,5,0
0022100348,2021-12-04,SAC,104,51,11,40,19,8,8,17,25,36,86,34,12,25,20,LAC,99,47,9,38,23,7,3,18,24,34,89,34,13,27,18,1
0022100345,2021-12-04,DAL,90,42,14,28,19,10,1,15,21,31,92,43,15,19,13,MEM,97,52,10,42,20,10,5,23,23,37,76,26,9,24,14,0
0022100352,2021-12-05,HOU,118,40,11,29,24,3,3,14,23,39,79,40,17,29,23,NOP,108,50,22,28,19,9,9,8,26,40,94,38,10,25,18,1
0022100349,2021-12-05,CLE,108,45,15,30,20,12,5,14,8,42,91,38,14,13,10,UTA,109,46,14,32,24,8,5,17,14,40,90,48,20,10,9,0
0022100351,2021-12-05,TOR,102,47,10,37,22,3,1,8,24,38,85,23,8,24,18,WAS,90,43,6,37,20,4,5,10,22,30,73,25,8,29,22,1
0022100350,2021-12-05,ATL,127,45,10,35,29,4,3,11,19,48,93,37,17,18,14,CHA,130,39,7,32,21,9,3,6,18,46,86,37,17,28,21,0
0022100361,2021-12-06,GSW,126,43,7,36,28,15,2,15,19,43,87,40,20,29,20,ORL,95,38,5,33,18,10,4,23,20,33,76,38,11,22,18,1
0022100353,2021-12-06,CHA,124,42,13,29,31,6,6,8,18,48,107,46,16,17,12,PHI,127,49,8,41,28,6,9,15,19,46,87,36,15,27,20,0
0022100360,2021-12-06,PHX,108,49,15,34,27,6,4,17,20,43,94,29,10,18,12,SAS,104,41,9,32,31,12,6,15,18,40,93,29,11,19,13,1
0022100359,2021-12-06,MIN,110,50,16,34,22,9,5,8,17,39,98,40,17,19,15,ATL,121,49,11,38,31,5,8,12,20,40,90,49,25,19,16,0
0022100358,2021-12-06,MIL,112,53,8,45,21,7,5,17,20,40,86,32,13,24,19,CLE,104,39,7,32,27,8,4,10,17,35,90,46,15,20,19,1
0022100357,2021-12-06,CHI,109,55,13,42,25,4,7,11,15,41,91,35,13,20,14,DEN,97,50,11,39,30,5,2,11,17,38,96,32,11,15,10,1
0022100362,2021-12-06,POR,90,45,7,38,16,6,6,18,19,35,79,22,5,20,15,LAC,102,37,7,30,18,8,7,13,21,41,92,36,11,14,9,0
0022100354,2021-12-06,DET,103,52,16,36,21,8,7,17,26,41,99,41,16,6,5,OKC,114,40,6,34,22,10,11,11,13,41,82,25,9,30,23,0
0022100356,2021-12-06,MIA,90,36,7,29,26,11,6,23,19,35,76,22,6,17,14,MEM,105,47,16,31,26,11,6,19,18,38,89,33,13,21,16,0
0022100355,2021-12-06,IND,116,40,13,27,25,10,10,16,20,43,82,23,9,22,21,WAS,110,30,9,21,25,11,2,12,19,43,81,15,7,21,17,1
0022100363,2021-12-07,DAL,99,39,10,29,21,6,2,4,15,36,90,46,9,22,18,BKN,102,50,8,42,28,3,4,12,22,42,83,26,8,13,10,0
0022100364,2021-12-07,SAS,109,43,13,30,30,5,4,10,18,41,92,31,12,20,15,NYK,121,52,17,35,22,7,5,11,19,43,91,38,18,19,17,0
0022100365,2021-12-07,LAL,117,51,13,38,25,7,4,16,21,48,93,27,8,17,13,BOS,102,34,7,27,27,8,4,13,16,36,82,33,10,29,20,1
0022100370,2021-12-08,MIA,113,42,6,36,32,6,6,22,23,40,77,47,22,12,11,MIL,104,41,12,29,18,11,4,19,20,36,85,39,12,27,20,1
0022100372,2021-12-08,HOU,114,38,9,29,23,9,9,14,23,40,81,41,14,29,20,BKN,104,44,14,30,18,7,3,13,23,35,89,33,8,31,26,1
0022100369,2021-12-08,IND,122,42,9,33,27,8,4,11,19,46,86,27,10,25,20,NYK,102,36,11,25,17,6,8,13,20,36,86,30,9,23,21,1
0022100377,2021-12-08,SAC,142,43,12,31,24,8,7,8,22,53,97,34,15,25,21,ORL,130,43,17,26,29,2,5,13,18,48,97,34,16,23,18,1
0022100366,2021-12-08,CHA,106,35,8,27,22,7,4,19,24,39,80,29,10,21,18,PHI,110,36,8,28,23,6,4,17,21,36,75,34,13,30,25,0
0022100376,2021-12-08,GSW,104,47,10,37,22,9,3,16,19,33,83,46,14,31,24,POR,94,42,7,35,24,5,3,16,24,33,80,30,8,28,20,1
0022100378,2021-12-08,LAC,114,38,9,29,20,13,7,20,18,40,85,32,14,22,20,BOS,111,47,14,33,26,11,3,23,21,41,86,32,10,21,19,1
0022100367,2021-12-08,CLE,115,42,5,37,28,10,8,16,22,44,80,28,13,16,14,CHI,92,37,11,26,21,6,3,18,17,35,84,26,7,21,15,1
0022100373,2021-12-08,MEM,96,40,12,28,23,14,3,13,23,36,90,31,9,25,15,DAL,104,47,10,37,24,5,6,19,21,37,77,33,12,23,18,0
0022100375,2021-12-08,NOP,114,46,10,36,32,8,5,25,22,47,90,30,11,12,9,DEN,120,33,5,28,28,12,4,12,19,45,88,32,9,27,21,0
0022100371,2021-12-08,TOR,109,46,13,33,27,6,5,13,19,42,93,41,15,15,10,OKC,110,40,7,33,28,12,3,14,18,38,84,40,17,20,17,0
0022100374,2021-12-08,MIN,104,37,9,28,19,9,3,16,17,38,95,47,17,17,11,UTA,136,48,6,42,26,6,4,15,20,50,88,54,25,15,11,0
0022100368,2021-12-08,DET,116,37,7,30,22,9,4,16,26,37,79,24,13,35,29,WAS,119,45,13,32,27,6,8,17,21,42,88,32,12,28,23,0
0022100380,2021-12-09,MEM,108,47,14,33,28,18,5,13,14,41,94,42,14,18,12,LAL,95,45,7,38,26,8,6,22,15,36,78,30,12,17,11,1
0022100381,2021-12-09,SAS,123,54,14,40,32,5,7,14,21,46,88,35,15,22,16,DEN,111,33,5,28,29,7,5,9,21,42,94,39,15,13,12,1
0022100379,2021-12-09,PHI,96,34,6,28,17,9,4,12,20,38,88,33,6,15,14,UTA,118,52,16,36,22,7,5,12,14,43,91,40,15,24,17,0
0022100389,2021-12-10,OKC,95,51,19,32,21,9,3,15,17,38,96,44,10,14,9,LAL,116,47,12,35,23,12,3,16,14,41,87,42,19,20,15,0
0022100386,2021-12-10,HOU,114,40,12,28,30,9,4,16,28,42,89,46,19,20,11,MIL,123,48,13,35,19,11,8,15,21,42,83,39,15,32,24,0
0022100384,2021-12-10,ATL,105,49,16,33,21,10,3,15,19,37,94,34,11,24,20,BKN,113,41,9,32,26,9,7,14,22,46,93,23,6,16,15,0
0022100385,2021-12-10,TOR,90,48,12,36,21,9,7,8,19,30,87,35,12,23,18,NYK,87,55,14,41,18,4,2,15,17,29,81,34,9,24,20,1
0022100382,2021-12-10,CHA,124,39,11,28,29,9,8,16,20,48,87,35,14,20,14,SAC,123,48,20,28,22,11,4,14,20,48,101,41,14,17,13,1
0022100390,2021-12-10,PHX,111,53,14,39,25,4,9,12,21,43,96,38,14,11,11,BOS,90,46,15,31,13,7,6,13,17,35,93,26,4,24,16,1
0022100387,2021-12-10,MIN,106,40,10,30,24,9,5,14,19,36,92,39,11,28,23,CLE,123,47,6,41,34,8,7,17,23,46,85,33,13,22,18,0
0022100383,2021-12-10,IND,106,44,13,31,28,7,3,13,19,41,87,36,13,12,11,DAL,93,37,12,25,18,7,2,14,18,39,84,29,4,12,11,1
0022100388,2021-12-10,NOP,109,60,15,45,29,6,4,16,16,41,95,37,13,16,14,DET,93,38,7,31,22,7,6,13,15,35,90,37,12,12,11,1
0022100391,2021-12-11,LAC,106,45,12,33,27,7,1,8,17,42,92,36,18,6,4,ORL,104,45,10,35,21,4,5,11,11,35,80,33,12,24,22,1
0022100393,2021-12-11,CLE,117,47,7,40,27,13,6,14,24,41,88,31,12,28,23,SAC,103,48,11,37,19,8,6,17,21,41,93,28,7,22,14,1
0022100394,2021-12-11,MIA,118,50,12,38,37,8,6,10,21,46,93,43,19,9,7,CHI,92,34,7,27,22,5,3,16,15,31,83,40,17,20,13,1
0022100397,2021-12-11,SAS,112,45,14,31,28,4,4,17,18,41,89,27,10,29,20,DEN,127,41,10,31,33,9,8,12,25,47,93,43,20,14,13,0
0022100396,2021-12-11,PHI,102,44,5,39,19,7,5,13,16,35,76,27,9,26,23,GSW,93,42,10,32,21,5,5,13,22,34,85,48,12,18,13,1
0022100395,2021-12-11,MEM,113,38,9,29,22,10,3,11,24,40,80,29,11,36,22,HOU,106,40,12,28,25,5,6,16,25,38,77,33,11,29,19,1
0022100392,2021-12-11,WAS,98,39,9,30,17,3,3,13,15,41,89,25,8,14,8,UTA,123,49,12,37,28,5,5,9,14,48,93,39,13,17,14,0
0022100398,2021-12-12,NYK,97,37,8,29,27,12,2,17,16,35,82,49,17,13,10,MIL,112,46,12,34,27,11,1,15,12,42,88,41,14,17,14,0
0022100402,2021-12-12,POR,111,45,12,33,25,9,8,19,25,37,81,48,18,28,19,MIN,116,42,10,32,23,9,2,17,22,38,85,36,14,32,26,0
0022100399,2021-12-12,DET,104,40,8,32,24,11,5,21,22,39,92,37,14,18,12,BKN,116,43,8,35,28,8,6,18,20,41,87,28,11,25,23,0
0022100403,2021-12-12,LAL,106,44,6,38,24,12,11,14,17,41,84,28,13,17,11,ORL,94,47,14,33,17,6,4,19,13,33,88,38,13,19,15,1
0022100401,2021-12-12,SAS,112,55,15,40,31,11,5,14,19,45,91,25,7,20,15,NOP,97,42,11,31,24,8,4,14,17,40,94,29,8,15,9,1
0022100400,2021-12-12,OKC,84,39,3,36,19,3,7,11,25,30,80,37,13,16,11,DAL,103,54,10,44,25,5,5,9,18,38,90,33,9,23,18,0
0022100404,2021-12-13,CLE,105,42,8,34,24,6,1,14,16,36,81,36,16,18,17,MIA,94,39,11,28,26,4,4,16,15,38,85,40,13,9,5,1
0022100408,2021-12-13,BOS,117,40,7,33,31,6,5,13,15,43,86,47,20,13,11,MIL,103,45,11,34,22,8,3,14,14,40,90,36,11,15,12,1
0022100409,2021-12-13,MEM,126,50,11,39,29,12,6,11,20,47,89,34,14,23,18,PHI,91,38,5,33,22,5,10,15,19,37,83,22,4,19,13,1
0022100412,2021-12-13,LAC,111,45,8,37,24,5,7,17,20,43,78,21,9,23,16,PHX,95,41,13,28,22,10,3,11,23,36,96,29,7,19,16,1
0022100406,2021-12-13,TOR,124,46,8,38,28,10,8,10,19,53,98,31,11,10,7,SAC,101,53,19,34,21,5,4,17,16,38,94,34,11,21,14,1
0022100405,2021-12-13,IND,100,42,13,29,16,11,5,10,18,35,87,30,7,31,23,GSW,102,47,9,38,21,6,6,18,25,42,84,30,8,14,10,0
0022100407,2021-12-13,ATL,126,40,8,32,20,9,6,12,26,42,85,39,15,31,27,HOU,132,45,12,33,27,8,5,11,24,46,96,46,19,27,21,0
0022100411,2021-12-13,DEN,113,49,4,45,26,8,2,13,19,37,79,32,10,33,29,WAS,107,41,6,35,25,7,5,10,26,41,90,34,12,21,13,1
0022100410,2021-12-13,DAL,120,50,14,36,28,4,8,13,19,43,83,41,19,17,15,CHA,96,38,18,20,22,8,2,10,18,34,86,37,13,24,15,1
0022100416,2021-12-14,POR,107,48,12,36,23,7,3,14,18,40,96,41,13,22,14,PHX,111,49,8,41,30,7,0,14,24,44,93,31,11,15,12,0
0022100414,2021-12-14,NYK,96,35,4,31,18,6,6,9,21,30,83,42,16,22,20,GSW,105,49,7,42,28,3,6,12,22,35,77,40,15,27,20,0
0022100413,2021-12-14,BKN,131,60,19,41,28,7,5,18,20,50,103,39,14,23,17,TOR,129,41,13,28,26,6,6,12,21,48,105,52,18,19,15,1
0022100420,2021-12-15,DAL,104,51,8,43,22,4,3,11,21,39,98,44,12,17,14,LAL,107,46,4,42,24,8,2,14,20,39,90,39,15,18,14,0
0022100419,2021-12-15,PHI,96,35,4,31,26,9,5,11,19,35,79,37,12,17,14,MIA,101,44,9,35,25,5,3,18,18,35,78,44,18,17,13,0
0022100424,2021-12-15,DEN,107,42,9,33,33,5,3,18,15,38,84,39,14,23,17,MIN,124,39,6,33,24,10,5,12,23,45,88,48,23,16,11,0
0022100421,2021-12-15,MIL,114,38,10,28,25,10,3,9,11,44,90,29,14,15,12,IND,99,45,11,34,24,6,6,19,16,39,83,38,11,11,10,1
0022100418,2021-12-15,ORL,99,46,12,34,25,4,2,17,17,35,90,35,10,21,19,ATL,111,40,6,34,25,11,5,13,16,42,85,31,11,16,16,0
0022100422,2021-12-15,OKC,110,42,8,34,22,8,4,8,25,39,93,35,13,19,19,NOP,113,49,10,39,23,6,3,12,19,39,80,28,11,36,24,0
0022100417,2021-12-15,CLE,124,44,9,35,26,6,5,17,25,45,80,40,18,24,16,HOU,89,41,10,31,20,13,1,17,21,30,78,29,5,35,24,1
0022100425,2021-12-15,UTA,124,44,8,36,26,11,4,10,18,47,89,37,15,20,15,LAC,103,42,8,34,24,6,5,16,22,40,85,30,10,20,13,1
0022100426,2021-12-15,POR,103,38,5,33,18,9,6,15,21,31,82,38,15,28,26,MEM,113,53,11,42,22,10,5,16,21,39,82,32,11,30,24,0
0022100427,2021-12-15,SAC,119,39,6,33,25,7,6,11,21,45,82,26,8,29,21,WAS,105,39,7,32,20,8,3,11,22,42,89,24,5,21,16,1
0022100423,2021-12-15,SAS,115,38,11,27,27,5,3,8,14,39,90,37,12,25,25,CHA,131,48,9,39,34,3,4,13,16,51,86,34,18,16,11,0
0022100431,2021-12-16,HOU,103,29,5,24,29,4,4,19,25,34,68,32,11,30,24,NYK,116,40,15,25,25,8,6,12,26,39,83,36,17,25,21,0
0022100429,2021-12-16,BKN,114,48,10,38,21,4,3,15,15,44,89,23,11,16,15,PHI,105,38,5,33,19,10,4,9,22,39,89,34,10,20,17,1
0022100432,2021-12-16,PHX,118,47,9,38,25,9,2,20,23,42,79,29,9,26,25,WAS,98,32,6,26,22,11,3,16,21,40,82,21,6,19,12,1
0022100428,2021-12-16,IND,122,41,8,33,26,6,7,9,21,45,91,32,7,28,25,DET,113,37,6,31,20,6,4,12,23,40,81,25,7,30,26,1
0022100436,2021-12-17,MIN,110,61,15,46,23,13,6,15,25,41,98,44,12,24,16,LAL,92,36,1,35,26,6,7,18,22,30,78,43,12,29,20,1
0022100433,2021-12-17,ORL,105,36,9,27,23,10,5,11,19,43,89,32,11,10,8,MIA,115,46,14,32,25,5,5,17,14,41,82,35,19,19,14,0
0022100438,2021-12-17,NOP,116,57,13,44,34,10,3,20,13,42,89,37,13,30,19,MIL,112,44,12,32,16,12,5,13,19,45,104,47,14,10,8,1
0022100437,2021-12-17,UTA,126,50,13,37,26,5,6,13,18,46,93,37,13,26,21,SAS,128,43,11,32,27,8,4,7,18,50,100,41,15,18,13,0
0022100434,2021-12-17,ATL,115,37,10,27,22,6,3,15,17,41,88,24,7,34,26,DEN,133,38,4,34,35,9,7,17,22,50,86,38,17,18,16,0
0022100435,2021-12-17,BOS,107,45,11,34,20,5,2,16,19,36,82,41,15,29,20,GSW,111,45,12,33,27,9,8,14,25,39,90,46,16,21,17,0
0022100440,2021-12-17,SAC,105,45,10,35,21,5,6,18,20,36,88,35,13,26,20,MEM,124,50,12,38,25,11,3,13,21,45,97,24,13,27,21,0
0022100439,2021-12-17,POR,125,41,7,34,27,7,6,17,20,44,85,47,21,18,16,CHA,116,38,10,28,29,8,4,13,19,44,92,37,13,18,15,1
0022100445,2021-12-18,BOS,114,45,12,33,23,6,3,13,20,42,89,45,17,17,13,NYK,107,42,8,34,18,8,6,14,21,35,80,36,13,30,24,1
0022100442,2021-12-18,BKN,93,51,16,35,24,8,8,16,14,39,102,46,9,8,6,ORL,100,50,12,38,20,6,4,16,14,39,94,31,10,13,12,0
0022100446,2021-12-18,MIL,90,44,13,31,18,8,4,17,15,35,89,38,12,11,8,CLE,119,46,9,37,36,11,3,15,13,45,90,45,16,14,13,0
0022100443,2021-12-18,TOR,119,41,12,29,26,13,3,11,21,45,90,38,14,23,15,GSW,100,47,11,36,26,5,5,20,21,37,79,36,11,21,15,1
0022100441,2021-12-18,DET,107,42,15,27,29,8,6,21,24,43,93,36,10,16,11,HOU,116,47,13,34,27,15,5,19,18,46,93,38,14,17,10,0
0022100444,2021-12-18,OKC,104,55,17,38,23,4,4,16,18,43,92,31,12,10,6,LAC,103,39,7,32,26,11,3,13,16,37,83,39,16,19,13,1
0022100447,2021-12-18,UTA,103,46,8,38,17,5,6,16,23,35,81,44,14,30,19,WAS,109,47,11,36,27,7,4,9,23,42,94,31,9,20,16,0
0022100448,2021-12-19,CHI,115,43,16,27,20,10,3,10,17,40,93,30,10,31,25,LAL,110,46,9,37,25,6,8,20,25,42,82,34,12,22,14,1
0022100449,2021-12-19,DET,100,47,6,41,24,4,2,15,28,35,75,32,8,30,22,MIA,90,39,8,31,23,4,3,13,27,28,74,43,13,33,21,1
0022100450,2021-12-19,MEM,100,33,10,23,22,13,5,8,22,35,91,34,9,25,21,POR,105,51,9,42,17,4,9,25,18,35,74,32,11,28,24,0
0022100451,2021-12-19,SAC,121,40,11,29,23,11,3,12,19,46,91,25,14,18,15,SAS,114,44,13,31,24,7,8,14,12,45,91,25,12,13,12,1
0022100455,2021-12-19,MIN,111,37,6,31,26,6,3,9,22,36,77,34,15,31,24,DAL,105,41,7,34,27,5,2,12,25,36,82,41,12,22,21,1
0022100456,2021-12-19,PHX,137,57,10,47,35,5,8,18,21,54,95,41,20,13,9,CHA,106,43,13,30,26,12,6,9,12,36,100,45,10,28,24,1
0022100457,2021-12-20,BOS,103,42,11,31,16,9,5,18,23,38,82,27,7,25,20,PHI,108,34,2,32,20,11,7,17,23,36,72,25,10,31,26,0
0022100462,2021-12-20,GSW,113,42,10,32,28,12,9,16,18,46,88,37,15,9,6,SAC,98,37,6,31,23,10,3,21,9,37,83,32,13,16,11,1
0022100463,2021-12-20,LAC,92,43,9,34,18,6,5,15,15,34,87,32,9,20,15,SAS,116,66,23,43,37,11,4,12,19,50,114,37,12,6,4,0
0022100459,2021-12-20,CHI,133,34,9,25,33,7,5,8,23,47,88,35,16,24,23,HOU,118,35,7,28,27,4,4,14,17,44,78,33,12,24,18,1
0022100460,2021-12-20,MEM,99,51,17,34,24,9,2,12,21,39,101,32,11,13,10,OKC,102,47,9,38,24,7,7,14,17,36,84,38,11,28,19,0
0022100461,2021-12-20,UTA,112,68,22,46,21,4,6,17,14,34,96,53,16,37,28,CHA,102,51,11,40,27,7,4,13,25,39,101,43,15,9,9,1
0022100468,2021-12-21,DAL,114,44,10,34,30,11,3,11,22,42,86,34,11,23,19,MIN,102,39,9,30,26,4,5,17,22,36,79,40,13,20,17,1
0022100465,2021-12-21,MIA,125,53,15,38,30,5,5,11,21,47,95,49,22,11,9,IND,96,42,11,31,22,6,3,12,13,31,87,31,11,28,23,1
0022100469,2021-12-21,LAL,90,47,6,41,14,9,3,15,18,34,87,35,7,23,15,PHX,108,53,8,45,29,11,4,16,18,41,93,41,12,15,14,0
0022100467,2021-12-21,NOP,111,44,8,36,27,5,3,16,19,42,80,33,12,18,15,POR,97,31,7,24,18,12,4,11,17,35,78,34,13,19,14,1
0022100466,2021-12-21,NYK,105,52,13,39,22,5,7,13,19,40,90,33,11,19,14,DET,91,48,10,38,22,9,4,14,18,34,94,33,8,19,15,1
0022100470,2021-12-22,ATL,98,49,13,36,21,4,8,14,19,32,80,31,12,29,22,ORL,104,40,8,32,27,11,5,10,24,38,85,37,11,23,17,0
0022100471,2021-12-22,BOS,111,48,12,36,24,12,5,13,24,43,92,30,11,18,14,CLE,101,53,15,38,17,8,3,16,15,36,92,38,9,24,20,1
0022100474,2021-12-22,OKC,108,60,15,45,22,7,4,11,25,42,94,34,8,19,16,DEN,94,39,4,35,21,7,5,11,18,33,84,44,13,26,15,1
0022100473,2021-12-22,MIL,126,48,14,34,25,8,2,7,24,45,103,46,17,21,19,HOU,106,52,13,39,23,0,7,15,21,36,86,45,13,31,21,1
0022100475,2021-12-22,SAC,89,40,7,33,24,7,5,19,15,34,85,38,12,12,9,LAC,105,43,6,37,26,10,3,13,15,42,82,24,7,16,14,0
0022100481,2021-12-23,DAL,95,43,8,35,25,6,2,11,21,35,86,45,12,17,13,MIL,102,47,6,41,26,7,5,12,16,37,82,36,10,22,18,0
0022100484,2021-12-23,UTA,128,45,10,35,31,7,7,15,17,48,90,39,16,22,16,MIN,116,44,15,29,29,7,4,14,19,45,101,45,17,12,9,1
0022100487,2021-12-23,LAL,110,48,14,34,21,4,6,14,20,44,94,27,5,30,17,SAS,138,50,12,38,33,7,5,6,21,46,95,39,18,33,28,0
0022100478,2021-12-23,PHI,96,38,8,30,20,8,7,8,13,33,80,27,6,26,24,ATL,98,46,11,35,20,5,4,16,19,37,82,24,7,19,17,0
0022100477,2021-12-23,ORL,104,44,10,34,19,6,11,9,26,38,88,32,9,21,19,NOP,110,46,12,34,21,4,2,10,13,37,86,30,13,26,23,0
0022100476,2021-12-23,IND,118,47,15,32,27,6,6,15,21,46,88,38,13,19,13,HOU,106,28,8,20,16,9,6,13,17,35,80,37,15,26,21,1
0022100483,2021-12-23,PHX,113,52,11,41,26,9,8,14,22,45,93,39,15,13,8,OKC,101,44,11,33,17,6,5,13,10,37,96,41,11,21,16,1
0022100485,2021-12-23,GSW,113,39,8,31,30,9,9,19,19,40,82,40,19,18,14,MEM,104,42,14,28,18,10,6,13,20,38,90,26,8,24,20,1
0022100480,2021-12-23,NYK,117,44,14,30,17,2,1,7,21,42,93,42,13,23,20,WAS,124,38,5,33,30,4,6,11,18,42,75,37,16,32,24,0
0022100479,2021-12-23,MIA,115,43,6,37,23,4,0,13,25,43,88,32,12,19,17,DET,112,43,6,37,23,9,5,16,25,36,80,40,18,25,22,1
0022100482,2021-12-23,DEN,107,54,10,44,23,7,2,15,22,40,96,40,14,17,13,CHA,115,50,12,38,28,10,8,11,21,39,94,47,16,24,21,0
0022100491,2021-12-25,LAL,115,47,12,35,29,8,5,14,23,40,96,35,10,28,25,BKN,122,41,6,35,31,6,9,12,25,43,89,32,14,27,22,0
0022100488,2021-12-25,NYK,101,50,9,41,28,6,6,10,13,38,85,50,20,12,5,ATL,87,46,8,38,23,8,5,12,12,33,87,38,13,14,8,1
0022100489,2021-12-25,MIL,117,48,15,33,24,7,6,13,20,43,91,33,12,27,19,BOS,113,44,11,33,24,9,8,14,23,38,89,45,17,24,20,1
0022100492,2021-12-25,UTA,120,49,13,36,24,9,6,14,24,40,90,36,12,37,28,DAL,116,43,8,35,19,7,3,14,31,38,89,30,10,35,30,1
0022100490,2021-12-25,PHX,107,37,9,28,20,5,2,13,17,40,83,30,11,16,16,GSW,116,42,12,30,28,11,7,11,22,42,85,37,14,21,18,0
0022100493,2021-12-26,MIA,93,51,20,31,28,7,1,14,19,36,89,34,10,18,11,ORL,83,43,8,35,17,6,4,19,19,31,72,32,10,17,11,1
0022100499,2021-12-26,CHI,113,40,2,38,17,5,6,15,20,43,76,23,11,22,16,IND,105,45,14,31,23,9,5,9,16,41,94,30,8,21,15,1
0022100495,2021-12-26,WAS,96,43,14,29,22,6,1,8,18,35,90,33,8,28,18,PHI,117,50,10,40,25,6,8,13,23,43,86,31,12,22,19,0
0022100497,2021-12-26,OKC,117,47,7,40,24,8,5,12,23,41,86,36,13,31,22,NOP,112,49,11,38,26,10,4,11,19,39,94,41,10,28,24,1
0022100500,2021-12-26,LAC,100,46,8,38,26,8,7,14,22,40,86,26,8,18,12,DEN,103,48,10,38,29,7,4,14,20,39,95,41,15,11,10,0
0022100494,2021-12-26,CLE,144,52,13,39,39,12,5,15,17,56,106,52,22,12,10,TOR,99,43,11,32,24,11,3,21,13,37,89,36,9,23,16,1
0022100496,2021-12-26,SAC,102,38,9,29,22,7,9,18,23,34,81,29,10,27,24,MEM,127,53,19,34,33,11,6,12,19,47,100,30,9,30,24,0
0022100498,2021-12-26,SAS,144,52,9,43,39,6,5,19,28,51,91,27,13,37,29,DET,109,42,14,28,16,10,5,14,30,38,98,32,8,34,25,1
0022100507,2021-12-27,LAC,108,45,17,28,25,7,4,12,17,37,97,37,14,27,20,BKN,124,47,7,40,31,7,8,15,25,50,88,34,13,16,11,0
0022100503,2021-12-27,MIN,108,53,11,42,30,7,5,14,17,40,90,34,14,19,14,BOS,103,53,15,38,23,8,10,14,16,33,89,47,16,28,21,1
0022100502,2021-12-27,ATL,118,45,11,34,22,3,5,10,14,40,89,34,15,26,23,CHI,130,44,9,35,29,5,6,10,19,51,94,37,18,14,10,0
0022100506,2021-12-27,POR,117,33,8,25,19,4,5,11,28,35,82,40,12,42,35,DAL,132,41,10,31,38,6,4,13,31,48,84,33,12,33,24,0
0022100501,2021-12-27,CHA,123,39,7,32,33,13,4,16,18,47,88,41,18,14,11,HOU,99,44,13,31,20,9,3,21,15,36,87,46,15,18,12,1
0022100504,2021-12-27,SAS,104,44,9,35,26,8,3,10,24,45,100,30,10,9,4,UTA,110,55,7,48,19,9,4,15,15,39,86,31,9,30,23,0
0022100505,2021-12-27,PHX,113,35,10,25,25,11,2,11,16,41,90,31,11,23,20,MEM,114,50,15,35,22,10,6,19,23,45,88,29,11,17,13,0
0022100511,2021-12-28,HOU,123,30,4,26,24,10,7,14,20,44,83,35,16,25,19,LAL,132,48,14,34,27,8,6,12,23,48,92,34,14,29,22,0
0022100508,2021-12-28,ORL,110,37,7,30,24,7,4,13,25,38,83,39,12,26,22,MIL,127,40,7,33,31,4,3,13,20,47,85,37,17,22,16,0
0022100512,2021-12-28,MIN,88,45,10,35,22,6,11,11,22,34,85,38,7,20,13,NYK,96,54,15,39,20,5,4,16,20,37,90,40,16,16,6,0
0022100510,2021-12-28,TOR,109,43,9,34,24,7,5,10,24,38,87,41,15,22,18,PHI,114,42,8,34,23,6,4,8,18,34,77,30,14,38,32,0
0022100513,2021-12-28,NOP,108,44,8,36,24,3,8,13,16,36,80,36,16,26,20,CLE,104,42,11,31,27,6,3,8,19,37,88,41,14,19,16,1
0022100514,2021-12-28,GSW,86,43,8,35,20,8,2,17,20,30,72,32,10,31,16,DEN,89,44,13,31,24,10,5,16,19,34,83,33,8,20,13,0
0022100515,2021-12-28,SAC,117,57,11,46,25,3,9,10,22,40,95,39,17,27,20,OKC,111,45,8,37,16,6,6,9,21,35,90,33,11,36,30,1
0022100509,2021-12-28,MIA,119,42,14,28,26,14,5,8,13,41,92,34,16,23,21,WAS,112,47,13,34,27,5,3,18,20,42,85,42,17,14,11,1
0022100520,2021-12-29,MEM,104,43,13,30,18,13,5,13,11,35,85,30,10,29,24,LAL,99,39,7,32,24,5,5,18,25,39,86,41,15,8,6,1
0022100516,2021-12-29,DET,85,43,8,35,19,11,5,17,23,30,81,35,12,17,13,NYK,94,48,11,37,19,11,5,17,14,31,81,31,8,27,24,0
0022100519,2021-12-29,CHI,131,41,6,35,38,9,6,15,18,52,84,22,10,22,17,ATL,117,37,10,27,26,6,3,11,17,44,92,26,11,26,18,1
0022100524,2021-12-29,SAC,95,38,7,31,21,5,2,15,21,36,75,26,10,15,13,DAL,94,36,7,29,23,7,5,13,19,38,81,24,9,13,9,1
0022100518,2021-12-29,BOS,82,50,21,29,19,8,8,8,16,35,101,42,4,11,8,LAC,91,49,9,40,17,5,4,16,12,33,81,28,11,17,14,0
0022100522,2021-12-29,PHX,115,56,18,38,22,7,7,15,15,41,89,34,12,28,21,OKC,97,45,14,31,19,6,1,12,24,38,96,35,7,16,14,1
0022100523,2021-12-29,POR,105,45,11,34,23,6,3,11,28,37,88,40,14,24,17,UTA,120,46,13,33,22,6,3,11,20,46,87,29,8,32,20,0
0022100517,2021-12-29,IND,108,45,10,35,25,8,6,18,20,36,86,45,17,29,19,CHA,116,48,8,40,27,12,5,14,20,44,85,26,9,32,19,0
0022100526,2021-12-30,ORL,118,33,6,27,26,5,1,10,26,42,87,36,13,27,21,MIL,136,50,14,36,24,7,6,13,19,45,91,33,13,36,33,0
0022100525,2021-12-30,BKN,102,52,12,40,21,4,9,18,22,37,81,27,7,27,21,PHI,110,43,14,29,22,10,4,8,20,42,100,32,13,20,13,0
0022100527,2021-12-30,WAS,110,47,10,37,27,7,8,8,19,45,90,29,9,17,11,CLE,93,44,8,36,20,4,3,13,17,35,83,28,8,23,15,1
0022100532,2021-12-31,HOU,110,46,15,31,21,9,4,18,27,41,93,42,14,17,14,MIA,120,43,11,32,21,7,6,14,16,40,86,33,14,31,26,0
0022100537,2021-12-31,UTA,120,49,10,39,18,4,5,18,20,37,78,29,11,41,35,MIN,108,41,11,30,23,9,5,10,30,40,93,41,14,22,14,1
0022100536,2021-12-31,OKC,95,49,7,42,21,6,3,10,17,36,87,43,18,7,5,NYK,80,48,5,43,12,6,3,10,12,30,81,41,8,22,12,1
0022100529,2021-12-31,BOS,123,51,13,38,28,6,7,18,18,45,83,27,10,26,23,PHX,108,37,15,22,20,10,2,10,21,41,100,35,11,16,15,1
0022100538,2021-12-31,LAL,139,47,5,42,27,6,9,7,21,47,85,41,19,30,26,POR,106,54,21,33,19,4,2,9,22,36,102,42,12,27,22,1
0022100535,2021-12-31,MEM,118,58,16,42,28,7,11,10,18,49,102,26,10,16,10,SAS,105,47,11,36,24,3,8,11,15,39,90,35,12,24,15,1
0022100533,2021-12-31,CLE,118,46,8,38,27,1,8,9,18,48,84,25,8,24,14,ATL,121,44,14,30,23,8,4,2,23,43,97,38,16,21,19,0
0022100530,2021-12-31,IND,106,55,17,38,23,7,8,17,22,38,91,31,8,29,22,CHI,108,42,8,34,22,11,5,11,19,35,86,27,12,30,26,0
0022100531,2021-12-31,SAC,96,33,8,25,25,7,4,10,16,38,91,29,10,12,10,DAL,112,47,10,37,30,5,7,13,14,42,81,22,9,22,19,0
0022100534,2021-12-31,TOR,116,54,18,36,19,8,4,7,18,40,96,35,11,33,25,LAC,108,37,3,34,27,6,7,13,24,38,78,34,15,19,17,1
0022100540,2022-01-01,DET,117,63,22,41,18,12,6,21,23,41,101,35,9,33,26,SAS,116,48,13,35,30,8,3,17,27,42,102,40,12,28,20,1
0022100539,2022-01-01,MIL,136,48,4,44,27,10,4,14,20,49,92,48,23,18,15,NOP,113,50,14,36,28,10,5,15,16,39,95,51,16,30,19,1
0022100541,2022-01-01,WAS,119,43,6,37,26,9,3,12,22,46,87,27,6,26,21,CHI,120,44,6,38,17,4,4,15,24,41,84,34,17,25,21,0
0022100543,2022-01-01,HOU,111,36,13,23,20,10,4,18,24,37,85,42,16,24,21,DEN,124,46,13,33,33,10,6,18,23,46,86,32,10,27,22,0
0022100544,2022-01-01,UTA,116,45,15,30,19,7,0,13,21,40,92,44,14,28,22,GSW,123,40,7,33,39,10,2,15,24,46,86,32,17,21,14,0
0022100542,2022-01-01,BKN,116,57,17,40,26,9,2,15,20,42,97,33,11,25,21,LAC,120,40,7,33,23,7,6,11,19,42,86,36,14,31,22,0
0022100548,2022-01-02,SAC,115,39,7,32,31,3,2,16,18,40,78,34,13,27,22,MIA,113,49,18,31,26,4,3,9,18,46,105,33,9,12,12,1
0022100551,2022-01-02,LAL,108,28,4,24,20,13,5,18,16,36,75,41,13,29,23,MIN,103,56,20,36,21,9,2,24,22,41,92,38,9,16,12,1
0022100545,2022-01-02,TOR,120,44,11,33,21,9,5,17,27,41,86,34,13,30,25,NYK,105,30,7,23,22,11,4,18,26,35,78,36,12,28,23,1
0022100546,2022-01-02,BOS,116,46,9,37,25,5,10,22,23,39,86,36,13,28,25,ORL,111,45,10,35,17,12,3,16,24,40,95,27,9,27,22,1
0022100547,2022-01-02,CLE,108,48,12,36,26,6,4,11,11,41,88,26,6,28,20,IND,104,39,9,30,24,6,6,14,24,37,83,46,19,14,11,1
0022100549,2022-01-02,CHA,99,34,5,29,27,10,9,18,15,39,85,35,9,21,12,PHX,133,53,14,39,36,15,4,17,21,52,103,41,17,12,12,0
0022100550,2022-01-02,OKC,86,41,7,34,20,11,4,11,16,35,85,30,10,9,6,DAL,95,48,7,41,28,9,3,16,12,38,85,39,14,7,5,0
0022100559,2022-01-03,GSW,115,43,7,36,39,11,6,12,17,45,92,38,14,13,11,MIA,108,49,11,38,24,5,2,19,13,37,90,42,17,19,17,1
0022100561,2022-01-03,LAC,104,31,4,27,22,12,3,21,10,39,78,32,11,17,15,MIN,122,40,11,29,34,9,4,17,14,49,93,45,16,9,8,0
0022100555,2022-01-03,CHI,102,49,10,39,17,10,4,13,16,37,86,31,11,23,17,ORL,98,44,5,39,24,5,2,13,17,36,85,27,10,18,16,1
0022100560,2022-01-03,POR,136,41,12,29,29,10,3,10,19,47,89,41,18,28,24,ATL,131,39,9,30,31,6,1,13,24,48,88,41,14,24,21,1
0022100558,2022-01-03,DAL,103,28,5,23,23,12,5,11,21,35,78,37,14,21,19,DEN,89,47,11,36,21,6,1,26,24,31,67,25,6,29,21,1
0022100552,2022-01-03,PHI,133,54,12,42,33,7,7,14,21,50,96,40,17,17,16,HOU,113,42,11,31,25,6,4,11,16,37,89,44,15,33,24,1
0022100557,2022-01-03,NOP,104,47,17,30,21,7,5,10,21,39,97,46,12,22,14,UTA,115,43,10,33,22,6,4,15,24,41,85,39,19,17,14,0
0022100554,2022-01-03,BKN,104,33,8,25,28,10,10,13,20,37,82,31,9,26,21,MEM,118,61,23,38,24,11,5,13,21,48,102,35,10,21,12,0
0022100556,2022-01-03,MIL,106,47,11,36,21,9,2,8,12,39,92,46,11,22,17,DET,115,47,9,38,31,6,1,14,21,44,91,43,18,14,9,0
0022100553,2022-01-03,WAS,124,51,10,41,26,5,4,15,12,40,87,38,16,31,28,CHA,121,45,13,32,28,14,5,9,22,50,104,38,14,13,7,1
0022100564,2022-01-04,NYK,104,51,14,37,17,6,0,10,23,39,80,28,6,28,20,IND,94,35,9,26,22,3,3,12,20,32,76,38,9,32,21,1
0022100565,2022-01-04,NOP,110,48,15,33,28,7,3,12,21,36,89,33,10,32,28,PHX,123,42,5,37,32,7,5,11,24,46,85,31,17,20,14,0
0022100566,2022-01-04,LAL,122,44,14,30,24,6,5,5,16,49,99,32,11,20,13,SAC,114,45,9,36,31,2,3,18,18,43,83,34,14,18,14,1
0022100563,2022-01-04,TOR,129,52,16,36,30,13,8,12,20,45,96,44,18,29,21,SAS,104,50,17,33,27,6,3,20,23,41,95,35,9,19,13,1
0022100562,2022-01-04,CLE,106,49,14,35,28,2,6,13,14,40,92,34,10,21,16,MEM,110,45,12,33,21,6,8,9,18,42,90,27,9,22,17,0
0022100576,2022-01-05,POR,109,36,8,28,18,8,4,6,23,33,78,38,15,36,28,MIA,115,50,14,36,29,3,3,11,21,37,82,41,19,29,22,0
0022100571,2022-01-05,IND,121,33,7,26,26,3,5,17,19,41,82,39,13,28,26,BKN,129,38,9,29,28,13,4,12,20,49,86,21,5,29,26,0
0022100568,2022-01-05,ORL,106,47,14,33,22,9,3,19,30,40,90,39,12,20,14,PHI,116,42,10,32,26,8,4,17,16,43,85,28,12,24,18,0
0022100570,2022-01-05,BOS,97,41,13,28,19,10,9,10,12,40,90,28,9,9,8,SAS,99,48,12,36,20,6,5,18,13,42,88,26,10,5,5,0
0022100577,2022-01-05,SAC,102,47,10,37,15,6,1,11,20,38,90,27,11,20,15,ATL,108,48,10,38,20,8,5,10,14,39,86,30,8,30,22,0
0022100572,2022-01-05,DAL,99,46,10,36,22,6,5,12,15,33,87,40,12,26,21,GSW,82,46,8,38,20,10,5,17,20,33,81,28,5,16,11,1
0022100569,2022-01-05,WAS,111,41,9,32,18,9,6,15,27,40,91,39,10,26,21,HOU,114,48,10,38,15,10,2,21,24,40,85,26,9,32,25,0
0022100574,2022-01-05,MIN,98,55,15,40,23,11,7,16,16,36,90,44,12,20,14,OKC,90,52,14,38,21,11,7,18,18,33,90,35,9,18,15,1
0022100573,2022-01-05,MIL,111,45,9,36,22,10,8,18,18,38,85,39,17,26,18,TOR,117,44,10,34,24,8,4,15,20,42,89,36,16,25,17,0
0022100575,2022-01-05,DEN,109,42,6,36,27,2,4,12,21,42,88,36,11,15,14,UTA,115,44,8,36,22,7,4,7,18,43,92,41,14,18,15,0
0022100567,2022-01-05,CHA,140,49,8,41,39,6,3,17,21,48,81,42,24,29,20,DET,111,36,9,27,26,12,3,13,21,43,92,42,14,20,11,1
0022100578,2022-01-06,NYK,108,42,11,31,23,8,1,11,17,40,90,36,18,15,10,BOS,105,38,8,30,22,5,10,13,16,38,80,45,17,13,12,1
0022100580,2022-01-06,NOP,101,46,8,38,20,7,5,17,18,35,83,34,8,29,23,GSW,96,43,8,35,22,12,6,14,24,37,87,33,7,18,15,1
0022100581,2022-01-06,PHX,106,63,21,42,22,5,7,8,20,44,107,31,10,10,8,LAC,89,49,8,41,20,5,7,13,16,31,86,28,6,25,21,1
0022100579,2022-01-06,MEM,118,61,18,43,31,8,9,19,18,48,98,32,10,19,12,DET,88,39,10,29,23,7,3,13,14,34,99,44,10,13,10,1
0022100583,2022-01-07,BKN,109,49,14,35,23,8,5,11,16,42,92,27,6,20,19,MIL,121,45,13,32,21,6,3,11,20,44,96,45,16,21,17,0
0022100587,2022-01-07,OKC,105,45,13,32,26,10,4,20,23,36,89,44,15,23,18,MIN,135,45,8,37,39,12,8,15,18,50,90,41,17,25,18,0
0022100588,2022-01-07,DEN,121,41,5,36,32,5,7,8,20,47,85,34,12,24,15,SAC,111,47,12,35,21,6,3,12,19,40,92,29,11,24,20,1
0022100582,2022-01-07,PHI,119,49,12,37,28,7,4,13,18,45,87,23,8,27,21,SAS,100,39,11,28,22,6,6,12,21,38,92,30,9,20,15,1
0022100589,2022-01-07,LAL,134,47,8,39,37,14,4,8,26,50,101,41,17,19,17,ATL,118,54,13,41,29,3,0,15,18,43,96,36,13,27,19,1
0022100590,2022-01-07,POR,101,51,16,35,22,8,5,12,19,37,92,35,16,19,11,CLE,114,43,8,35,22,7,3,9,15,39,80,39,17,29,19,0
0022100586,2022-01-07,HOU,106,40,7,33,17,6,3,13,20,37,87,43,12,29,20,DAL,130,55,11,44,34,6,4,16,24,49,90,38,17,28,15,0
0022100584,2022-01-07,TOR,122,48,19,29,26,11,7,9,17,45,100,41,12,25,20,UTA,108,40,7,33,23,3,4,21,21,39,81,38,17,18,13,1
0022100585,2022-01-07,CHI,130,41,10,31,34,11,3,15,21,48,91,33,15,21,19,WAS,122,41,10,31,28,8,5,15,15,45,88,24,7,26,25,1
0022100596,2022-01-08,PHX,100,35,6,29,24,10,1,16,14,30,79,34,14,29,26,MIA,123,49,11,38,33,9,1,16,18,44,88,44,22,15,13,0
0022100592,2022-01-08,CHA,114,49,13,36,29,10,3,11,25,44,99,48,16,17,10,MIL,106,53,14,39,21,6,4,15,20,35,90,37,12,26,24,1
0022100595,2022-01-08,BOS,99,45,9,36,26,8,8,12,15,36,76,29,12,17,15,NYK,75,40,11,29,13,8,4,14,15,29,79,31,11,15,6,1
0022100593,2022-01-08,DET,97,49,7,42,23,7,6,13,21,38,87,33,10,16,11,ORL,92,44,8,36,25,6,9,13,20,29,86,46,14,23,20,1
0022100594,2022-01-08,IND,125,38,5,33,30,9,7,10,21,44,80,29,14,32,23,UTA,113,39,9,30,20,6,3,15,25,40,84,35,15,19,18,1
0022100591,2022-01-08,LAC,108,49,14,35,16,7,6,13,23,39,96,32,10,24,20,MEM,123,56,16,40,26,9,11,10,21,44,100,38,12,31,23,0
0022100600,2022-01-09,HOU,123,45,10,35,31,5,6,13,17,46,97,43,14,28,17,MIN,141,56,18,38,37,10,10,11,22,55,108,42,15,21,16,0
0022100605,2022-01-09,POR,103,48,10,38,26,6,5,17,23,37,88,40,17,15,12,SAC,88,46,8,38,20,8,5,12,17,33,85,31,7,21,15,1
0022100602,2022-01-09,BKN,121,55,13,42,26,8,8,22,18,47,98,28,8,22,19,SAS,119,44,12,32,33,12,8,15,19,46,107,32,13,18,14,1
0022100597,2022-01-09,LAC,106,47,13,34,24,5,4,13,18,44,92,33,12,7,6,ATL,93,39,6,33,19,6,2,13,14,35,78,26,7,19,16,1
0022100604,2022-01-09,GSW,96,54,22,32,24,16,5,15,20,39,97,42,10,10,8,CLE,82,42,8,34,21,9,3,19,10,32,75,24,7,18,11,1
0022100599,2022-01-09,TOR,105,46,15,31,18,8,3,13,20,36,85,34,14,20,19,NOP,101,35,7,28,20,5,5,13,18,34,75,33,12,25,21,1
0022100603,2022-01-09,DAL,113,48,7,41,28,4,2,10,14,44,88,36,16,9,9,CHI,99,39,8,31,23,8,3,7,15,39,90,33,11,13,10,1
0022100601,2022-01-09,OKC,95,41,11,30,29,9,7,9,13,38,88,38,9,12,10,DEN,99,53,18,35,28,7,2,15,14,37,89,36,13,16,12,0
0022100606,2022-01-09,LAL,119,41,14,27,26,6,7,12,25,45,97,33,14,19,15,MEM,127,47,10,37,33,10,10,14,22,47,86,30,11,32,22,0
0022100598,2022-01-09,ORL,100,42,9,33,18,9,6,8,21,38,95,28,9,16,15,WAS,102,54,12,42,23,1,6,13,21,36,88,29,11,24,19,0
0022100607,2022-01-10,CHA,103,48,13,35,23,12,3,14,16,38,96,44,13,16,14,MIL,99,48,7,41,25,7,2,20,17,37,84,43,13,16,12,1
0022100486,2022-01-10,POR,114,47,11,36,23,8,9,15,17,40,86,38,15,26,19,BKN,108,42,12,30,23,9,6,15,22,42,91,32,12,15,12,1
0022100609,2022-01-10,BOS,101,53,12,41,17,10,6,20,19,35,88,28,8,28,23,IND,98,47,10,37,22,10,6,20,21,36,94,37,11,17,15,1
0022100711,2022-01-10,HOU,91,39,7,32,18,8,7,21,11,30,77,42,13,27,18,PHI,111,47,14,33,23,14,7,15,21,43,94,35,10,18,15,0
0022100610,2022-01-10,NYK,111,49,9,40,23,7,9,15,22,40,82,32,13,24,18,SAS,96,43,13,30,19,7,7,10,18,39,95,29,8,15,10,1
0022100611,2022-01-10,SAC,108,43,15,28,20,10,3,12,16,39,91,30,14,22,16,CLE,109,48,14,34,29,6,8,17,18,43,87,34,10,15,13,0
0022100608,2022-01-10,DET,126,39,9,30,30,9,7,12,20,48,93,37,19,12,11,UTA,116,40,10,30,23,9,4,16,16,44,86,33,11,22,17,1
0022100615,2022-01-11,NOP,128,38,9,29,33,6,1,21,26,42,76,33,16,37,28,MIN,125,32,9,23,27,11,4,13,24,42,86,39,18,31,23,1
0022100613,2022-01-11,TOR,95,47,22,25,15,11,3,16,20,36,89,37,8,25,15,PHX,99,39,10,29,25,10,2,20,23,35,74,32,11,22,18,0
0022100616,2022-01-11,LAC,87,31,3,28,23,12,4,9,22,34,84,34,10,12,9,DEN,85,56,13,43,24,4,2,20,19,32,80,33,4,20,17,1
0022100614,2022-01-11,MEM,116,49,11,38,30,11,8,11,18,44,100,34,14,18,14,GSW,108,45,4,41,25,8,5,17,19,35,82,36,13,29,25,1
0022100612,2022-01-11,WAS,122,42,7,35,29,3,7,8,15,47,87,33,11,23,17,OKC,118,41,9,32,23,5,1,5,20,47,98,39,11,15,13,1
0022100415,2022-01-11,CHI,133,61,14,47,33,13,4,18,23,50,92,34,18,19,15,DET,87,41,15,26,17,9,7,18,20,30,89,35,6,27,21,1
0022100626,2022-01-12,SAC,125,45,8,37,28,8,7,13,20,49,89,30,11,19,16,LAL,116,45,15,30,25,6,3,9,19,42,98,47,16,24,16,1
0022100621,2022-01-12,ATL,91,37,6,31,20,8,3,14,15,31,82,45,13,23,16,MIA,115,54,10,44,28,7,4,15,20,43,90,45,16,14,13,0
0022100625,2022-01-12,CHI,112,35,10,25,22,5,6,17,20,38,81,30,11,31,25,BKN,138,41,7,34,35,11,4,10,21,49,87,32,17,28,23,0
0022100620,2022-01-12,WAS,112,42,6,36,26,6,4,10,14,43,82,31,10,21,16,ORL,106,49,18,31,31,6,6,9,16,41,99,35,11,16,13,1
0022100618,2022-01-12,IND,100,37,11,26,27,6,5,12,24,40,86,36,7,20,13,BOS,119,37,7,30,23,6,5,13,22,40,78,38,18,25,21,0
0022100624,2022-01-12,UTA,91,32,4,28,11,7,2,7,16,34,85,47,16,11,7,CLE,111,50,7,43,28,6,3,15,17,43,81,30,11,17,14,0
0022100622,2022-01-12,NYK,108,54,11,43,24,5,4,9,21,42,90,27,12,15,12,DAL,85,39,5,34,16,6,2,13,18,32,78,37,8,19,13,1
0022100623,2022-01-12,SAS,124,43,9,34,27,10,5,9,24,43,99,46,17,27,21,HOU,128,48,4,44,23,5,7,14,24,45,82,36,16,32,22,0
0022100619,2022-01-12,PHI,98,33,3,30,18,3,3,17,13,34,73,30,12,28,18,CHA,109,42,7,35,29,9,3,12,21,46,89,34,10,8,7,0
0022100628,2022-01-13,MEM,116,56,16,40,22,10,7,14,15,42,92,32,8,35,24,MIN,108,46,12,34,23,4,8,18,26,41,96,48,15,14,11,1
0022100631,2022-01-13,DEN,140,40,6,34,35,7,3,16,25,52,83,42,21,20,15,POR,108,34,11,23,28,11,5,15,18,39,86,40,13,28,17,1
0022100627,2022-01-13,MIL,118,54,5,49,29,10,7,17,16,44,86,41,18,18,12,GSW,99,49,12,37,20,9,2,15,15,33,95,48,16,24,17,1
0022100629,2022-01-13,NOP,113,57,13,44,23,8,4,6,18,43,97,39,14,16,13,LAC,89,46,5,41,19,2,7,15,16,31,81,34,10,20,17,1
0022100630,2022-01-13,BKN,109,50,21,29,16,7,11,12,19,41,98,32,7,22,20,OKC,130,38,9,29,32,8,7,11,19,47,91,45,20,18,16,0
0022100632,2022-01-14,CHA,109,44,11,33,28,9,5,17,20,40,97,42,12,21,17,ORL,116,43,4,39,32,9,4,20,18,45,87,45,15,15,11,0
0022100634,2022-01-14,IND,94,42,9,33,20,9,7,12,20,34,88,43,13,18,13,PHX,112,51,12,39,24,8,6,15,18,40,88,28,11,23,21,0
0022100636,2022-01-14,MIA,124,37,9,28,30,6,5,16,27,41,77,30,14,30,28,ATL,118,34,9,25,26,6,6,16,27,38,79,38,16,30,26,1
0022100635,2022-01-14,PHI,111,40,7,33,26,12,4,10,19,38,85,41,14,25,21,BOS,99,44,7,37,20,4,4,20,21,37,78,31,11,18,14,1
0022100638,2022-01-14,SAS,109,47,10,37,22,6,5,15,24,42,92,34,15,13,10,CLE,114,46,12,34,24,7,3,9,13,46,95,20,8,24,14,0
0022100639,2022-01-14,MEM,85,41,10,31,19,8,6,15,16,34,89,31,7,13,10,DAL,112,52,8,44,30,8,1,15,19,47,91,32,8,16,10,0
0022100637,2022-01-14,CHI,96,36,10,26,26,4,5,14,19,37,87,38,10,18,12,GSW,138,47,9,38,39,12,5,7,17,53,94,42,19,17,13,0
0022100640,2022-01-14,SAC,126,53,13,40,33,8,7,14,23,48,96,37,13,24,17,HOU,114,50,13,37,25,7,4,17,19,44,101,43,13,16,13,1
0022100633,2022-01-14,DET,103,43,9,34,22,7,6,8,25,38,81,27,8,23,19,TOR,87,46,16,30,18,5,4,11,24,28,87,38,11,26,20,1
0022100649,2022-01-15,DEN,133,51,9,42,35,9,2,6,17,47,91,40,23,17,16,LAL,96,41,8,33,21,4,3,11,15,36,82,30,10,19,14,1
0022100643,2022-01-15,ATL,108,31,4,27,23,5,5,9,20,40,80,44,16,17,12,NYK,117,44,11,33,24,2,0,11,20,42,83,31,13,26,20,0
0022100650,2022-01-15,DAL,108,47,12,35,16,6,3,10,18,32,78,34,12,38,32,ORL,92,37,5,32,16,7,3,17,26,37,77,26,7,16,11,1
0022100645,2022-01-15,MIA,98,43,12,31,24,10,4,10,18,33,86,35,9,30,23,PHI,109,43,6,37,24,5,5,15,22,40,79,32,13,21,16,0
0022100642,2022-01-15,WAS,110,43,10,33,20,4,3,20,26,39,90,37,12,23,20,POR,115,39,8,31,19,13,2,13,25,39,85,39,13,35,24,0
0022100646,2022-01-15,OKC,102,51,14,37,17,4,5,16,21,36,83,27,10,22,20,CLE,107,37,11,26,28,6,4,9,13,40,87,35,9,25,18,0
0022100644,2022-01-15,BKN,120,44,9,35,30,5,5,16,21,46,84,27,12,17,16,NOP,105,35,12,23,27,9,3,12,18,40,87,31,9,24,16,1
0022100647,2022-01-15,BOS,114,50,17,33,27,6,6,11,15,44,90,26,9,19,17,CHI,112,32,7,25,31,3,3,6,19,44,87,29,12,15,12,1
0022100648,2022-01-15,SAS,101,54,15,39,19,6,5,15,12,34,83,37,11,27,22,LAC,94,54,21,33,24,8,4,15,21,38,100,38,12,8,6,1
0022100641,2022-01-15,MIL,96,41,9,32,19,8,8,13,23,26,77,39,12,35,32,TOR,103,50,16,34,25,7,8,15,25,40,91,35,12,20,11,0
0022100617,2022-01-16,DET,108,32,5,27,25,6,2,11,20,38,82,25,9,34,23,PHX,135,51,11,40,30,4,7,15,26,51,87,27,11,30,22,0
0022100652,2022-01-16,MIN,119,47,6,41,30,8,9,16,21,45,91,43,16,20,13,GSW,99,47,7,40,20,6,3,15,17,32,82,42,13,29,22,1
0022100651,2022-01-16,SAC,112,37,7,30,26,16,2,12,24,41,91,38,12,24,18,HOU,118,47,4,43,22,6,3,23,20,41,76,40,16,24,20,0
0022100653,2022-01-16,DEN,102,39,6,33,32,5,2,9,22,42,95,43,11,8,7,UTA,125,51,9,42,26,8,5,9,16,44,84,39,15,29,22,0
0022100660,2022-01-17,ATL,121,46,10,36,25,7,8,13,18,38,86,36,15,32,30,MIL,114,42,9,33,21,8,4,13,28,39,88,38,16,24,20,1
0022100657,2022-01-17,CLE,114,40,8,32,26,7,3,16,14,42,81,32,11,21,19,BKN,107,35,8,27,27,11,4,14,22,41,83,30,12,18,13,1
0022100659,2022-01-17,LAC,139,37,8,29,32,7,7,13,18,45,82,36,18,36,31,IND,133,41,15,26,30,8,4,12,23,50,97,33,13,23,20,1
0022100656,2022-01-17,WAS,117,49,9,40,25,7,6,12,18,42,87,30,9,32,24,PHI,98,42,10,32,19,9,3,12,26,35,86,26,7,25,21,1
0022100664,2022-01-17,SAS,107,47,13,34,21,3,2,12,16,41,92,30,9,22,16,PHX,121,45,12,33,29,9,5,5,18,49,95,32,9,20,14,0
0022100661,2022-01-17,ORL,88,50,10,40,21,9,7,16,15,34,90,32,8,20,12,POR,98,55,11,44,20,9,8,17,17,37,90,34,7,18,17,0
0022100654,2022-01-17,BOS,104,47,5,42,22,6,4,14,18,38,80,32,10,20,18,NOP,92,41,8,33,23,10,4,12,15,36,87,30,9,18,11,1
0022100658,2022-01-17,MEM,119,48,10,38,29,14,7,18,13,47,92,25,10,20,15,CHI,106,43,9,34,24,10,7,18,15,40,92,31,13,15,13,1
0022100663,2022-01-17,DAL,104,47,11,36,28,10,7,11,19,35,88,37,12,28,22,OKC,102,42,5,37,20,10,2,13,23,36,83,35,11,24,19,1
0022100662,2022-01-17,MIA,104,49,13,36,20,11,8,12,18,38,83,24,9,22,19,TOR,99,45,15,30,24,9,5,12,21,37,90,36,13,17,12,1
0022100665,2022-01-17,LAL,101,45,10,35,15,7,5,13,19,38,86,37,11,23,14,UTA,95,44,8,36,21,6,6,16,21,31,83,46,12,24,21,1
0022100655,2022-01-17,NYK,87,53,14,39,22,7,4,15,19,32,80,34,12,21,11,CHA,97,39,6,33,23,6,2,7,14,36,86,39,14,17,11,0
0022100666,2022-01-18,NYK,110,44,11,33,21,6,7,18,30,37,80,38,12,33,24,MIN,112,38,8,30,21,10,6,13,25,35,81,41,13,38,29,0
0022100667,2022-01-18,GSW,102,54,13,41,26,12,3,13,25,34,83,42,14,27,20,DET,86,50,11,39,18,4,5,16,23,30,85,34,9,24,17,1
0022100670,2022-01-19,ATL,134,39,8,31,34,7,9,12,23,45,86,38,15,33,29,MIN,122,45,16,29,21,10,3,13,24,42,97,46,17,29,21,1
0022100669,2022-01-19,WAS,118,40,13,27,23,6,8,13,19,41,86,29,10,32,26,BKN,119,36,7,29,23,5,4,15,25,47,89,25,8,20,17,0
0022100668,2022-01-19,PHI,123,44,6,38,21,7,8,10,15,45,83,28,10,27,23,ORL,110,43,9,34,26,4,4,11,19,40,90,35,18,16,12,1
0022100680,2022-01-19,LAL,104,40,12,28,23,4,7,11,18,40,90,34,11,18,13,IND,111,48,14,34,28,6,8,13,22,44,90,30,11,15,12,0
0022100672,2022-01-19,MIA,104,43,9,34,24,12,6,16,15,37,80,35,12,25,18,POR,92,43,10,33,19,7,6,18,22,33,81,46,14,16,12,1
0022100673,2022-01-19,CHI,117,37,7,30,25,7,4,10,18,47,86,22,10,18,13,CLE,104,38,9,29,27,7,4,15,15,40,77,27,9,22,15,1
0022100677,2022-01-19,UTA,111,49,11,38,26,7,5,9,16,42,89,38,10,20,17,HOU,116,44,12,32,24,4,3,9,18,41,96,45,22,17,12,0
0022100678,2022-01-19,DEN,130,44,13,31,32,9,3,12,15,48,98,38,13,25,21,LAC,128,47,12,35,35,6,3,14,24,52,97,39,15,12,9,1
0022100676,2022-01-19,SAS,118,50,11,39,32,9,13,9,17,47,96,40,15,14,9,OKC,96,46,14,32,20,5,2,15,14,38,98,31,8,15,12,1
0022100675,2022-01-19,DAL,102,45,10,35,23,5,0,18,20,37,76,33,9,20,19,TOR,98,44,16,28,17,11,1,12,21,35,91,32,8,25,20,1
0022100674,2022-01-19,MIL,126,56,13,43,29,7,6,15,21,46,97,37,13,22,21,MEM,114,47,16,31,26,10,8,10,20,44,106,40,9,25,17,1
0022100679,2022-01-19,SAC,131,35,8,27,22,4,8,7,17,44,84,27,12,44,31,DET,133,41,13,28,27,3,6,9,26,46,91,36,15,30,26,0
0022100671,2022-01-19,BOS,102,38,8,30,27,8,3,14,20,39,90,46,14,13,10,CHA,111,47,11,36,27,6,6,17,17,42,86,39,16,15,11,0
0022100683,2022-01-20,GSW,117,53,15,38,28,11,6,21,28,42,94,42,9,29,24,IND,121,48,13,35,23,12,3,18,23,41,95,35,15,34,24,0
0022100682,2022-01-20,DAL,101,50,10,40,19,1,3,19,22,37,85,37,11,20,16,PHX,109,40,5,35,25,13,1,7,21,39,86,36,8,25,23,0
0022100681,2022-01-20,NYK,91,48,14,34,21,6,5,15,21,29,77,38,9,36,24,NOP,102,35,3,32,27,10,2,12,26,38,76,28,11,22,15,0
0022100685,2022-01-21,ORL,105,35,3,32,23,6,9,18,21,36,81,40,11,29,22,LAL,116,45,8,37,23,12,4,19,24,42,85,30,13,23,19,0
0022100687,2022-01-21,ATL,110,36,6,30,26,3,1,18,17,38,68,33,14,24,20,MIA,108,33,11,22,30,8,1,15,22,41,85,40,15,12,11,1
0022100691,2022-01-21,SAS,102,49,16,33,24,3,7,6,13,37,95,29,8,24,20,BKN,117,53,12,41,24,3,5,8,17,48,100,25,9,12,12,0
0022100688,2022-01-21,BOS,105,42,8,34,25,7,7,12,24,37,82,37,11,23,20,POR,109,42,7,35,20,6,4,13,21,36,76,33,16,30,21,0
0022100690,2022-01-21,MIL,94,53,11,42,20,3,3,8,17,34,88,31,6,28,20,CHI,90,49,6,43,21,4,4,10,21,31,85,38,7,24,21,1
0022100694,2022-01-21,GSW,105,41,7,34,25,4,9,19,18,39,81,30,10,22,17,HOU,103,39,8,31,25,10,3,12,15,38,89,35,10,20,17,1
0022100686,2022-01-21,PHI,101,44,13,31,23,7,3,7,17,38,91,28,10,21,15,LAC,102,49,10,39,21,5,0,12,21,40,87,32,11,15,11,0
0022100684,2022-01-21,CHA,121,62,16,46,34,8,5,12,18,45,99,49,17,20,14,OKC,98,52,15,37,20,6,2,12,21,37,98,44,12,15,12,1
0022100689,2022-01-21,WAS,105,45,11,34,29,3,3,18,16,43,85,33,11,10,8,TOR,109,40,11,29,20,10,4,8,15,42,90,30,11,17,14,0
0022100692,2022-01-21,DEN,118,37,10,27,34,6,6,13,25,43,91,32,13,23,19,MEM,122,48,13,35,19,11,10,16,24,43,82,25,11,40,25,0
0022100693,2022-01-21,UTA,111,44,7,37,22,3,7,11,21,36,79,31,10,34,29,DET,101,40,9,31,22,6,4,11,24,38,87,32,13,16,12,1
0022100697,2022-01-22,PHX,113,51,14,37,34,11,8,11,19,47,96,25,7,14,12,IND,103,44,12,32,19,5,5,18,18,37,84,29,10,27,19,1
0022100696,2022-01-22,MIL,133,43,9,34,19,12,0,7,14,45,91,42,21,25,22,SAC,127,48,13,35,29,4,2,14,20,51,97,37,15,16,10,1
0022100695,2022-01-22,CLE,94,54,15,39,22,5,6,23,20,35,76,27,6,35,18,OKC,87,41,11,30,16,14,3,15,28,33,85,41,12,16,9,1
0022100700,2022-01-23,MIA,113,39,6,33,31,9,3,16,31,40,81,33,15,20,18,LAL,107,38,7,31,20,7,1,18,20,36,79,40,11,30,24,1
0022100706,2022-01-23,MIN,136,37,10,27,24,11,7,9,17,48,92,32,14,31,26,BKN,125,48,16,32,27,4,1,19,29,48,95,38,15,15,14,1
0022100704,2022-01-23,SAS,109,43,12,31,30,4,5,9,15,42,89,30,10,22,15,PHI,115,47,13,34,22,5,3,10,19,44,92,16,7,23,20,0
0022100702,2022-01-23,TOR,105,43,15,28,28,15,8,16,18,39,98,54,18,14,9,POR,114,47,10,37,31,8,7,22,17,45,85,32,18,13,6,0
0022100703,2022-01-23,CHA,91,54,11,43,23,6,6,16,24,34,87,36,4,27,19,ATL,113,45,7,38,25,12,6,10,22,40,88,39,15,24,18,0
0022100699,2022-01-23,WAS,87,44,9,35,20,8,6,7,14,33,93,34,8,16,13,BOS,116,57,11,46,26,5,3,13,16,40,90,39,19,21,17,0
0022100701,2022-01-23,ORL,114,35,3,32,31,7,8,14,25,42,80,26,12,23,18,CHI,95,44,11,33,10,3,4,22,22,33,76,21,5,32,24,1
0022100698,2022-01-23,NYK,110,52,15,37,26,6,4,13,22,39,91,36,16,19,16,LAC,102,40,6,34,20,7,6,12,19,34,79,41,14,30,20,1
0022100708,2022-01-23,GSW,94,40,10,30,19,8,5,10,19,36,83,42,13,10,9,UTA,92,51,17,34,17,7,2,12,13,31,81,35,11,23,19,1
0022100705,2022-01-23,DAL,104,42,9,33,22,10,12,18,23,36,74,30,9,31,23,MEM,91,50,21,29,20,10,3,15,25,37,99,24,4,19,13,1
0022100707,2022-01-23,DEN,117,34,8,26,29,8,1,13,22,44,85,35,12,23,17,DET,111,34,4,30,28,4,5,22,29,42,75,29,11,19,16,1
0022100709,2022-01-24,CLE,95,51,12,39,29,7,1,20,18,35,81,36,13,20,12,NYK,93,45,11,34,21,11,1,12,19,35,84,38,12,21,11,1
0022100712,2022-01-24,NOP,117,45,12,33,23,7,4,12,22,41,88,30,6,31,29,IND,113,41,10,31,26,5,7,17,28,38,87,46,19,25,18,1
0022100730,2022-01-24,OKC,110,44,10,34,26,9,5,11,15,38,92,45,16,24,18,CHI,111,51,10,41,31,7,9,19,23,41,89,39,15,19,14,0
0022100713,2022-01-24,PHX,115,51,18,33,28,10,5,14,17,47,99,36,13,15,8,UTA,109,38,7,31,16,11,3,14,15,40,81,31,14,22,15,1
0022100718,2022-01-25,BKN,96,54,18,36,20,5,2,19,12,37,88,27,7,22,15,LAL,106,33,5,28,23,12,9,10,19,42,89,38,12,10,10,0
0022100721,2022-01-25,POR,107,50,15,35,26,4,2,14,24,37,94,41,16,20,17,MIN,109,49,11,38,21,8,10,17,19,36,82,43,14,31,23,0
0022100717,2022-01-25,BOS,128,67,17,50,32,6,6,11,12,51,103,45,20,7,6,SAC,75,45,15,30,15,7,8,12,14,29,95,33,6,15,11,1
0022100719,2022-01-25,HOU,104,45,18,27,21,8,3,17,12,39,95,34,9,25,17,SAS,134,49,11,38,38,8,5,13,22,58,101,32,12,6,6,0
0022100454,2022-01-25,PHI,117,44,14,30,26,4,8,11,22,39,84,31,10,31,29,NOP,107,39,11,28,26,5,7,8,25,40,83,22,9,26,18,1
0022100720,2022-01-25,GSW,130,58,12,46,31,8,2,14,17,49,92,43,17,18,15,DAL,92,39,10,29,17,9,4,11,17,32,91,40,10,18,18,1
0022100714,2022-01-25,DET,105,36,9,27,25,14,5,9,25,41,97,36,12,14,11,DEN,110,56,16,40,25,7,1,25,17,36,84,32,11,31,27,0
0022100716,2022-01-25,WAS,115,52,10,42,25,4,7,19,24,37,80,27,9,40,32,LAC,116,48,12,36,28,9,5,12,29,39,94,29,11,31,27,0
0022100715,2022-01-25,TOR,125,42,7,35,27,6,7,17,22,43,82,34,16,29,23,CHA,113,37,9,28,25,7,2,12,20,40,82,31,10,32,23,1
0022100722,2022-01-26,CLE,115,41,12,29,27,11,3,13,19,41,87,42,19,17,14,MIL,99,41,10,31,22,7,3,19,19,37,80,32,9,18,16,1
0022100727,2022-01-26,MIA,110,38,7,31,30,8,3,20,23,37,74,37,16,22,20,NYK,96,44,15,29,24,8,4,18,23,35,83,44,15,17,11,1
0022100731,2022-01-26,UTA,97,39,8,31,20,6,4,16,28,34,79,30,12,23,17,PHX,105,44,9,35,14,6,7,9,20,40,82,18,7,27,18,0
0022100725,2022-01-26,ATL,121,48,6,42,29,9,2,9,18,48,90,36,12,17,13,SAC,104,42,10,32,23,6,3,12,20,39,93,40,12,19,14,1
0022100732,2022-01-26,POR,112,38,3,35,27,4,1,9,21,42,82,38,14,23,14,DAL,132,45,6,39,35,6,6,9,21,48,88,36,16,26,20,0
0022100453,2022-01-26,BKN,118,38,6,32,26,6,3,12,25,43,88,29,12,26,20,DEN,124,48,12,36,27,8,2,13,21,42,89,36,15,27,25,0
0022100724,2022-01-26,ORL,102,39,8,31,29,9,3,13,23,38,84,35,9,22,17,LAC,111,49,8,41,20,7,1,15,22,36,81,29,15,27,24,0
0022100472,2022-01-26,CHI,111,45,10,35,32,2,1,15,22,46,84,26,7,16,12,TOR,105,34,8,26,24,8,5,12,17,38,79,31,12,28,17,1
0022100728,2022-01-26,SAS,110,39,13,26,30,9,7,13,19,43,94,37,9,19,15,MEM,118,44,12,32,24,9,9,13,18,46,90,23,7,26,19,0
0022100723,2022-01-26,IND,126,41,17,24,33,9,3,20,31,44,92,34,10,34,28,CHA,158,36,8,28,37,9,5,13,29,54,93,45,24,33,26,0
0022100733,2022-01-27,PHI,105,41,3,38,30,8,5,15,14,41,82,35,13,17,10,LAL,87,42,9,33,19,7,9,19,16,36,88,29,6,9,9,1
0022100734,2022-01-27,GSW,124,47,10,37,31,8,3,19,23,44,82,36,21,21,15,MIN,115,41,10,31,22,10,4,9,15,42,95,44,10,27,21,1
0022100735,2022-01-28,CHA,117,50,11,39,25,4,5,12,24,43,83,36,11,28,20,LAL,114,44,12,32,19,7,3,7,23,38,91,40,15,32,23,1
0022100743,2022-01-28,PHX,134,49,10,39,36,4,2,12,22,43,84,39,20,37,28,MIN,124,38,8,30,20,7,6,7,26,44,90,39,14,27,22,1
0022100744,2022-01-28,MIL,123,47,11,36,27,11,1,13,24,41,89,43,14,31,27,NYK,108,45,11,34,21,6,4,14,23,39,84,40,14,28,16,1
0022100741,2022-01-28,OKC,110,43,10,33,22,12,6,14,27,43,95,43,14,17,10,IND,113,60,19,41,25,7,6,21,20,41,95,39,13,29,18,0
0022100739,2022-01-28,HOU,110,38,5,33,25,6,3,19,22,38,79,41,10,31,24,POR,125,34,4,30,20,10,4,15,24,46,81,39,17,20,16,0
0022100737,2022-01-28,ATL,108,43,9,34,19,10,11,12,21,41,89,31,12,20,14,BOS,92,52,16,36,15,5,8,18,25,30,86,36,7,27,25,1
0022100742,2022-01-28,SAS,131,44,10,34,35,3,1,7,18,50,95,37,16,18,15,CHI,122,37,4,33,22,5,2,6,16,46,88,30,8,26,22,1
0022100729,2022-01-28,NOP,105,43,14,29,23,14,4,13,19,35,90,34,5,33,30,DEN,116,43,9,34,29,9,4,21,22,41,82,33,12,25,22,0
0022100738,2022-01-28,MIA,121,51,12,39,28,6,3,18,23,40,85,34,15,27,26,LAC,114,37,9,28,22,7,3,13,21,41,92,35,9,32,23,1
0022100740,2022-01-28,MEM,119,42,8,34,27,9,7,15,19,46,82,23,9,24,18,UTA,109,37,11,26,20,10,3,18,16,37,85,46,17,21,18,1
0022100736,2022-01-28,ORL,119,47,8,39,28,5,7,17,22,41,83,25,12,26,25,DET,103,41,14,27,23,10,9,10,24,32,87,29,10,37,29,1
0022100750,2022-01-29,GSW,110,55,16,39,24,8,8,12,23,40,98,45,14,18,16,BKN,106,52,18,34,21,7,10,11,15,39,98,28,11,21,17,1
0022100746,2022-01-29,DAL,132,46,11,35,31,8,7,5,19,51,96,34,16,22,14,IND,105,47,10,37,25,1,7,11,21,40,91,33,9,23,16,1
0022100747,2022-01-29,PHI,103,36,3,33,24,8,3,18,17,36,70,30,12,26,19,SAC,101,43,10,33,24,9,2,13,21,36,82,35,12,20,17,1
0022100745,2022-01-29,NOP,97,40,9,31,22,8,0,15,14,36,82,32,8,23,17,BOS,107,43,6,37,31,6,7,15,19,43,81,41,14,11,7,0
0022100748,2022-01-29,MIA,120,61,19,42,26,12,6,24,26,45,110,50,16,20,14,TOR,124,53,12,41,24,15,9,17,22,47,107,45,16,18,14,0
0022100749,2022-01-29,MEM,115,60,21,39,24,8,10,9,21,46,100,31,13,12,10,WAS,95,37,7,30,27,6,5,12,12,35,84,29,10,21,15,1
0022100751,2022-01-30,ATL,129,45,8,37,31,7,0,12,21,49,84,31,10,32,21,LAL,121,38,6,32,29,5,2,13,24,47,87,35,15,23,12,1
0022100753,2022-01-30,CHI,130,44,8,36,36,10,3,7,16,50,90,32,13,18,17,POR,116,36,5,31,23,4,3,12,12,43,83,39,18,16,12,1
0022100758,2022-01-30,PHX,115,46,11,35,31,6,5,8,12,48,97,32,11,12,8,SAS,110,43,11,32,27,6,3,11,15,45,100,37,13,8,7,1
0022100754,2022-01-30,DET,115,48,16,32,26,7,4,9,21,42,91,26,10,25,21,CLE,105,41,12,29,25,6,6,13,20,38,82,34,13,25,16,1
0022100755,2022-01-30,ORL,110,40,9,31,26,8,1,16,16,43,84,34,11,16,13,DAL,108,40,7,33,22,9,4,18,19,39,81,38,16,18,14,1
0022100756,2022-01-30,MIL,100,32,6,26,23,6,3,15,10,37,78,30,10,22,16,DEN,136,41,6,35,39,8,3,10,15,53,88,43,23,10,7,0
0022100752,2022-01-30,CHA,90,44,11,33,24,8,2,9,15,32,98,34,8,27,18,LAC,115,60,6,54,23,5,6,18,23,44,84,28,11,19,16,0
0022100757,2022-01-30,MIN,126,40,10,30,35,11,2,16,15,49,89,31,13,18,15,UTA,106,38,9,29,23,8,4,20,24,38,81,40,15,21,15,1
0022100762,2022-01-31,BOS,122,44,9,35,24,9,6,10,15,44,84,42,16,27,18,MIA,92,38,10,28,25,6,2,19,22,34,87,44,17,10,7,1
0022100765,2022-01-31,OKC,98,50,11,39,22,6,3,13,13,35,86,41,12,17,16,POR,81,41,6,35,18,7,6,15,20,34,81,38,7,8,6,1
0022100763,2022-01-31,NYK,116,47,8,39,25,12,5,17,20,40,80,35,13,29,23,SAC,96,36,9,27,24,6,5,16,23,37,86,38,11,22,11,1
0022100759,2022-01-31,CLE,93,37,7,30,26,6,9,10,19,36,84,31,9,14,12,NOP,90,51,16,35,26,6,8,13,18,33,85,30,6,21,18,1
0022100764,2022-01-31,HOU,108,37,9,28,25,4,3,17,19,36,84,43,16,29,20,GSW,122,41,7,34,23,10,8,15,24,43,80,40,17,23,19,0
0022100760,2022-01-31,IND,122,50,11,39,31,3,5,12,12,50,95,29,14,12,8,LAC,116,41,10,31,25,7,5,10,15,45,96,44,15,13,11,1
0022100767,2022-01-31,ATL,100,46,5,41,28,6,5,15,20,37,81,32,12,16,14,TOR,106,43,6,37,21,7,8,8,15,38,89,36,18,17,12,0
0022100761,2022-01-31,PHI,122,49,14,35,30,8,12,21,23,49,100,31,11,15,13,MEM,119,48,15,33,18,14,6,14,15,47,102,30,6,28,19,1
0022100784,2022-02-01,TOR,110,43,15,28,20,9,3,15,24,39,81,26,12,29,20,MIA,106,38,10,28,26,8,1,17,25,38,78,30,8,25,22,1
0022100772,2022-02-01,PHX,121,37,7,30,26,8,4,16,19,42,76,31,11,31,26,BKN,111,33,6,27,25,7,1,12,27,40,81,40,16,21,15,1
0022100769,2022-02-01,CHI,126,49,11,38,25,5,6,10,15,46,90,30,11,29,23,ORL,115,36,3,33,33,7,4,9,18,46,93,39,14,11,9,1
0022100766,2022-02-01,DET,101,35,6,29,21,7,3,19,25,41,84,32,8,14,11,NOP,111,46,16,30,24,8,5,17,17,39,89,28,8,28,25,0
0022100770,2022-02-01,MIN,130,52,13,39,35,8,9,10,21,46,93,45,19,25,19,DEN,115,46,10,36,27,7,4,12,17,38,89,44,14,28,25,1
0022100771,2022-02-01,SAS,120,34,5,29,33,7,7,14,17,46,83,33,16,17,12,GSW,124,46,15,31,30,10,3,16,17,43,96,46,20,18,18,0
0022100768,2022-02-01,MIL,112,44,8,36,26,7,2,9,17,46,92,38,12,9,8,WAS,98,40,7,33,22,4,5,12,16,36,82,35,12,20,14,1
0022100780,2022-02-02,SAC,112,48,15,33,23,8,7,14,15,41,93,42,14,18,16,BKN,101,40,10,30,22,7,12,13,16,41,84,25,8,14,11,1
0022100773,2022-02-02,IND,118,46,7,39,25,7,1,8,19,44,98,32,14,23,16,ORL,119,52,9,43,29,5,3,12,21,42,95,35,11,26,24,0
0022100781,2022-02-02,LAL,99,53,12,41,25,8,7,17,18,33,78,30,11,33,22,POR,94,55,18,37,23,11,3,13,28,35,98,42,14,19,10,1
0022100777,2022-02-02,HOU,115,37,8,29,25,11,3,12,23,39,82,40,14,33,23,CLE,104,48,12,36,23,6,4,19,27,41,80,21,7,27,15,1
0022100779,2022-02-02,UTA,108,37,8,29,21,8,4,8,12,42,86,29,7,22,17,DEN,104,39,7,32,24,5,7,14,20,42,79,28,11,12,9,1
0022100778,2022-02-02,DAL,114,39,13,26,28,12,8,14,21,46,98,43,14,10,8,OKC,120,50,14,36,25,6,8,20,16,41,86,37,17,25,21,0
0022100776,2022-02-02,NYK,108,48,13,35,23,5,10,15,19,38,88,36,12,26,20,MEM,120,51,15,36,30,11,5,11,18,44,102,39,16,23,16,0
0022100774,2022-02-02,PHI,103,41,10,31,23,2,4,4,20,41,91,27,11,13,10,WAS,106,52,15,37,25,1,5,10,14,41,90,22,9,19,15,0
0022100775,2022-02-02,BOS,113,42,6,36,31,9,5,19,21,42,82,36,14,17,15,CHA,107,46,14,32,18,12,4,16,20,37,87,40,12,27,21,1
0022100786,2022-02-03,LAC,111,43,7,36,29,5,6,10,22,46,89,30,13,11,6,LAL,110,44,11,33,19,6,6,11,13,41,88,29,11,25,17,1
0022100521,2022-02-03,SAS,95,43,12,31,21,9,5,17,19,30,80,33,8,38,27,MIA,112,42,7,35,27,13,3,14,27,42,83,30,12,18,16,0
0022100782,2022-02-03,DET,117,45,13,32,27,3,6,16,24,40,91,46,15,28,22,MIN,128,42,9,33,29,11,3,14,18,44,87,34,15,28,25,0
0022100783,2022-02-03,ATL,124,41,6,35,25,6,1,15,21,44,84,40,20,22,16,PHX,115,39,6,33,30,11,2,11,20,46,88,32,9,18,14,1
0022100785,2022-02-03,GSW,126,40,9,31,27,11,3,16,19,47,84,42,20,16,12,SAC,114,25,5,20,29,13,3,16,16,42,80,31,11,23,19,1
0022100430,2022-02-03,TOR,127,58,22,36,30,10,5,12,17,48,113,36,14,19,17,CHI,120,51,10,41,30,8,7,17,19,43,90,29,12,24,22,1
0022100793,2022-02-04,UTA,125,50,9,41,33,7,5,18,16,48,85,38,17,14,12,BKN,102,42,16,26,25,10,2,10,12,41,99,34,12,11,8,1
0022100791,2022-02-04,DAL,107,40,11,29,22,8,0,11,18,39,85,34,10,23,19,PHI,98,36,6,30,23,5,5,14,22,36,70,27,9,23,17,1
0022100790,2022-02-04,TOR,125,45,8,37,29,7,4,17,18,46,81,27,17,18,16,ATL,114,40,13,27,27,12,4,9,16,43,93,29,9,21,19,1
0022100788,2022-02-04,DET,93,56,20,36,18,5,4,11,24,34,104,26,10,20,15,BOS,102,55,11,44,23,4,9,14,17,37,82,28,9,25,19,0
0022100787,2022-02-04,CHA,101,52,15,37,27,9,2,14,22,38,92,43,14,12,11,CLE,102,51,15,36,26,7,0,12,17,36,90,35,14,20,16,0
0022100794,2022-02-04,DEN,105,31,7,24,22,9,4,15,20,35,78,41,19,17,16,NOP,113,38,5,33,27,8,5,15,18,42,75,25,8,23,21,0
0022100789,2022-02-04,IND,115,37,10,27,25,3,3,13,19,47,95,27,12,9,9,CHI,122,43,10,33,30,5,6,9,17,49,90,26,6,23,18,0
0022100792,2022-02-04,SAS,131,44,11,33,33,14,5,13,25,51,89,28,13,20,16,HOU,106,35,9,26,15,9,6,19,20,36,83,33,11,29,23,1
0022100795,2022-02-04,POR,93,53,17,36,18,7,4,12,18,40,101,33,6,10,7,OKC,96,52,13,39,24,5,6,15,18,33,87,42,15,21,15,0
0022100797,2022-02-05,CHA,86,50,12,38,23,4,5,20,19,33,86,36,10,16,10,MIA,104,49,11,38,27,14,6,12,17,38,91,32,11,18,17,0
0022100800,2022-02-05,POR,108,38,9,29,25,6,6,16,18,41,85,45,14,21,12,MIL,137,44,10,34,36,9,6,10,18,49,92,50,23,22,16,0
0022100799,2022-02-05,LAL,122,57,14,43,29,8,7,13,23,48,102,34,9,28,17,NYK,115,56,15,41,24,8,4,14,26,39,98,38,11,36,26,1
0022100798,2022-02-05,WAS,80,42,8,34,14,8,4,9,17,30,85,24,5,19,15,PHX,95,64,20,44,26,6,7,10,16,40,99,31,8,14,7,0
0022100801,2022-02-05,SAC,113,47,7,40,30,13,4,16,15,43,83,32,12,22,15,OKC,103,41,7,34,23,8,1,14,16,42,87,30,9,16,10,1
0022100796,2022-02-05,ORL,115,38,7,31,27,2,2,9,20,39,90,48,17,29,20,MEM,135,62,16,46,33,6,5,8,21,53,105,39,13,22,16,0
0022100809,2022-02-06,LAC,113,44,10,34,26,6,2,10,20,40,96,46,18,16,15,MIL,137,50,7,43,28,6,4,10,15,48,88,38,19,27,22,0
0022100804,2022-02-06,DEN,124,55,11,44,37,7,2,11,20,49,94,32,10,21,16,BKN,104,36,8,28,24,8,9,10,19,36,87,41,16,22,16,1
0022100805,2022-02-06,CLE,98,50,16,34,25,9,5,11,22,34,84,32,11,28,19,IND,85,47,13,34,17,5,2,19,26,31,83,31,8,17,15,1
0022100802,2022-02-06,CHI,108,38,6,32,21,3,4,8,19,39,81,26,7,26,23,PHI,119,38,4,34,29,5,5,11,17,45,84,24,12,21,17,0
0022100807,2022-02-06,DAL,103,48,12,36,25,8,5,16,25,38,88,36,16,13,11,ATL,94,50,15,35,21,7,4,12,18,37,95,25,5,16,15,1
0022100806,2022-02-06,ORL,83,40,8,32,17,8,5,19,16,29,81,26,5,21,20,BOS,116,55,16,39,29,9,6,16,17,45,99,46,13,14,13,0
0022100808,2022-02-06,HOU,107,33,5,28,28,5,7,18,23,40,84,45,16,16,11,NOP,120,33,5,28,29,12,4,13,23,41,77,29,12,36,26,0
0022100803,2022-02-06,MIN,118,51,11,40,27,6,7,10,19,42,91,36,17,21,17,DET,105,47,14,33,28,6,9,11,22,40,95,32,12,19,13,1
0022100811,2022-02-07,WAS,100,33,7,26,25,10,0,17,18,36,80,31,7,23,21,MIA,121,37,5,32,29,9,1,19,23,43,76,32,18,21,17,0
0022100814,2022-02-07,UTA,113,49,14,35,19,6,6,12,26,39,93,48,12,27,23,NYK,104,56,20,36,18,8,3,16,23,36,95,33,8,35,24,1
0022100812,2022-02-07,CHI,124,40,11,29,18,7,2,9,18,43,90,26,10,31,28,PHX,127,44,10,34,31,5,5,11,23,49,90,32,12,19,17,0
0022100813,2022-02-07,OKC,98,50,18,32,21,8,2,18,14,37,90,36,11,17,13,GSW,110,40,6,34,30,12,3,15,19,41,82,43,15,17,13,0
0022100810,2022-02-07,CHA,101,38,9,29,28,11,4,13,19,39,95,40,9,16,14,TOR,116,51,14,37,21,9,5,18,20,41,84,35,15,29,19,0
0022100822,2022-02-08,LAL,116,41,12,29,28,7,6,16,20,44,85,32,10,30,18,MIL,131,42,11,31,31,10,4,12,24,52,96,36,15,20,12,0
0022100824,2022-02-08,SAC,114,38,5,33,29,4,3,19,20,41,83,25,9,26,23,MIN,134,49,16,33,34,10,4,14,24,50,104,44,22,17,12,0
0022100821,2022-02-08,DEN,132,52,12,40,31,5,1,13,18,46,85,39,16,31,24,NYK,115,41,14,27,25,9,3,9,25,45,101,43,15,12,10,1
0022100823,2022-02-08,POR,95,50,17,33,21,9,5,13,12,32,91,38,11,26,20,ORL,113,50,10,40,34,8,7,15,18,44,90,38,19,8,6,0
0022100816,2022-02-08,ATL,133,43,10,33,36,8,7,16,26,52,90,33,17,16,12,IND,112,43,18,25,22,10,4,13,16,37,93,31,10,33,28,1
0022100815,2022-02-08,PHI,109,44,6,38,24,7,4,15,22,41,89,32,10,18,17,PHX,114,48,11,37,27,7,5,8,15,43,95,26,6,24,22,0
0022100817,2022-02-08,BKN,91,40,15,25,22,6,4,14,18,38,99,36,10,13,5,BOS,126,52,11,41,32,6,8,14,14,50,91,40,14,16,12,0
0022100819,2022-02-08,NOP,110,43,8,35,27,10,10,19,29,42,80,32,8,20,18,HOU,97,47,18,29,19,8,3,21,23,32,86,42,13,31,20,1
0022100818,2022-02-08,MEM,135,55,21,34,26,12,6,13,18,53,103,26,9,25,20,LAC,109,40,11,29,25,8,7,17,17,40,89,31,11,24,18,1
0022100820,2022-02-08,DAL,116,47,6,41,24,10,5,13,18,40,79,36,18,23,18,DET,86,45,13,32,20,5,2,15,24,33,87,30,5,22,15,1
0022100829,2022-02-09,POR,107,41,11,30,26,15,3,11,15,42,89,32,10,16,13,LAL,105,38,3,35,29,7,7,21,15,41,74,37,17,13,6,1
0022100830,2022-02-09,SAC,132,51,11,40,32,4,7,14,19,48,93,30,12,27,24,MIN,119,34,6,28,28,4,6,10,21,44,98,46,16,18,15,1
0022100825,2022-02-09,CLE,105,51,10,41,18,8,2,15,12,39,82,21,9,24,18,SAS,92,46,15,31,24,8,4,13,17,38,99,33,8,11,8,1
0022100826,2022-02-09,CHA,109,43,11,32,26,7,1,9,16,40,93,43,13,23,16,CHI,121,40,5,35,27,4,5,14,17,46,82,33,16,19,13,0
0022100828,2022-02-09,UTA,111,52,11,41,26,3,9,12,16,41,89,51,17,17,12,GSW,85,35,3,32,17,8,3,13,19,28,78,43,16,17,13,1
0022100827,2022-02-09,OKC,98,45,14,31,28,11,4,18,17,36,87,47,14,14,12,TOR,117,45,10,35,22,9,4,16,16,45,88,35,13,14,14,0
0022100833,2022-02-10,NOP,97,39,12,27,19,8,6,17,23,36,85,41,11,16,14,MIA,112,43,11,32,25,12,4,14,19,39,81,32,10,28,24,0
0022100836,2022-02-10,PHX,131,43,9,34,35,10,2,8,22,51,90,30,9,29,20,MIL,107,39,11,28,18,6,4,14,22,40,88,38,10,25,17,1
0022100832,2022-02-10,WAS,113,41,10,31,29,7,5,12,23,43,85,31,11,18,16,BKN,112,42,12,30,19,6,3,10,21,39,84,29,10,28,24,1
0022100837,2022-02-10,GSW,114,38,5,33,27,4,5,8,24,42,91,45,15,17,15,NYK,116,51,16,35,24,3,3,15,18,39,90,36,14,33,24,0
0022100835,2022-02-10,DAL,112,41,8,33,19,4,3,14,23,38,78,39,13,27,23,LAC,105,31,4,27,24,9,2,10,25,39,81,23,9,25,18,1
0022100834,2022-02-10,HOU,120,41,13,28,25,5,4,21,20,43,82,38,16,30,18,TOR,139,37,14,23,25,12,3,12,28,53,97,39,15,22,18,0
0022100831,2022-02-10,DET,107,40,10,30,27,4,7,10,29,41,94,35,7,21,18,MEM,132,60,18,42,32,6,4,13,23,44,92,30,15,42,29,0
0022100843,2022-02-11,CHI,134,43,6,37,32,6,3,15,15,55,87,31,14,13,10,MIN,122,32,7,25,32,7,4,9,12,48,96,40,13,16,13,1
0022100844,2022-02-11,UTA,114,50,11,39,22,15,5,16,14,40,89,41,13,24,21,ORL,99,40,9,31,23,12,5,18,15,37,84,35,13,16,12,1
0022100841,2022-02-11,ATL,121,49,17,32,28,10,5,14,18,47,103,43,14,15,13,SAS,136,41,5,36,37,11,4,14,21,50,90,32,18,21,18,0
0022100839,2022-02-11,IND,113,38,9,29,25,9,4,23,25,42,89,38,18,16,11,CLE,120,32,6,26,20,12,7,13,16,43,81,24,9,30,25,0
0022100842,2022-02-11,BOS,108,54,18,36,24,13,8,12,20,38,96,37,10,30,22,DEN,102,52,12,40,23,7,6,21,22,39,90,44,11,18,13,1
0022100840,2022-02-11,PHI,100,55,15,40,19,7,10,11,16,36,93,26,7,26,21,OKC,87,52,11,41,21,6,8,16,21,35,90,35,6,12,11,1
0022100838,2022-02-11,DET,119,45,16,29,32,10,6,18,20,48,102,35,12,18,11,CHA,141,51,15,36,36,13,2,18,22,54,97,42,18,23,15,0
0022100854,2022-02-12,GSW,117,50,10,40,24,4,3,9,24,40,90,38,12,34,25,LAL,115,48,12,36,25,5,6,9,24,41,88,27,11,33,22,1
0022100851,2022-02-12,MIA,115,52,10,42,20,6,1,15,21,41,82,29,10,29,23,BKN,111,41,9,32,16,12,2,8,27,42,93,40,12,22,15,1
0022100845,2022-02-12,POR,112,51,9,42,29,3,2,17,26,40,84,40,15,20,17,NYK,103,41,9,32,19,6,6,13,24,31,81,39,12,34,29,1
0022100855,2022-02-12,PHX,132,52,7,45,40,8,2,7,19,55,105,34,15,10,7,ORL,105,44,4,40,25,2,2,15,9,37,87,41,15,24,16,1
0022100847,2022-02-12,WAS,110,32,10,22,26,11,3,10,19,41,88,38,13,21,15,SAC,123,42,6,36,27,4,2,14,20,43,76,28,12,29,25,0
0022100848,2022-02-12,NOP,114,46,10,36,22,2,4,15,19,43,87,32,11,20,17,SAS,124,34,7,27,26,9,5,5,19,47,93,37,14,19,16,0
0022100849,2022-02-12,PHI,103,40,8,32,24,13,5,13,21,38,79,22,10,21,17,CLE,93,34,5,29,21,3,3,17,16,36,77,24,8,15,13,1
0022100850,2022-02-12,TOR,109,35,8,27,22,11,1,7,19,43,88,34,12,17,11,DEN,110,50,12,38,28,5,3,18,16,39,84,37,14,21,18,0
0022100853,2022-02-12,DAL,97,44,13,31,16,4,0,14,17,35,85,39,15,19,12,LAC,99,42,6,36,23,7,4,14,20,43,82,22,7,11,6,0
0022100852,2022-02-12,CHI,106,57,11,46,20,6,3,13,19,40,89,25,7,23,19,OKC,101,43,7,36,22,8,10,8,15,34,88,36,11,30,22,1
0022100846,2022-02-12,CHA,118,53,18,35,28,7,6,17,29,39,97,45,14,33,26,MEM,125,57,16,41,31,11,8,17,26,47,96,33,11,33,20,0
0022100857,2022-02-13,IND,120,54,22,32,28,5,6,13,21,45,102,45,13,22,17,MIN,129,38,8,30,23,8,8,14,25,43,84,34,18,28,25,0
0022100856,2022-02-13,BOS,105,54,12,42,21,5,6,12,15,36,85,38,11,27,22,ATL,95,48,11,37,18,6,3,13,22,34,93,38,12,15,15,1
0022100864,2022-02-14,DEN,121,52,12,40,25,7,2,23,18,42,88,40,16,23,21,ORL,111,42,11,31,24,16,5,15,19,40,91,39,11,23,20,1
0022100862,2022-02-14,MIL,107,43,6,37,18,8,3,13,18,38,89,41,13,24,18,POR,122,58,14,44,30,8,6,14,19,45,99,43,18,19,14,0
0022100859,2022-02-14,BKN,109,49,6,43,25,7,5,18,22,43,84,26,9,15,14,SAC,85,43,11,32,12,8,4,18,17,31,90,35,9,18,14,1
0022100861,2022-02-14,CHI,120,53,10,43,25,3,3,16,19,46,88,24,10,21,18,SAS,109,33,4,29,28,9,2,7,15,44,92,20,6,21,15,1
0022100866,2022-02-14,LAC,119,43,6,37,25,6,3,12,18,48,85,34,15,15,8,GSW,104,38,7,31,23,7,3,14,18,39,86,41,16,13,10,1
0022100865,2022-02-14,UTA,135,53,13,40,34,6,5,13,22,49,89,40,18,22,19,HOU,101,33,10,23,23,5,4,12,20,35,83,37,12,28,19,1
0022100860,2022-02-14,NYK,123,56,19,37,28,8,12,14,25,45,108,50,15,22,18,OKC,127,46,8,38,28,9,1,11,19,48,96,34,13,27,18,0
0022100863,2022-02-14,NOP,120,47,4,43,36,4,7,14,24,45,77,35,16,16,14,TOR,90,44,19,25,8,7,3,8,14,29,95,34,8,31,24,1
0022100858,2022-02-14,WAS,103,45,10,35,21,8,3,15,16,40,85,29,9,18,14,DET,94,44,13,31,19,7,3,12,19,32,85,23,8,27,22,1
0022100870,2022-02-15,MIL,128,47,9,38,28,7,0,15,17,48,86,29,10,30,22,IND,119,41,10,31,32,8,2,12,23,47,93,41,17,19,8,1
0022100869,2022-02-15,PHI,87,40,12,28,17,7,2,9,17,23,80,32,8,39,33,BOS,135,51,7,44,28,2,10,11,25,46,82,45,25,22,18,0
0022100867,2022-02-15,ATL,124,35,7,28,25,9,4,11,18,43,80,33,14,27,24,CLE,116,39,14,25,30,8,3,13,23,45,88,41,16,12,10,1
0022100868,2022-02-15,MIA,99,48,15,33,19,1,2,12,23,35,84,27,7,27,22,DAL,107,38,12,26,27,5,7,9,26,34,76,41,18,33,21,0
0022100873,2022-02-15,PHX,103,52,12,40,30,9,4,17,12,44,90,25,8,10,7,LAC,96,46,13,33,26,11,9,14,12,40,97,35,10,9,6,1
0022100872,2022-02-15,NOP,109,34,11,23,20,7,5,15,23,44,88,26,4,20,17,MEM,121,49,18,31,29,10,3,13,24,47,94,34,10,27,17,0
0022100871,2022-02-15,MIN,126,58,17,41,29,10,8,14,26,43,109,55,13,43,27,CHA,120,62,16,46,31,9,7,14,30,42,102,33,8,37,28,1
0022100877,2022-02-16,NYK,106,44,10,34,22,7,9,10,17,37,85,43,16,18,16,BKN,111,51,16,35,21,5,1,9,16,43,98,34,11,23,14,0
0022100879,2022-02-16,MEM,119,39,10,29,20,10,7,10,26,37,85,30,11,42,34,POR,123,43,13,30,23,6,5,12,27,43,85,32,13,32,24,0
0022100878,2022-02-16,CHI,125,47,13,34,25,8,2,13,16,47,94,29,12,20,19,SAC,118,36,7,29,24,9,3,13,14,43,84,30,12,22,20,1
0022100881,2022-02-16,OKC,106,50,15,35,25,6,6,8,19,41,105,32,11,19,13,SAS,114,57,14,43,29,3,7,14,15,43,98,34,10,22,18,0
0022100874,2022-02-16,ORL,109,45,12,33,23,3,5,13,19,42,98,41,13,13,12,ATL,130,47,13,34,23,7,6,11,20,45,90,33,18,28,22,0
0022100883,2022-02-16,GSW,116,37,8,29,26,13,5,11,21,45,87,34,10,24,16,DEN,117,48,12,36,27,5,1,19,18,43,91,36,14,21,17,0
0022100882,2022-02-16,PHX,124,42,7,35,27,10,7,11,20,44,86,24,7,36,29,HOU,121,49,13,36,23,5,5,16,27,42,97,44,13,28,24,1
0022100880,2022-02-16,MIN,91,42,6,36,23,6,7,17,18,30,77,42,10,29,21,TOR,103,48,9,39,21,7,6,13,21,40,88,25,8,19,15,0
0022100884,2022-02-16,LAL,106,44,12,32,24,9,7,12,18,41,86,36,10,22,14,UTA,101,41,8,33,17,11,6,13,22,37,79,33,11,19,16,1
0022100876,2022-02-16,IND,113,40,7,33,30,9,6,11,14,45,83,20,4,29,19,WAS,108,44,12,32,25,7,3,13,20,39,91,37,17,16,13,1
0022100875,2022-02-16,BOS,111,30,2,28,29,8,6,17,14,42,77,32,13,18,14,DET,112,47,18,29,28,9,1,17,17,43,93,30,16,13,10,0
0022100885,2022-02-17,CHA,107,58,17,41,27,6,4,18,28,38,95,42,10,30,21,MIA,111,56,15,41,31,4,5,15,23,41,102,48,14,23,15,0
0022100887,2022-02-17,MIL,120,44,12,32,20,5,1,7,22,42,95,44,14,28,22,PHI,123,46,9,37,21,2,2,12,23,44,88,34,12,27,23,0
0022100886,2022-02-17,NOP,118,48,17,31,22,7,0,13,18,46,92,28,12,21,14,DAL,125,38,7,31,18,5,4,9,22,44,82,40,19,25,18,0
0022100888,2022-02-17,LAC,142,50,12,38,34,12,5,18,16,51,92,35,18,26,22,HOU,111,35,12,23,29,8,2,19,20,42,91,37,13,19,14,1
0022100464,2022-02-17,BKN,103,42,15,27,19,6,5,16,20,36,89,38,14,24,17,WAS,117,38,8,30,26,10,7,16,21,46,83,24,12,16,13,0
0022100893,2022-02-24,OKC,104,42,7,35,22,10,4,16,19,44,93,31,6,11,10,PHX,124,43,3,40,32,14,6,16,12,46,86,34,13,21,19,0
0022100891,2022-02-24,CHI,112,43,6,37,16,5,8,9,20,41,84,27,8,27,22,ATL,108,45,13,32,20,2,3,10,18,41,97,28,8,27,18,1
0022100890,2022-02-24,BKN,106,38,8,30,25,8,4,11,16,39,94,29,7,28,21,BOS,129,48,8,40,28,9,3,14,20,46,85,42,17,27,20,0
0022100889,2022-02-24,DET,106,49,13,36,23,8,8,11,24,35,86,34,11,28,25,CLE,103,43,8,35,20,3,7,12,21,34,77,35,12,34,23,1
0022100895,2022-02-24,SAC,110,34,6,28,25,5,8,15,17,43,86,29,9,18,15,DEN,128,39,3,36,30,12,4,17,24,48,86,35,15,20,17,0
0022100894,2022-02-24,POR,95,31,6,25,16,5,4,18,29,31,79,35,9,29,24,GSW,132,46,10,36,36,10,7,12,23,45,88,41,15,32,27,0
0022100892,2022-02-24,MIN,119,42,12,30,26,6,11,12,27,43,93,42,16,25,17,MEM,114,59,26,33,25,9,7,16,21,38,98,31,9,40,29,1
0022100900,2022-02-25,NYK,100,45,5,40,19,4,1,18,30,30,75,40,14,36,26,MIA,115,44,4,40,22,13,5,10,28,39,83,32,11,35,26,0
0022100901,2022-02-25,MIN,102,41,9,32,23,4,1,16,27,36,86,39,9,25,21,PHI,133,42,6,36,30,10,0,12,23,42,82,39,19,36,30,0
0022100899,2022-02-25,WAS,153,39,11,28,36,10,5,16,29,59,108,38,16,24,19,SAS,157,50,16,34,35,6,3,17,22,57,105,29,9,43,34,0
0022100902,2022-02-25,PHX,102,37,7,30,23,6,8,14,27,36,82,40,12,24,18,NOP,117,53,16,37,21,10,4,11,18,38,87,29,8,41,33,0
0022100903,2022-02-25,UTA,114,44,9,35,22,9,4,18,14,40,74,38,16,22,18,DAL,109,30,8,22,22,9,3,12,21,42,88,39,17,8,8,1
0022100898,2022-02-25,ORL,119,54,10,44,20,7,4,19,22,42,83,36,13,29,22,HOU,111,41,10,31,22,12,3,13,24,44,94,47,14,20,9,1
0022100904,2022-02-25,LAL,102,47,13,34,18,8,7,12,17,39,93,31,8,21,16,LAC,105,47,7,40,25,8,8,17,19,41,83,26,10,19,13,0
0022100897,2022-02-25,IND,125,51,12,39,31,8,11,14,19,49,101,37,14,22,13,OKC,129,54,11,43,23,8,3,11,19,50,101,31,11,24,18,0
0022100896,2022-02-25,CHA,125,52,13,39,34,10,7,18,20,52,94,40,15,9,6,TOR,93,36,10,26,18,6,4,17,12,37,84,23,6,23,13,1
0022100910,2022-02-26,MIL,123,43,4,39,24,4,0,15,26,41,78,38,16,38,25,BKN,126,40,12,28,24,7,5,9,24,44,92,34,13,33,25,0
0022100911,2022-02-26,DEN,115,45,4,41,29,5,2,15,25,38,82,43,16,29,23,SAC,110,45,9,36,24,4,3,13,25,38,89,30,9,33,25,1
0022100908,2022-02-26,MIA,133,32,4,28,25,8,3,12,20,47,83,28,12,38,27,SAS,129,46,12,34,33,5,1,22,31,50,90,31,14,19,15,1
0022100905,2022-02-26,DET,104,41,10,31,18,4,4,14,22,39,87,27,7,22,19,BOS,113,37,10,27,31,5,6,10,21,42,88,26,10,21,19,0
0022100906,2022-02-26,ATL,127,45,5,40,27,8,8,12,19,48,83,31,13,22,18,TOR,100,42,11,31,25,5,2,13,26,38,95,32,10,19,14,1
0022100909,2022-02-26,CHI,110,41,6,35,17,9,3,10,17,39,93,20,9,30,23,MEM,116,61,19,42,23,5,10,14,24,44,100,23,7,26,21,0
0022100907,2022-02-26,CLE,92,49,13,36,22,9,5,14,10,32,83,25,8,24,20,WAS,86,42,7,35,19,8,7,18,24,35,81,23,11,6,5,1
0022100912,2022-02-27,NYK,109,47,12,35,21,6,2,18,24,38,85,33,11,35,22,PHI,125,43,5,38,28,13,5,10,26,38,78,33,10,44,39,0
0022100914,2022-02-27,IND,128,49,10,39,25,7,5,14,23,47,90,33,17,20,17,BOS,107,40,12,28,25,5,9,10,13,39,91,43,12,20,17,1
0022100919,2022-02-27,LAL,95,38,7,31,15,8,7,23,18,35,84,34,7,20,18,NOP,123,51,12,39,29,16,3,15,19,47,92,30,13,25,16,0
0022100917,2022-02-27,GSW,101,44,12,32,27,15,2,11,23,39,91,39,11,20,12,DAL,107,45,6,39,16,5,7,18,18,39,78,34,13,20,16,0
0022100918,2022-02-27,POR,92,42,11,31,22,12,3,15,25,34,91,36,6,26,18,DEN,124,55,8,47,28,9,5,15,20,44,86,37,12,31,24,0
0022100916,2022-02-27,HOU,98,37,6,31,26,8,0,7,21,35,92,42,17,18,11,LAC,99,59,10,49,18,4,12,18,22,34,77,34,11,28,20,0
0022100913,2022-02-27,PHX,114,36,10,26,24,7,5,9,19,44,86,28,13,16,13,UTA,118,41,14,27,23,7,6,10,16,44,94,40,17,20,13,0
0022100915,2022-02-27,CHA,126,46,12,34,25,8,8,17,19,45,89,31,13,34,23,DET,127,54,22,32,30,10,3,15,29,50,110,40,14,18,13,0
0022100920,2022-02-28,CLE,122,38,10,28,29,5,3,22,17,39,74,37,15,34,29,MIN,127,31,8,23,30,12,6,13,31,47,86,42,18,19,15,0
0022100921,2022-02-28,ORL,119,39,10,29,29,10,2,11,19,45,96,37,12,22,17,IND,103,39,4,35,22,4,6,22,18,35,72,36,15,25,18,1
0022100925,2022-02-28,OKC,110,38,7,31,28,12,5,17,26,40,86,35,11,27,19,SAC,131,46,11,35,30,10,6,17,25,49,87,31,10,30,23,0
0022100923,2022-02-28,MEM,118,55,13,42,24,5,6,18,18,48,89,26,11,19,11,SAS,105,38,12,26,30,13,3,9,18,41,99,32,9,19,14,1
0022100922,2022-02-28,MIA,112,39,9,30,28,8,5,14,18,40,81,31,12,26,20,CHI,99,38,5,33,23,9,4,16,24,41,84,29,7,15,10,1
0022100726,2022-02-28,BKN,97,45,14,31,23,4,5,23,20,33,86,35,12,24,19,TOR,133,47,16,31,35,17,5,13,20,51,99,38,18,22,13,0
0022100924,2022-02-28,MIL,130,62,17,45,25,4,5,13,28,40,91,45,18,37,32,CHA,106,40,9,31,22,6,1,9,27,36,93,39,14,32,20,1
0022100928,2022-03-01,TOR,109,48,16,32,27,5,2,13,19,41,90,23,7,23,20,BKN,108,37,7,30,21,3,5,12,21,42,84,25,10,19,14,1
0022100927,2022-03-01,BOS,107,47,11,36,27,4,8,14,20,39,83,35,11,19,18,ATL,98,37,5,32,15,8,4,10,20,36,83,31,7,24,19,1
0022100931,2022-03-01,LAL,104,37,4,33,22,8,6,12,20,37,82,34,14,20,16,DAL,109,45,10,35,24,8,7,14,19,41,82,35,10,27,17,0
0022100930,2022-03-01,MIN,129,42,6,36,27,10,2,16,20,47,89,40,16,23,19,GSW,114,40,8,32,26,11,3,17,25,41,90,45,13,22,19,1
0022100929,2022-03-01,HOU,100,45,14,31,21,8,6,14,18,38,96,39,13,17,11,LAC,113,55,17,38,24,7,8,16,19,42,96,31,13,17,16,0
0022100926,2022-03-01,WAS,116,42,12,30,29,6,8,15,22,41,82,26,13,26,21,DET,113,43,14,29,23,9,3,12,21,43,90,27,8,23,19,1
0022100936,2022-03-02,MIL,120,52,11,41,22,7,3,12,16,41,91,36,14,27,24,MIA,119,48,9,39,28,9,4,12,22,44,97,44,21,12,10,1
0022100934,2022-03-02,PHI,123,43,5,38,24,2,8,14,25,39,75,36,17,33,28,NYK,108,40,10,30,20,9,3,10,25,39,91,28,8,32,22,1
0022100933,2022-03-02,ORL,114,52,12,40,22,12,5,20,28,44,97,32,10,20,16,IND,122,54,14,40,23,12,7,18,19,41,94,37,12,35,28,0
0022100939,2022-03-02,PHX,120,46,7,39,32,14,6,16,21,40,80,36,14,31,26,POR,90,35,5,30,22,10,2,19,23,30,78,31,11,25,19,1
0022100937,2022-03-02,NOP,125,50,7,43,30,5,5,16,23,52,88,29,11,12,10,SAC,95,38,12,26,20,9,4,11,19,35,89,35,8,25,17,1
0022100938,2022-03-02,DEN,107,47,10,37,25,11,2,16,19,40,90,46,12,17,15,OKC,119,50,9,41,24,11,6,15,15,44,87,29,16,21,15,0
0022100935,2022-03-02,HOU,127,34,5,29,27,12,3,17,25,43,86,51,21,30,20,UTA,132,49,11,38,32,12,2,19,24,50,91,42,15,24,17,0
0022100932,2022-03-02,CLE,98,37,4,33,21,6,1,14,18,37,79,31,10,21,14,CHA,119,45,9,36,32,10,5,12,21,43,85,38,17,22,16,0
0022100945,2022-03-03,LAC,132,46,13,33,32,10,3,12,22,51,93,27,17,15,13,LAL,111,36,9,27,26,8,4,14,17,41,84,35,12,22,17,1
0022100941,2022-03-03,BKN,107,30,7,23,24,5,5,13,24,39,83,31,12,22,17,MIA,113,35,5,30,27,8,6,15,22,40,77,30,10,28,23,0
0022100944,2022-03-03,SAS,112,40,6,34,28,8,5,11,24,46,93,32,12,16,8,SAC,115,49,9,40,26,6,2,14,13,39,85,32,10,32,27,0
0022100710,2022-03-03,ATL,130,33,8,25,26,7,3,6,15,44,84,40,18,28,24,CHI,124,32,5,27,30,5,2,14,19,52,88,26,14,7,6,1
0022100943,2022-03-03,DAL,122,32,8,24,29,7,1,10,16,45,85,37,17,20,15,GSW,113,37,10,27,26,7,5,15,19,44,81,30,15,13,10,1
0022100940,2022-03-03,BOS,120,51,15,36,33,4,7,14,15,46,89,37,16,15,12,MEM,107,44,17,27,24,10,4,7,16,42,99,40,13,13,10,1
0022100942,2022-03-03,TOR,106,41,14,27,12,5,4,10,22,36,83,26,7,36,27,DET,108,42,11,31,25,4,5,10,29,38,84,37,11,28,21,0
0022100949,2022-03-04,CHI,112,40,5,35,25,5,2,12,23,47,94,26,10,11,8,MIL,118,50,12,38,20,5,5,14,18,43,88,31,10,33,22,0
0022100951,2022-03-04,OKC,101,39,8,31,19,12,4,23,16,37,86,35,9,21,18,MIN,138,41,7,34,35,17,7,18,17,49,91,47,22,23,18,0
0022100953,2022-03-04,PHX,115,33,3,30,28,7,3,10,22,38,85,34,17,27,22,NYK,114,49,12,37,23,7,5,14,22,40,86,29,13,30,21,1
0022100458,2022-03-04,TOR,97,54,12,42,22,2,8,12,18,37,93,37,12,17,11,ORL,103,55,12,43,24,5,4,11,18,36,95,37,11,21,20,0
0022100946,2022-03-04,DET,111,52,19,33,28,5,9,13,22,42,94,30,15,18,12,IND,106,55,21,34,24,4,9,14,16,39,100,40,10,28,18,1
0022100948,2022-03-04,WAS,114,41,7,34,37,2,7,14,29,46,85,29,14,9,8,ATL,117,39,13,26,18,6,5,4,16,38,91,36,13,34,28,0
0022100947,2022-03-04,PHI,125,30,3,27,23,8,3,12,24,41,75,33,14,32,29,CLE,119,41,10,31,30,5,4,12,22,44,82,28,10,24,21,1
0022100952,2022-03-04,DEN,116,41,10,31,27,10,4,10,21,39,86,33,13,31,25,HOU,101,44,9,35,25,4,3,15,21,38,83,36,10,22,15,1
0022100950,2022-03-04,NOP,124,52,15,37,29,11,5,11,23,50,97,36,11,17,13,UTA,90,52,22,30,15,7,2,21,14,31,89,41,11,26,17,1
0022100957,2022-03-05,MEM,124,55,6,49,25,7,4,8,14,46,92,34,14,27,18,ORL,96,41,1,40,25,7,5,12,20,37,86,35,11,16,11,1
0022100956,2022-03-05,MIA,99,38,6,32,20,6,3,14,19,35,72,28,13,19,16,PHI,82,41,13,28,13,9,4,12,17,28,82,41,7,23,19,1
0022100958,2022-03-05,MIN,135,42,9,33,36,10,7,11,21,48,85,37,15,29,24,POR,121,41,11,30,24,5,1,16,23,40,85,38,16,30,25,1
0022100954,2022-03-05,DAL,114,39,10,29,22,7,2,10,22,40,84,36,14,27,20,SAC,113,45,10,35,24,5,1,16,28,46,94,25,9,18,12,1
0022100955,2022-03-05,CHA,123,50,11,39,29,8,5,9,16,42,91,42,16,29,23,SAS,117,51,13,38,28,7,6,10,18,45,98,37,11,20,16,1
0022100959,2022-03-05,LAL,124,47,12,35,25,10,6,20,18,44,89,41,18,21,18,GSW,116,41,10,31,22,11,4,16,20,46,92,34,15,19,9,1
0022100960,2022-03-06,BOS,126,37,10,27,25,9,7,10,19,40,83,36,17,38,29,BKN,120,45,12,33,24,6,4,16,26,45,89,27,12,20,18,1
0022100966,2022-03-06,LAC,93,43,9,34,17,2,5,10,23,33,88,34,11,22,16,NYK,116,57,15,42,19,4,5,10,18,42,89,29,13,30,19,0
0022100963,2022-03-06,WAS,133,36,5,31,33,6,4,6,16,45,86,42,17,32,26,IND,123,42,7,35,28,3,5,10,22,44,85,31,10,29,25,1
0022100961,2022-03-06,MIL,132,48,14,34,31,9,6,15,19,47,87,32,15,29,23,PHX,122,27,6,21,33,8,4,11,20,50,93,31,14,11,8,1
0022100967,2022-03-06,DEN,138,47,10,37,32,7,8,15,26,47,87,33,10,43,34,NOP,130,49,14,35,30,9,4,14,30,48,101,33,14,29,20,1
0022100962,2022-03-06,CLE,104,58,15,43,24,5,7,19,22,39,85,36,11,23,15,TOR,96,45,14,31,17,13,3,7,20,37,94,24,6,26,16,1
0022100965,2022-03-06,OKC,103,47,11,36,20,11,9,8,19,39,92,40,8,19,17,UTA,116,48,11,37,27,4,4,11,21,40,89,52,23,17,13,0
0022100964,2022-03-06,HOU,123,45,8,37,23,4,5,17,22,43,82,34,13,36,24,MEM,112,40,12,28,27,12,8,11,27,44,97,26,5,27,19,1
0022100973,2022-03-07,SAS,117,47,12,35,28,6,7,18,18,46,84,26,9,30,16,LAL,110,43,12,31,19,7,3,15,26,43,91,26,8,23,16,1
0022100974,2022-03-07,SAC,115,40,4,36,23,4,2,12,16,39,80,32,11,36,26,NYK,131,47,9,38,19,7,6,9,31,47,92,42,18,23,19,0
0022100971,2022-03-07,MIN,124,67,19,48,21,10,9,22,25,38,92,43,13,44,35,POR,81,42,8,34,11,10,5,18,30,23,83,28,7,38,28,1
0022100968,2022-03-07,DET,113,47,15,32,27,7,2,14,27,43,93,33,12,23,15,ATL,110,48,13,35,28,3,6,14,25,42,93,38,11,22,15,1
0022100969,2022-03-07,PHI,121,38,8,30,29,5,5,10,19,41,84,30,12,34,27,CHI,106,48,14,34,22,5,4,13,24,39,87,24,8,26,20,1
0022100528,2022-03-07,DEN,131,41,7,34,39,8,5,9,25,46,84,32,10,41,29,GSW,124,41,9,32,29,5,0,14,30,45,88,40,17,23,17,1
0022100970,2022-03-07,MIA,123,50,13,37,26,3,4,15,17,49,91,31,14,14,11,HOU,106,33,9,24,22,8,7,11,24,39,88,43,13,22,15,1
0022100972,2022-03-07,DAL,111,43,9,34,19,9,5,9,21,39,88,46,17,20,16,UTA,103,45,12,33,22,5,6,14,20,36,83,31,12,24,19,1
0022100979,2022-03-08,OKC,115,36,6,30,26,6,5,16,20,42,84,39,16,21,15,MIL,142,53,16,37,35,10,4,13,18,53,100,40,20,20,16,0
0022100975,2022-03-08,CHA,121,41,10,31,26,12,3,15,24,45,92,41,13,22,18,BKN,132,38,6,32,33,8,4,16,20,46,82,35,18,29,22,0
0022100977,2022-03-08,ORL,99,53,8,45,17,6,2,12,20,35,92,39,7,25,22,PHX,102,52,7,45,24,7,6,10,20,35,92,37,13,23,19,0
0022100976,2022-03-08,IND,124,38,11,27,35,6,7,18,20,49,91,32,16,15,10,CLE,127,40,14,26,25,13,6,8,16,47,94,32,9,27,24,0
0022100978,2022-03-08,MEM,132,52,15,37,30,8,6,12,20,48,101,44,16,24,20,NOP,111,45,12,33,24,9,3,15,18,41,88,34,11,27,18,1
0022100980,2022-03-08,GSW,112,51,10,41,33,8,6,16,20,44,92,34,13,13,11,LAC,97,47,12,35,23,12,3,13,12,33,93,39,12,23,19,1
0022100985,2022-03-09,HOU,139,50,10,40,25,7,4,20,21,52,102,40,17,19,18,LAL,130,48,12,36,25,10,7,16,21,47,101,47,18,26,18,1
0022100988,2022-03-09,DAL,77,37,12,25,11,3,4,8,24,27,86,44,6,25,17,NYK,107,55,14,41,20,3,3,13,25,36,84,34,9,33,26,0
0022100987,2022-03-09,NOP,102,41,10,31,23,11,2,11,22,41,93,31,7,18,13,ORL,108,45,7,38,25,4,1,19,20,36,76,37,14,26,22,0
0022100983,2022-03-09,MIA,90,38,6,32,27,8,5,15,9,35,88,33,10,13,10,PHX,111,55,14,41,26,8,5,15,18,45,99,37,11,10,10,0
0022100990,2022-03-09,UTA,123,50,6,44,31,3,5,9,23,42,81,46,17,27,22,POR,85,36,9,27,19,4,2,10,23,29,89,36,9,22,18,1
0022100984,2022-03-09,MIL,124,50,11,39,24,7,2,9,19,47,94,35,12,23,18,ATL,115,44,7,37,26,6,3,9,20,43,86,38,11,22,18,1
0022100981,2022-03-09,CHA,101,46,15,31,18,8,7,16,15,36,85,33,8,28,21,BOS,115,47,16,31,30,10,8,11,20,46,93,37,12,14,11,0
0022100982,2022-03-09,DET,108,32,5,27,25,6,3,16,25,42,82,31,11,17,13,CHI,114,33,2,31,19,13,0,11,15,40,76,15,3,35,31,0
0022100991,2022-03-09,SAC,100,38,8,30,24,11,5,16,22,38,85,34,12,18,12,DEN,106,51,10,41,26,11,3,20,20,40,82,35,9,19,17,0
0022100986,2022-03-09,MIN,132,48,6,42,34,10,5,14,18,45,86,52,22,26,20,OKC,102,42,9,33,26,8,0,16,18,36,87,43,14,24,16,1
0022100989,2022-03-09,SAS,104,36,7,29,24,5,4,14,18,38,84,32,9,20,19,TOR,119,47,13,34,12,7,1,10,23,41,85,30,11,28,26,0
0022100992,2022-03-09,LAC,115,41,7,34,21,6,10,12,15,43,86,32,16,13,13,WAS,109,41,9,32,26,10,3,13,13,41,87,27,10,20,17,1
0022100993,2022-03-10,PHI,100,50,17,33,19,5,5,20,19,30,93,36,14,30,26,BKN,129,45,10,35,29,13,15,12,22,51,91,40,18,17,9,0
0022100994,2022-03-10,DEN,102,49,12,37,19,5,6,13,20,35,84,31,7,32,25,GSW,113,36,8,28,26,9,4,8,25,42,88,42,14,20,15,0
0022100995,2022-03-11,ORL,118,49,10,39,31,4,3,12,11,40,86,40,16,25,22,MIN,110,37,5,32,24,8,5,9,24,41,90,45,15,13,13,1
0022101000,2022-03-11,MEM,118,54,19,35,23,8,16,10,27,46,104,26,9,29,17,NYK,114,54,15,39,23,8,6,16,31,38,90,25,10,37,28,1
0022100998,2022-03-11,MIA,117,42,8,34,28,9,6,9,26,41,86,35,11,27,24,CLE,105,40,7,33,25,5,2,18,23,35,79,25,8,29,27,1
0022100999,2022-03-11,HOU,100,39,5,34,29,9,3,13,23,41,86,30,6,19,12,DAL,113,47,12,35,20,6,8,14,21,40,88,36,11,28,22,0
0022100996,2022-03-11,ATL,112,47,15,32,28,5,3,10,19,43,90,31,9,19,17,LAC,106,36,6,30,22,7,3,12,20,40,82,32,12,17,14,1
0022101003,2022-03-11,PHX,112,40,5,35,27,7,8,16,23,44,88,36,11,17,13,TOR,117,48,12,36,19,11,4,17,19,42,94,32,14,21,19,0
0022101002,2022-03-11,SAS,104,54,14,40,15,8,6,13,20,34,85,29,6,43,30,UTA,102,57,16,41,20,10,8,17,26,37,92,40,13,23,15,1
0022101004,2022-03-11,LAL,122,37,7,30,25,5,3,9,25,48,91,31,14,17,12,WAS,109,47,14,33,21,6,6,11,18,39,85,27,9,33,22,1
0022100997,2022-03-11,BOS,114,47,13,34,23,10,3,9,19,42,90,32,6,30,24,DET,103,42,11,31,21,4,4,14,22,35,83,34,10,24,23,1
0022101001,2022-03-11,NOP,120,40,13,27,31,9,2,17,21,43,86,39,15,25,19,CHA,142,38,6,32,41,11,1,14,23,52,87,47,22,20,16,0
0022101008,2022-03-12,GSW,122,55,12,43,33,3,7,12,19,45,93,45,18,15,14,MIL,109,39,8,31,27,8,2,5,16,38,92,44,17,23,16,1
0022101005,2022-03-12,MIA,104,53,11,42,23,7,1,18,24,35,88,45,15,25,19,MIN,113,46,6,40,21,12,5,15,19,35,83,42,15,32,28,0
0022101007,2022-03-12,SAS,108,52,15,37,28,6,3,12,15,42,102,34,11,16,13,IND,119,47,9,38,23,6,10,13,20,45,92,36,14,15,15,0
0022101010,2022-03-12,UTA,134,44,10,34,21,4,5,10,20,48,86,41,16,31,22,SAC,125,33,8,25,27,6,3,7,20,47,94,33,13,21,18,1
0022101006,2022-03-12,CHI,101,46,8,38,20,12,5,14,18,39,88,21,9,15,14,CLE,91,40,5,35,19,7,4,14,19,36,86,24,5,17,14,1
0022101009,2022-03-12,DEN,115,39,9,30,32,4,5,19,23,43,78,27,11,24,18,TOR,127,50,23,27,28,12,6,8,23,48,102,31,12,25,19,0
0022101011,2022-03-12,POR,127,43,12,31,21,10,3,11,21,48,93,30,11,22,20,WAS,118,35,9,26,26,7,8,15,16,39,83,34,14,27,26,1
0022101019,2022-03-13,PHX,140,51,14,37,36,12,5,11,24,58,102,33,12,14,12,LAL,111,37,7,30,24,4,2,19,14,36,81,40,16,31,23,1
0022101012,2022-03-13,BKN,110,39,12,27,30,11,3,14,19,44,89,29,6,22,16,NYK,107,40,11,29,27,8,5,17,21,39,83,29,11,21,18,1
0022101016,2022-03-13,ATL,131,36,9,27,27,9,3,12,21,46,84,38,17,24,22,IND,128,43,15,28,23,7,4,15,21,46,89,35,15,26,21,1
0022101015,2022-03-13,ORL,114,50,8,42,28,7,7,12,27,41,91,43,18,20,14,PHI,116,45,10,35,21,7,3,8,17,35,92,37,14,37,32,0
0022101014,2022-03-13,BOS,92,45,11,34,16,8,3,11,12,33,88,37,9,19,17,DAL,95,42,4,38,20,7,5,18,16,33,74,37,15,19,14,0
0022101017,2022-03-13,NOP,130,45,14,31,30,17,3,11,20,48,93,32,10,34,24,HOU,105,39,9,30,24,3,4,25,26,39,77,31,12,25,15,1
0022101013,2022-03-13,DET,102,44,8,36,23,3,4,10,18,36,80,29,12,20,18,LAC,106,46,11,35,25,5,3,6,15,40,89,30,10,20,16,0
0022101018,2022-03-13,OKC,118,44,14,30,25,7,8,11,21,41,97,41,13,28,23,MEM,125,57,20,37,30,8,5,13,20,48,102,29,11,20,18,0
0022101027,2022-03-14,UTA,111,45,13,32,21,7,4,14,23,37,93,48,17,24,20,MIL,117,42,6,36,21,10,3,14,19,40,86,31,12,29,25,0
0022101024,2022-03-14,SAS,139,36,9,27,33,5,11,15,24,52,97,35,13,26,22,MIN,149,40,7,33,28,8,3,16,20,52,90,33,17,32,28,0
0022101021,2022-03-14,ATL,122,49,17,32,28,13,6,4,15,40,109,48,12,32,30,POR,113,56,11,45,25,4,9,21,25,44,88,24,10,21,15,1
0022101026,2022-03-14,SAC,112,45,7,38,25,10,3,16,21,39,82,25,10,26,24,CHI,103,40,9,31,22,5,5,15,20,36,88,34,10,22,21,1
0022101022,2022-03-14,PHI,110,48,11,37,25,8,6,13,17,36,84,33,12,32,26,DEN,114,42,6,36,29,8,3,14,24,44,82,33,13,20,13,0
0022101020,2022-03-14,CLE,120,49,12,37,28,7,4,12,19,41,86,30,15,32,23,LAC,111,43,12,31,29,5,8,11,24,43,98,36,12,17,13,1
0022101028,2022-03-14,LAL,103,43,9,34,20,7,7,13,27,34,87,42,13,29,22,TOR,114,64,19,45,24,8,9,13,20,39,96,37,10,36,26,0
0022101025,2022-03-14,GSW,126,44,6,38,26,7,4,13,21,45,84,45,18,22,18,WAS,112,35,5,30,28,7,1,12,18,42,82,26,10,23,18,1
0022101023,2022-03-14,OKC,116,49,13,36,31,4,3,18,19,42,90,44,16,19,16,CHA,134,37,8,29,33,12,7,6,17,49,91,35,20,21,16,0
0022101030,2022-03-15,ORL,108,37,11,26,25,2,4,12,25,36,95,41,15,27,21,BKN,150,48,7,41,35,9,4,13,23,53,88,27,16,34,28,0
0022101032,2022-03-15,NOP,115,45,13,32,29,7,4,17,19,43,86,34,12,24,17,PHX,131,34,6,28,35,9,2,9,22,49,90,34,18,15,15,0
0022101029,2022-03-15,IND,102,49,16,33,23,4,3,19,21,41,98,30,6,19,14,MEM,135,51,18,33,38,11,11,10,16,54,105,40,15,20,12,0
0022101031,2022-03-15,MIA,105,44,7,37,20,1,1,13,21,29,72,33,12,39,35,DET,98,39,6,33,23,6,5,13,30,37,80,34,10,22,14,1
0022101039,2022-03-16,MIN,124,51,15,36,22,7,6,17,23,40,90,42,17,31,27,LAL,104,38,13,25,23,7,4,14,25,39,93,44,10,23,16,1
0022101043,2022-03-16,SAC,126,39,7,32,27,8,5,15,21,46,94,43,16,21,18,MIL,135,47,8,39,21,12,3,13,19,47,89,35,18,32,23,0
0022101034,2022-03-16,CLE,114,39,8,31,25,9,4,9,17,39,80,28,9,32,27,PHI,118,39,7,32,24,6,2,11,25,41,79,32,12,28,24,0
0022101038,2022-03-16,HOU,112,33,9,24,26,9,3,12,13,42,85,39,16,19,12,PHX,129,49,13,36,32,5,4,11,18,53,95,33,13,13,10,0
0022101037,2022-03-16,NYK,128,47,9,38,31,9,8,11,14,40,80,38,16,39,32,POR,98,41,10,31,26,1,3,12,31,40,91,34,11,14,7,1
0022101033,2022-03-16,CHA,116,43,11,32,30,8,8,9,18,43,87,35,11,23,19,ATL,106,43,12,31,28,6,2,13,23,40,93,37,13,14,13,1
0022101042,2022-03-16,GSW,88,38,7,31,19,8,4,8,21,32,86,48,11,16,13,BOS,110,53,8,45,23,4,4,10,15,38,81,40,15,22,19,0
0022101041,2022-03-16,UTA,125,47,10,37,20,8,6,17,18,42,83,39,19,29,22,CHI,110,37,5,32,28,10,2,12,22,43,91,34,12,17,12,1
0022101036,2022-03-16,BKN,111,45,19,26,28,2,2,11,21,45,91,26,9,15,12,DAL,113,37,9,28,21,5,2,11,17,41,83,34,12,19,19,0
0022101035,2022-03-16,WAS,109,48,13,35,26,7,8,11,18,41,87,23,5,31,22,DEN,127,41,8,33,30,7,3,10,25,46,90,37,15,21,20,0
0022101040,2022-03-16,SAS,122,48,15,33,31,10,2,12,18,43,98,41,19,20,17,OKC,120,47,10,37,24,11,1,19,18,43,82,35,13,29,21,1
0022101044,2022-03-16,LAC,100,41,10,31,27,7,2,14,15,38,78,30,11,15,13,TOR,103,43,13,30,14,5,1,11,12,38,83,32,11,21,16,0
0022101045,2022-03-17,ORL,120,45,10,35,24,3,4,14,21,47,97,30,11,21,15,DET,134,45,10,35,34,11,3,9,21,47,94,43,20,31,20,0
0022101051,2022-03-18,TOR,123,46,16,30,25,8,2,12,19,49,97,37,12,20,13,LAL,128,43,13,30,33,6,4,14,19,47,96,43,19,21,15,0
0022101053,2022-03-18,HOU,118,42,5,37,24,9,8,16,19,39,79,27,12,32,28,IND,121,46,16,30,29,7,4,13,26,47,101,43,14,19,13,0
0022101048,2022-03-18,BKN,128,45,13,32,24,7,4,21,22,45,77,25,10,33,28,POR,123,37,17,20,29,14,4,14,26,48,96,35,13,24,14,1
0022101057,2022-03-18,SAC,97,37,8,29,23,5,6,16,14,33,79,36,13,24,18,BOS,126,43,6,37,33,11,1,13,23,46,82,40,22,17,12,0
0022101054,2022-03-18,SAS,91,40,8,32,22,5,4,16,12,32,89,44,11,20,16,NOP,124,58,13,45,24,13,4,10,21,48,96,34,14,18,14,0
0022101056,2022-03-18,PHX,129,49,10,39,23,5,4,13,20,47,84,25,11,26,24,CHI,102,37,13,24,20,6,0,11,18,35,85,27,7,31,25,1
0022101046,2022-03-18,PHI,111,38,5,33,23,9,4,12,21,37,75,38,16,23,21,DAL,101,40,11,29,21,4,3,12,17,37,80,32,12,21,15,1
0022101049,2022-03-18,CLE,119,46,15,31,31,11,4,11,17,44,98,37,14,26,17,DEN,116,51,13,38,35,6,3,19,24,46,92,33,10,18,14,1
0022101055,2022-03-18,UTA,121,59,15,44,30,9,5,12,18,47,97,44,16,14,11,LAC,92,43,8,35,23,10,8,12,13,31,86,35,11,21,19,1
0022101052,2022-03-18,MIA,120,46,11,35,25,5,0,6,19,46,95,51,18,12,10,OKC,108,47,11,36,19,4,5,12,10,40,84,34,10,23,18,1
0022101047,2022-03-18,ATL,120,40,7,33,28,12,6,10,20,45,91,28,13,21,17,MEM,105,48,15,33,18,6,10,17,18,40,86,22,8,23,17,1
0022101050,2022-03-18,NYK,100,60,19,41,18,9,3,13,20,31,90,33,10,36,28,WAS,97,38,3,35,19,2,6,13,27,34,79,34,13,21,16,1
0022101061,2022-03-19,WAS,127,36,7,29,30,10,1,8,13,44,85,31,13,31,26,LAL,119,41,9,32,25,3,1,15,23,48,91,35,13,11,10,1
0022101058,2022-03-19,MIN,138,44,8,36,30,12,2,11,19,47,92,47,22,26,22,MIL,119,51,14,37,27,6,4,14,18,43,97,52,19,17,14,1
0022101059,2022-03-19,CHA,129,46,10,36,33,8,8,9,18,44,88,42,20,27,21,DAL,108,44,12,32,18,4,4,15,26,39,89,38,14,20,16,1
0022101060,2022-03-19,CLE,113,44,12,32,28,7,4,16,16,45,88,26,10,23,13,DET,109,38,10,28,23,10,6,16,22,41,85,30,13,19,14,1
0022101066,2022-03-20,SAC,124,42,9,33,27,12,2,15,21,39,91,34,16,36,30,PHX,127,50,10,40,25,12,5,18,30,46,92,28,12,27,23,0
0022101062,2022-03-20,IND,129,41,11,30,38,10,2,16,19,48,84,35,15,21,18,POR,98,32,10,22,23,10,3,18,19,38,81,33,9,18,13,1
0022101070,2022-03-20,GSW,108,57,20,37,26,5,1,15,20,41,90,33,11,21,15,SAS,110,44,17,27,25,7,2,11,18,38,98,40,15,25,19,0
0022101068,2022-03-20,DEN,104,41,13,28,22,4,3,11,15,35,87,39,14,25,20,BOS,124,38,5,33,29,4,6,9,18,47,82,40,19,11,11,0
0022101064,2022-03-20,ATL,112,40,7,33,22,7,4,16,22,41,87,32,10,23,20,NOP,117,54,18,36,22,12,1,16,23,43,96,21,7,27,24,0
0022101065,2022-03-20,ORL,90,60,15,45,22,11,4,21,17,32,83,31,7,24,19,OKC,85,47,14,33,19,13,7,16,24,30,92,48,13,18,12,1
0022101069,2022-03-20,PHI,88,40,5,35,21,7,5,10,23,30,73,27,7,28,21,TOR,93,56,20,36,16,5,4,9,16,35,93,26,7,23,16,0
0022101067,2022-03-20,NYK,93,37,10,27,20,7,2,11,19,31,83,40,16,21,15,UTA,108,49,9,40,16,9,11,12,17,34,74,46,17,29,23,0
0022101063,2022-03-20,HOU,98,45,5,40,26,6,3,17,16,37,86,31,10,24,14,MEM,122,51,7,44,26,14,6,14,24,46,96,34,16,17,14,0
0022101072,2022-03-21,CLE,120,38,8,30,29,3,2,12,19,45,86,39,14,19,16,LAL,131,41,9,32,34,7,3,8,19,53,94,32,12,16,13,0
0022101074,2022-03-21,PHI,113,45,11,34,26,6,4,12,20,43,86,37,15,16,12,MIA,106,34,4,30,23,6,4,12,16,38,80,33,10,20,20,1
0022101079,2022-03-21,DAL,110,47,7,40,27,5,3,12,21,40,83,46,14,21,16,MIN,108,50,15,35,21,9,3,9,18,36,91,36,13,29,23,1
0022101073,2022-03-21,DET,115,48,12,36,22,8,5,20,34,36,85,35,9,41,34,POR,119,47,17,30,22,15,7,9,26,37,88,28,8,49,37,0
0022101078,2022-03-21,OKC,123,42,10,32,23,5,4,11,26,48,93,37,17,14,10,BOS,132,42,6,36,22,8,7,9,18,44,86,40,15,34,29,0
0022101071,2022-03-21,CHA,106,35,5,30,34,5,10,17,19,40,79,37,13,15,13,NOP,103,47,15,32,23,9,4,15,16,40,90,24,9,16,14,1
0022101076,2022-03-21,CHI,113,42,14,28,28,6,7,6,14,44,90,28,11,24,14,TOR,99,49,14,35,26,5,6,14,20,40,91,32,6,15,13,1
0022101075,2022-03-21,BKN,114,41,7,34,31,5,4,14,19,45,83,30,11,15,13,UTA,106,37,11,26,18,8,7,14,16,37,83,39,14,22,18,1
0022101077,2022-03-21,HOU,115,44,6,38,30,5,8,13,22,42,85,39,20,13,11,WAS,97,47,10,37,24,7,6,11,15,35,85,29,6,24,21,1
0022101081,2022-03-22,NYK,111,41,14,27,20,12,4,14,23,42,86,34,13,26,14,ATL,117,43,10,33,26,7,5,14,18,40,81,36,15,27,22,0
0022101082,2022-03-22,MIL,126,53,5,48,26,4,6,15,12,50,82,28,12,20,14,CHI,98,33,5,28,21,9,4,7,12,39,92,33,13,13,7,1
0022101080,2022-03-22,ORL,94,39,6,33,25,9,6,14,14,34,79,36,10,20,16,GSW,90,48,12,36,21,6,3,18,23,34,85,32,11,16,11,1
0022101083,2022-03-22,DEN,127,40,6,34,31,4,5,11,19,45,83,32,16,23,21,LAC,115,35,6,29,27,3,7,6,19,42,86,32,10,26,21,1
0022101089,2022-03-23,MEM,132,46,16,30,28,8,7,13,22,47,101,38,19,22,19,BKN,120,39,10,29,18,6,10,14,20,43,87,25,9,27,25,1
0022101084,2022-03-23,CHA,106,45,14,31,26,5,4,11,18,42,89,46,13,17,9,NYK,121,40,6,34,30,5,3,9,17,43,83,45,20,17,15,0
0022101091,2022-03-23,OKC,118,44,5,39,21,6,6,12,16,38,79,41,17,30,25,ORL,102,45,9,36,24,3,3,11,22,36,93,51,17,16,13,1
0022101093,2022-03-23,LAL,121,45,11,34,25,6,3,12,19,50,97,30,11,16,10,PHI,126,43,8,35,26,7,5,7,13,47,91,27,10,28,22,0
0022101090,2022-03-23,MIN,116,45,15,30,27,5,5,12,21,42,95,43,13,22,19,PHX,125,43,11,32,30,6,9,13,20,45,86,33,12,29,23,0
0022101086,2022-03-23,IND,109,42,10,32,34,11,3,15,17,42,91,36,14,11,11,SAC,110,36,4,32,26,7,3,17,10,43,82,37,12,17,12,0
0022101094,2022-03-23,POR,96,43,12,31,18,5,5,18,21,36,94,26,7,18,17,SAS,133,53,14,39,34,8,11,14,13,46,94,44,19,24,22,0
0022101085,2022-03-23,DET,122,54,9,45,30,10,4,16,19,44,88,33,12,25,22,ATL,101,40,9,31,21,8,3,14,17,37,92,44,14,15,13,1
0022101088,2022-03-23,MIA,104,34,8,26,26,8,1,10,19,37,85,36,14,21,16,GSW,118,45,7,38,23,5,2,13,24,40,77,36,15,27,23,0
0022101092,2022-03-23,DAL,110,42,8,34,24,9,1,13,24,42,86,33,8,22,18,HOU,91,45,12,33,17,8,5,16,21,33,82,28,4,28,21,1
0022101087,2022-03-23,BOS,125,39,8,31,37,8,10,13,20,50,84,36,19,7,6,UTA,97,40,16,24,13,8,1,14,14,35,88,36,8,21,19,1
0022101096,2022-03-24,MEM,133,55,16,39,34,8,9,17,22,50,93,42,21,17,12,IND,103,31,9,22,20,7,8,11,19,39,92,33,9,23,16,1
0022101099,2022-03-24,DEN,130,37,10,27,27,5,2,17,22,48,81,32,15,27,19,PHX,140,29,5,24,32,7,3,9,23,52,86,27,13,29,23,0
0022101095,2022-03-24,TOR,117,40,13,27,26,9,5,9,22,42,89,37,16,19,17,CLE,104,36,9,27,24,4,3,13,14,37,79,30,12,22,18,1
0022101098,2022-03-24,NOP,126,43,10,33,23,10,2,11,17,41,83,29,12,34,32,CHI,109,33,4,29,25,5,4,15,24,40,78,34,14,19,15,1
0022101097,2022-03-24,MIL,114,41,4,37,23,5,2,16,17,42,81,35,16,16,14,WAS,102,41,12,29,25,9,1,11,17,43,92,38,11,9,5,1
0022101103,2022-03-25,MIA,103,35,8,27,18,6,3,15,25,35,70,33,12,25,21,NYK,111,42,17,25,23,8,2,11,24,36,82,50,17,28,22,0
0022101106,2022-03-25,LAC,97,39,9,30,19,7,7,16,18,34,85,25,8,25,21,PHI,122,52,12,40,23,12,8,13,18,43,92,35,15,24,21,0
0022101104,2022-03-25,MIN,116,45,6,39,26,4,2,9,21,43,84,32,11,24,19,DAL,95,45,10,35,21,4,5,11,19,35,90,43,10,19,15,1
0022101102,2022-03-25,ATL,121,44,12,32,27,11,4,12,18,46,89,37,14,19,15,GSW,110,47,14,33,27,4,1,16,22,43,90,41,14,13,10,1
0022101105,2022-03-25,POR,106,38,13,25,28,6,3,17,21,43,85,20,3,23,17,HOU,125,37,9,28,27,12,3,16,22,43,83,45,19,23,20,0
0022101100,2022-03-25,CHA,107,45,16,29,26,7,3,10,17,41,88,34,13,17,12,UTA,101,38,9,29,25,7,2,12,16,38,84,47,17,11,8,1
0022101101,2022-03-25,DET,97,48,10,38,19,9,8,15,20,39,95,32,6,14,13,WAS,100,45,5,40,23,6,7,17,15,36,83,30,9,21,19,0
0022101112,2022-03-26,MEM,127,54,16,38,30,10,9,8,19,49,102,37,13,23,16,MIL,102,46,14,32,19,4,7,14,21,37,93,32,7,26,21,1
0022101111,2022-03-26,MIA,95,39,6,33,20,7,5,24,23,33,75,34,10,26,19,BKN,110,40,11,29,26,15,5,17,22,39,83,33,11,26,21,0
0022101109,2022-03-26,TOR,131,42,9,33,34,9,3,6,16,51,84,32,15,19,14,IND,91,35,9,26,23,5,3,14,14,33,79,36,11,20,14,1
0022101108,2022-03-26,ORL,110,57,15,42,27,9,3,13,20,45,106,36,13,7,7,SAC,114,59,18,41,24,4,4,14,12,42,98,36,11,24,19,0
0022101107,2022-03-26,NOP,103,42,12,30,23,4,11,8,19,40,90,32,10,19,13,SAS,107,49,16,33,22,4,6,10,17,39,92,26,7,25,22,0
0022101110,2022-03-26,CLE,94,46,15,31,17,7,3,13,23,34,82,31,7,27,19,CHI,98,37,6,31,23,6,1,15,21,36,75,21,5,25,21,0
0022101114,2022-03-26,POR,98,51,21,30,21,14,4,23,19,37,93,40,12,17,12,HOU,115,38,8,30,34,12,8,21,14,44,84,35,15,18,12,0
0022101113,2022-03-26,DEN,113,47,10,37,33,11,5,15,19,41,85,31,8,24,23,OKC,107,36,5,31,29,8,5,17,19,39,84,36,14,16,15,1
0022101119,2022-03-27,NOP,116,41,12,29,25,10,1,7,13,44,91,27,9,24,19,LAL,108,39,7,32,26,5,2,15,20,42,80,35,14,16,10,1
0022101116,2022-03-27,BOS,134,45,10,35,27,7,5,13,20,49,87,39,17,21,19,MIN,112,30,4,26,26,7,3,14,21,45,84,32,14,12,8,1
0022101115,2022-03-27,DET,102,37,9,28,23,8,5,10,21,39,85,29,8,18,16,NYK,104,51,13,38,19,8,8,14,16,34,85,41,13,29,23,0
0022101118,2022-03-27,PHX,114,40,5,35,24,5,5,13,21,45,87,27,13,17,11,PHI,104,45,12,33,22,6,4,12,19,37,89,36,10,26,20,1
0022101117,2022-03-27,WAS,123,42,5,37,33,5,8,12,24,44,84,28,16,22,19,GSW,115,46,13,33,20,8,2,10,24,38,89,33,8,39,31,1
0022101121,2022-03-27,DAL,114,45,10,35,21,3,2,10,13,40,77,34,17,24,17,UTA,100,36,7,29,23,5,1,6,20,41,89,34,12,10,6,1
0022101120,2022-03-27,BKN,110,50,14,36,30,9,11,11,20,43,97,34,7,26,17,CHA,119,53,17,36,26,6,2,12,22,42,98,32,17,23,18,0
0022101123,2022-03-28,CLE,107,41,6,35,26,11,4,15,13,37,83,41,13,23,20,ORL,101,45,8,37,31,6,1,17,24,42,87,37,10,13,7,1
0022101125,2022-03-28,MIA,123,48,10,38,30,7,1,16,20,49,90,40,19,6,6,SAC,100,32,5,27,21,6,2,14,12,37,81,35,12,18,14,1
0022101128,2022-03-28,HOU,120,44,10,34,26,5,9,12,24,38,92,49,20,28,24,SAS,123,56,17,39,28,11,5,13,20,47,100,29,7,28,22,0
0022101124,2022-03-28,IND,123,28,8,20,32,7,6,14,22,45,87,36,17,18,16,ATL,132,40,13,27,32,11,4,15,19,47,86,35,17,26,21,0
0022101127,2022-03-28,TOR,115,52,16,36,16,10,11,10,28,46,106,39,10,18,13,BOS,112,57,16,41,23,5,7,17,15,39,95,40,12,28,22,1
0022101126,2022-03-28,NYK,109,46,13,33,19,4,4,6,22,38,89,35,12,35,21,CHI,104,47,6,41,16,6,3,14,24,34,79,23,6,33,30,1
0022101122,2022-03-28,CHA,109,40,8,32,33,11,3,15,21,44,93,42,13,12,8,DEN,113,51,17,34,29,7,3,16,17,40,86,33,12,28,21,0
0022101129,2022-03-28,MEM,123,52,13,39,26,11,3,14,21,43,92,30,12,35,25,GSW,95,40,7,33,18,6,7,17,27,33,81,29,9,26,20,1
0022101130,2022-03-28,POR,131,47,19,28,28,17,5,11,23,51,112,50,20,13,9,OKC,134,49,11,38,32,7,3,21,15,48,90,45,20,25,18,0
0022101134,2022-03-29,DAL,128,46,11,35,27,5,1,8,14,45,87,46,20,23,18,LAL,110,48,14,34,20,7,2,9,22,40,89,44,12,22,18,1
0022101131,2022-03-29,PHI,116,40,5,35,28,7,3,9,19,43,89,41,16,18,14,MIL,118,48,9,39,26,5,4,11,17,44,88,38,14,23,16,0
0022101132,2022-03-29,WAS,94,37,7,30,25,6,7,14,17,38,79,26,6,17,12,CHI,107,36,6,30,26,9,1,9,14,43,85,18,6,18,15,0
0022101135,2022-03-29,LAC,121,33,10,23,21,8,4,11,23,41,83,36,15,28,24,UTA,115,38,10,28,23,5,5,15,24,43,78,31,12,29,17,1
0022101133,2022-03-29,BKN,130,41,8,33,24,9,6,19,19,42,76,28,15,34,31,DET,123,39,16,23,28,11,4,14,25,48,99,38,16,13,11,1
0022101139,2022-03-30,BOS,98,44,8,36,27,9,1,18,22,35,85,37,11,23,17,MIA,106,42,4,38,27,9,6,18,23,38,79,34,13,25,17,0
0022101141,2022-03-30,TOR,125,47,11,36,32,9,4,19,23,48,96,36,18,15,11,MIN,102,48,17,31,26,11,9,22,19,37,92,37,11,23,17,1
0022101138,2022-03-30,WAS,127,51,12,39,35,5,8,12,15,47,92,36,13,26,20,ORL,110,42,11,31,21,8,5,12,23,40,96,34,11,22,19,1
0022101145,2022-03-30,GSW,103,48,10,38,26,7,4,21,24,35,83,38,13,25,20,PHX,107,46,12,34,20,9,1,14,19,38,92,28,7,30,24,0
0022101142,2022-03-30,HOU,118,51,12,39,23,7,4,18,34,43,94,42,13,25,19,SAC,121,44,13,31,21,7,10,9,21,44,95,26,7,36,26,0
0022101143,2022-03-30,OKC,118,42,10,32,31,5,2,18,17,41,87,41,17,27,19,ATL,136,43,6,37,28,10,4,13,19,49,91,39,18,22,20,0
0022101146,2022-03-30,POR,107,41,13,28,30,7,4,22,27,39,85,42,14,18,15,NOP,117,40,12,28,26,16,6,14,16,40,78,24,6,39,31,0
0022101136,2022-03-30,CLE,112,39,9,30,24,7,3,15,15,42,83,25,11,22,17,DAL,120,38,9,29,28,6,6,12,17,46,88,42,16,15,12,0
0022101137,2022-03-30,IND,118,37,18,19,29,11,4,8,21,44,97,40,12,23,18,DEN,125,43,8,35,33,6,4,20,20,50,80,28,12,14,13,0
0022101144,2022-03-30,SAS,111,37,7,30,26,8,1,15,13,42,83,35,14,16,13,MEM,112,40,12,28,26,8,5,14,15,44,91,39,16,11,8,0
0022101140,2022-03-30,NYK,114,43,11,32,23,5,5,14,19,40,85,44,16,26,18,CHA,125,40,8,32,39,7,3,12,21,49,90,35,12,17,15,0
0022101150,2022-03-31,UTA,122,41,9,32,25,7,2,8,20,46,90,44,15,24,15,LAL,109,40,9,31,18,5,3,11,21,41,83,25,7,28,20,1
0022101148,2022-03-31,BKN,119,41,5,36,31,12,7,16,25,45,97,37,18,16,11,MIL,120,57,11,46,17,12,3,23,14,40,89,41,12,34,28,0
0022101147,2022-03-31,DET,102,38,5,33,26,11,4,10,21,41,82,35,10,15,10,PHI,94,39,4,35,22,8,9,15,17,31,69,26,7,28,25,1
0022100452,2022-03-31,ATL,131,48,12,36,27,7,4,9,22,45,91,39,17,28,24,CLE,107,47,15,32,19,6,5,14,20,39,90,30,7,28,22,1
0022101149,2022-03-31,CHI,135,50,13,37,24,6,3,8,17,50,102,29,10,32,25,LAC,130,40,4,36,26,7,5,12,24,45,90,36,16,26,24,1
0022101159,2022-04-01,DEN,130,44,10,34,36,7,2,18,23,46,86,35,12,29,26,MIN,136,38,10,28,26,14,4,12,23,43,86,40,19,36,31,0
0022101153,2022-04-01,BOS,128,40,11,29,29,7,4,16,19,45,83,33,12,28,26,IND,123,30,8,22,25,9,3,16,30,42,81,36,17,23,22,1
0022101155,2022-04-01,MEM,122,48,16,32,30,7,2,11,18,46,102,24,7,28,23,PHX,114,39,2,37,27,8,4,20,25,47,86,27,10,17,10,1
0022101158,2022-04-01,SAS,130,44,8,36,34,9,6,15,16,46,81,37,16,28,22,POR,111,42,12,30,27,12,2,12,20,41,92,35,15,20,14,1
0022101154,2022-04-01,HOU,117,45,15,30,26,9,7,11,25,41,97,45,17,26,18,SAC,122,47,8,39,29,6,11,13,19,42,81,28,12,34,26,0
0022101160,2022-04-01,LAL,111,40,7,33,24,10,1,17,24,39,82,27,11,31,22,NOP,114,37,4,33,23,8,4,15,21,41,79,26,7,29,25,0
0022101152,2022-04-01,WAS,135,45,8,37,33,7,4,9,19,49,90,33,17,22,20,DAL,103,36,5,31,14,3,3,13,16,34,78,38,11,26,24,1
0022101156,2022-04-01,MIL,119,38,13,25,30,6,5,15,19,50,94,25,8,18,11,LAC,153,36,8,28,34,9,7,10,17,56,92,43,23,24,18,0
0022101151,2022-04-01,ORL,89,45,9,36,24,6,4,22,14,34,79,35,11,11,10,TOR,102,41,10,31,21,13,3,10,14,36,86,42,13,20,17,0
0022101157,2022-04-01,OKC,101,54,12,42,24,1,8,17,15,36,84,34,11,29,18,DET,110,44,8,36,29,9,8,8,20,40,94,48,15,18,15,0
0022101164,2022-04-02,CHI,109,39,11,28,21,5,4,6,19,37,86,34,9,29,26,MIA,127,41,5,36,28,4,1,9,21,44,82,34,17,27,22,0
0022101163,2022-04-02,ATL,122,54,10,44,18,10,4,7,18,36,86,41,13,49,37,BKN,115,52,10,42,17,5,3,13,29,42,99,37,17,19,14,1
0022101162,2022-04-02,NYK,101,35,6,29,19,6,4,11,19,31,77,30,13,34,26,CLE,119,43,7,36,26,6,3,12,24,44,81,34,15,21,16,0
0022101165,2022-04-02,GSW,111,41,6,35,30,5,6,11,22,40,84,48,20,12,11,UTA,107,47,12,35,19,8,2,13,17,38,89,46,15,22,16,1
0022101161,2022-04-02,PHI,144,47,10,37,38,10,5,19,18,53,87,43,21,21,17,CHA,114,32,7,25,34,14,1,17,18,42,87,30,11,24,19,1
0022101172,2022-04-03,TOR,109,38,10,28,19,12,1,17,20,35,83,39,12,34,27,MIA,114,38,8,30,30,9,4,17,21,41,79,38,18,22,14,0
0022101173,2022-04-03,HOU,132,36,11,25,28,8,4,24,24,48,85,40,16,29,20,MIN,139,32,7,25,32,13,6,19,27,51,86,41,17,25,20,0
0022101171,2022-04-03,ORL,88,40,8,32,18,5,2,11,12,30,85,44,12,27,16,NYK,118,56,13,43,29,9,7,10,22,45,93,44,15,16,13,0
0022101170,2022-04-03,CLE,108,41,7,34,24,10,3,12,28,35,78,33,15,31,23,PHI,112,50,12,38,23,7,8,14,19,33,80,31,11,42,35,0
0022101174,2022-04-03,OKC,117,54,12,42,33,7,4,18,18,43,87,41,17,18,14,PHX,96,33,6,27,22,14,4,11,17,37,89,38,7,17,15,1
0022101175,2022-04-03,SAS,113,51,10,41,25,9,1,13,18,38,84,42,14,30,23,POR,92,39,7,32,22,7,4,14,22,33,84,45,16,15,10,1
0022101177,2022-04-03,LAC,119,41,12,29,33,10,5,10,21,45,95,44,21,10,8,NOP,100,54,19,35,22,4,5,16,13,35,87,24,9,27,21,1
0022101167,2022-04-03,MIL,112,36,10,26,25,9,1,9,22,42,95,40,15,18,13,DAL,118,38,2,36,28,7,3,14,20,39,76,38,16,27,24,0
0022101168,2022-04-03,LAL,118,40,6,34,31,4,5,13,25,49,92,20,6,21,14,DEN,129,38,6,32,33,10,5,12,18,47,82,31,12,29,23,0
0022101176,2022-04-03,SAC,90,35,6,29,19,5,1,13,15,31,81,33,7,24,21,GSW,109,47,7,40,29,8,8,17,28,41,79,34,16,15,11,0
0022101166,2022-04-03,BOS,144,39,7,32,39,6,5,8,20,56,91,44,23,13,9,WAS,102,32,7,25,21,4,2,12,14,38,82,21,8,20,18,1
0022101169,2022-04-03,IND,117,58,17,41,33,6,11,19,21,45,94,38,12,19,15,DET,121,38,10,28,31,11,4,12,19,43,99,41,21,18,14,0
0022101189,2022-04-05,PHX,121,53,11,42,38,10,4,14,22,50,102,39,14,9,7,LAL,110,46,7,39,22,7,3,16,14,39,86,29,9,30,23,1
0022101183,2022-04-05,CHI,106,42,13,29,22,8,2,15,21,42,98,33,9,13,13,MIL,127,47,8,39,32,8,8,14,19,46,87,35,12,25,23,0
0022101178,2022-04-05,IND,122,48,16,32,29,8,10,16,18,45,95,40,12,21,20,PHI,131,36,5,31,34,8,3,16,14,47,87,40,23,18,14,0
0022101185,2022-04-05,OKC,98,47,13,34,15,12,12,17,10,39,81,29,9,22,11,POR,94,40,10,30,24,10,6,17,19,35,83,32,11,16,13,1
0022101186,2022-04-05,DEN,97,51,10,41,22,4,2,11,19,41,98,33,7,12,8,SAS,116,48,5,43,31,6,3,11,14,44,89,26,12,24,16,0
0022101182,2022-04-05,TOR,118,60,20,40,20,6,5,8,14,44,101,35,9,31,21,ATL,108,43,10,33,31,5,4,7,22,43,94,37,14,12,8,1
0022101179,2022-04-05,ORL,120,43,8,35,31,9,8,7,19,47,93,35,16,15,10,CLE,115,47,9,38,25,6,4,12,11,42,86,36,16,22,15,1
0022101188,2022-04-05,SAC,109,34,3,31,28,4,3,15,20,39,76,30,11,22,20,NOP,123,44,14,30,26,13,2,13,20,45,88,25,12,26,21,0
0022101180,2022-04-05,BKN,118,52,12,40,22,6,9,17,23,39,86,37,15,27,25,HOU,105,48,18,30,18,8,6,11,20,40,99,43,11,25,14,1
0022101187,2022-04-05,UTA,121,61,13,48,23,8,8,17,21,40,96,38,12,43,29,MEM,115,51,10,41,26,13,7,13,29,39,101,31,13,29,24,1
0022101184,2022-04-05,MIN,114,38,6,32,27,6,3,10,16,41,91,41,14,25,18,WAS,132,52,9,43,38,4,4,10,25,56,101,30,13,14,7,0
0022101181,2022-04-05,MIA,144,41,8,33,29,10,1,15,19,48,84,42,23,29,25,CHA,115,31,7,24,34,8,3,15,18,45,85,38,12,18,13,1
0022101191,2022-04-06,NYK,98,42,10,32,22,4,7,11,19,32,83,38,13,36,21,BKN,110,49,13,36,28,7,6,14,26,41,93,41,14,18,14,0
0022101195,2022-04-06,LAC,113,55,9,46,20,7,9,17,17,33,75,34,12,44,35,PHX,109,54,18,36,29,11,2,12,26,42,108,48,17,12,8,1
0022101193,2022-04-06,CHI,94,40,7,33,19,7,4,17,22,35,80,23,7,23,17,BOS,117,42,8,34,29,11,6,13,18,43,88,37,17,22,14,0
0022101190,2022-04-06,DET,113,42,11,31,26,7,5,11,21,35,82,30,11,35,32,DAL,131,41,8,33,28,8,1,10,24,45,80,33,15,34,26,0
0022101194,2022-04-06,UTA,137,55,16,39,29,7,10,13,13,49,84,36,15,32,24,OKC,101,32,11,21,27,9,1,10,22,37,90,37,16,17,11,1
0022101192,2022-04-06,ATL,118,39,7,32,26,11,1,6,13,43,92,39,16,19,16,WAS,103,44,6,38,26,4,4,14,17,42,86,35,10,11,9,1
0022101202,2022-04-07,GSW,128,45,9,36,39,10,5,15,26,51,97,32,16,10,10,LAL,112,42,8,34,14,8,4,19,13,37,83,32,9,38,29,1
0022101196,2022-04-07,CHA,128,56,10,46,29,9,10,12,17,48,92,34,12,27,20,ORL,101,43,8,35,27,6,4,16,22,38,95,48,15,13,10,1
0022101197,2022-04-07,TOR,119,41,12,29,22,7,4,11,17,45,91,33,15,18,14,PHI,114,37,6,31,26,7,3,17,18,37,75,36,19,25,21,1
0022101200,2022-04-07,NOP,127,49,23,26,31,15,1,12,14,44,93,37,13,31,26,POR,94,27,3,24,28,10,4,22,27,36,69,31,11,13,11,1
0022101199,2022-04-07,MIN,127,47,13,34,25,8,2,11,29,41,96,53,20,31,25,SAS,121,45,8,37,31,5,5,12,22,43,89,28,10,34,25,1
0022101198,2022-04-07,MIL,127,48,14,34,27,13,5,11,19,49,97,38,14,21,15,BOS,121,44,8,36,30,8,4,16,15,43,87,50,21,19,14,1
0022101201,2022-04-07,DEN,122,43,8,35,27,7,2,19,22,44,80,30,12,25,22,MEM,109,34,10,24,30,8,3,13,21,42,89,28,11,19,14,1
0022101203,2022-04-08,DET,101,43,9,34,27,6,5,14,22,35,90,48,10,23,21,MIL,131,51,10,41,29,7,1,8,20,50,101,37,11,23,20,0
0022101204,2022-04-08,WAS,92,37,2,35,21,5,5,22,19,35,69,28,9,17,13,NYK,114,42,10,32,27,13,3,10,19,41,88,39,16,20,16,0
0022101210,2022-04-08,UTA,105,44,15,29,20,8,4,11,18,35,88,38,11,33,24,PHX,111,46,11,35,27,7,3,13,25,46,92,19,6,15,13,0
0022101209,2022-04-08,DAL,128,51,9,42,25,9,5,15,19,42,79,45,20,31,24,POR,78,29,5,24,20,9,2,17,23,31,83,32,7,12,9,1
0022101207,2022-04-08,MIA,113,33,4,29,20,9,1,17,17,40,72,26,11,28,22,ATL,109,43,13,30,17,9,0,15,23,42,88,34,8,19,17,1
0022101205,2022-04-08,BKN,118,45,13,32,30,5,8,11,20,43,92,32,12,21,20,CLE,107,31,10,21,19,4,4,9,20,40,82,27,8,24,19,1
0022101206,2022-04-08,TOR,117,41,13,28,20,13,4,10,18,44,96,29,7,23,22,HOU,115,41,7,34,24,6,3,19,19,43,81,29,10,24,19,1
0022101211,2022-04-08,LAL,120,45,7,38,23,8,4,10,17,41,82,31,9,39,29,OKC,101,44,9,35,21,5,3,14,26,40,88,29,6,19,15,1
0022101208,2022-04-08,CHI,117,31,6,25,25,7,1,12,12,44,82,24,13,20,16,CHA,133,38,8,30,34,7,4,11,21,52,86,40,19,10,10,0
0022101214,2022-04-09,PHI,133,42,14,28,37,14,3,15,24,50,90,34,12,27,21,IND,120,31,7,24,28,8,6,17,22,41,78,23,10,36,28,1
0022101212,2022-04-09,LAC,117,48,10,38,29,7,3,17,22,42,86,43,21,15,12,SAC,98,42,7,35,24,12,2,13,16,38,86,28,7,24,15,1
0022101213,2022-04-09,MEM,141,48,13,35,41,6,9,19,24,53,90,35,18,23,17,NOP,114,29,9,20,23,10,3,16,22,41,91,30,6,35,26,1
0022101215,2022-04-09,SAS,94,41,4,37,19,5,3,12,24,32,80,31,10,27,20,GSW,100,51,13,38,23,8,1,12,22,33,81,32,8,33,26,0
0022101220,2022-04-10,DEN,141,45,11,34,33,10,7,14,34,49,100,47,15,36,28,LAL,146,50,13,37,26,4,6,13,24,44,94,43,16,47,42,0
0022101227,2022-04-10,ORL,125,48,6,42,33,4,3,10,16,45,91,58,23,14,12,MIA,111,47,10,37,20,5,4,10,13,40,94,50,19,16,12,1
0022101218,2022-04-10,CLE,133,48,10,38,39,5,5,12,26,51,94,38,19,17,12,MIL,115,41,8,33,27,7,2,12,14,39,88,30,12,32,25,1
0022101216,2022-04-10,BKN,134,50,8,42,30,5,6,21,16,52,81,22,8,25,22,IND,126,30,11,19,32,16,1,7,23,47,104,46,19,19,13,1
0022101229,2022-04-10,PHX,109,50,18,32,27,9,7,11,25,42,103,47,14,15,11,SAC,116,40,2,38,26,9,7,15,18,40,76,26,14,30,22,0
0022101219,2022-04-10,DAL,130,43,10,33,34,5,3,16,16,46,85,36,20,23,18,SAS,120,35,7,28,26,15,3,8,17,43,89,31,11,23,23,1
0022101221,2022-04-10,HOU,114,34,6,28,24,4,4,8,19,41,89,46,17,20,15,ATL,130,50,13,37,29,4,4,13,19,45,87,38,21,24,19,0
0022101223,2022-04-10,MEM,110,45,19,26,27,11,6,10,16,39,102,47,15,27,17,BOS,139,56,14,42,34,5,2,15,20,54,99,48,18,13,13,0
0022101224,2022-04-10,MIN,120,32,9,23,30,7,9,13,23,46,91,31,11,22,17,CHI,124,48,16,32,22,9,3,23,22,44,83,21,10,33,26,0
0022101225,2022-04-10,NOP,107,42,18,24,24,10,0,12,17,42,99,40,14,12,9,GSW,128,41,7,34,33,5,2,17,15,49,81,33,19,13,11,0
0022101222,2022-04-10,LAC,138,57,12,45,34,4,8,9,11,54,97,35,18,14,12,OKC,88,40,12,28,17,6,2,10,16,37,98,34,9,9,5,1
0022101226,2022-04-10,NYK,105,48,10,38,32,6,5,17,17,40,87,43,15,12,10,TOR,94,43,9,34,27,10,2,14,17,36,92,42,12,11,10,1
0022101230,2022-04-10,POR,80,32,5,27,21,11,8,16,27,31,83,34,9,12,9,UTA,111,60,15,45,23,8,6,17,16,37,82,36,9,38,28,0
0022101217,2022-04-10,CHA,124,48,11,37,34,6,9,20,20,48,89,33,18,14,10,WAS,108,43,17,26,25,12,3,11,16,42,94,23,8,26,16,1
0022101228,2022-04-10,PHI,118,42,10,32,25,13,6,11,23,46,88,25,5,23,21,DET,106,42,15,27,26,4,4,20,16,38,83,34,11,29,19,1
0022200002,2022-10-18,GSW,123,48,11,37,31,11,4,18,23,45,99,45,16,23,17,LAL,109,48,9,39,23,12,4,22,18,40,94,40,10,25,19,1
0022200001,2022-10-18,BOS,126,36,6,30,24,8,3,11,24,46,82,35,12,28,22,PHI,117,31,4,27,16,8,3,14,25,40,80,34,13,28,24,1
0022200009,2022-10-19,MEM,115,64,20,44,27,6,7,14,17,42,108,50,17,23,14,NYK,112,54,18,36,28,7,5,12,26,44,109,37,9,18,15,1
0022200003,2022-10-19,DET,113,41,12,29,31,11,4,13,21,40,94,38,14,24,19,ORL,109,48,10,38,21,5,5,18,24,42,86,30,11,19,14,1
0022200014,2022-10-19,SAC,108,41,4,37,27,8,5,16,25,39,85,44,17,19,13,POR,115,44,11,33,20,11,2,11,17,39,88,28,11,33,26,0
0022200008,2022-10-19,TOR,108,41,12,29,19,15,4,13,23,36,86,30,13,32,23,CLE,105,38,6,32,25,5,5,17,21,38,77,28,10,23,19,1
0022200006,2022-10-19,BKN,108,39,9,30,22,10,10,16,25,40,89,33,10,24,18,NOP,130,61,21,40,31,9,4,13,21,50,102,26,12,25,18,0
0022200007,2022-10-19,MIA,108,46,8,38,21,6,2,19,24,37,80,28,12,28,22,CHI,116,46,12,34,23,12,6,15,26,41,93,36,13,28,21,0
0022200013,2022-10-19,PHX,107,40,8,32,25,4,5,12,29,40,85,22,8,22,19,DAL,105,40,5,35,17,6,4,12,22,35,75,35,14,34,21,1
0022200012,2022-10-19,UTA,123,43,11,32,27,10,1,20,21,42,83,38,16,31,23,DEN,102,35,10,25,21,10,3,21,23,40,83,22,5,18,17,1
0022200005,2022-10-19,ATL,117,38,4,34,30,12,5,9,18,45,90,25,7,24,20,HOU,107,54,15,39,25,4,3,16,20,42,98,35,9,15,14,1
0022200010,2022-10-19,MIN,115,55,14,41,25,6,5,14,21,39,94,38,10,33,27,OKC,108,57,16,41,22,6,6,14,26,38,99,45,14,22,18,1
0022200004,2022-10-19,IND,107,42,12,30,21,7,5,15,20,39,97,42,15,21,14,WAS,114,53,14,39,21,5,10,17,19,42,92,31,11,24,19,0
0022200011,2022-10-19,SAS,102,44,14,30,22,8,8,15,19,40,99,34,7,21,15,CHA,129,51,14,37,26,7,10,15,20,48,94,29,13,23,20,0
0022200015,2022-10-20,PHI,88,44,6,38,17,6,5,10,14,36,83,24,5,13,11,MIL,90,48,7,41,24,4,6,14,16,34,84,42,13,14,9,0
0022200016,2022-10-20,LAL,97,38,8,30,23,13,5,10,24,33,94,45,9,26,22,LAC,103,58,10,48,18,7,7,23,24,37,80,29,9,31,20,0
0022200020,2022-10-21,ATL,108,46,9,37,26,10,2,17,22,40,89,31,13,16,15,ORL,98,44,10,34,16,9,7,19,19,33,80,34,8,30,24,1
0022200027,2022-10-21,POR,113,48,13,35,14,8,5,21,19,36,82,29,10,36,31,PHX,111,41,9,32,31,14,1,17,29,43,94,27,10,21,15,1
0022200018,2022-10-21,IND,134,42,14,28,32,8,6,16,34,51,104,35,11,22,21,SAS,137,37,7,30,34,9,4,17,22,44,81,31,17,44,32,0
0022200022,2022-10-21,MIA,104,36,11,25,23,8,3,10,18,42,92,26,8,15,12,BOS,111,43,12,31,17,4,11,20,23,41,79,33,14,15,15,0
0022200017,2022-10-21,CHA,112,37,11,26,30,9,4,14,24,44,97,34,13,14,11,NOP,124,53,15,38,23,9,7,16,14,42,89,22,8,37,32,0
0022200019,2022-10-21,WAS,102,39,5,34,26,8,8,17,22,41,80,26,10,11,10,CHI,100,38,10,28,19,8,3,13,15,33,79,27,7,33,27,1
0022200026,2022-10-21,GSW,123,35,7,28,34,10,3,19,23,42,88,44,15,27,24,DEN,128,41,12,29,30,10,2,20,22,46,86,34,15,25,21,0
0022200021,2022-10-21,BKN,109,44,13,31,26,3,13,13,19,38,80,35,13,29,20,TOR,105,41,8,33,25,9,4,15,21,41,84,28,11,18,12,1
0022200025,2022-10-21,MIN,126,60,21,39,20,5,7,20,22,49,107,33,11,23,17,UTA,132,54,19,35,39,11,8,13,23,49,111,50,20,21,14,0
0022200024,2022-10-21,HOU,122,45,13,32,18,4,6,14,22,44,93,35,16,30,18,MEM,129,50,17,33,26,8,10,12,21,45,98,42,19,29,20,0
0022200023,2022-10-21,NYK,130,50,11,39,29,4,6,12,26,50,95,38,16,22,14,DET,106,49,13,36,26,6,2,15,21,39,90,36,9,32,19,1
0022200028,2022-10-22,PHI,105,40,12,28,26,6,5,12,15,37,84,31,10,28,21,SAS,114,43,12,31,27,5,7,14,20,43,89,38,16,15,12,0
0022200030,2022-10-22,ORL,120,48,12,36,21,5,7,9,24,45,95,34,15,23,15,BOS,126,37,7,30,24,5,6,8,21,42,87,47,19,28,23,0
0022200032,2022-10-22,CHI,96,35,10,25,19,12,7,10,19,34,84,29,7,25,21,CLE,128,48,8,40,32,4,5,18,17,48,85,27,16,18,16,0
0022200033,2022-10-22,MIL,125,47,8,39,29,6,10,16,22,48,85,31,16,21,13,HOU,105,47,15,32,20,9,6,14,22,36,93,37,16,22,17,1
0022200036,2022-10-22,SAC,109,39,9,30,24,5,5,12,21,40,85,35,14,26,15,LAC,111,40,5,35,24,8,3,13,21,41,81,22,9,22,20,0
0022200035,2022-10-22,DEN,122,46,9,37,33,5,6,18,21,42,85,38,20,31,18,OKC,117,47,10,37,29,10,5,13,27,42,94,38,15,23,18,1
0022200031,2022-10-22,MIA,112,44,6,38,28,2,2,16,26,38,76,30,11,27,25,TOR,109,37,8,29,24,9,5,6,25,37,87,39,14,28,21,1
0022200034,2022-10-22,DAL,137,52,15,37,23,7,7,15,24,45,90,39,17,36,30,MEM,96,29,6,23,20,4,8,18,29,34,79,33,9,24,19,1
0022200029,2022-10-22,IND,124,59,20,39,28,7,15,11,21,45,103,42,16,24,18,DET,115,53,17,36,26,5,3,14,20,37,95,42,18,30,23,1
0022200041,2022-10-23,OKC,106,42,11,31,24,7,4,11,15,41,94,41,9,21,15,MIN,116,54,12,42,24,9,3,15,17,46,88,34,10,22,14,0
0022200043,2022-10-23,LAC,95,43,9,34,16,10,0,15,18,36,82,32,9,20,14,PHX,112,49,13,36,29,5,3,13,18,43,93,42,15,12,11,0
0022200037,2022-10-23,LAL,104,40,10,30,26,9,9,13,24,41,92,33,6,20,16,POR,106,52,13,39,19,6,5,19,20,37,84,27,10,27,22,0
0022200042,2022-10-23,GSW,130,37,6,31,24,7,5,13,21,45,87,33,14,36,26,SAC,125,51,13,38,31,10,2,16,29,47,100,43,11,25,20,1
0022200040,2022-10-23,NOP,121,45,14,31,30,8,6,17,22,48,102,27,8,22,17,UTA,122,44,15,29,29,13,6,17,20,43,98,38,13,28,23,0
0022200039,2022-10-23,CLE,117,48,16,32,19,10,5,13,20,41,96,33,13,25,22,WAS,107,35,4,31,25,9,4,20,24,43,87,28,12,15,9,1
0022200038,2022-10-23,ATL,109,45,16,29,23,8,9,12,21,39,95,35,8,28,23,CHA,126,52,14,38,28,7,6,14,24,47,90,26,11,30,21,0
0022200049,2022-10-24,MEM,134,38,12,26,21,7,3,9,22,47,94,34,16,31,24,BKN,124,35,9,26,27,4,7,11,30,47,87,29,9,26,21,1
0022200046,2022-10-24,NYK,115,50,18,32,24,7,3,14,24,43,93,37,11,25,18,ORL,102,41,13,28,14,6,4,13,23,36,86,35,7,27,23,1
0022200044,2022-10-24,PHI,120,39,7,32,25,8,7,8,20,38,80,43,19,28,25,IND,106,47,14,33,27,3,4,13,23,38,90,44,12,23,18,1
0022200050,2022-10-24,MIN,106,50,10,40,24,7,5,16,18,38,86,31,8,24,22,SAS,115,50,14,36,37,11,0,13,21,48,105,37,12,13,7,0
0022200047,2022-10-24,CHI,120,60,14,46,29,4,6,14,18,42,87,21,10,29,26,BOS,102,45,14,31,26,5,7,11,24,37,100,48,18,12,10,1
0022200051,2022-10-24,POR,135,45,9,36,23,3,6,10,15,48,83,35,16,31,23,DEN,110,38,10,28,28,4,1,8,28,45,91,31,12,14,8,1
0022200045,2022-10-24,MIA,90,46,8,38,19,5,3,12,15,29,83,34,8,27,24,TOR,98,52,10,42,22,6,6,12,22,34,86,32,14,20,16,0
0022200048,2022-10-24,HOU,114,47,17,30,17,7,7,16,20,38,90,35,11,32,27,UTA,108,49,18,31,23,8,10,20,27,44,93,32,11,16,9,1
0022200053,2022-10-25,NOP,113,26,4,22,25,7,3,14,21,44,76,27,12,18,13,DAL,111,37,11,26,18,8,5,12,16,41,82,39,12,24,17,1
0022200055,2022-10-25,PHX,134,48,14,34,31,8,4,14,19,47,92,29,12,34,28,GSW,105,40,10,30,28,7,7,16,28,41,91,35,10,17,13,1
0022200054,2022-10-25,OKC,108,60,21,39,19,12,8,6,13,42,110,30,4,25,20,LAC,94,47,7,40,21,5,14,19,18,35,83,31,10,18,14,1
0022200052,2022-10-25,WAS,120,47,9,38,26,7,7,12,21,44,85,33,10,26,22,DET,99,41,11,30,12,6,1,13,26,36,88,28,8,25,19,1
0022200064,2022-10-26,DEN,110,54,9,45,34,12,5,11,17,42,92,34,9,21,17,LAL,99,47,7,40,25,8,4,14,16,40,90,30,8,16,11,1
0022200065,2022-10-26,POR,98,38,11,27,20,9,4,19,17,34,78,37,12,26,18,MIA,119,46,15,31,34,13,2,18,22,44,87,38,15,19,16,0
0022200060,2022-10-26,MIL,110,54,14,40,21,8,12,19,22,39,88,36,10,29,22,BKN,99,37,7,30,23,7,6,14,24,34,86,27,7,30,24,1
0022200056,2022-10-26,CLE,103,43,12,31,25,6,3,13,22,36,87,33,10,30,21,ORL,92,43,10,33,19,6,6,17,29,35,81,24,6,21,16,1
0022200061,2022-10-26,CHI,124,44,9,35,34,10,5,18,25,43,87,30,16,24,22,IND,109,38,6,32,31,5,12,20,18,37,86,40,16,24,19,1
0022200059,2022-10-26,TOR,119,39,6,33,32,9,5,9,21,46,84,37,16,14,11,PHI,109,34,4,30,29,6,2,13,12,40,79,36,16,19,13,1
0022200062,2022-10-26,MIN,134,30,0,30,37,9,6,17,19,52,80,34,20,16,10,SAS,122,41,14,27,34,6,2,16,18,43,95,36,16,22,20,1
0022200057,2022-10-26,DET,113,40,10,30,23,4,6,14,25,42,91,32,14,22,15,ATL,118,46,10,36,22,6,12,12,20,45,91,22,8,25,20,0
0022200063,2022-10-26,UTA,109,53,11,42,28,11,5,16,28,38,90,45,13,30,20,HOU,101,49,14,35,19,7,2,19,30,36,94,40,11,24,18,1
0022200058,2022-10-26,NYK,134,46,12,34,26,5,11,16,24,52,97,30,11,22,19,CHA,131,42,9,33,31,9,5,15,24,49,99,31,13,30,20,1
0022200068,2022-10-27,GSW,123,50,16,34,30,4,2,21,13,46,92,46,18,15,13,MIA,110,31,8,23,25,16,5,12,15,39,88,43,14,22,18,1
0022200066,2022-10-27,BKN,125,45,13,32,20,10,6,15,28,43,93,35,12,30,27,DAL,129,37,7,30,25,8,4,18,23,41,81,40,20,35,27,0
0022200067,2022-10-27,OKC,118,36,13,23,27,10,4,12,21,47,95,38,17,8,7,LAC,110,44,10,34,21,6,5,20,17,44,82,28,9,18,13,1
0022200069,2022-10-27,SAC,110,40,9,31,28,5,2,13,20,40,83,38,12,22,18,MEM,125,43,11,32,27,5,3,14,18,49,92,33,14,18,13,0
0022200076,2022-10-28,MIN,111,49,14,35,27,13,8,10,21,41,99,40,13,24,16,LAL,102,55,12,43,20,8,5,22,21,37,89,29,9,27,19,1
0022200075,2022-10-28,MIL,119,60,19,41,23,8,8,7,23,42,109,45,13,27,22,NYK,108,54,13,41,19,6,5,13,19,37,93,35,12,32,22,1
0022200074,2022-10-28,WAS,117,38,9,29,25,5,3,13,23,41,86,30,12,28,23,IND,127,41,5,36,30,4,7,14,19,41,81,29,15,33,30,0
0022200073,2022-10-28,TOR,90,45,15,30,20,9,5,17,15,33,86,39,9,24,15,PHI,112,41,7,34,25,11,6,15,20,43,82,38,16,11,10,0
0022200070,2022-10-28,DET,112,42,14,28,18,2,4,11,22,37,86,32,7,38,31,ATL,136,45,10,35,31,5,8,7,26,55,97,29,12,18,14,0
0022200072,2022-10-28,BOS,123,34,5,29,28,9,2,19,27,42,82,33,13,32,26,CLE,132,42,9,33,18,5,2,16,28,45,87,35,16,34,26,0
0022200079,2022-10-28,PHX,124,47,14,33,33,7,7,12,18,48,92,33,10,20,18,NOP,111,33,9,24,25,10,1,14,21,38,86,37,15,22,20,1
0022200077,2022-10-28,SAS,129,42,8,34,37,7,3,21,17,46,86,38,16,26,21,CHI,124,42,15,27,20,13,3,13,19,47,99,27,9,26,21,1
0022200080,2022-10-28,POR,125,45,11,34,30,9,6,16,19,48,90,35,13,20,16,HOU,111,39,13,26,23,10,6,17,18,40,94,38,14,21,17,1
0022200078,2022-10-28,DEN,117,58,17,41,18,2,4,12,18,39,85,37,17,34,22,UTA,101,38,8,30,24,7,8,10,30,38,91,39,10,19,15,1
0022200071,2022-10-28,ORL,113,48,5,43,28,8,5,12,22,42,85,37,10,26,19,CHA,93,47,10,37,21,3,4,15,18,33,86,38,11,24,16,1
0022200081,2022-10-29,SAC,119,43,6,37,27,1,6,21,29,42,76,31,14,29,21,MIA,113,34,9,25,18,7,3,9,25,38,89,28,11,31,26,1
0022200083,2022-10-29,BKN,116,34,6,28,29,6,9,9,20,41,82,39,14,26,20,IND,125,53,17,36,31,7,1,12,25,40,94,46,23,26,22,0
0022200084,2022-10-29,CHI,109,40,9,31,22,7,3,18,20,36,80,31,11,29,26,PHI,114,41,8,33,28,8,6,19,22,39,79,29,14,27,22,0
0022200085,2022-10-29,MIL,123,49,14,35,24,8,5,12,18,45,92,36,14,29,19,ATL,115,42,12,30,19,5,2,13,23,45,94,29,13,15,12,1
0022200082,2022-10-29,CHA,120,55,15,40,32,2,2,10,14,43,102,31,10,31,24,GSW,113,49,10,39,31,8,6,10,31,44,100,44,13,16,12,1
0022200086,2022-10-29,DAL,111,49,12,37,17,8,5,16,30,38,95,40,8,34,27,OKC,117,47,9,38,25,9,6,15,29,44,89,25,5,31,24,0
0022200087,2022-10-29,UTA,124,34,10,24,30,8,6,20,17,45,87,44,19,20,15,MEM,123,40,10,30,24,11,5,20,26,50,88,27,12,15,11,1
0022200092,2022-10-30,SAS,107,52,14,38,27,6,7,20,21,36,86,40,16,25,19,MIN,98,45,16,29,21,11,7,11,23,40,99,29,4,20,14,1
0022200090,2022-10-30,CLE,121,43,10,33,33,3,5,14,22,41,89,50,23,19,16,NYK,108,45,12,33,26,9,2,14,25,45,92,27,10,16,8,1
0022200093,2022-10-30,DAL,114,37,5,32,15,10,1,4,22,41,83,35,11,28,21,ORL,105,47,11,36,20,2,5,12,23,37,81,29,11,27,20,1
0022200088,2022-10-30,LAC,91,39,8,31,24,3,6,15,15,36,86,39,11,13,8,NOP,112,50,12,38,32,9,1,13,15,46,93,36,15,8,5,0
0022200095,2022-10-30,LAL,121,51,13,38,24,5,5,9,17,46,96,30,13,20,16,DEN,110,48,13,35,24,3,8,9,15,41,96,40,15,18,13,1
0022200091,2022-10-30,DET,128,47,12,35,24,4,3,16,25,40,83,33,14,38,34,GSW,114,42,13,29,23,8,4,15,24,39,92,39,12,25,24,1
0022200094,2022-10-30,PHX,124,36,10,26,29,9,8,12,22,45,84,40,12,30,22,HOU,109,49,17,32,18,7,1,15,25,38,87,34,11,26,22,1
0022200089,2022-10-30,BOS,112,47,4,43,29,4,5,14,15,36,79,47,21,20,19,WAS,94,51,15,36,22,5,6,10,20,38,98,32,7,16,11,1
0022200098,2022-10-31,BKN,116,39,6,33,26,11,9,20,18,43,80,30,11,20,19,IND,109,38,10,28,23,11,5,24,24,41,87,39,11,23,16,1
0022200097,2022-10-31,WAS,111,41,9,32,22,8,4,16,18,38,81,25,10,26,25,PHI,118,37,4,33,26,14,3,14,20,46,83,30,12,20,14,0
0022200096,2022-10-31,CHA,108,38,6,32,31,11,6,21,26,43,84,29,14,14,8,SAC,115,42,10,32,26,8,4,19,19,37,85,44,17,28,24,0
0022200099,2022-10-31,TOR,139,44,12,32,25,13,9,7,22,46,92,34,14,40,33,ATL,109,37,7,30,28,1,4,18,27,39,84,29,11,25,20,1
0022200102,2022-10-31,LAC,95,46,8,38,23,7,10,14,18,37,87,36,9,17,12,HOU,93,44,7,37,17,9,8,15,16,34,88,28,8,23,17,1
0022200101,2022-10-31,UTA,121,48,11,37,26,10,6,16,30,42,89,47,19,22,18,MEM,105,52,18,34,14,8,4,16,17,38,92,26,6,42,23,1
0022200100,2022-10-31,MIL,110,50,14,36,20,5,5,16,21,38,87,40,11,29,23,DET,108,43,13,30,19,9,3,12,24,41,92,29,8,21,18,1
0022200106,2022-11-01,PHX,116,34,7,27,31,9,8,11,20,41,89,43,17,22,17,MIN,107,42,10,32,24,5,4,18,24,37,87,34,13,24,20,1
0022200105,2022-11-01,OKC,116,36,8,28,28,13,9,17,17,45,95,34,10,20,16,ORL,108,49,12,37,20,7,10,25,14,39,87,29,10,20,20,1
0022200103,2022-11-01,BKN,99,38,4,34,27,4,7,18,20,36,74,32,12,19,15,CHI,108,44,11,33,20,8,4,10,13,39,89,30,12,21,18,0
0022200104,2022-11-01,MIA,116,39,9,30,32,7,3,15,16,40,88,42,16,20,20,GSW,109,41,10,31,31,8,5,20,22,39,84,49,18,17,13,1
0022200109,2022-11-02,MIA,110,46,9,37,27,5,5,11,20,44,89,34,11,13,11,SAC,107,39,4,35,29,4,3,12,18,41,86,36,13,14,12,1
0022200110,2022-11-02,NYK,99,52,12,40,23,3,9,17,19,37,90,36,10,20,15,ATL,112,51,17,34,28,11,4,9,18,44,107,34,12,16,12,0
0022200107,2022-11-02,CLE,114,51,9,42,24,6,4,11,23,42,100,39,11,24,19,BOS,113,52,8,44,26,5,9,14,24,38,93,41,11,27,26,1
0022200117,2022-11-02,LAL,120,56,11,45,30,6,8,18,17,45,98,36,10,23,20,NOP,117,51,11,40,35,10,5,14,20,47,102,25,8,21,15,1
0022200112,2022-11-02,HOU,101,50,16,34,17,9,5,19,22,37,88,38,11,21,16,LAC,109,43,9,34,20,10,6,15,20,41,84,33,12,19,15,0
0022200114,2022-11-02,SAS,100,46,13,33,29,3,6,23,20,37,94,43,14,14,12,TOR,143,50,9,41,31,16,6,11,17,57,106,33,14,16,15,0
0022200115,2022-11-02,DAL,103,37,7,30,20,9,4,12,14,42,84,38,11,15,8,UTA,100,40,12,28,28,6,1,17,17,39,84,30,10,14,12,1
0022200116,2022-11-02,POR,106,46,16,30,27,5,3,20,17,36,89,33,13,26,21,MEM,111,46,10,36,28,7,5,15,19,38,83,28,13,27,22,0
0022200108,2022-11-02,PHI,111,32,6,26,25,3,1,8,25,39,84,36,19,20,14,WAS,121,43,7,36,27,4,9,8,18,45,78,21,5,32,26,0
0022200113,2022-11-02,MIL,116,52,15,37,24,17,5,16,16,43,92,38,10,24,20,DET,91,35,2,33,18,7,3,21,22,33,79,31,11,15,14,1
0022200111,2022-11-02,CHI,106,51,11,40,28,6,9,20,18,38,88,31,14,18,16,CHA,88,47,13,34,22,12,12,17,14,36,92,32,7,16,9,1
0022200119,2022-11-03,OKC,110,40,10,30,19,9,5,10,19,45,93,29,6,19,14,DEN,122,47,8,39,32,5,2,20,15,45,84,31,18,16,14,0
0022200118,2022-11-03,ORL,130,46,11,35,20,9,6,19,22,42,78,30,13,46,33,GSW,129,35,9,26,31,5,3,14,32,50,97,43,19,15,10,1
0022200121,2022-11-04,IND,101,42,5,37,28,7,5,19,19,37,80,39,12,23,15,MIA,99,42,8,34,17,10,2,19,22,31,81,39,11,26,26,1
0022200129,2022-11-04,MIN,102,47,10,37,22,2,4,16,25,39,92,41,11,17,13,MIL,115,51,7,44,29,7,2,13,22,41,85,38,17,28,16,0
0022200123,2022-11-04,WAS,86,39,7,32,18,4,3,13,15,30,83,34,8,22,18,BKN,128,48,7,41,32,8,7,9,19,50,90,28,14,14,14,0
0022200122,2022-11-04,PHI,104,44,13,31,27,12,8,15,25,37,98,47,13,21,17,NYK,106,50,10,40,24,5,8,22,21,37,80,33,9,27,23,0
0022200130,2022-11-04,PHX,106,39,13,26,26,8,4,17,22,36,83,34,14,21,20,POR,108,42,11,31,30,6,3,18,24,43,85,23,10,15,12,0
0022200120,2022-11-04,DET,88,34,9,25,16,10,6,19,22,31,83,37,13,15,13,CLE,112,47,10,37,30,5,13,19,15,44,81,26,11,16,13,0
0022200124,2022-11-04,BOS,123,39,7,32,24,5,7,14,23,41,83,31,9,39,32,CHI,119,37,4,33,21,8,5,17,28,43,83,28,11,25,22,1
0022200128,2022-11-04,NOP,114,37,9,28,24,10,2,16,21,41,81,29,12,29,20,GSW,105,29,3,26,23,7,1,23,25,35,71,32,12,25,23,1
0022200126,2022-11-04,SAS,106,35,6,29,23,7,2,13,17,42,88,31,12,18,10,LAC,113,44,3,41,26,6,5,16,25,42,80,33,15,19,14,0
0022200127,2022-11-04,DAL,111,31,6,25,23,12,3,19,21,39,77,34,12,25,21,TOR,110,44,18,26,20,10,4,19,22,39,88,34,11,25,21,1
0022200131,2022-11-04,LAL,116,40,9,31,22,6,6,11,17,40,83,26,11,28,25,UTA,130,48,15,33,31,8,3,8,22,52,103,40,17,10,9,0
0022200125,2022-11-04,MEM,130,60,18,42,34,6,10,19,20,50,98,36,16,18,14,CHA,99,41,12,29,22,11,7,18,17,33,86,27,8,31,25,1
0022200133,2022-11-05,CHA,94,50,13,37,22,3,6,15,21,32,86,42,14,23,16,BKN,98,41,9,32,23,8,10,11,21,33,84,36,12,22,20,0
0022200139,2022-11-05,PHX,102,44,11,33,22,7,14,14,22,35,82,30,11,28,21,POR,82,40,8,32,22,5,7,18,26,30,79,15,7,24,15,1
0022200132,2022-11-05,ORL,123,48,7,41,27,8,4,18,26,50,92,23,4,20,19,SAC,126,36,6,30,24,5,4,14,20,47,93,40,15,26,17,0
0022200138,2022-11-05,DEN,126,47,10,37,37,10,0,18,15,53,87,29,15,10,5,SAS,101,28,6,22,28,8,3,15,13,39,80,30,12,19,11,1
0022200135,2022-11-05,NYK,118,44,12,32,22,6,4,14,14,46,90,27,11,16,15,BOS,133,34,8,26,30,5,2,13,17,47,88,51,27,12,12,0
0022200134,2022-11-05,ATL,124,50,12,38,28,12,8,13,23,47,103,36,9,25,21,NOP,121,59,19,40,23,8,6,16,24,47,108,23,7,28,20,1
0022200137,2022-11-05,MIN,129,36,9,27,38,11,5,24,27,49,80,33,15,20,16,HOU,117,33,12,21,27,10,0,23,18,40,84,38,16,31,21,1
0022200136,2022-11-05,MIL,108,55,18,37,23,7,6,19,16,38,90,47,17,17,15,OKC,94,38,9,29,22,6,3,16,18,36,84,35,12,16,10,1
0022200140,2022-11-06,LAL,100,43,10,33,24,4,4,17,26,40,87,27,8,21,12,CLE,114,48,9,39,19,7,6,14,20,37,84,32,8,36,32,0
0022200141,2022-11-06,TOR,113,52,23,29,28,11,10,9,16,44,103,37,10,20,15,CHI,104,46,15,31,27,5,10,17,20,40,88,36,13,13,11,1
0022200143,2022-11-06,LAC,102,32,4,28,22,11,2,14,26,43,87,33,8,13,8,UTA,110,42,7,35,18,5,4,21,15,35,75,40,15,26,25,0
0022200142,2022-11-06,MEM,103,50,12,38,20,8,2,11,17,39,91,29,9,20,16,WAS,97,49,15,34,25,5,5,10,21,41,96,41,8,10,7,1
0022200157,2022-11-07,UTA,139,41,10,31,30,10,7,15,23,53,95,38,16,22,17,LAL,116,33,7,26,15,7,5,16,21,40,82,24,9,30,27,1
0022200149,2022-11-07,ATL,117,48,12,36,23,11,3,12,18,46,99,29,11,17,14,MIL,98,41,6,35,21,5,9,19,18,36,87,40,13,16,13,1
0022200155,2022-11-07,DAL,96,41,12,29,18,7,3,22,20,32,72,28,12,24,20,BKN,94,34,14,20,22,13,5,14,26,35,80,29,10,19,14,1
0022200153,2022-11-07,MIN,107,39,4,35,28,7,8,18,18,38,81,41,11,24,20,NYK,120,43,9,34,26,13,2,19,23,39,89,48,19,25,23,0
0022200148,2022-11-07,PHI,100,48,15,33,22,5,6,16,17,31,80,32,12,31,26,PHX,88,37,6,31,19,8,5,15,24,32,73,19,6,22,18,1
0022200150,2022-11-07,MIA,107,32,5,27,28,11,2,12,18,40,84,39,14,15,13,POR,110,37,4,33,27,7,2,19,16,38,72,37,16,21,18,0
0022200156,2022-11-07,GSW,116,48,8,40,28,5,4,15,21,44,88,38,14,21,14,SAC,113,43,9,34,24,9,0,11,20,37,91,40,14,29,25,1
0022200152,2022-11-07,MEM,106,45,8,37,27,4,4,11,23,41,91,44,15,14,9,BOS,109,45,7,38,26,5,6,15,19,38,82,37,12,28,21,0
0022200158,2022-11-07,LAC,119,31,4,27,19,8,2,9,19,40,79,38,17,28,22,CLE,117,48,10,38,29,6,2,17,21,43,83,33,16,21,15,1
0022200147,2022-11-07,IND,129,45,10,35,33,6,8,17,19,43,86,48,22,23,21,NOP,122,43,13,30,32,7,4,10,20,48,97,34,14,17,12,1
0022200154,2022-11-07,SAS,109,38,10,28,31,14,5,24,17,43,82,33,12,18,11,DEN,115,40,8,32,33,14,7,22,14,47,88,24,8,20,13,0
0022200145,2022-11-07,ORL,127,37,11,26,27,7,4,20,25,45,82,25,12,31,25,HOU,134,40,14,26,31,9,6,22,23,46,87,48,24,25,18,0
0022200146,2022-11-07,DET,112,58,16,42,20,6,9,16,19,39,93,33,9,33,25,OKC,103,46,16,30,23,9,11,10,26,41,102,33,10,17,11,1
0022200151,2022-11-07,CHI,111,49,9,40,30,7,7,22,21,42,80,28,9,22,18,TOR,97,31,5,26,24,10,7,15,20,36,85,28,9,22,16,1
0022200144,2022-11-07,CHA,100,45,17,28,27,8,7,11,23,42,101,32,5,16,11,WAS,108,47,10,37,21,2,6,15,18,42,80,19,5,30,19,0
0022200170,2022-11-09,LAC,114,41,6,35,24,10,7,15,24,41,81,33,12,26,20,LAL,101,43,8,35,26,7,2,16,20,40,88,32,10,17,11,1
0022200168,2022-11-09,OKC,132,55,16,39,24,9,9,13,26,50,111,45,18,19,14,MIL,136,55,11,44,27,8,7,17,23,50,106,36,17,22,19,0
0022200164,2022-11-09,BKN,112,55,11,44,30,11,5,15,22,42,87,34,14,20,14,NYK,85,46,11,35,21,5,4,15,18,28,87,43,12,26,17,1
0022200167,2022-11-09,MIN,117,38,8,30,26,4,6,19,22,41,78,27,9,32,26,PHX,129,36,10,26,31,10,3,11,21,47,97,35,16,20,19,0
0022200159,2022-11-09,CHA,95,42,20,22,21,10,3,11,22,34,91,40,10,24,17,POR,105,45,8,37,28,5,4,18,19,40,75,34,11,25,14,0
0022200171,2022-11-09,SAC,127,24,2,22,30,12,4,9,20,40,76,39,17,35,30,CLE,120,42,12,30,24,4,1,18,23,46,86,26,11,20,17,1
0022200166,2022-11-09,CHI,111,35,6,29,23,5,8,15,23,44,87,27,7,18,16,NOP,115,50,13,37,20,8,5,16,18,42,84,19,3,36,28,0
0022200161,2022-11-09,ORL,94,49,4,45,20,1,6,19,20,36,73,21,8,21,14,DAL,87,29,4,25,17,14,4,6,19,32,85,42,11,19,12,1
0022200160,2022-11-09,IND,119,44,11,33,28,9,5,18,23,45,96,42,14,19,15,DEN,122,47,11,36,27,10,7,22,15,43,88,28,12,26,24,0
0022200165,2022-11-09,TOR,116,50,22,28,19,12,9,13,26,42,102,44,15,20,17,HOU,109,49,16,33,29,9,7,16,18,37,84,35,9,31,26,1
0022200162,2022-11-09,ATL,119,54,17,37,24,5,5,11,16,51,109,28,8,11,9,UTA,125,47,13,34,27,5,6,13,20,44,94,39,17,24,20,0
0022200169,2022-11-09,SAS,122,39,13,26,30,8,2,12,17,47,98,37,12,23,16,MEM,124,53,18,35,24,4,2,20,22,50,98,32,14,13,10,0
0022200163,2022-11-09,BOS,128,43,8,35,31,5,4,13,25,47,88,46,18,21,16,DET,112,48,15,33,15,7,3,10,19,37,89,33,7,40,31,1
0022200173,2022-11-10,ATL,104,54,11,43,19,8,2,18,22,39,88,26,6,23,20,PHI,95,45,9,36,15,10,5,17,22,32,83,30,6,30,25,1
0022200175,2022-11-10,NOP,95,45,9,36,19,3,5,17,21,33,79,28,10,24,19,POR,106,46,11,35,25,8,2,9,14,37,85,34,12,26,20,0
0022200172,2022-11-10,WAS,113,52,8,44,25,5,5,17,21,41,84,30,12,20,19,DAL,105,41,7,34,19,9,1,13,13,37,86,47,18,21,13,1
0022200174,2022-11-10,MIA,117,38,8,30,21,9,1,11,25,39,90,36,10,36,29,CHA,112,50,8,42,23,4,2,21,30,43,88,39,14,20,12,1
0022200180,2022-11-11,SAS,111,50,9,41,22,3,13,19,22,43,85,31,12,15,13,MIL,93,48,21,27,22,7,5,17,14,32,98,43,12,23,17,1
0022200181,2022-11-11,MEM,114,46,15,31,25,8,3,14,19,44,88,33,7,27,19,MIN,103,33,7,26,29,10,4,15,25,37,79,30,10,22,19,1
0022200177,2022-11-11,ORL,114,50,9,41,23,2,4,15,11,43,82,33,15,15,13,PHX,97,38,11,27,22,7,4,11,14,38,95,42,13,9,8,1
0022200183,2022-11-11,LAL,114,41,14,27,22,11,5,14,22,42,88,25,10,26,20,SAC,120,40,10,30,27,10,4,15,17,45,87,36,12,21,18,0
0022200182,2022-11-11,GSW,106,44,8,36,29,5,3,15,27,40,82,36,15,14,11,CLE,101,46,14,32,25,6,3,13,17,37,92,30,8,26,19,1
0022200176,2022-11-11,BOS,131,46,10,36,30,3,5,7,19,50,90,37,16,20,15,DEN,112,38,11,27,26,3,1,6,16,42,92,29,12,20,16,1
0022200179,2022-11-11,OKC,132,44,15,29,31,10,6,19,27,52,93,36,15,17,13,TOR,113,39,14,25,20,13,4,16,16,38,88,30,11,36,26,1
0022200178,2022-11-11,NYK,121,47,16,31,23,7,3,11,31,42,94,40,10,29,27,DET,112,43,12,31,22,6,6,15,23,37,80,31,7,41,31,1
0022200184,2022-11-12,LAC,95,46,10,36,22,4,6,18,17,34,85,31,11,20,16,BKN,110,41,6,35,27,9,6,13,18,40,83,35,16,21,14,0
0022200190,2022-11-12,DAL,117,40,7,33,26,8,2,11,27,41,81,43,14,26,21,POR,112,44,12,32,20,6,2,12,21,36,80,31,13,35,27,1
0022200188,2022-11-12,PHI,121,31,2,29,24,10,5,12,26,44,80,24,8,31,25,ATL,109,43,12,31,20,4,2,19,19,40,89,24,6,27,23,1
0022200186,2022-11-12,DET,108,50,11,39,23,4,3,14,23,37,89,38,16,21,18,BOS,117,42,9,33,27,6,4,7,17,39,91,48,18,24,21,0
0022200191,2022-11-12,NOP,119,36,12,24,28,13,1,12,23,42,86,29,8,31,27,HOU,106,43,10,33,24,7,4,26,23,40,79,36,12,18,14,1
0022200187,2022-11-12,IND,118,51,11,40,33,4,6,21,23,41,82,43,19,23,17,TOR,104,43,16,27,14,12,8,12,18,37,94,35,7,29,23,1
0022200185,2022-11-12,WAS,121,46,6,40,27,6,8,9,14,44,88,36,16,20,17,UTA,112,42,7,35,33,4,3,12,17,44,94,40,14,11,10,1
0022200189,2022-11-12,MIA,132,46,9,37,32,7,5,12,19,49,93,41,16,21,18,CHA,115,37,4,33,25,4,3,12,21,46,90,31,9,16,14,1
0022200193,2022-11-13,CLE,124,40,16,24,22,6,1,10,22,40,89,34,17,39,27,MIN,129,47,11,36,30,5,4,13,30,46,82,24,12,34,25,0
0022200198,2022-11-13,LAL,116,45,12,33,25,3,2,9,22,44,91,27,11,20,17,BKN,103,41,8,33,22,5,5,13,17,36,80,27,7,31,24,1
0022200196,2022-11-13,CHI,103,36,8,28,24,9,4,19,19,40,81,22,6,21,17,DEN,126,36,5,31,33,11,3,16,17,48,80,27,13,21,17,0
0022200197,2022-11-13,SAC,122,45,9,36,31,8,2,16,17,47,91,37,16,19,12,GSW,115,43,8,35,27,5,5,18,20,42,90,47,16,16,15,1
0022200192,2022-11-13,NYK,135,35,13,22,25,13,2,13,18,48,97,31,10,33,29,OKC,145,38,4,34,31,9,5,19,27,55,88,31,17,20,18,0
0022200195,2022-11-13,PHI,105,39,8,31,21,12,14,12,19,40,83,23,4,26,21,UTA,98,50,18,32,23,3,4,18,17,37,94,37,11,23,13,1
0022200194,2022-11-13,WAS,102,47,9,38,26,9,6,15,15,36,86,40,19,21,11,MEM,92,51,14,37,21,7,6,17,24,38,96,28,9,10,7,1
0022200202,2022-11-14,MIA,113,42,17,25,23,6,4,15,10,38,83,33,15,25,22,PHX,112,45,20,25,22,9,4,14,22,48,99,36,14,4,2,1
0022200205,2022-11-14,GSW,132,40,5,35,35,9,3,13,17,47,88,45,23,16,15,SAS,95,53,22,31,18,6,6,19,17,36,100,40,10,19,13,1
0022200204,2022-11-14,MIL,106,46,11,35,21,4,3,17,26,34,82,29,6,41,32,ATL,121,45,13,32,23,4,4,9,23,44,92,20,7,30,26,0
0022200203,2022-11-14,HOU,106,40,10,30,20,11,3,14,22,39,86,30,9,31,19,LAC,122,44,9,35,25,6,4,17,23,41,81,38,14,33,26,0
0022200201,2022-11-14,BOS,126,46,10,36,25,15,7,14,20,46,96,37,10,29,24,OKC,122,51,10,41,21,4,6,20,21,47,98,30,11,21,17,1
0022200199,2022-11-14,DET,111,39,11,28,23,8,2,19,23,35,77,31,10,43,31,TOR,115,42,12,30,27,7,8,17,27,40,82,27,8,28,27,0
0022200200,2022-11-14,ORL,105,48,22,26,23,3,7,22,18,36,88,36,14,23,19,CHA,112,37,14,23,22,15,7,13,23,42,88,35,7,24,21,0
0022200210,2022-11-15,SAC,153,43,9,34,39,9,4,17,24,56,94,41,20,25,21,BKN,121,29,3,26,25,5,3,17,18,40,81,28,11,33,30,1
0022200208,2022-11-15,UTA,111,49,15,34,29,7,5,21,22,36,83,43,14,30,25,NYK,118,43,13,30,26,10,3,14,25,44,93,32,11,25,19,0
0022200209,2022-11-15,POR,117,39,9,30,22,6,3,17,17,41,79,32,15,26,20,SAS,110,38,11,27,34,7,5,19,25,44,85,29,9,17,13,1
0022200207,2022-11-15,DAL,103,34,8,26,20,12,1,12,20,35,80,43,17,24,16,LAC,101,40,3,37,23,8,2,21,27,34,64,28,12,26,21,1
0022200206,2022-11-15,NOP,113,43,7,36,31,2,8,10,20,43,91,38,18,12,9,MEM,102,51,14,37,16,6,8,11,17,38,92,35,9,25,17,1
0022200215,2022-11-16,TOR,112,42,16,26,23,5,3,14,23,44,86,26,7,22,17,MIA,104,23,4,19,19,5,4,23,20,36,66,35,13,22,19,1
0022200212,2022-11-16,ORL,108,47,12,35,21,6,5,16,26,42,93,35,9,17,15,MIN,126,40,8,32,28,15,6,11,15,46,88,36,12,28,22,0
0022200219,2022-11-16,DEN,103,42,8,34,18,3,5,15,25,36,82,38,14,20,17,NYK,106,40,6,34,24,12,5,8,18,37,84,34,8,31,24,0
0022200211,2022-11-16,CHA,113,44,14,30,29,8,4,18,23,43,94,33,12,18,15,IND,125,34,7,27,27,11,9,14,18,44,82,28,11,31,26,0
0022200214,2022-11-16,ATL,101,45,14,31,21,5,5,9,11,42,101,32,7,13,10,BOS,126,49,6,43,29,4,8,15,20,48,88,46,21,10,9,0
0022200216,2022-11-16,MIL,113,52,13,39,26,5,6,14,16,41,86,39,16,27,15,CLE,98,34,6,28,22,7,7,8,18,36,84,28,12,17,14,1
0022200217,2022-11-16,NOP,124,46,12,34,30,4,6,15,18,43,85,33,17,24,21,CHI,110,37,7,30,25,2,1,12,18,44,89,32,11,17,11,1
0022200220,2022-11-16,PHX,130,47,8,39,33,5,8,16,22,44,86,40,21,25,21,GSW,119,40,6,34,30,5,3,17,23,42,92,42,18,17,17,1
0022200218,2022-11-16,DAL,92,38,13,25,21,9,2,6,19,31,102,55,12,19,18,HOU,101,56,9,47,21,1,19,23,19,35,75,22,10,24,21,0
0022200213,2022-11-16,WAS,120,41,11,30,32,8,5,19,20,44,86,34,17,17,15,OKC,121,37,9,28,24,4,7,15,22,44,81,31,16,26,17,0
0022200221,2022-11-17,POR,107,39,8,31,22,9,5,10,22,36,93,36,13,27,22,BKN,109,47,5,42,32,4,5,17,24,40,79,29,11,23,18,0
0022200222,2022-11-17,SAC,130,37,6,31,28,7,1,12,15,48,83,30,12,24,22,SAS,112,32,7,25,29,8,6,19,22,46,84,26,11,12,9,1
0022200223,2022-11-17,LAC,96,51,10,41,17,1,1,18,21,33,81,30,11,24,19,DET,91,43,10,33,15,9,7,13,26,33,88,31,6,24,19,1
0022200224,2022-11-18,WAS,107,54,8,46,33,6,4,16,25,41,96,46,15,14,10,MIA,106,53,10,43,23,6,4,10,15,35,98,43,11,32,25,1
0022200226,2022-11-18,PHI,110,41,6,35,28,5,5,18,18,40,78,28,13,26,17,MIL,102,42,8,34,22,8,7,13,18,41,90,36,12,21,8,1
0022200233,2022-11-18,GSW,111,51,12,39,32,8,3,18,26,41,91,50,18,20,11,NYK,101,45,13,32,16,8,7,16,16,30,87,34,9,34,32,1
0022200227,2022-11-18,CHI,107,46,13,33,27,6,6,11,19,41,89,21,5,25,20,ORL,108,41,6,35,25,4,7,16,25,38,77,28,12,22,20,0
0022200228,2022-11-18,HOU,91,49,14,35,15,8,4,17,24,29,86,28,6,32,27,IND,99,45,12,33,25,8,10,15,26,33,82,41,12,27,21,0
0022200232,2022-11-18,UTA,134,36,11,25,32,6,3,17,28,51,91,31,16,24,16,PHX,133,42,12,30,29,7,6,14,25,49,94,30,9,28,26,1
0022200231,2022-11-18,NOP,109,37,7,30,24,13,3,13,18,43,87,35,13,13,10,BOS,117,46,11,35,28,6,3,17,13,41,85,46,20,17,15,0
0022200230,2022-11-18,DAL,127,44,6,38,29,5,3,10,19,46,77,32,13,28,22,DEN,99,36,13,23,24,4,1,13,20,38,90,30,10,18,13,1
0022200229,2022-11-18,MEM,121,57,17,40,26,4,7,11,13,39,93,39,14,40,29,OKC,110,43,8,35,34,5,9,11,28,45,96,34,11,11,9,1
0022200234,2022-11-18,LAL,128,44,7,37,29,2,7,16,24,43,78,20,7,40,35,DET,121,37,10,27,27,9,4,11,30,43,92,34,11,32,24,1
0022200225,2022-11-18,CLE,132,50,7,43,25,8,8,20,25,49,92,28,8,32,26,CHA,122,53,17,36,24,11,6,16,33,44,110,44,14,24,20,1
0022200237,2022-11-19,PHI,109,39,4,35,21,10,1,22,24,34,71,32,14,32,27,MIN,112,43,8,35,28,9,2,20,25,40,85,36,12,24,20,0
0022200236,2022-11-19,IND,114,42,12,30,27,5,6,15,18,41,90,46,18,19,14,ORL,113,41,11,30,16,8,6,11,17,39,91,42,16,26,19,1
0022200239,2022-11-19,LAC,119,35,7,28,32,9,1,13,20,44,81,40,21,19,10,SAS,97,43,15,28,22,4,2,15,13,36,87,26,7,21,18,1
0022200235,2022-11-19,ATL,124,50,11,39,23,5,5,15,20,46,92,25,7,32,25,TOR,122,51,17,34,27,11,6,14,25,48,108,37,8,22,18,1
0022200238,2022-11-19,POR,113,43,10,33,27,11,8,18,22,39,83,42,13,27,22,UTA,118,42,11,31,23,6,4,13,20,42,91,39,14,23,20,0
0022200244,2022-11-20,CLE,113,49,13,36,31,7,1,20,23,44,83,37,13,16,12,MIA,87,30,11,19,17,6,3,16,16,31,80,31,6,22,19,1
0022200240,2022-11-20,PHX,116,60,22,38,35,3,8,13,22,43,101,39,17,18,13,NYK,95,39,10,29,20,4,7,11,15,34,85,25,7,25,20,1
0022200247,2022-11-20,LAL,123,54,5,49,29,5,2,15,10,45,85,34,12,24,21,SAS,92,44,13,31,26,7,2,10,17,41,105,34,7,10,3,1
0022200246,2022-11-20,DAL,97,36,6,30,24,5,3,13,18,35,78,42,15,21,12,DEN,98,44,4,40,22,10,5,16,20,37,78,27,9,19,15,0
0022200245,2022-11-20,HOU,120,45,12,33,24,13,1,14,12,41,90,45,15,27,23,GSW,127,40,8,32,38,8,5,17,22,46,86,47,24,15,11,0
0022200243,2022-11-20,BKN,127,45,5,40,33,5,5,19,25,50,83,34,16,15,11,MEM,115,44,13,31,28,13,0,10,12,43,99,37,12,31,17,1
0022200242,2022-11-20,SAC,137,41,8,33,29,4,0,11,18,47,85,35,12,35,31,DET,129,35,10,25,20,4,3,12,24,47,89,29,15,23,20,1
0022200241,2022-11-20,WAS,106,49,14,35,19,6,13,17,19,40,93,34,13,18,13,CHA,102,51,15,36,19,5,5,13,18,39,100,32,8,23,16,1
0022200252,2022-11-21,MIN,105,40,6,34,30,9,6,18,25,37,85,47,14,20,17,MIA,101,46,12,34,26,9,5,15,20,35,90,38,11,30,20,1
0022200254,2022-11-21,OKC,119,38,11,27,25,5,5,14,18,43,88,24,8,32,25,NYK,129,48,14,34,21,10,2,15,28,51,97,34,11,20,16,0
0022200249,2022-11-21,IND,123,48,12,36,32,9,5,21,23,43,86,46,13,27,24,ORL,102,38,12,26,20,10,2,17,25,36,85,35,11,25,19,1
0022200251,2022-11-21,MIL,119,42,10,32,31,12,8,14,17,47,86,28,9,25,16,POR,111,40,12,28,19,5,3,16,17,44,93,29,8,19,15,1
0022200248,2022-11-21,CLE,114,37,3,34,24,8,3,20,17,42,70,19,10,23,20,ATL,102,35,10,25,24,11,3,17,21,38,87,34,11,17,15,1
0022200250,2022-11-21,CHI,121,51,8,43,26,10,1,15,19,46,89,29,14,20,15,BOS,107,38,5,33,28,3,4,15,18,38,87,50,19,17,12,1
0022200253,2022-11-21,NOP,128,50,11,39,30,15,5,14,16,49,91,42,15,21,15,GSW,83,34,4,30,17,9,5,27,20,28,74,43,10,19,17,1
0022200255,2022-11-21,LAC,121,41,12,29,26,6,6,16,20,47,91,24,9,19,18,UTA,114,45,16,29,22,8,5,17,18,40,89,38,12,24,22,1
0022200259,2022-11-22,PHX,115,49,8,41,23,8,7,15,22,48,102,34,16,5,3,LAL,105,45,7,38,19,8,7,17,12,36,85,22,4,35,29,1
0022200256,2022-11-22,PHI,115,49,20,29,19,9,4,10,12,43,99,32,16,16,13,BKN,106,35,4,31,31,5,13,15,15,44,80,28,9,13,9,1
0022200257,2022-11-22,MEM,109,49,13,36,26,12,10,18,23,41,91,30,8,30,19,SAC,113,45,9,36,27,11,2,20,25,39,90,45,15,27,20,0
0022200258,2022-11-22,DEN,108,42,15,27,28,7,8,18,21,43,86,19,5,26,17,DET,110,40,12,28,27,7,5,16,24,45,88,28,8,14,12,0
0022200262,2022-11-23,IND,101,30,13,17,25,16,5,13,16,37,96,44,16,16,11,MIN,115,50,8,42,31,9,10,23,18,47,77,22,8,17,13,0
0022200266,2022-11-23,TOR,98,52,23,29,16,12,2,14,13,36,101,29,7,25,19,BKN,112,39,7,32,32,10,11,21,24,45,82,38,17,7,5,0
0022200260,2022-11-23,CHA,107,44,11,33,25,8,1,16,15,44,92,23,6,21,13,PHI,101,45,8,37,20,9,3,19,23,38,86,38,9,18,16,1
0022200261,2022-11-23,CLE,114,39,11,28,22,4,4,17,14,41,74,27,12,23,20,POR,96,32,11,21,28,9,4,17,24,35,78,31,13,13,13,1
0022200263,2022-11-23,ATL,115,47,10,37,23,9,6,13,20,41,92,30,11,23,22,SAC,106,48,10,38,27,6,2,19,23,41,89,31,9,21,15,1
0022200269,2022-11-23,SAS,110,37,8,29,31,11,1,20,23,41,85,34,10,28,18,NOP,129,42,8,34,33,8,5,21,22,47,82,33,14,30,21,0
0022200267,2022-11-23,MIL,113,48,11,37,24,5,3,20,17,41,90,38,12,25,19,CHI,118,35,5,30,30,9,12,13,20,43,87,42,18,18,14,0
0022200264,2022-11-23,BOS,125,38,6,32,29,4,4,12,22,45,84,34,17,21,18,DAL,112,35,5,30,20,4,3,14,23,44,82,31,11,21,13,1
0022200268,2022-11-23,OKC,126,39,12,27,26,6,7,10,27,42,97,40,18,28,24,DEN,131,55,17,38,31,4,8,19,24,42,88,38,14,41,33,0
0022200271,2022-11-23,GSW,124,45,12,33,36,11,5,13,26,48,97,51,19,13,9,LAC,107,43,10,33,22,5,2,17,13,39,86,29,11,27,18,1
0022200265,2022-11-23,MIA,113,53,14,39,20,7,5,13,18,39,93,41,16,22,19,WAS,105,43,7,36,27,7,5,14,20,42,89,38,10,19,11,1
0022200270,2022-11-23,UTA,116,38,7,31,31,4,7,16,21,41,83,41,18,19,16,DET,125,38,8,30,24,9,2,7,20,44,89,24,12,27,25,0
0022200282,2022-11-25,SAS,94,50,20,30,21,11,3,16,18,38,100,33,6,16,12,LAL,105,49,10,39,28,12,5,22,16,40,83,27,8,20,17,0
0022200272,2022-11-25,CHA,110,55,15,40,24,6,4,18,18,40,89,25,8,32,22,MIN,108,45,11,34,24,7,9,16,27,41,96,41,9,18,17,1
0022200276,2022-11-25,IND,128,41,5,36,28,13,4,10,11,43,86,34,12,38,30,BKN,117,38,5,33,27,2,8,19,28,47,88,41,15,10,8,1
0022200273,2022-11-25,ORL,99,35,9,26,20,7,6,14,15,34,80,35,9,27,22,PHI,107,47,13,34,25,7,1,16,19,39,82,36,14,18,15,0
0022200274,2022-11-25,NYK,129,44,12,32,27,7,5,10,35,46,105,41,13,28,24,POR,132,48,13,35,24,3,3,13,24,42,85,32,10,51,38,0
0022200275,2022-11-25,BOS,122,38,4,34,27,9,6,10,24,41,83,37,16,27,24,SAC,104,45,11,34,20,3,4,18,22,36,87,36,9,26,23,1
0022200278,2022-11-25,HOU,128,59,22,37,25,9,4,22,29,41,87,35,12,41,34,ATL,122,28,6,22,14,9,6,14,26,39,82,39,15,36,29,1
0022200280,2022-11-25,MIL,117,43,8,35,27,4,9,13,22,42,83,32,15,25,18,CLE,102,41,10,31,12,9,2,9,17,34,87,33,12,26,22,1
0022200279,2022-11-25,MEM,132,46,13,33,26,4,4,14,20,47,91,38,18,27,20,NOP,111,41,11,30,26,9,4,13,22,37,86,31,10,31,27,1
0022200281,2022-11-25,OKC,123,50,10,40,24,7,5,13,21,44,95,29,7,32,28,CHI,119,47,14,33,25,5,4,15,24,44,101,33,12,23,19,1
0022200285,2022-11-25,LAC,104,33,4,29,22,1,5,14,20,37,68,22,11,34,19,DEN,114,37,10,27,27,9,5,6,24,44,89,30,10,23,16,0
0022200284,2022-11-25,GSW,129,49,16,33,33,8,3,21,15,52,101,45,20,6,5,UTA,118,42,15,27,28,12,6,13,15,46,97,45,11,17,15,1
0022200277,2022-11-25,MIA,110,47,10,37,24,5,5,13,19,42,89,26,7,23,19,WAS,107,45,13,32,27,7,9,12,18,40,93,39,11,20,16,1
0022200283,2022-11-25,PHX,108,43,11,32,25,7,7,13,18,42,87,29,7,26,17,DET,102,49,19,30,21,6,3,19,22,39,92,26,9,16,15,1
0022200288,2022-11-26,SAS,138,47,17,30,33,8,5,10,32,53,105,37,18,20,14,LAL,143,39,3,36,25,4,7,17,20,47,81,33,17,37,32,0
0022200286,2022-11-26,TOR,105,48,17,31,20,10,2,13,21,38,88,26,8,26,21,DAL,100,34,4,30,28,7,5,16,26,35,73,39,11,24,19,1
0022200287,2022-11-26,HOU,118,53,11,42,25,9,3,25,19,45,86,36,18,14,10,OKC,105,41,16,25,19,12,3,15,15,38,97,44,10,23,19,1
0022200289,2022-11-26,PHX,113,48,18,30,23,8,6,6,20,42,92,22,6,30,23,UTA,112,40,8,32,20,5,2,12,19,40,79,32,13,25,19,1
0022200293,2022-11-27,ATL,98,42,8,34,24,6,3,12,12,35,88,36,10,19,18,MIA,106,46,6,40,28,8,5,14,16,40,82,33,9,19,17,0
0022200292,2022-11-27,LAC,114,62,18,44,33,7,4,18,18,42,94,32,6,32,24,IND,100,39,9,30,23,14,4,13,28,36,94,42,9,23,19,1
0022200297,2022-11-27,ORL,103,26,7,19,21,9,4,16,20,36,79,40,12,25,19,PHI,133,43,6,37,32,10,8,16,19,50,77,27,11,27,22,0
0022200290,2022-11-27,BKN,111,38,4,34,27,6,2,8,24,41,78,35,15,18,14,POR,97,42,11,31,27,4,2,13,16,35,79,33,12,22,15,1
0022200295,2022-11-27,DET,94,36,7,29,14,9,6,16,26,36,79,28,8,26,14,CLE,102,41,10,31,14,3,4,14,20,33,77,28,8,33,28,0
0022200298,2022-11-27,MIL,124,40,8,32,28,8,5,14,24,48,86,37,17,15,11,DAL,115,32,6,26,23,6,2,13,17,41,80,41,17,25,16,1
0022200291,2022-11-27,MIN,114,31,6,25,22,7,2,14,19,39,88,35,14,29,22,GSW,137,47,8,39,36,7,6,16,26,50,87,47,20,20,17,0
0022200296,2022-11-27,NYK,123,42,12,30,30,3,7,8,27,44,87,30,10,30,25,MEM,127,50,16,34,32,4,2,11,23,46,95,32,12,31,23,0
0022200294,2022-11-27,BOS,130,38,10,28,25,2,5,14,23,44,80,34,16,26,26,WAS,121,29,6,23,23,8,1,4,21,44,82,28,7,33,26,1
0022200300,2022-11-28,WAS,142,34,7,27,31,12,5,7,25,52,91,31,15,27,23,MIN,127,45,15,30,20,4,3,18,23,42,84,27,7,42,36,1
0022200302,2022-11-28,BKN,109,42,8,34,20,7,8,18,19,44,81,28,9,14,12,ORL,102,35,9,26,18,9,5,18,18,38,80,31,13,22,13,1
0022200308,2022-11-28,LAL,115,57,18,39,23,3,7,14,16,40,93,31,11,31,24,IND,116,49,12,37,29,6,10,10,24,43,105,49,17,16,13,0
0022200307,2022-11-28,SAC,117,37,8,29,32,9,7,16,15,46,88,25,9,18,16,PHX,122,45,11,34,26,9,7,17,20,50,94,32,10,14,12,0
0022200299,2022-11-28,PHI,104,37,10,27,23,10,3,12,19,39,86,28,10,18,16,ATL,101,42,8,34,26,7,6,20,21,37,74,27,12,22,15,1
0022200303,2022-11-28,TOR,100,45,7,38,23,4,5,12,17,37,84,28,12,17,14,CLE,88,47,13,34,21,7,3,10,18,34,90,38,7,16,13,1
0022200306,2022-11-28,UTA,107,45,9,36,30,5,4,14,17,41,85,49,19,15,6,CHI,114,50,13,37,21,6,3,8,17,43,93,22,6,25,22,0
0022200305,2022-11-28,DEN,129,43,13,30,31,8,4,14,22,50,88,30,12,20,17,HOU,113,37,12,25,25,4,2,17,20,39,85,44,16,25,19,1
0022200304,2022-11-28,NOP,105,49,14,35,21,12,8,22,18,39,87,32,9,20,18,OKC,101,47,18,29,16,11,4,19,22,34,92,38,12,23,21,1
0022200301,2022-11-28,BOS,140,39,9,30,40,10,5,16,18,55,93,52,24,7,6,CHA,105,37,13,24,28,7,2,20,14,42,86,29,11,15,10,1
0022200309,2022-11-29,DET,110,30,7,23,28,7,4,16,17,42,83,39,13,20,13,NYK,140,51,17,34,31,9,1,14,19,54,96,35,16,21,16,0
0022200310,2022-11-29,DAL,116,39,8,31,21,7,4,14,21,42,91,44,15,27,17,GSW,113,50,10,40,27,6,3,18,23,42,88,43,11,23,18,1
0022200311,2022-11-29,POR,112,43,9,34,24,6,7,11,23,42,90,35,17,15,11,LAC,118,48,14,34,26,6,7,13,18,41,89,31,13,28,23,0
0022200314,2022-11-30,BOS,134,41,11,30,32,7,0,18,18,46,83,45,22,23,20,MIA,121,32,9,23,25,8,3,15,21,47,90,40,18,9,9,1
0022200316,2022-11-30,NYK,103,55,19,36,18,2,3,8,20,42,100,30,6,20,13,MIL,109,52,14,38,23,3,6,6,15,39,90,35,10,26,21,0
0022200323,2022-11-30,SAC,137,58,11,47,28,8,5,18,25,48,95,43,16,29,25,IND,114,47,12,35,28,8,5,15,21,40,100,37,12,30,22,1
0022200312,2022-11-30,CLE,113,40,6,34,28,10,3,19,13,45,74,29,15,10,8,PHI,85,30,7,23,19,7,1,16,11,32,77,26,6,18,15,1
0022200324,2022-11-30,LAL,128,48,13,35,28,5,6,8,18,48,97,37,14,26,18,POR,109,45,12,33,21,4,5,12,25,42,90,24,8,21,17,1
0022200319,2022-11-30,OKC,119,52,15,37,17,4,4,12,20,48,94,27,9,21,14,SAS,111,44,13,31,27,5,2,11,20,41,92,37,10,25,19,1
0022200313,2022-11-30,ORL,108,33,6,27,26,5,3,18,21,39,79,27,8,25,22,ATL,125,49,14,35,25,8,3,12,17,51,94,32,8,19,15,0
0022200321,2022-11-30,PHX,132,46,10,36,22,3,5,14,28,49,93,33,15,21,19,CHI,113,35,5,30,21,5,6,12,19,41,82,25,4,33,27,1
0022200320,2022-11-30,DEN,120,42,8,34,30,6,8,12,21,44,83,32,17,20,15,HOU,100,39,10,29,18,5,6,14,20,37,88,41,12,18,14,1
0022200322,2022-11-30,UTA,125,46,13,33,24,4,7,18,24,45,81,32,14,28,21,LAC,112,39,17,22,16,9,5,11,23,37,93,30,10,36,28,1
0022200318,2022-11-30,NOP,126,52,12,40,28,10,4,20,16,45,86,33,14,26,22,TOR,108,30,3,27,29,12,7,16,21,42,88,38,11,19,13,1
0022200317,2022-11-30,MIN,109,29,5,24,26,13,11,13,25,41,89,39,12,19,15,MEM,101,59,20,39,17,7,4,27,20,37,87,26,9,30,18,1
0022200315,2022-11-30,BKN,113,35,4,31,22,8,7,9,25,39,84,26,11,26,24,WAS,107,51,14,37,19,6,5,14,21,39,89,24,6,34,23,1
0022200325,2022-12-01,DET,131,52,13,39,29,9,0,13,26,51,94,35,15,24,14,DAL,125,30,4,26,25,8,7,13,24,46,86,46,19,29,14,1
0022200331,2022-12-02,MIL,129,42,10,32,29,2,5,10,18,50,94,43,17,15,12,LAL,133,44,12,32,32,6,4,4,16,52,96,26,11,24,18,0
0022200328,2022-12-02,BOS,116,48,7,41,26,6,2,20,18,40,87,45,15,28,21,MIA,120,50,12,38,19,11,3,17,24,48,101,35,11,18,13,0
0022200330,2022-12-02,CLE,107,33,5,28,22,7,5,13,14,41,84,42,16,9,9,ORL,96,40,11,29,19,6,4,18,13,40,81,23,8,12,8,1
0022200335,2022-12-02,UTA,139,47,8,39,29,7,2,26,28,46,83,34,15,37,32,IND,119,35,9,26,25,12,5,19,35,40,92,34,12,33,27,1
0022200332,2022-12-02,MEM,117,57,19,38,22,8,11,12,18,42,97,30,11,28,22,PHI,109,42,10,32,23,7,5,13,21,40,91,33,14,17,15,1
0022200333,2022-12-02,SAS,99,49,10,39,26,4,4,12,23,38,98,39,11,16,12,NOP,117,53,10,43,25,9,5,9,18,40,92,42,12,26,25,0
0022200336,2022-12-02,GSW,119,50,7,43,32,2,5,20,19,42,87,50,20,23,15,CHI,111,44,6,38,28,7,1,12,28,43,93,27,9,24,16,1
0022200327,2022-12-02,ATL,117,43,12,31,24,7,3,12,14,49,88,28,10,14,9,DEN,109,33,9,24,31,8,0,16,12,45,85,32,12,13,7,1
0022200334,2022-12-02,PHX,121,37,9,28,30,9,5,18,28,45,85,37,17,19,14,HOU,122,41,13,28,19,12,2,17,22,40,81,24,8,43,34,0
0022200329,2022-12-02,BKN,114,41,7,34,27,7,5,18,27,44,82,32,11,22,15,TOR,105,43,11,32,16,7,2,14,19,38,87,24,7,30,22,1
0022200326,2022-12-02,CHA,117,45,19,26,25,6,3,4,24,40,95,29,12,31,25,WAS,116,56,18,38,23,3,9,14,23,39,86,33,12,35,26,1
0022200339,2022-12-03,CHA,96,44,9,35,15,9,4,14,19,34,87,24,5,26,23,MIL,105,47,8,39,24,5,8,22,17,39,83,32,12,19,15,0
0022200340,2022-12-03,TOR,121,43,12,31,31,12,4,17,24,47,84,29,9,25,18,ORL,108,29,5,24,23,9,2,16,20,38,78,28,11,26,21,1
0022200343,2022-12-03,UTA,111,44,10,34,20,8,4,13,22,38,84,36,13,28,22,POR,116,49,12,37,19,5,6,13,20,41,85,25,10,31,24,0
0022200338,2022-12-03,LAC,96,50,17,33,15,4,3,18,23,33,93,33,9,26,21,SAC,123,46,8,38,31,7,6,9,22,46,89,32,11,30,20,0
0022200337,2022-12-03,NYK,100,45,7,38,18,7,1,20,17,35,77,31,10,28,20,DAL,121,50,14,36,27,7,5,11,20,43,100,61,24,14,11,0
0022200342,2022-12-03,GSW,120,35,6,29,34,8,5,14,24,45,85,52,25,10,5,HOU,101,45,14,31,17,6,4,15,14,40,91,28,3,20,18,1
0022200341,2022-12-03,MIN,128,44,12,32,25,13,10,23,23,47,89,30,10,30,24,OKC,135,42,13,29,26,11,5,21,18,48,93,26,11,35,28,0
0022200349,2022-12-04,WAS,119,44,11,33,24,10,8,10,23,49,105,39,10,15,11,LAL,130,51,9,42,34,5,5,15,14,52,96,26,10,22,16,0
0022200351,2022-12-04,POR,116,45,11,34,32,10,3,15,17,42,86,40,17,22,15,IND,100,44,12,32,22,10,5,15,22,40,91,33,10,12,10,1
0022200345,2022-12-04,SAS,95,40,12,28,19,5,3,19,24,38,87,31,6,18,13,PHX,133,45,14,31,38,5,0,11,18,49,94,37,19,20,16,0
0022200346,2022-12-04,BKN,92,45,11,34,17,6,7,15,18,34,84,26,9,22,15,BOS,103,48,8,40,18,11,9,17,19,35,81,38,15,20,18,0
0022200348,2022-12-04,NYK,92,54,14,40,17,6,3,21,16,35,86,29,5,21,17,CLE,81,39,8,31,17,7,6,19,15,29,83,35,8,20,15,1
0022200350,2022-12-04,SAC,110,46,5,41,30,10,2,19,17,40,86,43,13,19,17,CHI,101,39,7,32,17,9,5,16,16,38,86,25,9,19,16,1
0022200344,2022-12-04,NOP,121,36,6,30,29,10,5,11,22,41,81,26,11,36,28,DEN,106,43,9,34,24,5,5,19,22,41,81,31,8,24,16,1
0022200347,2022-12-04,DET,112,39,8,31,26,7,7,15,24,37,84,35,13,30,25,MEM,122,46,12,34,28,9,5,14,21,43,92,35,15,29,21,0
0022200357,2022-12-05,MEM,101,41,4,37,23,10,5,12,14,42,90,32,8,9,9,MIA,93,45,9,36,23,7,3,17,11,31,79,40,14,22,17,1
0022200353,2022-12-05,ORL,102,52,15,37,21,8,2,14,19,34,93,32,8,29,26,MIL,109,45,7,38,31,9,4,17,20,38,85,40,13,26,20,0
0022200359,2022-12-05,GSW,104,47,12,35,26,6,6,12,19,38,94,44,13,19,15,IND,112,47,7,40,26,3,8,17,18,43,90,39,15,18,11,0
0022200356,2022-12-05,HOU,132,51,16,35,19,9,3,21,27,42,94,39,14,44,34,PHI,123,39,11,28,23,10,6,20,34,39,87,36,17,36,28,1
0022200358,2022-12-05,DAL,130,41,10,31,23,7,6,13,23,44,84,41,20,26,22,PHX,111,41,13,28,28,5,5,13,16,40,91,37,13,26,18,1
0022200355,2022-12-05,TOR,110,46,12,34,19,6,5,13,20,39,85,28,10,30,22,BOS,116,49,13,36,27,6,3,11,22,44,90,36,13,21,15,0
0022200352,2022-12-05,CHA,117,49,14,35,29,8,4,10,16,47,98,34,12,17,11,LAC,119,47,13,34,30,4,5,12,17,45,93,36,15,21,14,0
0022200354,2022-12-05,ATL,114,54,17,37,24,7,4,18,24,44,102,38,13,17,13,OKC,121,49,14,35,25,8,4,16,19,43,95,34,12,24,23,0
0022200360,2022-12-06,CLE,116,44,9,35,25,11,3,8,20,48,93,27,7,17,13,LAL,102,43,14,29,16,4,6,16,13,38,89,36,6,24,20,1
0022200362,2022-12-06,DEN,115,36,8,28,30,8,4,17,28,40,78,32,13,28,22,DAL,116,35,4,31,27,10,4,17,32,36,72,36,17,31,27,0
0022200361,2022-12-06,MIA,96,40,7,33,21,7,2,15,20,33,77,32,10,26,20,DET,116,40,9,31,27,8,1,13,19,43,87,41,19,15,11,0
0022200366,2022-12-07,TOR,126,54,17,37,25,10,5,11,22,47,106,43,12,24,20,LAL,113,46,10,36,16,6,3,15,17,37,87,33,7,35,32,1
0022200370,2022-12-07,MIN,121,51,16,35,25,15,2,23,21,44,93,23,8,27,25,IND,115,31,4,27,22,10,4,19,17,39,81,42,19,24,18,1
0022200369,2022-12-07,MIL,126,50,17,33,34,3,2,7,15,46,96,33,14,24,20,SAC,113,40,8,32,19,2,4,8,17,43,91,38,12,16,15,1
0022200365,2022-12-07,NYK,113,55,13,42,26,6,2,14,23,37,83,36,17,24,22,ATL,89,39,11,28,16,4,6,11,17,32,85,36,6,24,19,1
0022200373,2022-12-07,PHX,98,49,13,36,19,5,4,18,17,37,93,32,8,19,16,BOS,125,53,11,42,29,14,3,13,20,49,101,45,16,13,11,0
0022200372,2022-12-07,UTA,124,40,9,31,26,6,7,17,17,46,86,35,15,21,17,GSW,123,42,14,28,26,8,5,14,18,45,98,42,14,25,19,1
0022200363,2022-12-07,ORL,116,53,16,37,20,8,5,13,21,40,95,28,8,31,28,LAC,111,53,17,36,26,3,9,17,19,39,95,41,15,26,18,1
0022200368,2022-12-07,MEM,123,50,10,40,32,13,9,17,19,48,94,38,14,16,13,OKC,102,48,14,34,25,9,3,19,16,34,92,38,14,23,20,1
0022200367,2022-12-07,CHI,115,41,6,35,29,11,4,19,20,45,90,23,10,17,15,WAS,111,38,6,32,22,12,6,18,16,41,84,31,9,29,20,1
0022200371,2022-12-07,NOP,104,50,10,40,21,8,9,19,21,39,85,27,8,23,18,DET,98,42,8,34,17,5,1,13,23,35,90,42,15,16,13,1
0022200364,2022-12-07,BKN,122,39,5,34,33,3,8,11,20,49,86,31,12,16,12,CHA,116,40,10,30,25,4,3,11,18,47,88,24,10,23,12,1
0022200376,2022-12-08,POR,120,38,13,25,30,10,3,13,20,44,91,40,16,16,16,DEN,121,48,16,32,28,6,5,16,16,47,91,30,12,22,15,0
0022200375,2022-12-08,SAS,118,38,7,31,25,5,7,17,19,46,83,36,13,15,13,HOU,109,42,16,26,23,3,4,14,19,44,98,29,10,15,11,1
0022200374,2022-12-08,MIA,115,43,7,36,24,11,1,8,20,46,90,32,12,14,11,LAC,110,43,7,36,24,3,3,16,16,37,80,36,17,21,19,1
0022200382,2022-12-09,PHI,133,42,7,35,30,14,2,23,30,48,90,40,18,22,19,LAL,122,37,7,30,29,12,4,21,23,44,88,31,11,30,23,1
0022200386,2022-12-09,DAL,105,43,12,31,21,8,6,11,21,41,88,40,13,24,10,MIL,106,51,13,38,27,5,4,17,21,38,87,32,11,23,19,0
0022200385,2022-12-09,UTA,108,40,12,28,22,9,0,11,20,39,90,44,13,24,17,MIN,118,44,6,38,30,7,3,17,21,42,79,35,14,26,20,0
0022200377,2022-12-09,CHA,102,45,12,33,16,8,6,13,26,37,84,26,6,28,22,NYK,121,48,16,32,25,6,7,14,21,41,93,34,13,30,26,0
0022200384,2022-12-09,NOP,128,44,13,31,27,10,1,11,15,46,90,27,8,35,28,PHX,117,37,8,29,30,6,3,17,25,43,86,44,22,13,9,1
0022200381,2022-12-09,CLE,95,36,8,28,20,7,4,20,23,34,79,30,10,22,17,SAC,106,38,5,33,21,11,5,19,22,35,66,33,16,32,20,0
0022200380,2022-12-09,BKN,120,38,9,29,30,10,5,21,18,45,83,30,13,21,17,ATL,116,38,12,26,21,12,4,18,18,46,93,29,10,16,14,1
0022200379,2022-12-09,ORL,113,43,3,40,24,3,4,20,27,42,71,26,10,21,19,TOR,109,33,7,26,23,10,5,7,17,36,85,35,10,33,27,1
0022200378,2022-12-09,IND,121,40,13,27,23,7,2,12,21,43,85,41,18,20,17,WAS,111,38,12,26,25,6,3,14,19,41,77,29,10,25,19,1
0022200383,2022-12-09,MEM,114,48,12,36,30,11,8,14,19,44,91,32,9,32,17,DET,103,47,13,34,23,6,7,19,29,36,90,35,11,27,20,1
0022200394,2022-12-10,POR,124,45,11,34,20,5,4,16,24,43,83,34,13,28,25,MIN,118,28,4,24,22,11,4,13,21,45,83,23,10,24,18,1
0022200388,2022-12-10,IND,133,30,7,23,30,10,3,19,27,47,85,44,21,24,18,BKN,136,59,29,30,19,7,3,18,24,52,100,28,9,32,23,0
0022200387,2022-12-10,MIA,111,32,5,27,26,5,3,10,22,39,81,34,13,28,20,SAS,115,46,9,37,24,8,4,18,21,42,78,21,7,31,24,0
0022200392,2022-12-10,GSW,123,53,11,42,26,3,6,15,20,47,92,39,13,20,16,BOS,107,39,6,33,17,8,6,10,14,38,87,40,12,26,19,1
0022200391,2022-12-10,CHI,144,44,4,40,33,8,5,10,17,54,85,34,19,24,17,DAL,115,37,8,29,24,5,4,8,17,41,90,44,11,26,22,1
0022200389,2022-12-10,WAS,107,50,8,42,24,8,3,15,15,37,85,34,16,19,17,LAC,114,42,9,33,22,9,7,10,16,40,94,48,19,16,15,0
0022200390,2022-12-10,CLE,110,48,12,36,25,6,4,13,14,40,85,32,12,26,18,OKC,102,40,7,33,25,8,6,11,26,38,83,29,10,20,16,1
0022200393,2022-12-10,DEN,115,39,6,33,28,5,8,9,17,47,86,26,8,16,13,UTA,110,42,10,32,20,5,6,14,20,39,85,41,15,21,17,1
0022200396,2022-12-11,DET,117,40,10,30,28,9,3,12,19,43,93,45,17,17,14,LAL,124,42,6,36,31,8,4,11,14,46,84,26,11,27,21,0
0022200401,2022-12-11,HOU,97,49,10,39,23,11,8,12,17,40,91,27,6,12,11,MIL,92,52,13,39,18,5,6,16,12,33,90,43,12,18,14,1
0022200395,2022-12-11,NOP,129,43,7,36,31,10,3,17,26,50,86,25,8,28,21,PHX,124,42,19,23,34,7,5,15,24,49,105,38,13,17,13,1
0022200397,2022-12-11,NYK,112,55,15,40,19,8,4,17,22,40,89,35,8,27,24,SAC,99,41,11,30,20,7,0,17,21,33,83,39,10,35,23,1
0022200400,2022-12-11,ATL,123,45,8,37,28,3,6,15,22,47,98,39,13,21,16,CHI,122,53,13,40,28,11,6,19,21,48,100,27,7,23,19,1
0022200398,2022-12-11,ORL,111,42,11,31,25,3,7,18,28,36,77,31,14,31,25,TOR,99,28,7,21,18,9,7,9,25,30,75,25,6,38,33,1
0022200399,2022-12-11,PHI,131,41,9,32,31,6,6,16,24,46,83,27,13,32,26,CHA,113,45,15,30,21,12,3,16,24,38,93,30,11,30,26,1
0022200402,2022-12-12,IND,82,45,8,37,16,7,11,18,18,28,79,39,11,20,15,MIA,87,48,9,39,23,7,2,14,17,32,83,34,9,18,14,0
0022200407,2022-12-12,POR,133,54,11,43,32,4,4,19,21,48,89,46,21,21,16,MIN,112,37,7,30,25,12,2,10,19,46,93,27,10,19,10,1
0022200403,2022-12-12,WAS,100,44,6,38,21,6,2,20,16,37,79,31,11,22,15,BKN,112,41,7,34,25,8,7,13,20,44,89,27,8,18,16,0
0022200404,2022-12-12,MEM,128,49,5,44,36,8,12,23,17,50,83,32,13,18,15,ATL,103,39,20,19,20,13,1,16,17,37,104,37,12,22,17,1
0022200408,2022-12-12,LAC,113,46,11,35,18,10,2,10,26,44,90,25,10,21,15,BOS,93,36,5,31,27,5,6,15,17,33,76,39,9,26,18,1
0022200406,2022-12-12,SAS,112,46,19,27,25,6,2,13,19,46,97,27,9,16,11,CLE,111,44,15,29,21,7,7,15,13,45,92,23,5,17,16,1
0022200405,2022-12-12,DAL,121,50,16,34,24,4,3,14,19,39,93,54,22,25,21,OKC,114,42,10,32,21,4,1,13,22,42,88,31,10,21,20,1
0022200411,2022-12-13,HOU,111,67,17,50,16,6,9,23,21,34,81,35,12,34,31,PHX,97,44,18,26,22,13,7,10,24,33,103,51,13,19,18,1
0022200409,2022-12-13,PHI,123,42,4,38,34,10,4,12,21,43,84,35,16,27,21,SAC,103,48,13,35,21,5,4,17,22,38,92,42,10,20,17,1
0022200413,2022-12-13,LAL,118,49,7,42,23,7,9,12,17,44,93,29,8,30,22,BOS,122,51,13,38,27,6,2,14,22,46,104,48,19,16,11,0
0022200412,2022-12-13,UTA,121,59,19,40,31,4,10,22,23,49,103,47,15,12,8,NOP,100,43,15,28,25,12,3,17,17,37,93,27,4,33,22,1
0022200410,2022-12-13,MIL,128,55,12,43,22,8,5,23,18,45,82,29,12,32,26,GSW,111,37,12,25,25,7,2,18,22,38,95,50,20,19,15,1
0022200419,2022-12-14,OKC,108,44,7,37,26,7,4,14,16,41,82,24,9,23,17,MIA,110,39,7,32,25,9,1,14,21,37,86,56,24,15,12,0
0022200423,2022-12-14,LAC,99,52,14,38,21,8,2,15,21,34,89,46,14,21,17,MIN,88,43,7,36,15,9,4,17,20,31,74,22,4,30,22,1
0022200418,2022-12-14,CHI,120,31,3,28,25,6,7,12,18,46,84,28,9,22,19,NYK,128,48,15,33,25,7,5,18,25,45,91,34,18,25,20,0
0022200420,2022-12-14,SAS,112,40,14,26,23,9,3,11,16,45,97,29,11,19,11,POR,128,40,5,35,26,5,3,17,20,49,81,40,18,17,12,0
0022200417,2022-12-14,TOR,123,39,11,28,25,8,7,7,18,47,94,21,6,27,23,SAC,124,50,13,37,29,3,3,15,16,45,93,46,17,20,17,0
0022200416,2022-12-14,ORL,135,46,14,32,28,10,6,14,22,47,93,36,16,30,25,ATL,124,39,11,28,30,2,6,13,21,44,88,35,12,27,24,1
0022200421,2022-12-14,DAL,90,33,6,27,17,2,3,13,15,29,74,38,13,26,19,CLE,105,43,5,38,26,5,2,9,20,41,78,24,8,19,15,0
0022200415,2022-12-14,IND,125,34,5,29,30,10,8,18,25,44,87,39,16,25,21,GSW,119,46,12,34,27,5,4,24,20,40,86,33,14,29,25,1
0022200422,2022-12-14,DEN,141,45,7,38,31,8,7,19,17,54,83,16,4,35,29,WAS,128,24,4,20,40,10,5,14,28,48,91,39,19,23,13,1
0022200414,2022-12-14,CHA,134,52,17,35,21,7,6,5,29,47,114,51,17,29,23,DET,141,52,12,40,25,0,8,16,29,48,93,40,18,36,27,0
0022200424,2022-12-15,HOU,108,51,18,33,22,10,4,15,19,44,94,33,9,17,11,MIA,111,40,14,26,21,10,6,14,19,39,88,47,16,23,17,0
0022200425,2022-12-15,MEM,142,56,14,42,30,5,7,8,19,56,102,32,12,23,18,MIL,101,39,11,28,22,5,1,9,18,35,94,50,13,27,18,1
0022200427,2022-12-15,LAC,95,52,21,31,21,4,3,18,18,34,90,33,12,21,15,PHX,111,53,15,38,27,8,8,9,18,44,95,32,9,18,14,0
0022200426,2022-12-15,UTA,132,44,11,33,24,8,6,16,25,42,92,47,18,37,30,NOP,129,49,19,30,24,8,6,18,30,47,99,30,12,28,23,1
0022200435,2022-12-16,OKC,110,45,9,36,29,7,4,22,21,41,88,37,11,21,17,MIN,112,43,11,32,23,16,6,16,18,43,87,25,12,25,14,0
0022200433,2022-12-16,TOR,116,32,7,25,17,5,1,9,19,41,84,24,9,29,25,BKN,119,37,4,33,22,5,6,15,25,46,76,26,9,23,18,0
0022200434,2022-12-16,CHI,91,39,2,37,26,3,2,20,25,36,77,30,12,8,7,NYK,114,50,15,35,19,13,2,12,13,37,92,44,17,32,23,0
0022200430,2022-12-16,BOS,109,38,10,28,17,9,12,14,21,35,84,46,11,34,28,ORL,117,53,15,38,19,7,1,18,26,42,91,33,9,28,24,0
0022200431,2022-12-16,CLE,118,34,6,28,23,6,2,10,15,38,76,31,14,32,28,IND,112,33,5,28,34,6,4,10,22,42,80,36,11,19,17,1
0022200436,2022-12-16,DAL,130,40,3,37,25,4,5,13,19,45,81,43,18,26,22,POR,110,42,10,32,21,4,2,12,22,39,89,37,13,25,19,1
0022200429,2022-12-16,DET,113,46,14,32,22,7,1,17,26,39,85,29,10,31,25,SAC,122,33,4,29,30,8,1,14,25,43,82,31,12,29,24,0
0022200428,2022-12-16,CHA,106,43,15,28,26,8,5,13,25,39,98,43,15,19,13,ATL,125,41,4,37,25,3,5,14,22,41,75,29,15,34,28,0
0022200437,2022-12-16,LAL,126,45,11,34,29,11,4,15,21,48,91,33,12,24,18,DEN,108,39,9,30,25,7,4,19,17,39,81,27,9,28,21,1
0022200432,2022-12-16,PHI,118,49,11,38,23,11,5,15,13,39,85,38,15,31,25,GSW,106,48,13,35,31,8,6,17,21,39,94,43,17,13,11,1
0022200439,2022-12-17,SAS,101,38,7,31,29,8,3,17,19,33,77,27,10,33,25,MIA,111,40,8,32,25,14,3,14,27,42,82,30,11,23,16,0
0022200441,2022-12-17,HOU,95,51,18,33,19,7,6,17,18,36,90,29,3,29,20,POR,107,36,10,26,20,8,4,14,20,40,85,36,13,19,14,0
0022200444,2022-12-17,PHX,118,35,10,25,23,6,3,8,13,39,83,41,15,35,25,NOP,114,36,4,32,27,2,5,17,27,45,77,30,14,13,10,1
0022200440,2022-12-17,CLE,100,51,9,42,23,6,5,13,24,40,94,36,7,22,13,DAL,99,45,5,40,19,5,6,12,20,36,88,49,15,19,12,1
0022200442,2022-12-17,MIL,123,54,15,39,30,5,3,15,13,48,90,38,18,11,9,UTA,97,29,7,22,24,5,2,14,13,39,86,47,16,6,3,1
0022200443,2022-12-17,OKC,115,53,9,44,29,7,0,10,25,38,92,45,19,31,20,MEM,109,53,10,43,15,5,5,10,20,34,90,45,12,37,29,1
0022200438,2022-12-17,LAC,102,49,12,37,19,6,5,14,16,37,86,29,12,26,16,WAS,93,42,7,35,20,10,2,16,21,36,84,25,9,13,12,1
0022200447,2022-12-18,DET,121,41,11,30,20,9,2,9,19,42,88,30,8,34,29,BKN,124,35,4,31,26,5,8,13,24,44,80,29,15,23,21,0
0022200446,2022-12-18,IND,106,44,12,32,20,5,3,15,28,39,90,38,13,23,15,NYK,109,49,14,35,13,7,9,16,21,39,83,26,8,30,23,0
0022200445,2022-12-18,BOS,92,54,11,43,22,7,7,17,17,31,89,47,12,21,18,ORL,95,46,6,40,20,9,3,13,18,33,86,29,12,19,17,0
0022200449,2022-12-18,MIN,150,39,4,35,38,5,5,13,21,57,87,43,23,16,13,CHI,126,30,6,24,31,6,1,11,16,46,88,38,16,24,18,1
0022200448,2022-12-18,TOR,110,43,18,25,21,6,2,14,22,40,95,33,13,22,17,GSW,126,41,12,29,31,6,2,17,21,43,81,39,18,26,22,0
0022200451,2022-12-18,LAL,119,43,6,37,29,4,5,9,18,46,92,27,11,22,16,WAS,117,48,10,38,24,5,6,10,20,44,95,39,10,24,19,1
0022200450,2022-12-18,DEN,119,55,15,40,33,6,3,14,17,43,94,33,11,34,22,CHA,115,48,12,36,26,7,7,11,26,41,96,38,12,23,21,1
0022200459,2022-12-19,PHX,130,51,15,36,21,10,5,9,16,46,93,39,20,24,18,LAL,104,38,10,28,13,5,5,15,16,39,87,28,12,17,14,1
0022200457,2022-12-19,NOP,119,44,17,27,30,9,0,15,20,42,99,45,18,24,17,MIL,128,44,8,36,26,8,6,18,21,45,81,40,13,31,25,0
0022200454,2022-12-19,ATL,126,41,6,35,29,7,3,10,18,48,94,32,12,20,18,ORL,125,45,10,35,29,8,8,8,17,45,95,34,12,25,23,1
0022200458,2022-12-19,OKC,123,39,11,28,20,7,5,12,21,40,88,31,11,37,32,POR,121,45,14,31,26,5,2,16,28,44,88,37,16,21,17,1
0022200455,2022-12-19,HOU,105,41,16,25,23,13,3,11,16,40,94,24,5,31,20,SAS,124,46,9,37,30,6,6,19,23,46,83,34,17,19,15,0
0022200456,2022-12-19,MIN,116,44,9,35,19,5,4,11,24,42,89,31,12,24,20,DAL,106,42,8,34,23,5,5,16,23,31,76,45,19,31,25,1
0022200453,2022-12-19,PHI,104,41,4,37,22,8,1,16,21,32,80,42,15,27,25,TOR,101,50,9,41,24,6,3,16,20,37,88,40,11,20,16,1
0022200452,2022-12-19,CLE,122,45,4,41,24,5,4,23,20,43,70,26,15,26,21,UTA,99,35,15,20,19,9,2,14,22,36,93,34,10,23,17,1
0022200460,2022-12-19,SAC,119,42,10,32,23,8,2,8,23,45,95,33,12,31,17,CHA,125,56,11,45,26,4,7,14,25,49,95,31,10,23,17,0
0022200462,2022-12-20,MIA,103,35,9,26,26,9,0,13,16,38,81,44,15,17,12,CHI,113,39,5,34,24,7,0,17,16,40,73,31,13,24,20,0
0022200463,2022-12-20,NYK,132,47,14,33,27,8,1,12,15,45,87,40,17,32,25,GSW,94,29,4,25,23,3,2,20,22,35,74,35,12,13,12,1
0022200461,2022-12-20,DET,111,43,9,34,22,6,1,14,19,41,81,25,9,27,20,UTA,126,43,12,31,27,7,5,12,22,47,93,46,20,19,12,0
0022200465,2022-12-20,DEN,105,48,13,35,28,9,5,17,19,40,89,27,10,25,15,MEM,91,42,7,35,25,11,7,16,21,36,81,26,5,21,14,1
0022200464,2022-12-20,PHX,110,44,15,29,26,2,1,14,23,41,89,32,13,19,15,WAS,113,41,9,32,22,9,4,10,14,38,80,27,11,37,26,0
0022200475,2022-12-21,SAC,134,46,10,36,29,6,2,12,23,48,95,47,17,28,21,LAL,120,39,5,34,25,6,5,15,24,42,84,24,11,30,25,1
0022200466,2022-12-21,CLE,114,37,9,28,22,8,3,10,21,41,85,32,10,28,22,MIL,106,46,13,33,20,7,5,21,23,39,83,30,13,22,15,1
0022200472,2022-12-21,HOU,110,49,9,40,22,6,4,17,23,41,88,43,17,17,11,ORL,116,45,11,34,19,11,6,11,18,41,91,37,11,33,23,0
0022200469,2022-12-21,BOS,112,62,25,37,26,11,5,17,9,39,101,41,13,25,21,IND,117,47,12,35,27,10,3,14,22,46,98,39,18,9,7,0
0022200474,2022-12-21,OKC,101,37,9,28,19,9,3,18,16,36,77,24,8,25,21,POR,98,36,9,27,29,9,5,20,22,39,79,36,14,9,6,1
0022200468,2022-12-21,ATL,108,47,9,38,22,6,7,15,15,39,91,37,14,16,16,CHI,110,47,8,39,20,9,4,11,15,43,86,24,7,22,17,0
0022200473,2022-12-21,MIN,99,39,8,31,23,7,4,13,24,42,85,30,8,10,7,DAL,104,39,7,32,17,6,3,13,12,34,75,39,13,27,23,0
0022200470,2022-12-21,BKN,143,32,3,29,42,10,4,15,23,54,84,33,21,16,14,GSW,113,36,9,27,32,6,1,21,14,41,83,33,12,25,19,1
0022200471,2022-12-21,NYK,106,38,9,29,25,2,3,17,19,42,76,26,11,18,11,TOR,113,38,16,22,17,7,4,5,16,42,94,34,9,22,20,0
0022200467,2022-12-21,PHI,113,49,13,36,27,8,7,12,23,41,93,37,11,22,20,DET,93,46,11,35,15,6,1,22,15,31,79,23,6,34,25,1
0022200476,2022-12-21,LAC,126,48,5,43,29,6,7,27,22,41,81,49,23,23,21,CHA,105,40,11,29,25,15,2,15,18,37,92,31,9,29,22,1
0022200477,2022-12-22,NOP,126,46,16,30,25,10,6,17,24,44,91,34,13,27,25,SAS,117,44,14,30,23,8,2,17,24,43,90,28,9,27,22,1
0022200478,2022-12-22,UTA,120,40,8,32,16,5,3,11,16,42,86,35,16,21,20,WAS,112,37,3,34,20,5,2,11,15,46,82,21,7,17,13,1
0022200483,2022-12-23,BKN,118,45,12,33,30,11,2,12,18,46,93,32,14,13,12,MIL,100,45,13,32,17,7,1,18,13,37,84,37,9,22,17,1
0022200482,2022-12-23,BOS,121,53,20,33,28,9,6,12,16,44,100,46,13,26,20,MIN,109,45,11,34,25,3,8,17,18,44,91,32,10,15,11,1
0022200486,2022-12-23,MIA,108,38,13,25,23,7,3,10,13,41,95,33,13,14,13,IND,111,43,9,34,26,5,6,16,23,40,83,47,21,14,10,0
0022200489,2022-12-23,DEN,120,38,4,34,31,9,2,11,19,47,81,21,10,26,16,POR,107,43,13,30,24,5,3,14,21,39,87,35,9,26,20,1
0022200479,2022-12-23,ORL,133,44,7,37,30,8,2,19,15,50,87,32,17,20,16,SAS,113,38,13,25,28,10,6,13,18,44,97,38,12,18,13,1
0022200488,2022-12-23,OKC,125,47,10,37,27,9,5,18,26,47,102,35,13,25,18,NOP,128,55,13,42,30,10,4,21,21,41,94,37,13,40,33,0
0022200485,2022-12-23,NYK,117,47,12,35,23,2,4,10,17,43,86,35,16,26,15,CHI,118,41,11,30,24,6,4,4,22,45,93,31,14,18,14,0
0022200487,2022-12-23,HOU,106,45,12,33,26,9,3,15,21,37,81,26,8,28,24,DAL,112,34,7,27,20,10,7,14,21,36,80,44,16,27,24,0
0022200480,2022-12-23,PHI,119,39,6,33,31,7,3,9,20,47,88,29,12,14,13,LAC,114,33,6,27,25,5,9,11,16,41,81,38,14,23,18,1
0022200484,2022-12-23,CLE,107,35,6,29,27,9,4,15,17,39,76,33,11,30,18,TOR,118,45,11,34,25,10,2,19,20,42,84,37,19,18,15,0
0022200490,2022-12-23,PHX,100,35,11,24,23,6,5,15,26,38,87,35,9,26,15,MEM,125,53,19,34,30,11,5,12,22,45,91,23,7,38,28,0
0022200491,2022-12-23,SAC,111,47,13,34,19,5,2,13,20,37,84,32,10,35,27,WAS,125,40,5,35,30,9,4,10,23,49,88,32,10,24,17,0
0022200481,2022-12-23,ATL,130,48,8,40,30,10,8,8,20,49,92,34,12,24,20,DET,105,43,9,34,17,7,3,14,19,37,90,33,9,29,22,1
0022200492,2022-12-23,LAL,130,42,12,30,27,5,1,17,19,48,92,44,19,22,15,CHA,134,41,11,30,30,11,5,16,21,52,94,41,16,18,14,0
0022200494,2022-12-25,DAL,124,38,11,27,31,6,3,11,26,44,84,44,18,25,18,LAL,115,35,6,29,18,5,2,10,23,39,80,28,9,32,28,1
0022200495,2022-12-25,BOS,139,35,5,30,29,9,1,12,18,50,85,39,19,25,20,MIL,118,39,8,31,22,8,1,15,16,42,84,36,13,27,21,1
0022200493,2022-12-25,NYK,112,46,12,34,30,4,6,8,19,43,90,32,12,17,14,PHI,119,32,5,27,22,5,2,8,19,39,77,39,18,29,23,0
0022200497,2022-12-25,DEN,128,48,12,36,29,8,4,13,23,45,94,36,13,34,25,PHX,125,46,12,34,32,7,9,14,30,45,94,35,17,26,18,1
0022200496,2022-12-25,GSW,123,51,9,42,31,6,5,12,18,43,91,44,18,26,19,MEM,109,44,9,35,19,5,6,13,23,39,94,39,9,30,22,1
0022200500,2022-12-26,MIA,113,40,13,27,27,9,3,10,17,47,102,49,13,8,6,MIN,110,44,8,36,31,4,3,22,14,43,79,34,15,14,9,1
0022200498,2022-12-26,CLE,117,33,10,23,21,8,3,12,14,39,82,36,13,30,26,BKN,125,38,7,31,27,7,4,17,25,47,82,30,18,17,13,0
0022200502,2022-12-26,NOP,113,54,16,38,30,10,6,16,19,41,90,40,12,24,19,IND,93,36,6,30,23,9,5,13,18,35,83,35,9,20,14,1
0022200501,2022-12-26,CHI,118,35,8,27,27,6,2,8,19,45,92,35,13,21,15,HOU,133,45,8,37,28,7,5,13,15,50,90,44,17,22,16,0
0022200499,2022-12-26,DET,131,45,16,29,32,10,4,18,23,44,100,34,16,34,27,LAC,142,48,10,38,25,13,3,19,24,49,91,44,19,29,25,0
0022200503,2022-12-26,SAS,126,41,6,35,27,11,8,14,25,48,87,18,6,34,24,UTA,122,45,16,29,20,10,3,12,22,39,97,43,13,37,31,1
0022200504,2022-12-26,POR,124,50,10,40,28,8,9,15,20,43,86,38,14,28,24,CHA,113,45,18,27,25,8,3,13,21,41,103,36,12,25,19,1
0022200505,2022-12-27,ORL,110,37,8,29,25,8,5,11,17,42,84,28,10,25,16,LAL,129,46,9,37,32,4,2,14,16,49,90,43,17,17,14,0
0022200512,2022-12-27,DAL,126,47,7,40,20,4,5,9,25,44,90,46,13,33,25,NYK,121,55,17,38,27,5,0,10,23,45,103,50,16,24,15,1
0022200506,2022-12-27,WAS,116,39,14,25,18,7,8,18,23,39,85,33,11,31,27,PHI,111,39,10,29,21,8,10,16,24,39,84,31,6,31,27,1
0022200510,2022-12-27,MEM,108,40,15,25,18,9,6,15,23,36,91,30,8,34,28,PHX,125,47,15,32,26,7,9,22,23,43,87,31,17,25,22,0
0022200511,2022-12-27,OKC,130,45,13,32,25,10,10,14,18,46,86,24,13,31,25,SAS,114,41,16,25,20,9,4,15,21,46,99,29,10,14,12,1
0022200508,2022-12-27,IND,129,49,7,42,28,3,2,13,16,47,92,35,13,27,22,ATL,114,42,9,33,26,4,3,9,19,40,89,30,12,29,22,1
0022200514,2022-12-27,SAC,106,39,8,31,20,8,2,16,18,40,82,35,10,19,16,DEN,113,40,10,30,34,12,3,13,18,41,86,37,13,21,18,0
0022200507,2022-12-27,BOS,126,49,9,40,32,8,5,11,14,43,91,56,20,23,20,HOU,102,49,13,36,24,5,2,15,16,38,95,45,14,14,12,1
0022200509,2022-12-27,TOR,113,39,10,29,24,6,4,12,16,43,84,23,6,26,21,LAC,124,47,15,32,27,8,3,11,17,45,93,38,15,23,19,0
0022200513,2022-12-27,GSW,110,49,9,40,31,3,2,14,22,41,95,37,8,24,20,CHA,105,47,9,38,22,6,7,14,20,38,92,38,10,25,19,1
0022200518,2022-12-28,MIA,112,37,10,27,20,14,4,6,15,44,92,35,11,16,13,LAL,98,44,8,36,25,2,4,26,16,37,77,36,13,15,11,1
0022200519,2022-12-28,CHI,119,52,7,45,21,5,10,14,23,42,92,23,9,30,26,MIL,113,61,22,39,18,7,6,14,21,41,110,44,9,32,22,1
0022200520,2022-12-28,NOP,119,43,9,34,22,6,4,15,24,39,81,23,11,43,30,MIN,118,35,5,30,18,6,8,11,28,42,83,29,10,32,24,1
0022200517,2022-12-28,ATL,107,47,11,36,22,5,6,4,14,42,97,22,8,22,15,BKN,108,47,5,42,22,0,13,12,18,42,83,26,10,17,14,0
0022200515,2022-12-28,DET,121,49,11,38,25,7,4,13,25,36,80,42,18,40,31,ORL,101,47,15,32,24,5,5,13,26,35,85,22,5,34,26,1
0022200516,2022-12-28,WAS,127,46,12,34,27,7,6,13,15,47,82,26,8,28,25,PHX,102,30,11,19,25,7,4,11,21,39,87,31,13,16,11,1
0022200522,2022-12-28,SAC,127,34,11,23,32,10,6,12,17,47,89,31,14,25,19,DEN,126,34,7,27,31,6,8,16,24,49,85,27,12,18,16,1
0022200521,2022-12-28,GSW,112,51,10,41,22,6,3,13,26,37,87,45,16,27,22,UTA,107,50,10,40,26,3,6,12,22,37,91,46,15,26,18,1
0022200527,2022-12-29,SAS,122,48,14,34,25,5,7,13,23,45,88,28,11,29,21,NYK,115,38,13,25,20,7,2,13,21,38,90,41,15,31,24,1
0022200524,2022-12-29,IND,135,32,4,28,28,6,8,9,18,48,85,31,19,21,20,CLE,126,44,17,27,29,7,4,11,17,50,96,28,12,20,14,1
0022200528,2022-12-29,DAL,129,44,6,38,30,7,8,9,26,47,91,45,18,25,17,HOU,114,48,12,36,21,5,0,13,23,38,86,34,12,37,26,1
0022200525,2022-12-29,BOS,116,49,11,38,22,3,7,12,17,44,91,39,11,22,17,LAC,110,41,8,33,26,4,4,13,20,43,89,39,15,14,9,1
0022200523,2022-12-29,CHA,121,52,12,40,33,8,11,18,17,46,84,32,10,29,19,OKC,113,41,11,30,15,9,1,12,27,42,99,36,11,21,18,1
0022200526,2022-12-29,TOR,106,47,17,30,21,11,7,8,20,39,96,28,10,24,18,MEM,119,53,17,36,37,4,4,16,20,48,95,29,13,14,10,0
0022200530,2022-12-30,ATL,121,41,12,29,22,6,5,10,19,48,101,38,11,20,14,LAL,130,55,12,43,34,7,6,16,17,52,96,32,10,18,16,0
0022200535,2022-12-30,DEN,124,36,5,31,34,6,1,20,19,45,76,28,17,22,17,MIA,119,36,11,25,21,13,4,15,19,39,87,35,14,30,27,1
0022200533,2022-12-30,MIL,123,68,20,48,25,5,8,21,25,43,93,39,14,33,23,MIN,114,36,7,29,18,10,5,8,28,40,92,30,8,34,26,1
0022200534,2022-12-30,NOP,127,36,7,29,19,14,3,14,20,43,80,31,15,36,26,PHI,116,29,3,26,28,5,7,19,22,42,75,34,14,22,18,1
0022200531,2022-12-30,TOR,113,31,8,23,20,15,3,12,22,40,81,33,11,26,22,PHX,104,42,9,33,26,7,1,27,17,35,71,30,14,23,20,1
0022200536,2022-12-30,GSW,118,46,17,29,29,9,2,13,22,42,91,43,17,21,17,POR,112,49,17,32,22,2,4,16,20,42,91,39,12,23,16,1
0022200537,2022-12-30,SAC,126,38,10,28,32,5,3,15,21,50,90,30,12,19,14,UTA,125,37,7,30,30,7,2,13,20,46,84,32,8,30,25,1
0022200529,2022-12-30,ORL,100,35,8,27,24,8,2,11,18,42,100,27,5,16,11,WAS,119,53,4,49,33,4,10,26,18,42,75,35,15,25,20,0
0022200532,2022-12-30,CHI,132,38,12,26,21,10,4,14,20,53,92,27,12,15,14,DET,118,35,13,22,28,8,1,16,16,41,86,39,17,24,19,1
0022200546,2022-12-31,UTA,123,49,16,33,23,6,3,16,23,35,81,40,17,44,36,MIA,126,37,10,27,32,10,1,12,32,45,89,39,13,30,23,0
0022200539,2022-12-31,CHA,106,45,14,31,28,7,2,12,17,38,96,41,11,21,19,BKN,123,42,2,40,26,7,6,14,16,48,80,34,13,19,14,0
0022200541,2022-12-31,HOU,88,52,12,40,20,4,6,25,24,29,77,46,14,23,16,NYK,108,46,16,30,20,10,5,10,20,35,90,51,15,32,23,0
0022200545,2022-12-31,OKC,96,50,15,35,16,7,6,16,21,35,92,36,12,22,14,PHI,115,56,14,42,29,7,9,13,24,46,99,34,11,17,12,0
0022200540,2022-12-31,CHI,102,40,9,31,14,15,6,15,15,39,81,21,7,24,17,CLE,103,50,15,35,20,9,5,21,18,39,85,38,13,19,12,0
0022200543,2022-12-31,MEM,116,52,13,39,26,14,11,19,27,47,92,29,5,22,17,NOP,101,46,15,31,16,6,4,20,21,32,91,30,8,36,29,1
0022200542,2022-12-31,SAS,125,48,15,33,28,1,0,13,21,47,85,19,8,32,23,DAL,126,26,6,20,21,5,3,5,24,50,86,34,14,21,12,0
0022200538,2022-12-31,IND,131,36,8,28,28,10,4,12,20,46,88,38,14,29,25,LAC,130,39,8,31,23,7,6,16,23,43,80,34,16,29,28,1
0022200544,2022-12-31,MIN,104,39,9,30,17,6,5,15,22,36,83,34,10,26,22,DET,116,52,15,37,21,6,6,14,22,43,89,27,10,28,20,0
0022200547,2023-01-01,MEM,118,57,21,36,25,11,8,12,18,46,100,32,10,24,16,SAC,108,47,14,33,24,7,4,16,18,39,96,43,15,15,15,1
0022200549,2023-01-01,DEN,123,35,1,34,31,5,4,17,17,45,79,30,17,18,16,BOS,111,41,10,31,30,8,3,13,15,40,87,33,9,27,22,1
0022200548,2023-01-01,MIL,95,44,14,30,22,11,3,16,15,34,96,49,13,15,14,WAS,118,54,12,42,29,9,6,18,10,50,94,27,7,16,11,0
0022200551,2023-01-02,CHA,115,47,8,39,24,8,7,14,22,42,93,32,11,29,20,LAL,121,53,9,44,26,6,5,15,21,45,93,30,10,30,21,0
0022200560,2023-01-02,LAC,100,34,3,31,19,7,1,15,18,29,67,29,12,34,30,MIA,110,48,12,36,22,7,2,11,23,39,85,36,12,24,20,0
0022200550,2023-01-02,NYK,102,45,5,40,26,1,2,8,13,36,74,33,13,25,17,PHX,83,36,5,31,22,4,0,8,17,34,87,37,10,7,5,1
0022200555,2023-01-02,BKN,139,45,7,38,31,13,7,13,16,58,93,20,11,15,12,SAS,103,43,15,28,26,5,4,18,13,42,97,31,8,18,11,1
0022200558,2023-01-02,GSW,143,69,23,46,34,9,6,19,23,54,121,59,19,24,16,ATL,141,53,10,43,30,9,10,13,17,53,109,35,11,29,24,1
0022200554,2023-01-02,PHI,120,35,7,28,26,9,6,10,22,41,86,35,15,28,23,NOP,111,49,10,39,26,3,6,17,22,42,84,29,11,20,16,1
0022200552,2023-01-02,CLE,145,47,13,34,27,1,3,10,27,48,92,46,16,45,33,CHI,134,42,6,36,22,8,2,7,33,47,95,33,10,34,30,1
0022200556,2023-01-02,HOU,106,46,8,38,21,4,4,10,28,38,82,29,9,29,21,DAL,111,41,8,33,19,8,6,8,19,34,81,43,13,34,30,0
0022200557,2023-01-02,MIN,124,41,11,30,29,7,4,12,22,45,87,36,13,27,21,DEN,111,45,18,27,27,8,1,15,21,42,91,29,11,20,16,1
0022200553,2023-01-02,IND,122,50,15,35,24,4,2,13,19,45,93,27,10,26,22,TOR,114,36,12,24,26,5,11,11,27,41,91,42,14,23,18,1
0022200559,2023-01-02,POR,135,44,6,38,29,16,6,18,27,48,84,31,14,35,25,DET,106,45,9,36,16,8,4,21,27,34,82,18,6,41,32,1
0022200563,2023-01-03,UTA,115,44,12,32,21,9,3,16,19,38,88,44,13,29,26,SAC,117,40,7,33,23,7,4,18,26,46,86,32,9,18,16,0
0022200562,2023-01-03,OKC,150,44,9,35,31,14,3,13,23,58,98,40,20,22,14,BOS,117,38,11,27,29,4,7,17,15,40,88,40,12,31,25,1
0022200561,2023-01-03,MIL,123,49,15,34,27,8,6,12,14,48,100,40,11,17,16,WAS,113,46,14,32,27,9,4,10,16,42,97,27,8,23,21,1
0022200574,2023-01-04,LAL,112,42,9,33,20,10,4,17,18,40,81,27,8,30,24,MIA,109,43,14,29,24,9,4,13,20,43,95,29,8,21,15,1
0022200569,2023-01-04,TOR,101,47,14,33,22,10,4,9,23,38,116,46,9,20,16,MIL,104,73,13,60,26,4,4,28,24,35,88,39,13,30,21,0
0022200570,2023-01-04,CHI,121,46,6,40,21,7,7,17,16,43,81,20,8,29,27,BKN,112,34,5,29,24,9,7,11,22,42,91,37,12,21,16,1
0022200567,2023-01-04,PHI,129,46,14,32,24,4,7,11,19,48,98,36,14,22,19,IND,126,45,13,32,31,7,8,13,18,45,95,36,13,26,23,1
0022200565,2023-01-04,CLE,90,46,7,39,15,9,4,15,17,30,77,36,11,23,19,PHX,88,49,8,41,24,8,3,15,19,32,81,28,10,18,14,1
0022200571,2023-01-04,MIN,113,33,8,25,25,8,6,15,30,39,76,24,9,36,26,POR,106,39,12,27,18,8,7,18,30,33,75,29,9,42,31,1
0022200568,2023-01-04,NYK,117,47,14,33,16,7,6,14,21,45,94,31,10,26,17,SAS,114,38,9,29,25,5,3,17,24,41,82,28,11,26,21,1
0022200575,2023-01-04,SAC,117,42,10,32,26,9,3,11,19,41,88,25,10,27,25,ATL,120,44,7,37,21,9,4,16,21,45,84,30,10,22,20,0
0022200572,2023-01-04,NOP,119,51,15,36,25,6,6,15,19,41,89,38,14,26,23,HOU,108,43,12,31,25,10,4,13,22,39,88,38,12,27,18,1
0022200566,2023-01-04,ORL,126,49,13,36,26,6,5,17,22,42,81,33,13,36,29,OKC,115,33,9,24,23,9,3,9,23,36,89,37,15,31,28,1
0022200564,2023-01-04,CHA,107,44,10,34,25,11,8,12,23,38,94,38,11,24,20,MEM,131,59,11,48,28,10,8,14,16,47,94,30,9,37,28,0
0022200573,2023-01-04,GSW,119,40,9,31,31,3,4,14,20,45,87,40,15,15,14,DET,122,41,11,30,29,9,1,10,11,45,92,36,16,23,16,0
0022200577,2023-01-05,DAL,95,42,11,31,15,4,3,11,19,34,90,32,7,25,20,BOS,124,52,10,42,29,6,8,11,22,41,84,43,16,31,26,0
0022200579,2023-01-05,DEN,122,57,10,47,28,6,5,12,16,45,89,36,14,21,18,LAC,91,41,8,33,24,7,3,8,14,34,91,37,5,25,18,1
0022200578,2023-01-05,HOU,114,49,14,35,19,4,3,15,21,38,92,42,15,26,23,UTA,131,42,9,33,33,10,5,8,20,46,93,48,19,21,20,0
0022200576,2023-01-05,ORL,115,39,7,32,23,6,3,11,22,39,84,36,11,30,26,MEM,123,49,9,40,24,5,3,13,22,48,92,36,12,23,15,0
0022200589,2023-01-06,PHX,96,44,8,36,22,5,2,14,20,34,82,23,6,25,22,MIA,104,37,5,32,19,10,3,13,14,33,78,38,12,31,26,0
0022200586,2023-01-06,NOP,102,51,14,37,16,7,4,16,20,35,88,29,12,25,20,BKN,108,43,10,33,26,8,12,13,23,37,85,33,15,20,19,0
0022200582,2023-01-06,TOR,108,46,12,34,22,7,3,7,23,35,83,29,10,35,28,NYK,112,51,13,38,19,3,4,13,23,39,83,37,16,26,18,0
0022200580,2023-01-06,IND,108,41,4,37,22,11,6,14,22,38,84,25,7,28,25,POR,99,52,12,40,30,5,1,18,19,38,94,33,9,17,14,1
0022200590,2023-01-06,LAL,130,51,7,44,33,6,5,18,18,51,93,35,16,16,12,ATL,114,39,7,32,24,8,5,12,15,44,96,31,9,22,17,1
0022200588,2023-01-06,DEN,121,49,13,36,28,5,4,14,23,43,81,35,17,23,18,CLE,108,40,18,22,30,7,5,7,18,40,88,26,10,32,18,1
0022200581,2023-01-06,PHI,112,38,12,26,28,6,3,7,15,40,92,41,18,18,14,CHI,126,45,8,37,33,3,4,12,14,48,84,34,20,17,10,0
0022200587,2023-01-06,MIN,128,45,10,35,28,4,7,20,22,46,81,35,13,29,23,LAC,115,40,18,22,22,13,3,10,19,44,100,25,9,27,18,1
0022200584,2023-01-06,OKC,127,41,11,30,30,9,6,10,26,50,98,37,17,14,10,WAS,110,46,11,35,21,6,2,20,18,38,79,24,7,36,27,1
0022200585,2023-01-06,SAS,121,44,7,37,27,8,4,18,16,45,81,24,9,26,22,DET,109,37,15,22,23,11,0,16,22,44,93,31,11,17,10,1
0022200583,2023-01-06,MIL,109,45,12,33,22,5,4,17,18,37,84,48,20,24,15,CHA,138,49,13,36,32,11,3,5,17,53,102,48,20,19,12,0
0022200595,2023-01-07,SAC,134,34,13,21,25,5,4,14,26,45,86,32,14,37,30,LAL,136,38,10,28,26,4,3,17,25,50,82,21,9,33,27,0
0022200594,2023-01-07,GSW,101,49,11,38,26,7,1,16,17,33,88,58,18,21,17,ORL,115,44,7,37,26,12,2,11,14,44,87,32,13,24,14,0
0022200591,2023-01-07,SAS,116,51,12,39,25,6,3,13,20,49,100,25,7,14,11,BOS,121,43,8,35,30,6,10,14,15,47,95,34,15,18,12,0
0022200593,2023-01-07,DAL,127,39,5,34,23,5,7,17,24,42,74,29,13,38,30,NOP,117,44,15,29,26,14,4,13,25,45,94,29,5,35,22,1
0022200592,2023-01-07,CHI,126,44,7,37,22,4,4,10,22,44,83,28,13,32,25,UTA,118,39,7,32,36,6,2,10,24,46,93,41,12,18,14,1
0022200601,2023-01-08,HOU,96,41,12,29,26,8,7,20,19,38,89,36,11,15,9,MIN,104,44,9,35,23,8,4,19,18,38,80,28,10,22,18,0
0022200599,2023-01-08,MIA,101,41,16,25,22,8,4,12,17,38,92,35,13,17,12,BKN,102,40,6,34,22,8,8,19,21,39,76,33,12,15,12,0
0022200596,2023-01-08,DET,111,43,10,33,25,9,2,23,20,44,87,23,8,18,15,PHI,123,44,14,30,24,12,5,14,17,46,94,37,11,23,20,0
0022200597,2023-01-08,TOR,117,41,13,28,26,12,8,10,28,40,91,31,12,29,25,POR,105,42,10,32,19,5,4,24,24,34,76,30,9,37,28,1
0022200604,2023-01-08,LAC,108,59,21,38,25,6,5,11,19,37,95,30,10,31,24,ATL,112,43,7,36,22,7,9,9,18,44,89,26,8,20,16,0
0022200603,2023-01-08,PHX,98,36,6,30,22,7,2,16,14,37,84,26,14,11,10,CLE,112,39,3,36,29,8,5,14,12,45,78,29,11,17,11,0
0022200602,2023-01-08,OKC,120,48,13,35,27,5,8,8,26,46,95,28,12,20,16,DAL,109,39,8,31,21,3,1,13,19,31,73,39,14,42,33,1
0022200600,2023-01-08,MEM,123,39,13,26,28,16,7,10,19,46,102,38,15,22,16,UTA,118,46,8,38,29,7,9,21,18,45,88,32,10,22,18,1
0022200598,2023-01-08,IND,116,41,8,33,27,14,7,16,22,38,87,38,13,33,27,CHA,111,49,13,36,25,8,4,18,26,38,88,33,11,27,24,1
0022200609,2023-01-09,DEN,122,55,14,41,29,7,11,17,19,46,99,42,15,17,15,LAL,109,44,11,33,20,12,2,14,14,41,93,28,8,25,19,1
0022200607,2023-01-09,NYK,107,48,18,30,16,8,1,7,14,38,100,41,11,22,20,MIL,111,48,12,36,27,3,5,14,17,39,89,49,19,18,14,0
0022200610,2023-01-09,SAC,136,48,11,37,39,4,1,11,16,52,97,46,23,12,9,ORL,111,41,9,32,24,7,7,13,18,41,90,44,14,20,15,1
0022200608,2023-01-09,MEM,121,50,11,39,26,9,7,14,15,45,91,26,11,35,20,SAS,113,42,12,30,28,8,1,14,24,44,97,32,11,16,14,1
0022200605,2023-01-09,WAS,112,37,7,30,26,5,1,20,25,42,82,34,14,18,14,NOP,132,44,12,32,24,9,5,10,21,49,93,26,10,31,24,0
0022200606,2023-01-09,BOS,107,50,9,41,25,2,7,9,12,38,87,41,11,21,20,CHI,99,42,6,36,19,6,1,8,18,39,86,35,12,14,9,1
0022200616,2023-01-10,POR,106,43,13,30,22,10,7,17,22,42,87,35,6,19,16,ORL,109,35,6,29,19,10,2,16,20,40,78,24,9,25,20,0
0022200615,2023-01-10,GSW,113,45,16,29,24,13,2,17,26,37,96,48,18,27,21,PHX,125,57,19,38,26,5,7,22,22,41,90,31,14,31,29,0
0022200614,2023-01-10,UTA,116,54,15,39,21,3,3,16,17,38,87,36,10,37,30,CLE,114,37,7,30,18,7,7,5,25,42,90,37,10,24,20,1
0022200617,2023-01-10,LAC,113,46,12,34,20,7,4,10,23,39,86,31,12,30,23,DAL,101,32,3,29,15,5,6,12,17,30,69,38,12,36,29,1
0022200611,2023-01-10,MIA,112,41,13,28,18,10,4,20,19,31,79,33,10,40,40,OKC,111,44,14,30,27,8,3,19,27,44,91,35,9,21,14,1
0022200612,2023-01-10,PHI,147,55,10,45,36,7,8,19,29,54,89,31,11,30,28,DET,116,26,3,23,23,9,5,11,22,36,89,39,14,36,30,1
0022200613,2023-01-10,TOR,132,49,18,31,32,4,4,11,17,45,91,44,20,27,22,CHA,120,34,6,28,33,6,4,10,19,47,86,35,15,15,11,1
0022200620,2023-01-11,ATL,105,41,6,35,25,5,3,11,12,39,87,30,11,18,16,MIL,114,57,14,43,28,6,4,11,15,45,98,48,18,11,6,0
0022200618,2023-01-11,DET,135,38,7,31,30,10,7,17,20,48,80,32,17,28,22,MIN,118,36,13,23,22,7,2,19,22,43,88,33,16,21,16,1
0022200622,2023-01-11,NYK,119,50,12,38,21,9,4,15,16,38,84,42,15,33,28,IND,113,41,8,33,27,8,5,13,25,43,90,39,12,21,15,1
0022200624,2023-01-11,DEN,126,38,7,31,30,9,4,11,20,48,85,34,15,21,15,PHX,97,44,15,29,28,4,2,20,17,39,90,32,9,14,10,1
0022200623,2023-01-11,MEM,135,57,17,40,19,6,8,14,17,52,101,22,14,25,17,SAS,129,48,17,31,33,7,11,12,18,50,107,34,11,23,18,1
0022200621,2023-01-11,BOS,125,50,11,39,24,7,5,9,16,44,91,44,15,25,22,NOP,114,33,4,29,22,5,4,9,17,45,87,30,11,17,13,1
0022200619,2023-01-11,WAS,100,52,12,40,21,5,3,18,18,38,82,23,7,21,17,CHI,97,39,8,31,16,7,6,12,19,41,88,29,9,9,6,1
0022200625,2023-01-11,SAC,135,45,9,36,28,4,4,9,19,45,94,48,19,31,26,HOU,115,48,8,40,30,7,3,14,23,44,96,41,16,17,11,1
0022200628,2023-01-12,MIA,108,61,18,43,22,8,1,13,8,42,95,34,9,16,15,MIL,102,39,8,31,20,10,2,11,12,35,87,57,22,15,10,1
0022200627,2023-01-12,BKN,98,31,4,27,26,8,9,12,19,38,84,34,13,11,9,BOS,109,48,12,36,23,4,6,14,15,41,86,36,12,17,15,0
0022200631,2023-01-12,POR,113,36,5,31,17,6,4,17,27,40,78,33,11,29,22,CLE,119,44,12,32,28,6,1,11,19,44,89,22,7,31,24,0
0022200630,2023-01-12,LAL,115,56,14,42,24,7,4,10,18,44,112,41,10,27,17,DAL,119,54,3,51,25,4,9,19,26,48,96,42,14,17,9,0
0022200626,2023-01-12,PHI,114,39,9,30,30,4,3,17,29,39,88,36,11,27,25,OKC,133,39,5,34,28,7,6,11,22,44,86,33,14,33,31,0
0022200629,2023-01-12,TOR,124,32,8,24,30,15,4,9,23,43,83,28,10,36,28,CHA,114,42,9,33,27,6,5,22,30,41,77,33,13,27,19,1
0022200634,2023-01-13,WAS,108,50,12,38,18,3,4,8,23,36,93,42,13,26,23,NYK,112,54,14,40,15,3,6,7,23,41,92,29,8,31,22,0
0022200638,2023-01-13,UTA,112,59,17,42,15,9,11,24,18,36,83,35,11,40,29,ORL,108,40,11,29,23,13,3,15,25,42,96,36,14,16,10,1
0022200637,2023-01-13,MIN,121,37,4,33,24,13,3,15,22,47,90,28,10,20,17,PHX,116,43,9,34,28,10,3,19,20,41,86,23,14,24,20,1
0022200633,2023-01-13,IND,111,51,19,32,24,8,9,12,22,40,101,30,7,29,24,ATL,113,50,14,36,26,6,9,14,22,41,94,33,16,21,15,0
0022200632,2023-01-13,DET,110,42,7,35,20,7,3,13,23,43,90,30,7,24,17,NOP,116,48,8,40,29,7,3,17,21,42,86,31,11,30,21,0
0022200639,2023-01-13,LAC,103,43,11,32,20,6,3,12,18,41,87,29,10,14,11,DEN,115,43,10,33,24,7,4,11,11,41,82,33,14,25,19,0
0022200635,2023-01-13,SAS,113,38,7,31,26,6,3,15,19,40,88,22,8,34,25,GSW,144,55,12,43,33,9,6,13,26,55,101,48,18,20,16,0
0022200640,2023-01-13,SAC,139,46,14,32,34,10,8,14,19,47,86,40,20,29,25,HOU,114,34,12,22,23,10,4,15,24,43,91,37,12,25,16,1
0022200636,2023-01-13,CHI,110,42,10,32,30,7,5,16,17,38,85,38,12,24,22,OKC,124,46,12,34,22,12,6,11,19,47,92,33,11,22,19,0
0022200641,2023-01-14,MIA,111,51,13,38,17,9,3,11,14,45,87,22,11,12,10,MIL,95,32,7,25,26,7,2,10,13,34,84,48,19,12,8,1
0022200646,2023-01-14,UTA,117,48,10,38,20,5,6,12,24,43,90,40,12,23,19,PHI,118,37,9,28,23,5,5,8,17,40,89,39,17,26,21,0
0022200644,2023-01-14,TOR,103,43,11,32,19,9,3,14,19,36,87,29,7,30,24,ATL,114,40,5,35,19,6,4,12,22,43,84,27,11,18,17,0
0022200642,2023-01-14,CHA,106,46,10,36,21,3,2,11,11,41,88,27,8,19,16,BOS,122,46,14,32,35,8,4,7,15,47,99,53,19,10,9,0
0022200645,2023-01-14,MIN,110,31,4,27,22,10,5,15,21,45,80,28,9,15,11,CLE,102,40,8,32,24,5,2,18,17,37,76,28,8,23,20,1
0022200647,2023-01-14,POR,136,47,10,37,34,7,4,12,20,49,88,41,17,22,21,DAL,119,25,2,23,28,4,3,11,18,43,82,46,22,19,11,1
0022200643,2023-01-14,IND,112,49,16,33,26,5,8,20,20,38,103,47,11,28,25,MEM,130,45,7,38,32,11,8,16,21,48,87,32,12,28,22,0
0022200648,2023-01-15,DET,104,38,9,29,23,4,4,12,22,37,83,44,18,15,12,NYK,117,52,18,34,17,3,6,8,12,40,88,30,12,31,25,0
0022200653,2023-01-15,DEN,119,41,12,29,32,10,5,16,22,48,89,39,13,19,10,ORL,116,39,10,29,24,7,2,13,17,41,84,29,7,34,27,1
0022200655,2023-01-15,LAL,112,38,4,34,28,4,6,11,19,48,87,20,6,13,10,PHI,113,38,5,33,29,3,7,10,16,43,85,34,12,19,15,0
0022200652,2023-01-15,SAS,119,40,11,29,27,1,3,10,21,48,93,26,10,20,13,SAC,132,38,7,31,24,5,2,6,19,49,89,30,14,25,20,0
0022200654,2023-01-15,POR,140,41,8,33,28,3,6,8,29,43,85,44,17,42,37,DAL,123,39,13,26,31,3,2,9,29,41,89,42,14,33,27,1
0022200650,2023-01-15,CHI,132,38,7,31,29,12,1,10,18,48,95,39,15,24,21,GSW,118,40,7,33,35,6,4,23,22,41,83,51,21,22,15,1
0022200649,2023-01-15,LAC,121,44,11,33,21,13,6,17,16,46,88,32,14,21,15,HOU,100,39,10,29,22,8,6,20,17,38,84,31,7,23,17,1
0022200651,2023-01-15,BKN,102,51,14,37,24,4,7,16,21,39,91,41,12,19,12,OKC,112,50,11,39,21,5,7,9,14,40,90,31,12,26,20,0
0022200661,2023-01-16,ATL,121,28,2,26,27,9,5,16,17,45,76,27,13,22,18,MIA,113,41,12,29,30,10,4,16,22,43,89,31,8,20,19,1
0022200657,2023-01-16,MIL,132,41,9,32,32,9,1,14,14,48,91,46,23,15,13,IND,119,37,4,33,29,6,5,16,17,43,84,40,19,15,14,1
0022200663,2023-01-16,MEM,136,51,13,38,29,8,6,11,19,52,98,37,16,20,16,PHX,106,37,9,28,33,4,4,15,22,39,89,33,10,19,18,1
0022200656,2023-01-16,CHA,118,38,13,25,26,7,2,5,18,41,90,31,13,30,23,BOS,130,47,14,33,34,1,4,12,21,43,87,43,20,25,24,0
0022200658,2023-01-16,CLE,113,43,13,30,22,5,4,15,19,39,80,28,9,33,26,NOP,103,28,3,25,26,9,1,17,23,38,75,27,10,22,17,1
0022200660,2023-01-16,WAS,118,36,6,30,31,7,2,14,21,42,86,35,14,23,20,GSW,127,43,9,34,28,8,1,12,23,45,91,44,18,21,19,0
0022200664,2023-01-16,LAL,140,39,9,30,23,4,5,2,19,49,91,33,12,35,30,HOU,132,48,17,31,28,0,7,8,25,49,100,30,11,31,23,1
0022200659,2023-01-16,NYK,121,54,20,34,17,3,5,12,28,42,99,31,9,35,28,TOR,123,42,14,28,27,8,12,6,25,38,96,44,13,41,34,0
0022200662,2023-01-16,MIN,125,41,16,25,28,9,6,6,20,46,101,41,18,18,15,UTA,126,50,14,36,25,0,5,18,12,45,84,34,13,28,23,0
0022200666,2023-01-17,SAS,106,54,13,41,23,12,4,16,22,37,97,34,7,28,25,BKN,98,49,10,39,22,10,8,21,26,37,88,23,3,24,21,1
0022200668,2023-01-17,LAC,110,33,8,25,20,4,5,19,23,41,82,34,12,20,16,PHI,120,33,8,25,25,12,4,15,17,39,73,31,13,34,29,0
0022200667,2023-01-17,DEN,122,42,11,31,32,8,6,12,15,44,88,32,11,28,23,POR,113,35,5,30,21,3,4,13,24,38,83,40,13,25,24,1
0022200665,2023-01-17,MIL,130,42,6,36,24,5,5,12,19,46,86,39,19,21,19,TOR,122,50,20,30,20,7,5,9,14,46,101,35,13,27,17,1
0022200673,2023-01-18,NOP,98,38,9,29,27,5,3,18,17,37,80,30,13,18,11,MIA,124,43,10,33,37,11,2,11,17,50,94,35,12,16,12,0
0022200676,2023-01-18,DEN,122,34,8,26,27,10,2,16,19,45,85,21,8,32,24,MIN,118,36,12,24,26,6,10,19,27,42,81,32,12,28,22,1
0022200674,2023-01-18,OKC,126,42,13,29,41,12,7,19,25,47,93,38,16,21,16,IND,106,48,20,28,23,9,10,24,19,39,94,33,12,24,16,1
0022200677,2023-01-18,LAL,111,36,6,30,26,9,3,7,20,43,89,34,11,18,14,SAC,116,47,14,33,23,3,5,11,14,43,87,30,9,27,21,0
0022200670,2023-01-18,DAL,122,31,10,21,26,5,3,16,19,44,84,42,16,24,18,ATL,130,35,7,28,28,7,4,12,23,49,86,26,13,20,19,0
0022200672,2023-01-18,MEM,115,42,15,27,22,10,7,8,19,44,97,34,11,22,16,CLE,114,47,11,36,29,4,7,19,17,42,82,35,16,21,14,1
0022200675,2023-01-18,UTA,126,44,9,35,26,4,7,8,19,45,87,32,19,22,17,LAC,103,50,16,34,23,1,6,13,20,37,92,34,15,21,14,1
0022200669,2023-01-18,NYK,105,49,20,29,14,9,4,9,20,40,96,26,7,27,18,WAS,116,52,18,34,28,5,9,14,23,42,95,42,16,19,16,0
0022200671,2023-01-18,HOU,117,47,12,35,21,4,5,20,22,46,91,32,10,20,15,CHA,122,37,11,26,27,14,10,10,20,48,96,36,9,25,17,0
0022200681,2023-01-19,PHX,117,49,12,37,30,4,3,16,23,39,85,28,11,41,28,BKN,112,34,2,32,27,10,6,13,34,43,82,26,11,25,15,1
0022200682,2023-01-19,POR,95,44,13,31,19,4,3,16,15,32,85,37,9,29,22,PHI,105,43,5,38,24,8,8,15,23,41,81,26,8,19,15,0
0022200678,2023-01-19,DET,108,49,17,32,25,7,3,17,15,39,97,34,8,27,22,CHI,126,48,11,37,23,11,8,14,17,50,92,23,7,21,19,0
0022200679,2023-01-19,BOS,121,63,18,45,21,10,5,17,19,43,108,41,13,30,22,GSW,118,47,8,39,28,10,7,16,26,40,100,52,18,23,20,1
0022200680,2023-01-19,MIN,128,37,8,29,31,12,5,15,20,45,89,40,17,23,21,TOR,126,38,8,30,26,8,6,16,19,46,87,28,14,27,20,1
0022200686,2023-01-20,DAL,115,37,10,27,21,7,1,10,22,37,80,38,18,28,23,MIA,90,39,5,34,15,3,1,16,22,33,69,20,4,27,20,1
0022200689,2023-01-20,UTA,106,46,13,33,24,6,1,11,18,37,88,39,16,23,16,BKN,117,42,6,36,26,7,6,11,18,43,80,41,18,20,13,0
0022200684,2023-01-20,ATL,139,39,14,25,27,6,4,7,16,56,100,34,13,16,14,NYK,124,34,9,25,27,5,3,12,15,49,83,30,13,17,13,1
0022200688,2023-01-20,DEN,134,38,12,26,38,16,4,18,28,51,83,28,14,26,18,IND,111,39,16,23,23,7,2,21,18,37,84,32,8,37,29,1
0022200683,2023-01-20,ORL,123,42,5,37,28,2,5,15,18,39,75,30,15,34,30,NOP,110,39,11,28,29,9,5,11,21,41,91,35,10,24,18,1
0022200685,2023-01-20,CLE,114,35,10,25,24,7,8,15,15,42,84,33,14,19,16,GSW,120,45,14,31,25,9,4,18,19,42,86,43,23,19,13,0
0022200687,2023-01-20,SAS,126,34,12,22,34,3,1,7,15,51,89,26,14,14,10,LAC,131,32,11,21,31,4,2,9,13,51,81,28,15,20,14,0
0022200691,2023-01-20,SAC,118,53,13,40,25,1,2,15,17,41,87,38,12,28,24,OKC,113,36,8,28,21,4,1,9,20,45,93,40,16,11,7,1
0022200690,2023-01-20,LAL,122,47,10,37,24,7,7,10,26,38,93,41,13,41,33,MEM,121,63,24,39,24,6,7,14,31,43,102,29,9,40,26,1
0022200695,2023-01-21,CLE,114,41,9,32,33,9,3,9,13,48,86,22,7,17,11,MIL,102,36,7,29,24,3,6,16,17,39,86,39,14,11,10,1
0022200693,2023-01-21,WAS,138,46,9,37,34,6,5,8,18,51,95,34,18,25,18,ORL,118,41,9,32,24,3,10,11,19,42,90,34,14,24,20,1
0022200697,2023-01-21,PHX,112,55,14,41,27,9,8,15,20,38,91,31,12,35,24,IND,107,48,11,37,22,10,4,15,29,36,96,37,13,26,22,1
0022200698,2023-01-21,SAC,127,29,4,25,28,6,5,9,20,46,84,33,13,29,22,PHI,129,46,16,30,27,4,3,15,26,49,93,28,12,23,19,0
0022200692,2023-01-21,TOR,104,41,6,35,24,7,9,14,13,46,86,19,7,7,5,BOS,106,41,11,30,25,9,8,15,17,38,85,35,16,15,14,0
0022200696,2023-01-21,MIN,113,30,3,27,20,12,9,12,26,38,83,41,17,24,20,HOU,104,56,15,41,24,4,6,23,19,38,79,24,9,33,19,1
0022200694,2023-01-21,ATL,118,40,6,34,24,5,4,18,20,45,83,25,11,20,17,CHA,122,36,6,30,28,11,2,12,18,45,89,34,13,22,19,0
0022200705,2023-01-22,POR,112,38,11,27,24,5,7,12,24,37,86,46,17,25,21,LAL,121,51,10,41,23,5,5,13,19,45,86,30,10,27,21,0
0022200704,2023-01-22,GSW,116,42,10,32,28,10,2,12,24,41,90,32,13,27,21,BKN,120,42,9,33,30,4,7,16,22,43,79,27,14,31,20,0
0022200700,2023-01-22,TOR,125,45,17,28,21,12,4,8,20,41,90,34,15,35,28,NYK,116,47,14,33,30,4,4,17,24,40,82,41,18,26,18,1
0022200699,2023-01-22,MIA,100,42,12,30,17,16,1,22,14,35,80,34,8,27,22,NOP,96,41,8,33,24,17,4,25,22,37,78,30,8,18,14,1
0022200701,2023-01-22,DAL,98,38,12,26,15,3,3,10,21,35,80,35,13,26,15,LAC,112,46,9,37,20,6,3,11,23,35,77,28,12,31,30,0
0022200702,2023-01-22,DEN,99,42,10,32,22,7,5,9,16,36,82,28,10,33,17,OKC,101,50,14,36,21,4,5,8,24,40,89,26,7,16,14,0
0022200703,2023-01-22,PHX,112,40,6,34,25,10,5,17,26,39,88,35,13,25,21,MEM,110,52,15,37,28,8,4,20,22,40,92,32,11,27,19,1
0022200706,2023-01-23,DET,130,41,11,30,26,10,3,20,21,43,87,32,13,40,31,MIL,150,50,13,37,38,11,6,19,27,55,98,52,23,24,17,0
0022200709,2023-01-23,HOU,119,47,12,35,24,11,5,23,15,44,88,30,11,30,20,MIN,114,41,12,29,19,8,7,19,22,41,91,42,16,22,16,1
0022200711,2023-01-23,POR,147,36,8,28,34,11,4,10,16,55,92,33,20,22,17,SAS,127,40,14,26,30,7,4,15,18,47,90,27,13,26,20,1
0022200708,2023-01-23,CHI,111,47,15,32,28,13,3,11,20,44,95,34,11,18,12,ATL,100,43,9,34,24,6,4,19,14,39,85,33,10,19,12,1
0022200707,2023-01-23,ORL,113,40,8,32,22,10,3,11,12,43,84,27,11,24,16,BOS,98,37,8,29,24,5,4,18,23,36,83,46,18,11,8,1
0022200712,2023-01-23,SAC,133,53,10,43,37,10,5,25,11,49,88,40,22,14,13,MEM,100,31,10,21,28,14,3,15,21,40,98,36,12,10,8,1
0022200710,2023-01-23,UTA,120,46,9,37,25,8,4,16,26,41,86,40,16,26,22,CHA,102,42,11,31,22,8,7,15,23,38,85,16,2,34,24,1
0022200714,2023-01-24,MIA,98,51,14,37,21,7,2,8,18,34,94,33,12,23,18,BOS,95,44,5,39,21,5,6,17,22,32,74,32,10,27,21,1
0022200715,2023-01-24,NYK,105,42,9,33,25,4,3,17,18,37,75,33,17,21,14,CLE,103,41,10,31,29,8,4,12,19,40,87,33,12,16,11,1
0022200713,2023-01-24,IND,116,45,14,31,24,9,10,8,21,42,99,37,10,28,22,CHI,110,45,11,34,19,5,5,16,23,43,88,24,5,25,19,1
0022200716,2023-01-24,NOP,98,43,14,29,18,5,3,16,14,38,85,26,5,20,17,DEN,99,34,7,27,27,8,5,12,20,39,80,33,11,13,10,0
0022200719,2023-01-24,LAL,115,32,9,23,21,8,4,7,13,42,95,40,16,24,15,LAC,133,47,7,40,25,4,9,15,20,51,84,38,19,15,12,0
0022200717,2023-01-24,DAL,126,38,8,30,24,6,2,9,25,47,89,30,10,26,22,WAS,127,41,6,35,28,7,3,11,22,42,83,30,11,41,32,0
0022200718,2023-01-24,PHX,128,55,15,40,38,3,10,18,21,47,94,39,22,13,12,CHA,97,40,10,30,19,10,5,14,21,39,96,25,6,18,13,1
0022200724,2023-01-25,NOP,102,42,8,34,25,4,7,15,21,37,85,38,12,21,16,MIN,111,36,4,32,23,8,5,9,18,40,82,29,11,28,20,0
0022200721,2023-01-25,PHI,137,36,11,25,26,10,4,11,19,42,82,38,18,36,35,BKN,133,31,6,25,29,3,4,16,26,49,76,26,14,27,21,1
0022200720,2023-01-25,ORL,126,34,9,25,34,8,7,18,22,46,82,28,15,25,19,IND,120,32,10,22,25,14,5,17,20,41,85,35,15,29,23,1
0022200729,2023-01-25,LAL,113,56,11,45,25,12,9,20,13,40,90,33,10,30,23,SAS,104,48,17,31,22,11,2,14,19,40,106,34,8,18,16,1
0022200725,2023-01-25,OKC,132,37,12,25,31,12,2,12,23,53,102,34,15,16,11,ATL,137,46,11,35,26,5,6,17,16,50,84,29,11,33,26,0
0022200723,2023-01-25,MIL,107,49,7,42,16,11,7,23,15,37,78,30,13,28,20,DEN,99,51,15,36,21,9,5,19,21,38,97,34,11,16,12,1
0022200728,2023-01-25,SAC,95,34,4,30,29,6,2,19,12,35,73,32,13,13,12,TOR,113,41,11,30,28,12,8,10,17,48,97,40,12,7,5,0
0022200727,2023-01-25,POR,134,41,6,35,26,9,4,10,15,51,89,36,17,18,15,UTA,124,35,8,27,32,5,5,13,18,47,90,41,20,15,10,1
0022200726,2023-01-25,GSW,122,44,14,30,33,7,5,22,27,43,85,32,14,28,22,MEM,120,36,11,25,26,10,3,14,26,42,88,31,10,37,26,1
0022200722,2023-01-25,HOU,103,57,17,40,29,5,10,14,15,42,97,28,5,20,14,WAS,108,48,15,33,27,13,7,8,16,39,98,38,12,23,18,0
0022200730,2023-01-26,BOS,117,54,15,39,22,4,4,13,19,41,100,46,16,23,19,NYK,120,50,10,40,17,5,5,10,20,44,96,38,13,23,19,0
0022200735,2023-01-26,LAC,138,37,6,31,26,9,9,5,21,52,89,38,18,21,16,SAS,100,42,11,31,24,2,1,14,18,37,82,24,8,28,18,1
0022200733,2023-01-26,HOU,95,46,10,36,24,5,6,22,20,39,76,21,5,20,12,CLE,113,36,11,25,29,12,4,10,16,40,87,36,15,22,18,0
0022200732,2023-01-26,CHA,111,52,6,46,24,8,5,16,19,39,84,32,7,31,26,CHI,96,43,7,36,16,8,2,13,20,37,91,25,4,22,18,1
0022200734,2023-01-26,PHX,95,50,13,37,24,4,6,9,21,35,86,32,13,16,12,DAL,99,43,7,36,20,3,3,9,10,33,77,34,13,28,20,0
0022200731,2023-01-26,BKN,122,40,15,25,24,5,6,16,23,43,94,38,13,27,23,DET,130,48,15,33,27,12,5,11,22,48,95,27,11,26,23,0
0022200736,2023-01-27,IND,131,38,5,33,22,10,4,13,24,49,89,33,13,28,20,MIL,141,50,14,36,32,11,3,16,20,52,98,43,18,31,19,0
0022200738,2023-01-27,MIA,110,37,5,32,28,9,3,11,19,39,85,33,10,26,22,ORL,105,40,2,38,21,5,3,20,23,33,69,34,12,32,27,1
0022200739,2023-01-27,OKC,112,46,10,36,19,5,2,15,17,40,76,18,10,25,22,CLE,100,37,11,26,27,9,5,10,21,39,88,29,8,18,14,1
0022200740,2023-01-27,GSW,129,43,5,38,40,5,1,14,18,50,90,43,18,15,11,TOR,117,46,14,32,24,5,4,10,17,46,101,33,12,21,13,1
0022200737,2023-01-27,MIN,111,45,9,36,31,12,6,20,19,44,86,35,13,15,10,MEM,100,47,15,32,22,14,2,21,12,38,93,33,8,19,16,1
0022200749,2023-01-28,BOS,125,46,7,39,18,8,9,12,22,39,84,40,13,39,34,LAL,121,47,11,36,30,4,0,12,23,47,105,42,12,20,15,1
0022200742,2023-01-28,BKN,122,35,9,26,31,5,3,9,17,46,87,40,22,14,8,NYK,115,45,14,31,19,4,4,11,14,45,88,28,10,19,15,1
0022200748,2023-01-28,SAS,118,53,17,36,32,6,4,13,20,48,109,29,10,17,12,PHX,128,52,17,35,31,7,6,9,19,50,103,24,8,26,20,0
0022200746,2023-01-28,MIN,117,44,9,35,25,5,2,20,26,42,80,37,17,21,16,SAC,110,36,10,26,23,5,0,9,21,37,82,33,9,36,27,1
0022200744,2023-01-28,ORL,109,36,6,30,29,5,0,13,18,41,83,28,10,24,17,CHI,128,38,4,34,30,5,6,12,22,48,81,35,16,19,16,0
0022200750,2023-01-28,UTA,108,49,13,36,26,9,6,17,23,39,82,36,13,24,17,DAL,100,31,7,24,26,7,3,14,18,35,80,46,18,17,12,1
0022200741,2023-01-28,PHI,126,39,12,27,31,10,2,11,15,46,89,35,18,24,16,DEN,119,36,6,30,28,6,6,14,14,44,81,34,14,20,17,1
0022200743,2023-01-28,DET,114,35,8,27,23,10,5,16,25,38,83,38,14,31,24,HOU,117,48,16,32,20,8,4,17,20,44,92,27,8,27,21,0
0022200745,2023-01-28,ATL,113,47,15,32,24,12,2,9,18,45,95,27,7,20,16,LAC,120,37,6,31,25,5,5,14,15,42,80,39,19,19,17,0
0022200751,2023-01-28,POR,105,27,3,24,18,3,6,12,16,40,76,24,7,23,18,TOR,123,45,15,30,24,6,3,8,18,48,92,30,10,18,17,0
0022200747,2023-01-28,NOP,103,42,8,34,21,9,8,10,26,39,92,29,8,19,17,WAS,113,53,13,40,18,5,8,18,17,40,88,36,11,29,22,0
0022200752,2023-01-29,CHA,122,47,11,36,25,6,3,19,18,45,83,40,15,22,17,MIA,117,36,10,26,26,11,0,11,17,45,93,31,10,23,17,1
0022200753,2023-01-29,MEM,112,41,15,26,29,10,8,9,21,43,89,37,9,22,17,IND,100,38,11,27,21,4,6,18,22,36,79,32,9,21,19,1
0022200755,2023-01-29,MIL,135,57,12,45,27,7,4,12,18,53,96,43,17,20,12,NOP,110,38,8,30,25,7,3,12,20,41,93,34,13,21,15,1
0022200754,2023-01-29,CLE,122,35,4,31,35,9,7,13,23,44,78,33,20,19,14,LAC,99,45,15,30,17,6,0,15,19,37,89,19,2,27,23,1
0022200757,2023-01-30,BKN,121,50,12,38,24,8,9,11,25,45,95,41,16,19,15,LAL,104,53,16,37,24,1,3,14,16,35,89,29,11,37,23,1
0022200756,2023-01-30,PHI,109,45,8,37,28,8,3,19,25,40,85,30,11,23,18,ORL,119,50,15,35,23,11,6,10,16,42,99,29,11,30,24,0
0022200758,2023-01-30,MIN,111,49,8,41,26,7,3,18,16,43,92,39,12,25,13,SAC,118,50,10,40,20,15,3,12,21,47,99,30,9,22,15,0
0022200763,2023-01-30,POR,129,32,3,29,24,2,7,8,21,43,79,40,19,27,24,ATL,125,45,17,28,26,5,0,7,21,44,94,30,13,30,24,1
0022200759,2023-01-30,OKC,120,43,8,35,23,10,4,17,18,46,93,24,11,20,17,GSW,128,44,6,38,37,9,4,15,18,46,90,47,20,20,16,0
0022200762,2023-01-30,PHX,114,42,13,29,28,10,4,12,16,43,87,28,11,21,17,TOR,106,44,16,28,19,9,4,14,19,40,89,33,9,19,17,1
0022200760,2023-01-30,SAS,106,43,14,29,26,6,6,10,20,42,97,29,7,23,15,WAS,127,45,5,40,32,7,8,14,19,48,86,30,16,17,15,0
0022200761,2023-01-30,DAL,111,40,9,31,17,6,1,11,18,39,79,34,10,33,23,DET,105,40,9,31,18,9,6,14,31,36,79,39,14,27,19,1
0022200765,2023-01-31,NYK,123,45,13,32,27,6,3,9,24,44,98,34,7,32,28,LAL,129,44,11,33,29,6,1,14,23,48,93,33,11,31,22,0
0022200764,2023-01-31,CLE,97,39,5,34,32,9,6,13,20,40,83,40,11,12,6,MIA,100,45,9,36,21,7,3,15,17,34,78,31,14,25,18,0
0022200768,2023-01-31,DEN,122,44,10,34,33,7,3,18,21,43,87,36,16,24,20,NOP,113,36,8,28,28,13,2,15,24,42,85,27,8,25,21,1
0022200766,2023-01-31,CHI,103,51,6,45,26,6,6,20,19,38,77,24,12,21,15,LAC,108,44,11,33,24,15,6,8,16,37,93,44,12,26,22,0
0022200767,2023-01-31,MIL,124,66,16,50,18,7,8,12,21,43,105,44,15,27,23,CHA,115,62,18,44,27,6,6,11,24,42,111,39,11,26,20,1
0022200772,2023-02-01,BOS,139,57,11,46,28,4,4,12,13,53,92,54,26,10,7,BKN,96,32,5,27,19,8,1,7,12,36,88,39,9,18,15,1
0022200770,2023-02-01,PHI,105,43,7,36,27,7,4,19,24,34,78,35,14,26,23,ORL,94,46,12,34,12,10,4,15,21,33,87,38,6,29,22,1
0022200771,2023-02-01,MEM,112,44,12,32,28,8,7,13,22,41,87,37,9,28,21,POR,122,41,9,32,24,3,5,13,22,41,87,36,14,27,26,0
0022200775,2023-02-01,SAS,109,40,8,32,30,5,1,18,17,48,88,24,8,7,5,SAC,119,34,6,28,25,10,3,10,13,48,90,27,8,19,15,0
0022200777,2023-02-01,PHX,100,44,12,32,22,8,4,16,13,35,86,28,4,31,26,ATL,132,45,6,39,32,6,5,12,24,52,91,33,19,11,9,0
0022200774,2023-02-01,MIN,119,53,10,43,26,5,7,11,23,46,106,50,14,24,13,GSW,114,58,9,49,21,7,4,17,24,38,91,35,11,34,27,1
0022200773,2023-02-01,HOU,112,65,24,41,20,6,12,18,20,41,94,23,7,31,23,OKC,106,52,24,28,22,11,6,10,23,38,103,43,12,22,18,1
0022200776,2023-02-01,UTA,131,49,13,36,29,3,11,16,17,44,83,47,17,30,26,TOR,128,52,25,27,27,11,2,8,22,50,110,23,10,26,18,1
0022200778,2023-02-02,IND,111,46,6,40,30,8,6,16,21,45,93,41,16,6,5,LAL,112,51,13,38,29,8,5,13,10,42,92,22,6,31,22,0
0022200780,2023-02-02,NYK,106,44,11,33,25,8,0,18,17,40,83,36,12,18,14,MIA,104,33,9,24,24,8,3,11,15,39,87,36,13,16,13,1
0022200782,2023-02-02,DAL,111,36,6,30,16,10,3,8,24,37,85,41,14,29,23,NOP,106,50,12,38,27,6,5,17,26,42,84,20,5,21,17,1
0022200783,2023-02-02,DEN,134,38,7,31,35,10,2,13,19,51,90,35,16,21,16,GSW,117,42,10,32,25,4,4,17,23,43,85,38,19,19,12,1
0022200784,2023-02-02,MIL,106,53,8,45,16,2,0,10,17,39,90,37,9,27,19,LAC,105,49,9,40,15,8,4,7,22,39,95,36,13,20,14,1
0022200779,2023-02-02,CLE,128,41,9,32,33,12,7,16,17,49,91,29,14,22,16,MEM,113,44,11,33,22,8,5,18,23,41,87,23,10,22,21,1
0022200781,2023-02-02,CHI,114,40,8,32,24,9,3,14,18,41,79,28,11,26,21,CHA,98,45,16,29,19,6,4,15,15,39,93,35,7,15,13,1
0022200790,2023-02-03,MIN,120,41,12,29,21,7,7,20,27,40,87,44,16,28,24,ORL,127,42,13,29,23,11,3,17,24,45,85,23,12,38,25,0
0022200791,2023-02-03,SAS,125,35,9,26,32,8,0,18,25,52,89,21,7,15,14,PHI,137,39,14,25,28,11,3,11,13,46,87,27,13,41,32,0
0022200788,2023-02-03,BOS,94,43,3,40,18,5,3,15,21,29,75,38,10,31,26,PHX,106,53,10,43,28,6,6,9,22,41,95,32,12,14,12,0
0022200787,2023-02-03,WAS,116,41,9,32,27,4,3,11,19,42,84,33,12,22,20,POR,124,38,11,27,25,5,2,7,17,43,88,41,17,23,21,0
0022200786,2023-02-03,IND,107,47,9,38,28,13,5,18,18,40,89,41,17,14,10,SAC,104,49,11,38,24,6,5,20,15,37,86,38,13,20,17,1
0022200792,2023-02-03,UTA,108,50,13,37,20,4,2,15,22,41,91,44,13,18,13,ATL,115,52,14,38,28,8,5,9,18,44,95,37,10,23,17,0
0022200789,2023-02-03,HOU,111,40,6,34,22,5,4,13,26,40,80,21,7,33,24,TOR,117,43,13,30,21,9,7,9,25,41,90,39,15,27,20,0
0022200785,2023-02-03,DET,118,51,12,39,27,7,3,23,22,44,86,32,14,23,16,CHA,112,37,8,29,22,16,2,14,20,40,90,34,9,30,23,1
0022200798,2023-02-04,NOP,131,48,14,34,28,6,0,11,22,52,100,30,9,20,18,LAL,126,44,13,31,30,4,3,9,20,45,94,32,11,33,25,1
0022200797,2023-02-04,MIL,123,51,10,41,23,6,4,12,14,46,88,40,14,28,17,MIA,115,44,13,31,23,9,2,7,23,45,101,31,8,21,17,1
0022200794,2023-02-04,DET,100,30,9,21,23,8,2,16,27,35,81,42,16,22,14,PHX,116,46,10,36,34,10,2,17,23,42,75,23,11,31,21,0
0022200796,2023-02-04,CHI,129,41,6,35,32,6,3,12,19,48,80,26,12,25,21,POR,121,33,7,26,22,3,3,9,19,44,87,43,14,21,19,1
0022200801,2023-02-04,DEN,128,48,12,36,32,14,6,13,15,48,95,38,15,20,17,ATL,108,43,10,33,26,7,7,16,18,44,91,20,6,17,14,1
0022200800,2023-02-04,GSW,119,38,5,33,33,6,5,14,24,45,82,35,14,19,15,DAL,113,39,10,29,22,9,1,14,18,39,85,40,14,27,21,1
0022200799,2023-02-04,OKC,153,42,9,33,39,11,6,9,19,56,97,46,21,23,20,HOU,121,34,9,25,29,4,8,16,18,45,89,30,10,27,21,1
0022200795,2023-02-04,NYK,128,46,10,36,30,6,3,10,30,45,94,40,18,26,20,LAC,134,46,9,37,24,8,4,13,20,44,92,37,16,35,30,0
0022200793,2023-02-04,BKN,125,39,10,29,21,4,10,15,28,43,86,33,14,28,25,WAS,123,39,6,33,22,10,3,16,21,39,81,28,13,41,32,1
0022200802,2023-02-05,CHA,113,39,8,31,28,8,6,15,23,45,83,33,12,23,11,ORL,119,52,18,34,25,6,2,12,18,42,91,23,8,30,27,0
0022200804,2023-02-05,NYK,108,49,14,35,21,5,1,12,28,34,79,36,12,39,28,PHI,97,44,8,36,23,4,4,12,23,30,74,25,7,36,30,1
0022200807,2023-02-05,NOP,136,48,12,36,26,11,3,11,23,48,85,26,14,34,26,SAC,104,38,11,27,23,5,5,15,22,35,82,42,11,27,23,1
0022200803,2023-02-05,IND,103,42,12,30,28,3,6,13,20,40,92,32,8,22,15,CLE,122,46,8,38,33,7,5,13,20,46,88,37,15,16,15,0
0022200806,2023-02-05,MIN,128,34,5,29,33,7,3,11,23,48,87,27,10,30,22,DEN,98,37,3,34,19,6,5,22,23,34,71,25,6,31,24,1
0022200805,2023-02-05,MEM,103,44,8,36,25,10,9,20,16,38,78,27,10,23,17,TOR,106,42,11,31,24,11,3,11,16,44,101,36,11,12,7,0
0022200815,2023-02-06,POR,108,28,1,27,23,5,2,9,20,37,91,36,9,29,25,MIL,127,55,7,48,27,4,2,16,27,47,87,42,16,21,17,0
0022200812,2023-02-06,HOU,120,39,11,28,27,5,4,14,15,44,88,32,13,24,19,SAC,140,35,7,28,38,9,5,10,22,52,89,41,21,18,15,0
0022200811,2023-02-06,CHI,128,49,7,42,27,10,6,14,12,50,89,22,6,25,22,SAS,104,38,6,32,25,7,3,18,23,40,90,26,8,17,16,1
0022200808,2023-02-06,DET,99,42,9,33,22,9,6,9,20,37,87,33,9,21,16,BOS,111,51,10,41,25,2,5,12,22,39,83,37,16,21,17,0
0022200809,2023-02-06,WAS,91,37,7,30,20,8,5,14,18,35,82,28,6,19,15,CLE,114,43,7,36,26,9,6,17,15,44,78,29,12,20,14,0
0022200813,2023-02-06,UTA,111,37,10,27,21,4,4,13,23,41,87,31,6,26,23,DAL,124,49,17,32,26,6,4,14,25,41,88,39,15,31,27,0
0022200810,2023-02-06,BKN,116,42,8,34,21,4,5,16,26,41,84,31,16,22,18,LAC,124,46,11,35,20,11,5,9,19,44,92,30,12,30,24,0
0022200814,2023-02-06,GSW,141,45,11,34,43,6,3,16,17,56,97,50,26,7,3,OKC,114,36,7,29,21,8,3,11,10,44,91,32,11,21,15,1
0022200820,2023-02-07,DEN,146,44,6,38,44,12,5,11,21,58,93,27,13,22,17,MIN,112,36,8,28,24,6,7,17,16,40,85,35,10,26,22,1
0022200816,2023-02-07,ORL,98,41,9,32,23,4,4,11,19,37,79,25,6,24,18,NYK,102,43,11,32,21,6,2,11,22,37,81,43,15,19,13,0
0022200817,2023-02-07,BKN,112,36,5,31,25,11,2,17,21,38,79,28,9,31,27,PHX,116,48,16,32,31,10,4,15,24,43,92,31,9,28,21,0
0022200818,2023-02-07,NOP,116,47,13,34,28,8,2,10,19,45,91,32,12,21,14,ATL,107,41,10,31,30,4,6,12,21,38,85,36,12,25,19,1
0022200819,2023-02-07,MEM,104,39,5,34,22,10,7,14,21,39,81,33,11,21,15,CHI,89,49,11,38,24,9,3,20,16,32,87,35,7,27,18,1
0022200821,2023-02-07,LAL,130,41,6,35,27,8,3,21,19,49,85,31,14,26,18,OKC,133,37,7,30,32,12,2,13,18,49,94,34,17,20,18,0
0022200828,2023-02-08,UTA,118,50,21,29,27,2,5,8,12,44,105,34,12,21,18,MIN,143,47,8,39,35,6,6,11,19,56,98,43,23,8,8,0
0022200825,2023-02-08,MIA,116,48,15,33,21,7,3,13,22,37,79,19,6,39,36,IND,111,31,5,26,24,3,5,11,25,38,78,33,15,28,20,1
0022200824,2023-02-08,BOS,106,44,5,39,25,2,5,15,19,40,76,35,19,10,7,PHI,99,37,8,29,20,9,3,7,16,37,83,31,10,20,15,1
0022200827,2023-02-08,HOU,128,44,15,29,25,4,7,19,21,47,86,22,10,28,24,SAC,130,31,10,21,29,10,4,9,15,46,92,30,10,30,28,0
0022200826,2023-02-08,TOR,112,51,9,42,21,11,7,17,19,43,88,28,10,21,16,SAS,98,39,7,32,24,11,4,16,18,35,87,32,9,27,19,1
0022200829,2023-02-08,LAC,104,40,9,31,21,10,4,11,18,38,86,33,12,21,16,DAL,110,44,8,36,26,7,6,18,20,41,78,35,17,17,11,0
0022200830,2023-02-08,POR,125,47,12,35,25,6,3,21,16,43,78,27,8,32,31,GSW,122,32,10,22,31,11,2,11,24,46,97,49,21,10,9,1
0022200822,2023-02-08,CLE,113,50,13,37,30,8,4,13,16,43,87,26,6,25,21,DET,85,32,9,23,19,8,6,14,21,30,81,32,8,18,17,1
0022200823,2023-02-08,WAS,118,52,11,41,29,4,12,17,17,44,87,37,15,17,15,CHA,104,40,12,28,23,11,5,7,17,39,93,31,9,21,17,1
0022200834,2023-02-09,LAL,106,43,11,32,23,2,2,12,19,42,89,18,7,21,15,MIL,115,51,16,35,24,5,7,11,20,45,99,47,12,18,13,0
0022200832,2023-02-09,ATL,116,59,20,39,23,6,4,19,22,43,95,29,10,27,20,PHX,107,35,9,26,24,14,10,11,19,39,86,30,7,29,22,1
0022200833,2023-02-09,BKN,116,49,11,38,26,8,1,11,20,39,91,44,17,25,21,CHI,105,46,8,38,15,4,2,12,16,42,91,26,5,21,16,1
0022200831,2023-02-09,ORL,115,47,15,32,24,12,6,10,16,47,97,27,9,19,12,DEN,104,39,7,32,24,6,5,16,15,39,84,33,10,24,16,1
0022200845,2023-02-10,LAC,106,35,3,32,17,5,7,10,12,42,85,33,11,14,11,MIL,119,49,9,40,28,8,4,11,13,45,90,39,17,16,12,0
0022200841,2023-02-10,MEM,128,44,9,35,27,12,6,19,19,49,84,25,10,27,20,MIN,107,35,7,28,25,7,4,18,20,41,88,37,15,12,10,1
0022200837,2023-02-10,PHI,119,40,6,34,27,8,2,8,15,44,84,38,14,22,17,NYK,108,35,4,31,23,1,5,12,17,43,81,32,11,16,11,1
0022200836,2023-02-10,IND,104,38,11,27,23,9,3,15,16,36,85,39,11,28,21,PHX,117,53,19,34,25,13,2,17,24,43,93,33,10,24,21,0
0022200835,2023-02-10,DET,138,62,21,41,29,6,5,16,29,46,107,37,7,49,39,SAS,131,51,13,38,21,7,3,19,32,45,107,42,14,34,27,1
0022200842,2023-02-10,NOP,107,34,11,23,25,8,3,14,18,39,82,24,9,25,20,CLE,118,41,12,29,28,9,5,14,22,48,85,28,10,15,12,0
0022200844,2023-02-10,SAC,114,38,5,33,21,2,4,14,19,39,72,27,9,32,27,DAL,122,39,11,28,34,4,0,12,19,43,88,43,18,19,18,0
0022200840,2023-02-10,MIA,97,40,6,34,21,11,6,17,23,32,77,38,12,22,21,HOU,95,47,10,37,23,11,4,18,21,35,84,30,7,24,18,1
0022200843,2023-02-10,POR,129,32,9,23,29,3,5,20,27,42,76,40,16,31,29,OKC,138,29,10,19,29,9,3,11,26,47,83,24,12,35,32,0
0022200839,2023-02-10,TOR,116,40,9,31,28,11,3,13,30,41,91,34,12,30,22,UTA,122,46,9,37,31,6,6,17,20,47,87,24,6,29,22,0
0022200838,2023-02-10,BOS,127,43,5,38,34,7,7,15,22,44,89,55,25,17,14,CHA,116,47,11,36,26,9,6,13,18,45,93,23,8,26,18,1
0022200853,2023-02-11,GSW,103,43,7,36,31,11,6,16,21,40,96,44,12,12,11,LAL,109,52,10,42,19,4,4,16,12,40,89,25,8,26,21,0
0022200848,2023-02-11,ORL,103,44,12,32,22,12,5,18,24,37,87,29,11,23,18,MIA,107,46,11,35,24,7,6,20,22,37,85,39,12,23,21,0
0022200849,2023-02-11,WAS,127,40,8,32,32,5,7,18,16,48,75,26,12,22,19,IND,113,33,17,16,27,8,3,8,18,43,95,40,14,17,13,1
0022200846,2023-02-11,BKN,98,42,12,30,23,7,6,9,20,37,92,40,13,13,11,PHI,101,41,8,33,17,4,3,12,12,33,75,23,6,30,29,0
0022200850,2023-02-11,ATL,125,48,14,34,29,9,6,10,10,50,103,26,10,19,15,SAS,106,49,14,35,25,9,5,20,17,40,94,37,11,17,15,1
0022200852,2023-02-11,CLE,97,39,10,29,26,9,4,13,15,36,86,35,9,19,16,CHI,89,44,6,38,27,7,3,23,22,36,74,21,5,15,12,1
0022200854,2023-02-11,SAC,133,50,11,39,22,9,0,7,17,51,100,32,8,25,23,DAL,128,43,7,36,27,4,4,16,19,47,91,51,20,19,14,1
0022200847,2023-02-11,CHA,105,37,5,32,25,11,8,14,18,40,85,32,8,29,17,DEN,119,51,14,37,35,7,5,14,20,50,99,23,5,17,14,0
0022200851,2023-02-11,NYK,126,52,20,32,18,6,4,6,24,43,95,36,12,38,28,UTA,120,38,11,27,23,3,7,12,24,45,88,32,9,28,21,1
0022200855,2023-02-12,BOS,119,55,15,40,28,5,3,11,14,39,88,51,21,26,20,MEM,109,34,3,31,24,4,5,8,22,42,84,34,12,21,13,1
0022200856,2023-02-12,TOR,119,40,13,27,21,5,8,8,26,42,87,30,11,36,24,DET,118,32,6,26,25,3,4,18,26,40,79,34,13,32,25,1
0022200867,2023-02-13,POR,127,42,8,34,27,7,9,7,15,46,97,47,23,13,12,LAL,115,56,14,42,24,6,5,13,16,42,95,37,12,21,19,1
0022200865,2023-02-13,DAL,121,33,9,24,21,5,1,11,21,43,84,39,13,29,22,MIN,124,39,10,29,28,8,2,12,26,48,83,29,9,26,19,0
0022200862,2023-02-13,NYK,124,38,6,32,18,4,3,8,24,45,82,34,15,26,19,BKN,106,39,10,29,18,3,3,10,19,35,78,29,12,33,24,1
0022200863,2023-02-13,CHI,91,44,10,34,17,8,3,16,21,35,86,21,3,19,18,ORL,100,42,7,35,24,8,6,18,19,38,81,27,8,19,16,0
0022200858,2023-02-13,CLE,117,36,11,25,21,8,6,14,16,44,78,28,9,25,20,SAS,109,35,11,24,27,10,1,18,21,43,85,21,8,20,15,1
0022200857,2023-02-13,CHA,144,35,3,32,36,5,5,17,19,53,84,37,20,23,18,ATL,138,42,16,26,26,9,4,12,15,53,108,28,11,21,21,1
0022200864,2023-02-13,OKC,100,43,14,29,20,8,3,17,17,38,90,33,9,18,15,NOP,103,33,4,29,19,13,8,19,21,39,74,30,9,18,16,0
0022200861,2023-02-13,MIA,108,34,9,25,25,9,4,9,14,39,89,35,12,20,18,DEN,112,39,6,33,34,3,4,13,18,44,76,28,11,15,13,0
0022200860,2023-02-13,PHI,123,38,7,31,26,11,7,16,24,46,82,34,15,17,16,HOU,104,42,15,27,17,10,2,17,15,35,86,24,6,31,28,1
0022200859,2023-02-13,IND,117,32,8,24,30,11,7,11,21,46,91,34,11,20,14,UTA,123,46,11,35,24,5,3,19,17,43,85,33,15,25,22,0
0022200866,2023-02-13,GSW,135,34,11,23,40,10,0,16,19,52,89,40,20,15,11,WAS,126,33,9,24,26,10,3,17,15,48,80,28,12,21,18,1
0022200868,2023-02-14,TOR,123,40,13,27,31,9,11,20,16,50,83,24,8,20,15,ORL,113,29,9,20,26,6,2,19,17,43,84,31,13,18,14,1
0022200870,2023-02-14,PHX,120,37,8,29,33,12,4,15,17,50,88,22,7,16,13,SAC,109,40,13,27,23,8,4,17,21,37,83,38,14,24,21,1
0022200869,2023-02-14,MIL,131,52,10,42,29,6,3,19,23,43,90,42,18,35,27,BOS,125,44,8,36,28,8,1,13,26,46,99,50,17,20,16,1
0022200871,2023-02-14,LAC,134,36,12,24,33,5,4,8,22,49,92,36,17,22,19,GSW,124,36,8,28,28,2,1,11,22,45,83,34,15,27,19,1
0022200872,2023-02-14,POR,101,37,12,25,20,9,5,12,19,36,86,42,12,24,17,WAS,126,44,5,39,28,5,2,16,17,45,79,33,17,22,19,0
0022200878,2023-02-15,BKN,116,36,5,31,26,3,5,11,27,41,77,39,17,20,17,MIA,105,41,12,29,19,4,3,8,18,38,83,28,8,29,21,1
0022200876,2023-02-15,ATL,101,40,8,32,25,6,7,5,18,40,97,26,5,21,16,NYK,122,55,10,45,16,2,4,10,21,45,96,43,14,22,18,0
0022200873,2023-02-15,CHA,120,58,15,43,26,8,12,16,17,43,96,35,14,29,20,SAS,110,58,20,38,24,7,6,15,24,41,107,38,13,20,15,1
0022200875,2023-02-15,PHI,118,38,8,30,24,7,4,12,22,39,78,27,13,29,27,CLE,112,35,10,25,23,7,5,8,17,41,82,30,10,25,20,1
0022200882,2023-02-15,LAL,120,43,6,37,32,5,8,11,23,44,83,37,10,36,22,NOP,102,50,13,37,24,5,3,15,28,39,89,25,7,24,17,1
0022200874,2023-02-15,IND,117,41,6,35,27,6,5,19,19,39,82,43,18,22,21,CHI,113,38,6,32,23,10,6,14,21,41,84,35,15,21,16,1
0022200881,2023-02-15,DEN,118,43,6,37,34,7,5,13,14,48,84,31,11,15,11,DAL,109,31,6,25,25,8,3,12,13,39,84,39,14,20,17,1
0022200880,2023-02-15,OKC,133,49,10,39,21,8,4,11,21,42,87,34,9,47,40,HOU,96,47,14,33,20,5,7,18,33,30,89,37,10,38,26,1
0022200879,2023-02-15,MEM,117,46,17,29,24,13,9,4,21,43,107,40,14,25,17,UTA,111,61,15,46,24,2,8,24,20,42,91,36,12,19,15,1
0022200877,2023-02-15,BOS,127,43,8,35,30,10,5,11,18,49,92,45,21,10,8,DET,109,35,6,29,24,6,4,14,16,43,84,29,11,16,12,1
0022200883,2023-02-16,CHI,100,51,15,36,19,4,2,6,17,37,97,32,10,21,16,MIL,112,52,9,43,24,4,7,9,16,40,88,47,18,18,14,0
0022200885,2023-02-16,PHX,107,38,7,31,30,10,2,14,24,42,89,31,11,16,12,LAC,116,43,8,35,29,8,2,14,19,40,82,34,11,27,25,0
0022200884,2023-02-16,MIN,106,53,16,37,21,8,5,18,16,39,95,29,8,22,20,WAS,114,49,13,36,25,13,6,16,14,43,95,35,14,17,14,0
0022200894,2023-02-23,SAC,133,49,12,37,27,9,4,18,16,47,85,34,14,31,25,POR,116,33,9,24,26,12,3,13,23,43,93,38,16,17,14,1
0022200891,2023-02-23,DAL,142,36,3,33,27,10,5,7,18,46,82,42,22,36,28,SAS,116,45,10,35,30,4,1,17,25,45,86,25,10,23,16,1
0022200887,2023-02-23,IND,138,37,10,27,33,10,5,15,23,49,94,49,22,22,18,BOS,142,51,20,31,31,7,6,15,18,51,99,39,18,26,22,0
0022200890,2023-02-23,TOR,115,48,11,37,17,10,5,12,20,43,92,31,9,25,20,NOP,110,43,6,37,23,6,2,13,19,39,84,30,13,25,19,1
0022200886,2023-02-23,CLE,109,41,13,28,24,10,2,11,21,43,90,26,6,20,17,DEN,115,47,18,29,30,7,4,16,20,39,84,36,17,23,20,0
0022200893,2023-02-23,LAL,124,58,10,48,30,8,3,16,20,42,86,30,16,34,24,GSW,111,48,17,31,24,10,3,10,23,40,105,49,14,21,17,1
0022200892,2023-02-23,UTA,120,58,17,41,26,8,10,22,29,42,100,48,13,27,23,OKC,119,54,20,34,23,8,3,11,23,45,112,37,8,27,21,1
0022200889,2023-02-23,PHI,110,43,7,36,25,3,10,12,26,34,84,36,13,36,29,MEM,105,49,13,36,22,5,7,11,27,34,87,32,7,36,30,1
0022200888,2023-02-23,ORL,108,46,12,34,27,7,6,14,19,39,95,31,12,23,18,DET,106,45,6,39,22,5,7,21,25,37,81,34,17,19,15,1
0022200897,2023-02-24,MIL,128,57,10,47,27,6,1,12,18,47,98,46,19,19,15,MIA,99,45,9,36,21,5,5,10,17,36,92,40,9,25,18,1
0022200900,2023-02-24,CHI,131,57,12,45,25,6,4,11,15,50,88,26,12,28,19,BKN,87,31,5,26,21,6,3,14,25,30,81,44,12,19,15,1
0022200895,2023-02-24,WAS,109,34,3,31,25,6,6,19,20,39,79,44,19,12,12,NYK,115,43,12,31,21,9,2,12,17,45,92,29,12,16,13,0
0022200902,2023-02-24,LAC,175,42,7,35,39,8,3,25,27,59,98,45,26,36,31,SAC,176,43,12,31,33,18,3,15,28,65,111,41,18,35,28,0
0022200896,2023-02-24,ATL,136,42,5,37,28,7,8,14,21,50,85,28,15,23,21,CLE,119,35,10,25,20,9,6,11,23,40,88,35,13,29,26,1
0022200901,2023-02-24,GSW,116,47,7,40,27,3,3,19,20,37,78,54,26,18,16,HOU,101,44,13,31,23,12,3,7,18,36,92,35,11,22,18,1
0022200899,2023-02-24,PHX,124,54,15,39,23,5,5,11,22,42,90,38,14,32,26,OKC,115,47,14,33,27,5,2,9,21,41,95,38,15,24,18,1
0022200898,2023-02-24,MIN,113,45,7,38,25,6,11,16,20,46,93,33,11,16,10,CHA,121,52,11,41,25,10,4,11,17,43,92,28,10,28,25,0
0022200904,2023-02-25,CHA,108,48,11,37,20,10,2,15,22,38,88,31,10,27,22,MIA,103,42,7,35,24,7,3,18,25,32,80,36,11,34,28,1
0022200905,2023-02-25,ORL,108,55,15,40,16,4,8,14,19,35,90,29,6,38,32,IND,121,45,10,35,35,9,8,10,24,48,99,40,15,14,10,0
0022200909,2023-02-25,UTA,118,56,15,41,29,5,11,16,16,43,92,28,10,28,22,SAS,102,41,9,32,21,5,6,10,21,38,97,34,9,21,17,1
0022200908,2023-02-25,PHI,107,42,8,34,19,8,3,10,13,35,78,27,9,35,28,BOS,110,44,9,35,20,6,4,13,22,43,86,36,16,12,8,0
0022200906,2023-02-25,NYK,128,54,11,43,24,1,7,19,22,45,88,48,19,23,19,NOP,106,39,13,26,25,11,0,7,15,40,102,38,8,21,18,1
0022200907,2023-02-25,MEM,112,50,11,39,25,10,3,12,13,45,95,44,15,8,7,DEN,94,48,11,37,22,4,4,15,13,36,89,37,11,14,11,1
0022200903,2023-02-25,DET,91,62,17,45,26,4,5,16,27,38,94,24,6,14,9,TOR,95,46,10,36,22,9,5,8,18,33,88,26,7,34,22,0
0022200913,2023-02-26,DAL,108,48,11,37,21,5,5,17,24,39,93,49,20,14,10,LAL,111,56,17,39,25,9,4,11,17,42,97,34,6,28,21,0
0022200916,2023-02-26,GSW,109,56,16,40,23,11,5,18,19,39,91,42,15,22,16,MIN,104,43,10,33,26,11,8,16,18,38,90,45,17,21,11,1
0022200911,2023-02-26,ATL,129,46,13,33,20,7,2,16,18,45,90,30,16,28,23,BKN,127,37,6,31,20,12,6,10,21,43,87,39,14,29,27,1
0022200910,2023-02-26,MIL,104,45,11,34,15,4,7,12,20,38,87,45,13,21,15,PHX,101,55,19,36,21,4,5,12,22,40,95,24,8,22,13,1
0022200915,2023-02-26,OKC,115,37,9,28,24,10,0,14,19,41,86,40,16,23,17,SAC,124,48,13,35,32,7,1,20,21,45,85,43,18,24,16,0
0022200917,2023-02-26,POR,131,37,6,31,20,7,7,14,21,42,77,39,20,35,27,HOU,114,48,18,30,24,7,2,14,26,45,100,26,7,25,17,1
0022200918,2023-02-26,DEN,134,50,11,39,35,10,3,16,23,49,96,39,13,31,23,LAC,124,38,6,32,24,11,5,13,25,44,90,34,11,30,25,1
0022200914,2023-02-26,CLE,118,45,8,37,31,7,5,14,17,44,84,36,18,14,12,TOR,93,43,13,30,19,4,4,14,16,36,93,25,9,15,12,1
0022200912,2023-02-26,CHI,102,39,8,31,21,7,3,11,19,40,79,30,8,17,14,WAS,82,42,12,30,22,5,1,16,18,32,76,28,6,23,12,1
0022200920,2023-02-27,PHI,99,39,9,30,20,7,3,20,24,32,73,27,10,28,25,MIA,101,37,12,25,21,10,3,13,20,35,81,37,15,22,16,0
0022200922,2023-02-27,NOP,93,38,9,29,23,9,2,17,26,34,76,27,6,23,19,ORL,101,43,11,32,21,9,1,17,20,36,79,34,9,26,20,0
0022200921,2023-02-27,NYK,109,44,7,37,20,6,3,15,11,37,78,31,12,34,23,BOS,94,35,7,28,21,5,8,12,22,37,84,42,9,14,11,1
0022200919,2023-02-27,CHA,117,46,7,39,24,8,3,17,22,43,83,26,13,22,18,DET,106,39,10,29,18,12,3,9,18,42,92,26,3,27,19,1
0022200927,2023-02-28,MEM,121,47,14,33,25,13,6,7,17,51,112,31,6,17,13,LAL,109,56,14,42,22,5,10,26,19,38,86,34,13,23,20,1
0022200924,2023-02-28,BKN,104,38,3,35,25,12,6,18,19,36,83,36,12,25,20,MIL,118,55,11,44,32,10,3,17,21,50,102,37,14,12,4,0
0022200932,2023-02-28,LAC,101,44,9,35,24,11,3,25,17,35,83,28,11,23,20,MIN,108,46,10,36,22,14,8,19,20,43,90,26,9,22,13,0
0022200929,2023-02-28,DAL,122,38,9,29,28,5,3,7,29,46,91,37,12,28,18,IND,124,41,5,36,25,3,8,9,19,41,78,28,11,40,31,0
0022200931,2023-02-28,GSW,123,46,12,34,34,5,2,18,19,49,91,30,12,16,13,POR,105,33,9,24,26,8,4,13,17,37,86,39,12,22,19,1
0022200928,2023-02-28,OKC,117,42,12,30,28,9,1,10,23,43,98,35,11,24,20,SAC,123,51,8,43,34,3,4,20,21,43,82,42,15,30,22,0
0022200930,2023-02-28,UTA,94,52,14,38,15,8,9,20,15,30,85,34,10,36,24,SAS,102,45,9,36,23,9,5,14,22,39,91,26,8,25,16,0
0022200925,2023-02-28,TOR,104,47,19,28,26,11,6,12,17,38,94,42,15,19,13,CHI,98,35,6,29,28,6,7,20,18,37,71,25,10,17,14,1
0022200926,2023-02-28,HOU,112,40,10,30,33,5,6,13,16,48,97,31,9,10,7,DEN,133,43,11,32,40,8,5,11,10,53,92,37,16,16,11,0
0022200923,2023-02-28,ATL,116,42,13,29,21,4,7,9,17,43,93,35,13,19,17,WAS,119,48,16,32,19,6,5,9,15,48,97,21,6,20,17,0
0022200940,2023-03-01,OKC,117,42,12,30,29,8,4,13,27,44,91,40,11,24,18,LAL,123,41,10,31,22,8,8,13,19,38,80,35,16,39,31,0
0022200937,2023-03-01,NYK,142,46,7,39,28,5,3,16,21,54,89,35,20,21,14,BKN,118,31,5,26,26,6,5,14,21,42,90,39,15,20,19,1
0022200939,2023-03-01,MIL,139,46,8,38,29,4,1,8,23,49,94,56,26,19,15,ORL,117,50,12,38,22,3,5,13,18,43,94,33,9,29,22,1
0022200936,2023-03-01,MIA,96,33,5,28,18,3,2,13,17,34,78,29,7,23,21,PHI,119,41,9,32,25,6,5,9,20,41,83,39,15,22,22,0
0022200933,2023-03-01,CHA,91,48,12,36,20,3,7,14,17,32,88,33,9,28,18,PHX,105,48,5,43,30,8,9,13,22,42,89,25,9,15,12,0
0022200935,2023-03-01,BOS,117,43,7,36,27,5,4,13,18,39,78,32,16,28,23,CLE,113,38,10,28,21,8,3,7,18,45,92,32,10,21,13,1
0022200941,2023-03-01,POR,110,41,12,29,18,5,8,14,18,36,81,38,11,29,27,NOP,121,41,11,30,23,9,4,6,20,46,89,25,9,23,20,0
0022200934,2023-03-01,DET,115,40,7,33,23,8,2,17,23,39,78,35,14,28,23,CHI,117,40,10,30,27,9,4,15,22,41,85,27,12,31,23,0
0022200938,2023-03-01,HOU,99,49,17,32,17,4,5,13,18,36,90,34,11,25,16,MEM,113,44,8,36,27,6,9,8,21,40,83,41,17,19,16,0
0022200944,2023-03-02,SAS,110,50,13,37,31,5,6,17,14,45,98,32,10,13,10,IND,99,40,6,34,23,11,8,14,18,41,90,23,8,11,9,1
0022200943,2023-03-02,DAL,133,31,5,26,26,8,1,13,22,45,82,48,25,27,18,PHI,126,37,5,32,28,9,1,14,24,45,78,27,12,29,24,1
0022200945,2023-03-02,GSW,115,60,15,45,25,9,6,12,20,39,93,46,14,27,23,LAC,91,47,9,38,19,5,5,16,24,32,89,43,9,21,18,1
0022200942,2023-03-02,WAS,119,43,9,34,30,5,4,15,12,43,84,30,14,24,19,TOR,108,43,13,30,28,8,7,14,21,41,92,33,9,17,17,1
0022200955,2023-03-03,LAL,102,41,11,30,23,8,2,15,19,36,87,31,10,24,20,MIN,110,46,10,36,29,10,6,14,21,42,89,34,14,16,12,0
0022200948,2023-03-03,BOS,105,48,9,39,26,8,8,19,19,41,84,29,9,20,14,BKN,115,47,13,34,25,9,6,13,20,40,95,44,14,26,21,0
0022200949,2023-03-03,MIA,120,39,11,28,23,7,2,12,17,39,81,25,12,32,30,NYK,122,34,6,28,23,8,4,12,23,47,81,41,17,17,11,0
0022200946,2023-03-03,CHA,106,34,8,26,25,11,4,21,20,38,78,24,9,25,21,ORL,117,42,13,29,21,9,4,20,24,46,86,26,10,19,15,0
0022200950,2023-03-03,CHI,104,34,9,25,24,7,1,9,15,39,83,23,7,25,19,PHX,125,41,13,28,29,6,7,11,20,42,84,47,20,25,21,0
0022200947,2023-03-03,ATL,129,43,10,33,30,10,5,17,19,52,91,26,12,16,13,POR,111,34,9,25,22,11,7,18,15,41,87,39,13,20,16,1
0022200953,2023-03-03,GSW,108,43,9,34,28,7,4,18,22,40,78,31,10,20,18,NOP,99,29,7,22,20,9,4,13,22,34,77,29,10,27,21,1
0022200954,2023-03-03,SAC,128,45,9,36,26,3,2,11,22,46,87,33,10,26,26,LAC,127,32,6,26,31,7,3,7,24,47,87,41,14,27,19,1
0022200951,2023-03-03,OKC,130,40,11,29,31,12,5,7,22,52,104,43,17,14,9,UTA,103,48,10,38,24,5,14,26,18,38,78,29,9,23,18,1
0022200952,2023-03-03,DEN,113,53,13,40,28,6,5,10,21,40,87,31,8,31,25,MEM,97,40,10,30,24,6,6,11,24,31,84,32,11,31,24,1
0022200961,2023-03-04,SAC,134,39,11,28,25,5,1,6,21,49,89,27,14,30,22,MIN,138,40,6,34,31,4,6,12,21,48,80,39,20,31,22,0
0022200960,2023-03-04,MIL,130,43,11,32,30,3,3,13,23,44,83,34,17,28,25,PHI,133,32,9,23,24,5,1,6,21,42,84,37,18,37,31,0
0022200958,2023-03-04,MIA,117,43,12,31,31,5,3,20,19,42,83,35,13,23,20,ATL,109,37,10,27,22,12,1,16,23,37,79,30,9,30,26,1
0022200959,2023-03-04,SAS,110,42,13,29,24,9,3,15,20,38,86,37,15,20,19,HOU,122,45,14,31,26,9,5,16,24,49,87,23,8,22,16,0
0022200956,2023-03-04,WAS,109,43,9,34,26,9,5,24,16,38,75,24,14,22,19,TOR,116,34,10,24,30,14,4,14,21,47,90,30,12,14,10,0
0022200957,2023-03-04,CLE,114,39,8,31,29,14,8,12,18,45,91,34,14,18,10,DET,90,49,12,37,19,5,7,24,15,33,81,24,6,25,18,1
0022200973,2023-03-05,WAS,111,56,20,36,21,8,2,9,19,46,108,31,8,12,11,MIL,117,45,7,38,30,5,6,12,15,39,83,49,22,22,17,0
0022200969,2023-03-05,BOS,129,54,17,37,27,8,5,16,28,43,109,59,21,25,22,NYK,131,54,11,43,18,7,4,20,27,47,95,41,15,32,22,0
0022200963,2023-03-05,CHI,122,33,4,29,18,6,3,15,20,45,74,22,10,25,22,IND,125,35,13,22,27,5,6,9,18,48,94,44,16,16,13,0
0022200962,2023-03-05,DAL,126,31,5,26,15,5,0,10,22,38,77,38,15,38,35,PHX,130,41,9,32,27,5,2,9,28,49,89,34,12,25,20,0
0022200966,2023-03-05,ORL,119,38,6,32,29,11,2,11,25,42,84,31,11,31,24,POR,122,46,9,37,27,9,5,17,22,39,83,47,16,32,28,0
0022200967,2023-03-05,HOU,142,44,6,38,29,10,3,12,20,52,85,24,13,29,25,SAS,110,35,13,22,23,5,4,15,20,43,93,34,11,21,13,1
0022200964,2023-03-05,LAL,113,46,10,36,29,3,3,9,17,42,95,33,11,22,18,GSW,105,42,7,35,27,2,6,13,21,36,91,52,18,18,15,1
0022200968,2023-03-05,OKC,129,42,11,31,24,9,4,12,20,44,87,37,14,33,27,UTA,119,39,12,27,30,5,8,16,25,43,88,37,11,27,22,1
0022200970,2023-03-05,LAC,135,53,13,40,25,6,2,17,17,45,85,29,12,35,33,MEM,129,26,2,24,32,13,3,8,23,50,92,34,18,15,11,1
0022200965,2023-03-05,BKN,102,52,8,44,21,5,9,8,12,36,92,43,12,22,18,CHA,86,49,5,44,17,2,3,10,19,33,88,30,8,15,12,1
0022200972,2023-03-06,IND,143,30,5,25,28,8,4,9,24,53,90,37,15,31,22,PHI,147,36,5,31,37,6,5,12,26,48,82,34,16,38,35,0
0022200977,2023-03-06,DET,104,52,16,36,30,9,6,16,21,40,86,32,10,20,14,POR,110,38,5,33,28,7,6,11,17,38,78,33,15,25,19,0
0022200974,2023-03-06,MIA,130,32,8,24,27,6,4,11,17,41,77,29,16,37,32,ATL,128,37,12,25,28,5,0,11,25,51,92,29,9,23,17,1
0022200971,2023-03-06,CLE,118,58,16,42,27,4,7,15,20,43,96,34,12,25,20,BOS,114,52,15,37,25,5,5,14,21,42,101,48,16,21,14,1
0022200976,2023-03-06,SAC,123,33,6,27,39,7,3,11,12,47,83,38,16,20,13,NOP,108,40,7,33,29,6,4,16,19,43,80,29,11,14,11,1
0022200975,2023-03-06,DEN,118,41,12,29,30,9,2,14,12,43,86,33,13,23,19,TOR,113,41,11,30,29,6,4,15,20,43,86,27,10,20,17,1
0022200978,2023-03-07,ORL,123,38,10,28,24,7,0,13,22,50,100,30,9,19,14,MIL,134,38,3,35,28,5,5,17,18,46,78,28,10,34,32,0
0022200981,2023-03-07,HOU,96,48,15,33,14,6,1,19,22,36,83,26,7,24,17,BKN,118,36,5,31,23,12,7,12,21,40,81,40,15,29,23,0
0022200980,2023-03-07,MIN,94,34,6,28,19,9,7,11,16,34,86,36,11,21,15,PHI,117,54,8,46,21,8,6,16,17,40,81,25,15,23,22,0
0022200982,2023-03-07,OKC,137,44,13,31,28,10,2,18,17,50,94,37,17,24,20,GSW,128,33,8,25,36,8,3,21,21,47,89,51,20,16,14,1
0022200983,2023-03-07,DAL,120,43,3,40,24,10,6,17,20,42,89,45,19,22,17,UTA,116,47,6,41,23,10,4,16,23,41,92,44,15,25,19,1
0022200984,2023-03-07,LAL,112,57,7,50,27,4,2,15,18,41,90,28,7,29,23,MEM,103,45,6,39,18,6,6,7,25,36,93,37,9,29,22,1
0022200769,2023-03-07,DET,117,30,10,20,29,6,3,12,16,43,84,30,13,22,18,WAS,119,37,9,28,27,9,5,15,20,47,81,25,12,17,13,0
0022200979,2023-03-07,NYK,105,39,10,29,18,3,4,8,18,38,89,40,11,24,18,CHA,112,42,10,32,27,2,5,12,20,42,85,32,12,21,16,0
0022200986,2023-03-08,BOS,115,45,5,40,26,9,2,11,20,42,88,49,18,20,13,POR,93,47,6,41,18,5,2,16,19,30,82,39,11,27,22,1
0022200985,2023-03-08,WAS,120,39,6,33,34,9,1,19,16,47,83,29,12,17,14,ATL,122,36,8,28,26,11,5,11,17,45,85,29,12,26,20,0
0022200987,2023-03-08,MIA,100,37,10,27,22,7,4,24,19,35,70,29,8,29,22,CLE,104,32,7,25,26,13,3,17,23,39,80,28,9,19,17,0
0022200989,2023-03-08,DEN,96,44,11,33,26,5,2,11,16,37,88,40,15,15,7,CHI,117,50,9,41,26,9,2,9,16,46,89,24,8,18,17,0
0022200988,2023-03-08,NOP,113,49,9,40,32,4,6,15,19,42,83,27,13,18,16,DAL,106,34,5,29,24,7,0,9,18,38,88,46,16,19,14,1
0022200990,2023-03-08,PHX,132,54,14,40,31,10,7,15,17,49,94,43,20,16,14,OKC,101,37,7,30,23,9,2,16,13,33,88,43,15,21,20,1
0022200991,2023-03-08,LAC,108,44,9,35,23,9,4,17,18,39,71,20,6,31,24,TOR,100,41,15,26,21,12,2,12,23,37,96,32,13,14,13,1
0022200995,2023-03-09,MIL,118,61,20,41,33,8,12,16,14,44,104,50,19,14,11,BKN,113,47,15,32,20,10,4,14,12,41,104,36,14,17,17,1
0022200997,2023-03-09,SAC,122,42,6,36,28,10,3,12,21,44,84,32,10,32,24,NYK,117,58,23,35,27,8,1,14,25,42,101,50,13,31,20,1
0022200996,2023-03-09,MEM,131,42,9,33,36,6,3,14,18,50,93,40,18,18,13,GSW,110,32,8,24,25,9,3,17,17,36,82,45,15,24,23,1
0022200993,2023-03-09,IND,134,42,8,34,34,12,15,12,21,48,100,45,18,21,20,HOU,125,58,20,38,18,6,6,17,22,49,107,17,6,29,21,1
0022200994,2023-03-09,ORL,124,36,12,24,21,9,4,10,16,44,94,34,16,31,20,UTA,131,42,11,31,27,7,8,18,26,49,88,34,13,21,20,0
0022200992,2023-03-09,DET,103,48,17,31,20,5,4,19,22,40,89,21,7,20,16,CHA,113,44,13,31,24,11,9,13,18,43,86,24,8,32,19,0
0022201001,2023-03-10,MIN,123,47,12,35,29,10,6,14,21,48,98,30,9,29,18,BKN,124,48,12,36,20,7,5,15,26,42,91,34,16,33,24,0
0022200998,2023-03-10,PHI,120,42,12,30,25,7,4,10,24,43,83,30,11,29,23,POR,119,36,5,31,24,6,3,9,17,42,80,36,15,30,20,1
0022200999,2023-03-10,WAS,107,43,7,36,27,8,6,15,17,43,88,27,7,18,14,ATL,114,46,13,33,25,9,4,14,17,42,95,31,15,19,15,0
0022201000,2023-03-10,MIA,119,46,11,35,22,7,4,16,20,42,82,29,14,23,21,CLE,115,34,8,26,25,5,6,11,20,40,86,43,18,21,17,1
0022201002,2023-03-10,SAS,128,50,13,37,31,10,0,19,20,51,94,33,13,17,13,DEN,120,33,8,25,32,14,4,14,14,44,90,35,13,20,19,1
0022201003,2023-03-10,LAL,122,35,5,30,28,8,8,21,10,45,80,30,13,19,19,TOR,112,37,10,27,29,14,3,13,16,46,92,28,10,13,10,1
0022201007,2023-03-11,ORL,126,54,15,39,34,10,10,19,20,48,99,37,13,20,17,MIA,114,35,5,30,19,8,2,17,17,42,94,37,11,20,19,1
0022201012,2023-03-11,GSW,125,65,18,47,33,12,4,15,15,46,112,55,23,11,10,MIL,116,48,7,41,28,9,7,17,14,43,100,51,21,11,9,1
0022201004,2023-03-11,LAC,106,39,7,32,22,3,4,10,20,42,87,30,10,16,12,NYK,95,54,20,34,21,5,3,10,17,32,90,31,7,27,24,1
0022201006,2023-03-11,DET,115,42,12,30,25,7,7,12,24,43,94,34,11,27,18,IND,121,58,18,40,24,7,6,14,20,43,93,35,9,34,26,0
0022201013,2023-03-11,PHX,119,40,7,33,30,11,3,14,26,44,89,44,13,22,18,SAC,128,39,8,31,19,10,2,15,19,41,85,35,15,37,31,0
0022201008,2023-03-11,ATL,125,48,13,35,24,4,4,10,17,50,100,34,10,16,15,BOS,134,40,5,35,35,6,6,9,21,52,95,42,20,12,10,0
0022201009,2023-03-11,HOU,111,33,6,27,28,10,3,16,19,41,85,34,16,17,13,CHI,119,44,13,31,25,7,9,14,17,44,86,32,15,22,16,0
0022201010,2023-03-11,MEM,112,45,11,34,25,7,5,11,16,41,86,38,10,24,20,DAL,108,43,10,33,25,4,3,11,17,39,85,43,15,23,15,1
0022201011,2023-03-11,NOP,96,43,8,35,23,3,4,22,25,34,81,34,12,19,16,OKC,110,38,4,34,17,11,2,12,17,37,80,28,9,32,27,0
0022201005,2023-03-11,CHA,111,43,11,32,24,5,14,7,15,40,98,40,17,15,14,UTA,119,60,20,40,22,4,4,11,17,46,103,32,9,20,18,0
0022201014,2023-03-12,DEN,120,49,15,34,27,4,8,15,19,45,90,31,12,24,18,BKN,122,28,4,24,32,11,2,10,21,42,84,44,17,24,21,0
0022201019,2023-03-12,LAL,108,37,10,27,24,6,2,11,17,43,89,36,12,17,10,NYK,112,46,12,34,18,8,3,11,18,42,88,37,11,21,17,0
0022201017,2023-03-12,NOP,127,43,8,35,35,11,7,15,19,43,86,40,19,29,22,POR,110,46,10,36,26,10,2,19,21,43,88,33,10,20,14,1
0022201015,2023-03-12,CHA,108,43,7,36,25,8,5,19,26,41,80,21,10,22,16,CLE,114,40,11,29,18,8,3,10,22,41,87,27,7,34,25,0
0022201018,2023-03-12,SAS,90,50,10,40,24,3,7,19,18,33,88,36,10,19,14,OKC,102,55,12,43,26,8,3,9,19,36,95,39,10,23,20,0
0022201016,2023-03-12,PHI,112,42,9,33,29,6,10,9,19,41,80,29,11,23,19,WAS,93,35,6,29,19,4,5,10,20,34,84,26,6,23,19,1
0022201026,2023-03-13,SAC,124,45,15,30,31,4,2,9,21,46,104,50,21,15,11,MIL,133,43,5,38,29,2,4,13,18,50,86,33,15,22,18,0
0022201021,2023-03-13,ATL,115,51,18,33,17,6,4,16,19,44,97,22,4,28,23,MIN,136,37,5,32,39,12,10,13,22,54,92,28,12,23,16,0
0022201020,2023-03-13,DET,117,52,19,33,28,10,5,15,21,48,100,36,14,10,7,IND,97,42,13,29,23,7,5,16,15,36,86,34,10,24,15,1
0022201025,2023-03-13,GSW,123,41,9,32,28,8,6,16,21,45,83,39,19,24,14,PHX,112,47,17,30,25,8,4,14,23,46,95,21,4,22,16,1
0022201024,2023-03-13,HOU,111,48,15,33,27,9,2,11,21,40,90,35,11,27,20,BOS,109,38,10,28,19,7,5,14,22,39,87,42,12,21,19,1
0022201022,2023-03-13,MIA,119,37,9,28,20,12,4,13,13,37,79,34,14,36,31,UTA,115,48,16,32,31,7,4,18,25,43,90,38,16,18,13,1
0022201023,2023-03-13,DAL,88,41,8,33,23,3,3,13,16,35,90,46,12,8,6,MEM,104,47,7,40,23,9,3,16,17,38,83,37,12,19,16,0
0022201030,2023-03-14,NOP,108,41,15,26,23,9,3,12,24,42,98,43,11,20,13,LAL,123,52,15,37,24,8,2,18,16,40,82,39,18,28,25,0
0022201033,2023-03-14,PHX,104,41,8,33,23,7,3,11,26,41,95,23,8,16,14,MIL,116,46,13,33,24,8,6,13,15,40,85,39,12,37,24,0
0022201031,2023-03-14,OKC,121,51,14,37,22,9,0,11,25,45,99,33,11,23,20,BKN,107,46,11,35,25,3,5,17,20,35,82,41,12,34,25,1
0022201034,2023-03-14,POR,107,38,11,27,22,8,3,12,19,38,99,45,17,18,14,NYK,123,52,9,43,23,8,8,13,13,42,81,35,15,34,24,0
0022201032,2023-03-14,SAS,132,47,7,40,39,6,7,15,17,48,85,41,22,18,14,ORL,114,42,13,29,24,7,2,9,16,44,97,29,10,21,16,1
0022201027,2023-03-14,CHA,104,40,6,34,28,3,8,22,18,43,76,23,6,15,12,CLE,120,30,8,22,29,8,6,9,19,45,88,30,14,19,16,0
0022201029,2023-03-14,TOR,125,44,14,30,25,10,2,11,18,49,93,30,12,17,15,DEN,110,32,4,28,29,9,4,14,17,42,76,25,6,25,20,1
0022201028,2023-03-14,WAS,117,48,10,38,24,9,9,15,12,44,85,32,7,22,22,DET,97,44,19,25,18,8,3,11,19,38,99,34,10,12,11,1
0022201038,2023-03-15,HOU,114,51,16,35,22,5,3,18,29,47,89,29,8,19,12,LAL,110,36,11,25,21,7,3,10,17,34,90,44,11,37,31,1
0022201035,2023-03-15,CLE,109,33,12,21,20,6,2,12,18,40,85,41,14,22,15,PHI,118,46,13,33,24,8,6,20,21,39,75,36,17,27,23,0
0022201037,2023-03-15,CHI,114,48,13,35,28,13,4,15,24,38,97,42,16,25,22,SAC,117,45,5,40,26,6,3,20,19,38,78,42,18,29,23,0
0022201039,2023-03-15,MIN,102,46,8,38,27,3,2,13,23,37,84,36,12,22,16,BOS,104,44,8,36,20,7,5,11,22,34,84,40,12,30,24,0
0022201040,2023-03-15,SAS,128,47,16,31,26,7,4,10,30,49,107,34,15,26,15,DAL,137,52,10,42,23,4,4,19,25,44,86,33,17,37,32,0
0022201041,2023-03-15,LAC,134,44,16,28,30,11,1,8,18,46,96,34,16,32,26,GSW,126,36,7,29,28,5,1,16,25,49,88,36,17,15,11,1
0022201036,2023-03-15,MIA,138,41,8,33,33,8,5,13,16,49,82,29,13,33,27,MEM,119,39,12,27,29,6,1,16,20,46,91,46,18,14,9,1
0022201046,2023-03-16,PHX,116,35,7,28,26,7,5,14,22,43,90,35,13,17,17,ORL,113,47,11,36,25,7,3,19,20,43,86,28,8,23,19,1
0022201045,2023-03-16,MIL,123,44,9,35,26,5,4,12,16,47,89,32,11,26,18,IND,139,42,8,34,36,5,3,10,20,54,97,46,22,15,9,0
0022201043,2023-03-16,BKN,96,41,3,38,20,8,4,7,22,33,80,39,14,23,16,SAC,101,57,13,44,22,2,5,12,17,32,82,41,13,32,24,0
0022201042,2023-03-16,DET,100,37,13,24,24,8,3,17,20,39,85,27,12,18,10,DEN,119,47,13,34,29,9,7,10,15,47,89,24,8,25,17,0
0022201044,2023-03-16,TOR,128,59,19,40,29,10,6,10,20,47,97,32,14,28,20,OKC,111,39,11,28,18,5,4,13,17,40,94,31,13,20,18,1
0022201050,2023-03-17,CHI,139,47,6,41,23,9,6,12,21,51,94,24,11,30,26,MIN,131,50,14,36,33,6,8,16,24,46,100,42,18,31,21,1
0022201047,2023-03-17,CHA,82,35,7,28,20,10,6,14,16,29,86,35,5,26,19,PHI,121,62,14,48,24,9,9,15,19,46,92,32,10,25,19,0
0022201053,2023-03-17,POR,112,37,8,29,20,12,4,19,26,38,79,38,14,31,22,BOS,126,52,18,34,29,12,2,18,19,41,87,42,15,35,29,0
0022201051,2023-03-17,HOU,114,52,15,37,20,9,3,13,19,43,88,32,11,24,17,NOP,112,35,8,27,22,8,5,9,17,39,82,28,12,25,22,1
0022201054,2023-03-17,LAL,110,42,13,29,23,8,3,12,18,43,84,20,5,31,19,DAL,111,35,7,28,27,8,4,15,26,40,79,34,16,19,15,0
0022201048,2023-03-17,ATL,127,45,13,32,27,7,8,11,15,47,100,41,16,25,17,GSW,119,54,16,38,28,6,9,17,20,47,98,40,11,20,14,1
0022201052,2023-03-17,SAS,120,54,16,38,31,11,4,20,19,39,98,52,20,29,22,MEM,126,52,15,37,27,13,9,17,24,49,101,38,14,21,14,0
0022201049,2023-03-17,CLE,117,41,9,32,31,9,7,11,19,48,87,19,4,22,17,WAS,94,38,6,32,22,5,6,17,19,35,76,23,8,20,16,1
0022201060,2023-03-18,CHI,113,32,5,27,34,8,5,14,18,45,80,34,17,6,6,MIA,99,39,14,25,23,4,2,14,10,35,82,37,10,24,19,1
0022201058,2023-03-18,TOR,122,45,9,36,23,11,3,15,25,48,90,27,9,21,17,MIN,107,42,9,33,27,5,2,15,23,39,85,23,5,28,24,1
0022201056,2023-03-18,LAC,108,43,13,30,23,9,3,15,24,42,90,22,6,24,18,ORL,113,45,9,36,23,14,5,18,22,42,84,31,10,25,19,0
0022201057,2023-03-18,IND,121,41,12,29,28,5,5,17,17,45,87,31,12,20,19,PHI,141,30,6,24,31,11,6,8,17,54,88,35,15,22,18,0
0022201059,2023-03-18,WAS,118,46,12,34,27,6,5,10,18,41,91,36,13,27,23,SAC,132,44,7,37,34,7,7,8,22,48,86,37,22,23,14,0
0022201062,2023-03-18,UTA,118,56,17,39,29,3,5,7,14,42,97,41,17,22,17,BOS,117,40,5,35,30,2,2,8,17,42,88,51,22,16,11,1
0022201055,2023-03-18,NYK,116,43,15,28,23,9,4,12,16,41,83,32,9,28,25,DEN,110,33,6,27,30,3,2,13,21,43,84,33,12,15,12,1
0022201061,2023-03-18,MEM,133,39,11,28,35,5,5,7,24,52,95,38,18,17,11,GSW,119,42,15,27,27,3,8,13,21,39,91,35,13,34,28,1
0022201066,2023-03-19,DET,100,39,9,30,26,4,2,13,20,38,82,32,10,17,14,MIA,112,42,8,34,33,4,4,10,17,38,79,39,13,25,23,0
0022201070,2023-03-19,LAL,111,52,9,43,25,2,9,15,19,36,78,32,13,32,26,ORL,105,44,13,31,24,8,3,8,28,41,102,38,10,17,13,1
0022201064,2023-03-19,OKC,124,44,6,38,20,8,3,16,20,42,84,28,11,36,29,PHX,120,40,9,31,31,7,9,14,31,44,92,36,15,24,17,1
0022201065,2023-03-19,SAS,126,41,10,31,26,9,5,12,18,51,94,28,14,16,10,ATL,118,51,20,31,21,4,4,12,13,48,101,22,5,20,17,1
0022201067,2023-03-19,HOU,107,36,8,28,15,4,2,13,22,31,76,33,9,38,36,NOP,117,39,10,29,28,7,4,10,23,42,85,31,13,24,20,0
0022201063,2023-03-19,BKN,102,33,9,24,26,10,3,12,16,38,82,35,12,16,14,DEN,108,40,6,34,31,5,3,17,17,42,80,23,12,13,12,0
0022201069,2023-03-19,POR,102,40,11,29,24,7,9,15,14,37,82,29,6,24,22,LAC,117,49,18,31,26,11,3,10,18,43,94,28,12,23,19,0
0022201068,2023-03-19,MIL,118,45,7,38,35,3,8,12,13,43,82,45,16,21,16,TOR,111,41,9,32,25,6,4,7,15,44,99,34,14,12,9,1
0022201073,2023-03-20,NYK,134,34,7,27,26,7,3,17,22,48,85,28,14,28,24,MIN,140,34,7,27,34,9,4,15,24,51,83,24,14,32,24,0
0022201071,2023-03-20,CHA,115,37,10,27,26,12,6,11,22,41,90,31,10,32,23,IND,109,48,13,35,27,5,6,22,26,37,82,26,9,34,26,1
0022201076,2023-03-20,UTA,128,48,6,42,33,3,8,12,23,46,88,36,16,23,20,SAC,120,43,8,35,28,5,3,6,20,41,97,52,19,25,19,1
0022201072,2023-03-20,PHI,105,54,9,45,28,8,8,21,25,38,90,36,10,22,19,CHI,109,42,4,38,20,12,7,11,18,39,94,33,7,29,24,0
0022201075,2023-03-20,MEM,112,50,17,33,21,5,3,11,18,41,89,35,10,26,20,DAL,108,37,8,29,22,5,4,12,19,39,84,36,11,20,19,1
0022201074,2023-03-20,HOU,108,41,13,28,14,14,2,18,14,39,93,36,10,24,20,GSW,121,48,16,32,31,12,6,20,14,44,88,48,17,19,16,0
0022201080,2023-03-21,NOP,119,49,5,44,31,8,2,16,19,45,81,24,10,23,19,SAS,84,37,10,27,22,8,3,16,19,30,87,41,13,19,11,1
0022201081,2023-03-21,SAC,109,42,10,32,25,3,4,14,19,39,81,44,17,21,14,BOS,132,43,11,32,33,9,3,6,15,49,92,44,18,23,16,0
0022201079,2023-03-21,BKN,109,49,19,30,25,6,5,17,19,41,92,33,9,23,18,CLE,115,34,8,26,23,6,3,14,20,42,83,29,14,21,17,0
0022201082,2023-03-21,LAC,100,46,12,34,21,9,2,14,21,41,86,31,6,21,12,OKC,101,47,12,35,19,2,4,12,21,39,93,37,10,14,13,0
0022201077,2023-03-21,ORL,122,42,7,35,27,7,5,16,21,43,80,27,12,25,24,WAS,112,33,4,29,30,7,4,14,23,42,83,32,10,23,18,1
0022201078,2023-03-21,ATL,129,61,21,40,26,5,6,11,20,44,95,38,14,36,27,DET,107,35,9,26,20,8,2,10,26,37,91,40,13,24,20,1
0022201084,2023-03-22,MIA,127,29,2,27,28,9,1,10,18,45,79,28,16,26,21,NYK,120,42,9,33,29,7,5,17,25,42,82,40,16,25,20,1
0022201085,2023-03-22,TOR,114,40,13,27,21,11,7,10,22,39,89,34,7,39,29,IND,118,39,8,31,27,4,5,18,29,43,77,21,11,25,21,0
0022201087,2023-03-22,CHI,91,42,15,27,18,7,4,19,16,34,83,25,6,22,17,PHI,116,44,11,33,30,9,4,18,22,39,82,37,16,26,22,0
0022201092,2023-03-22,LAL,122,36,5,31,27,7,2,15,20,39,70,17,8,46,36,PHX,111,39,12,27,23,7,6,17,31,42,90,31,12,20,15,1
0022201091,2023-03-22,UTA,115,47,7,40,24,4,5,17,21,39,82,35,11,36,26,POR,127,43,7,36,28,9,5,9,24,45,93,41,13,30,24,0
0022201089,2023-03-22,MIL,130,54,10,44,24,10,4,15,14,51,98,43,15,24,13,SAS,94,46,8,38,26,7,6,19,21,36,93,39,9,20,13,1
0022201090,2023-03-22,MIN,125,42,11,31,27,7,3,11,20,45,92,26,11,29,24,ATL,124,41,9,32,28,6,6,17,25,45,85,26,12,25,22,1
0022201083,2023-03-22,WAS,104,37,10,27,20,4,4,7,15,44,87,26,4,16,12,DEN,118,41,11,30,28,7,2,10,18,42,83,32,15,21,19,0
0022201086,2023-03-22,DAL,125,31,8,23,27,7,2,10,17,44,89,40,17,28,20,GSW,127,44,11,33,33,7,5,13,20,50,90,39,12,18,15,0
0022201088,2023-03-22,MEM,130,36,12,24,27,8,4,11,21,45,87,36,12,33,28,HOU,125,48,20,28,27,6,3,16,25,48,93,33,12,23,17,1
0022201093,2023-03-23,ORL,111,43,8,35,25,8,7,16,19,40,87,32,13,21,18,NYK,106,44,13,31,26,8,8,13,15,37,88,40,12,26,20,1
0022201094,2023-03-23,BKN,114,42,9,33,24,7,7,16,21,39,81,34,12,27,24,CLE,116,40,13,27,24,7,7,10,21,42,89,32,12,26,20,0
0022201096,2023-03-23,LAC,127,42,8,34,34,9,5,15,9,47,84,37,18,20,15,OKC,105,40,13,27,24,6,3,14,20,41,93,39,13,11,10,1
0022201095,2023-03-23,NOP,115,52,11,41,26,11,0,11,14,45,98,34,11,15,14,CHA,96,38,4,34,24,8,4,17,17,38,83,37,9,16,11,1
0022201102,2023-03-24,UTA,116,51,20,31,28,6,5,11,15,40,104,40,11,34,25,MIL,144,50,9,41,42,6,11,13,20,55,99,50,22,16,12,0
0022201097,2023-03-24,BOS,120,49,9,40,28,11,6,15,15,44,93,42,18,19,14,IND,95,44,6,38,24,9,4,17,16,39,84,26,4,22,13,1
0022201103,2023-03-24,GSW,120,49,10,39,27,3,0,11,21,42,88,50,18,24,18,PHI,112,38,4,34,23,8,1,10,20,38,78,29,8,34,28,1
0022201105,2023-03-24,SAC,135,33,5,28,29,6,3,4,23,47,89,39,13,32,28,PHX,127,43,12,31,33,2,7,12,25,48,89,29,9,29,22,1
0022201098,2023-03-24,WAS,136,43,6,37,29,3,8,10,16,51,85,30,15,26,19,SAS,124,41,11,30,35,4,4,5,21,51,101,38,13,15,9,1
0022201104,2023-03-24,POR,96,31,8,23,23,10,5,14,14,37,86,31,6,18,16,CHI,124,47,11,36,33,6,8,17,19,48,84,28,17,14,11,0
0022201100,2023-03-24,MEM,151,35,5,30,36,12,7,11,19,57,93,42,25,14,12,HOU,114,38,10,28,25,7,3,16,14,47,87,23,7,21,13,1
0022201106,2023-03-24,LAL,116,53,16,37,20,9,4,11,14,42,91,34,12,28,20,OKC,111,45,12,33,21,6,5,10,19,40,92,36,14,19,17,1
0022201099,2023-03-24,TOR,118,46,15,31,25,12,9,11,24,41,92,37,13,29,23,DET,97,39,8,31,23,8,4,22,18,34,73,25,6,30,23,1
0022201101,2023-03-24,DAL,109,45,7,38,25,3,4,11,19,41,84,36,9,24,18,CHA,117,43,6,37,32,7,4,8,17,43,89,28,11,27,20,0
0022201109,2023-03-25,DEN,129,48,7,41,28,4,3,12,18,47,89,36,15,28,20,MIL,106,40,4,36,26,7,2,10,19,39,88,36,9,21,19,1
0022201108,2023-03-25,MIA,100,32,8,24,22,5,4,14,19,38,80,30,12,14,12,BKN,129,45,17,28,30,6,6,8,18,44,89,40,18,25,23,0
0022201107,2023-03-25,ATL,143,42,15,27,33,10,8,13,14,53,96,30,15,25,22,IND,130,32,10,22,33,7,7,17,18,52,96,37,14,12,12,1
0022201110,2023-03-25,PHX,125,45,13,32,35,4,9,8,22,47,93,32,15,19,16,PHI,105,36,8,28,21,3,7,13,16,34,78,31,13,27,24,1
0022201112,2023-03-25,LAC,110,31,2,29,29,9,6,20,14,39,75,33,15,21,17,NOP,131,45,12,33,36,11,3,16,21,51,96,34,21,9,8,0
0022201111,2023-03-25,SAC,121,42,14,28,30,11,1,9,13,44,95,43,16,21,17,UTA,113,45,11,34,30,3,7,17,14,47,91,28,9,16,10,1
0022201121,2023-03-26,GSW,96,37,6,31,25,9,2,16,19,34,82,40,15,17,13,MIN,99,49,9,40,25,10,2,17,20,34,80,40,17,25,14,0
0022201118,2023-03-26,ORL,119,47,9,38,30,7,3,11,21,45,85,22,7,28,22,BKN,106,44,15,29,17,7,8,15,20,37,91,35,8,28,24,1
0022201116,2023-03-26,BOS,137,61,9,52,29,4,11,15,18,52,91,44,18,21,15,SAS,93,38,3,35,22,7,0,10,16,36,97,36,8,18,13,1
0022201114,2023-03-26,LAL,108,38,8,30,24,5,4,18,18,38,75,36,13,28,19,CHI,118,42,8,34,32,8,2,9,23,47,87,31,14,13,10,0
0022201113,2023-03-26,CHA,110,58,14,44,27,6,2,14,18,39,88,29,12,24,20,DAL,104,37,3,34,18,8,7,8,24,32,84,49,19,22,21,1
0022201117,2023-03-26,CLE,108,41,13,28,20,5,7,11,16,39,83,30,9,24,21,HOU,91,36,12,24,20,6,1,19,22,35,80,25,6,18,15,1
0022201120,2023-03-26,POR,112,37,8,29,18,5,7,18,22,39,82,32,14,27,20,OKC,118,42,13,29,23,13,2,11,19,41,94,35,12,28,24,0
0022201115,2023-03-26,ATL,119,48,14,34,27,4,5,10,15,45,98,31,7,26,22,MEM,123,39,6,33,28,8,7,11,22,48,89,33,13,19,14,0
0022201119,2023-03-26,TOR,114,53,18,35,22,13,6,13,19,45,98,31,11,16,13,WAS,104,45,12,33,25,6,2,18,12,38,86,36,16,20,12,1
0022201122,2023-03-27,DET,117,47,14,33,22,5,0,10,20,41,92,24,7,36,28,MIL,126,50,15,35,28,5,4,9,23,45,95,45,14,26,22,0
0022201128,2023-03-27,SAC,115,42,12,30,16,4,4,10,23,39,84,27,5,40,32,MIN,119,40,11,29,33,6,3,6,27,44,86,24,9,34,22,0
0022201126,2023-03-27,DEN,116,42,10,32,34,8,4,12,16,43,85,32,11,22,19,PHI,111,40,11,29,18,10,3,11,20,43,89,30,8,22,17,1
0022201125,2023-03-27,UTA,103,47,10,37,25,2,7,13,19,38,86,36,9,27,18,PHX,117,49,18,31,31,7,7,7,20,43,101,36,11,22,20,0
0022201127,2023-03-27,POR,90,29,6,23,15,6,2,12,16,35,90,33,7,15,13,NOP,124,53,8,45,31,5,6,17,16,49,86,28,12,17,14,0
0022201129,2023-03-27,LAC,124,37,6,31,41,10,4,18,17,48,81,40,20,16,8,CHI,112,34,8,26,26,9,3,15,11,44,82,23,9,21,15,1
0022201123,2023-03-27,IND,104,43,14,29,20,6,3,14,19,39,93,28,8,23,18,DAL,127,33,4,29,29,7,8,13,23,47,83,37,18,17,15,0
0022201124,2023-03-27,NYK,137,39,7,32,35,11,8,11,20,50,86,39,17,28,20,HOU,115,40,13,27,24,6,4,14,18,42,87,26,7,29,24,1
0022201132,2023-03-28,TOR,106,47,15,32,32,8,7,9,13,45,93,36,8,9,8,MIA,92,43,12,31,18,6,3,16,10,32,80,33,10,19,18,1
0022201133,2023-03-28,MEM,113,49,7,42,26,11,6,17,17,42,88,34,12,23,17,ORL,108,47,8,39,24,9,8,16,15,41,100,49,14,15,12,1
0022201130,2023-03-28,WAS,130,43,6,37,33,7,3,11,13,54,99,37,13,13,9,BOS,111,38,7,31,29,5,8,12,14,45,93,44,11,11,10,1
0022201131,2023-03-28,ATL,120,51,14,37,25,5,3,15,16,41,89,27,12,33,26,CLE,118,40,10,30,20,5,6,8,24,47,93,25,9,22,15,1
0022201135,2023-03-28,GSW,120,41,11,30,32,11,4,19,18,43,82,40,18,22,16,NOP,109,41,11,30,30,6,4,19,18,42,90,27,12,14,13,1
0022201134,2023-03-28,OKC,134,39,7,32,25,11,3,11,21,50,96,30,11,29,23,CHA,137,52,15,37,34,6,7,18,24,52,94,35,14,30,19,0
0022201140,2023-03-29,CHI,110,32,6,26,31,10,4,14,22,45,88,33,9,13,11,LAL,121,45,13,32,22,10,3,16,14,45,86,20,7,30,24,0
0022201138,2023-03-29,NYK,101,47,9,38,22,8,3,16,14,38,76,31,13,23,12,MIA,92,35,6,29,20,5,0,11,18,35,79,39,13,14,9,1
0022201136,2023-03-29,IND,136,29,10,19,36,9,4,8,25,53,101,30,14,22,16,MIL,149,52,14,38,28,5,5,19,18,58,93,25,10,30,23,0
0022201144,2023-03-29,PHX,107,48,15,33,23,11,8,8,16,40,96,20,6,27,21,MIN,100,54,16,38,24,4,4,21,24,40,90,35,12,12,8,1
0022201145,2023-03-29,POR,80,45,8,37,18,5,6,14,15,30,93,39,9,12,11,SAC,120,59,10,49,30,9,4,10,11,42,92,48,18,24,18,0
0022201139,2023-03-29,PHI,116,43,11,32,26,9,4,11,19,37,80,36,17,30,25,DAL,108,40,8,32,24,3,3,14,22,38,83,46,18,18,14,1
0022201137,2023-03-29,BKN,123,41,8,33,33,4,9,12,18,44,82,35,17,27,18,HOU,114,52,20,32,21,9,2,10,18,46,98,30,9,21,13,1
0022201141,2023-03-29,MEM,132,45,14,31,26,8,4,13,20,49,95,32,11,28,23,LAC,141,32,3,29,28,8,4,16,21,48,78,37,22,31,23,0
0022201143,2023-03-29,SAS,117,39,9,30,31,10,4,15,16,45,95,35,10,21,17,UTA,128,45,8,37,28,5,6,16,17,49,90,31,12,20,18,0
0022201142,2023-03-29,OKC,107,38,10,28,19,7,3,10,18,39,87,29,10,25,19,DET,106,42,10,32,27,1,3,18,22,40,80,33,16,14,10,1
0022201146,2023-03-30,MIL,99,45,15,30,22,4,1,13,16,38,101,43,14,13,9,BOS,140,47,7,40,28,8,5,9,18,51,91,43,22,20,16,0
0022201147,2023-03-30,DEN,88,40,11,29,21,4,5,10,21,32,80,28,4,32,20,NOP,107,46,8,38,22,6,1,12,24,38,80,27,13,22,18,0
0022201157,2023-03-31,MIN,111,39,12,27,25,10,4,16,22,41,95,39,13,19,16,LAL,123,53,15,38,28,10,5,16,17,45,90,22,9,30,24,0
0022201154,2023-03-31,CLE,116,33,3,30,33,2,9,10,21,44,86,37,17,13,11,NYK,130,48,16,32,24,6,5,10,12,49,93,36,17,24,15,0
0022201151,2023-03-31,WAS,109,51,15,36,24,5,5,13,24,41,105,50,17,12,10,ORL,116,48,6,42,26,2,14,11,16,44,88,24,8,26,20,0
0022201159,2023-03-31,POR,114,33,9,24,29,9,6,20,15,40,85,38,19,23,15,SAC,138,41,8,33,38,11,7,13,21,54,88,39,19,15,11,0
0022201158,2023-03-31,GSW,130,45,14,31,37,5,4,15,18,47,93,49,21,21,15,SAS,115,46,14,32,27,8,4,15,20,42,91,38,15,23,16,1
0022201153,2023-03-31,BKN,124,41,9,32,33,9,3,13,17,49,88,33,15,13,11,ATL,107,46,16,30,23,6,3,11,14,39,91,37,8,23,21,1
0022201148,2023-03-31,CHA,91,36,4,32,27,3,5,22,21,35,77,37,14,10,7,CHI,121,42,9,33,25,12,4,7,13,45,88,31,13,22,18,0
0022201160,2023-03-31,PHX,100,51,13,38,28,8,7,16,16,37,88,27,10,21,16,DEN,93,51,15,36,19,11,5,11,16,38,95,26,6,20,11,1
0022201156,2023-03-31,MEM,108,51,12,39,25,11,7,15,16,43,96,33,9,17,13,LAC,94,50,12,38,26,5,8,18,14,34,90,35,11,18,15,1
0022201149,2023-03-31,IND,121,56,20,36,30,5,4,16,21,45,98,41,12,28,19,OKC,117,45,11,34,21,10,3,11,24,42,88,30,4,34,29,1
0022201150,2023-03-31,PHI,117,37,9,28,28,7,6,18,20,41,73,31,12,25,23,TOR,110,34,14,20,26,6,3,13,19,42,84,26,8,23,18,1
0022201152,2023-03-31,BOS,122,42,10,32,27,8,4,12,14,42,96,51,17,22,21,UTA,114,52,13,39,23,3,7,18,17,46,96,29,9,14,13,1
0022201155,2023-03-31,HOU,121,46,14,32,18,9,5,12,24,38,83,31,11,45,34,DET,115,40,13,27,24,7,7,12,28,43,89,35,11,27,18,1
0022201161,2023-04-01,MIA,129,36,10,26,27,6,0,11,16,45,86,37,13,29,26,DAL,122,31,1,30,32,3,2,14,23,47,77,34,14,16,14,1
0022201162,2023-04-01,NOP,122,40,14,26,21,6,5,7,15,42,86,17,7,35,31,LAC,114,37,11,26,25,5,4,13,29,42,85,29,11,23,19,1
0022201171,2023-04-02,HOU,109,44,16,28,23,4,4,10,18,44,102,34,13,10,8,LAL,134,51,11,40,36,4,8,6,9,52,93,30,9,28,21,0
0022201173,2023-04-02,CLE,115,43,13,30,23,7,7,13,22,44,90,24,9,26,18,IND,105,44,11,33,21,5,6,17,26,36,83,24,9,29,24,1
0022201174,2023-04-02,MIL,117,42,7,35,28,8,5,12,17,46,80,28,10,21,15,PHI,104,36,11,25,19,3,2,11,17,40,87,36,12,13,12,1
0022201172,2023-04-02,OKC,118,41,13,28,21,7,0,8,23,36,88,32,11,41,35,PHX,128,38,5,33,31,4,6,13,30,46,81,34,13,28,23,0
0022201166,2023-04-02,MIN,105,47,7,40,29,3,5,18,17,38,79,26,11,23,18,POR,107,42,11,31,29,12,3,10,26,43,93,30,9,20,12,0
0022201170,2023-04-02,SAC,134,43,13,30,24,9,5,15,23,49,103,44,11,32,25,SAS,142,52,14,38,31,8,3,18,25,52,98,34,13,29,25,0
0022201167,2023-04-02,ATL,132,53,16,37,28,10,3,11,22,51,108,35,12,22,18,DAL,130,47,10,37,24,4,3,14,15,49,95,38,10,32,22,1
0022201175,2023-04-02,DEN,112,47,17,30,24,11,7,13,17,44,100,33,9,18,15,GSW,110,57,22,35,26,9,4,15,22,42,105,42,9,17,17,1
0022201163,2023-04-02,CHA,108,37,10,27,26,3,4,18,11,42,85,31,15,13,9,TOR,128,45,15,30,38,8,6,8,14,56,104,28,8,8,8,0
0022201164,2023-04-02,BKN,111,40,7,33,25,6,2,9,26,38,86,32,9,34,26,UTA,110,52,11,41,24,5,1,11,23,40,91,32,8,30,22,1
0022201165,2023-04-02,CHI,128,36,4,32,29,9,6,3,13,50,94,31,9,22,19,MEM,107,47,8,39,29,1,3,18,22,39,84,43,19,12,10,1
0022201168,2023-04-02,NYK,118,39,7,32,31,12,4,12,17,46,88,32,13,18,13,WAS,109,38,5,33,26,9,5,19,18,39,79,37,16,18,15,1
0022201169,2023-04-02,ORL,128,41,7,34,30,11,6,16,26,43,75,33,17,40,25,DET,102,38,9,29,22,4,1,16,29,32,78,33,9,36,29,1
0022201186,2023-04-04,UTA,133,41,6,35,29,4,3,14,28,47,90,33,15,31,24,LAL,135,44,11,33,27,6,7,12,21,48,96,34,12,35,27,0
0022201177,2023-04-04,DET,105,35,6,29,21,5,2,14,22,36,73,28,11,27,22,MIA,118,33,5,28,26,12,2,8,18,41,80,36,13,26,23,0
0022201179,2023-04-04,WAS,128,42,9,33,30,7,4,9,21,50,99,27,13,21,15,MIL,140,56,12,44,33,6,7,18,19,50,92,42,23,29,17,0
0022201180,2023-04-04,BKN,102,40,7,33,21,6,8,10,18,39,90,35,13,14,11,MIN,107,44,7,37,21,7,6,12,13,41,85,24,8,22,17,0
0022201184,2023-04-04,MEM,119,49,8,41,30,5,5,12,10,42,87,48,18,22,17,POR,109,49,13,36,23,7,7,10,18,42,97,42,14,17,11,1
0022201185,2023-04-04,NOP,103,37,9,28,20,6,4,14,14,37,84,20,7,27,22,SAC,121,43,11,32,35,8,4,12,22,46,91,42,17,15,12,0
0022201188,2023-04-04,PHX,115,57,15,42,25,7,7,14,12,43,89,33,10,26,19,SAS,94,38,9,29,25,7,5,12,16,35,90,40,13,14,11,1
0022201182,2023-04-04,CHI,105,32,6,26,16,8,6,8,18,41,89,31,7,20,16,ATL,123,48,7,41,26,5,7,17,18,48,86,28,10,19,17,0
0022201181,2023-04-04,PHI,103,37,6,31,21,3,7,12,21,39,78,29,11,16,14,BOS,101,43,13,30,28,4,4,8,17,38,91,45,15,16,10,1
0022201178,2023-04-04,ORL,113,47,13,34,25,6,1,13,22,45,89,23,10,17,13,CLE,117,30,5,25,23,3,7,9,16,42,84,31,15,20,18,0
0022201183,2023-04-04,HOU,124,55,20,35,23,12,3,13,16,47,102,31,12,24,18,DEN,103,47,13,34,26,9,13,20,18,41,87,36,11,18,10,1
0022201187,2023-04-04,GSW,136,54,19,35,25,6,6,14,22,47,95,47,20,30,22,OKC,125,38,13,25,23,4,1,10,22,44,93,32,11,35,26,1
0022201176,2023-04-04,CHA,100,42,6,36,27,3,4,18,22,36,77,31,12,19,16,TOR,120,41,10,31,27,13,7,7,18,42,88,33,15,28,21,0
0022201196,2023-04-05,LAC,125,38,5,33,23,9,4,13,18,43,82,36,16,27,23,LAL,118,44,10,34,27,4,3,14,17,45,89,29,12,24,16,1
0022201189,2023-04-05,DET,108,34,9,25,27,5,3,14,18,41,84,28,13,14,13,BKN,123,38,11,27,36,6,7,13,12,45,86,43,17,23,16,0
0022201190,2023-04-05,IND,129,37,10,27,33,6,5,17,17,45,87,30,15,30,24,NYK,138,52,20,32,34,13,8,18,21,52,100,46,18,25,16,0
0022201195,2023-04-05,DAL,123,39,7,32,24,4,7,10,18,44,89,44,20,18,15,SAC,119,57,22,35,31,7,1,9,19,46,106,37,12,19,15,1
0022201193,2023-04-05,MIL,105,53,13,40,26,7,3,13,13,39,92,46,18,11,9,CHI,92,38,5,33,28,10,3,15,11,36,83,33,11,11,9,1
0022201192,2023-04-05,BOS,97,48,11,37,20,5,7,15,14,38,89,38,11,18,10,TOR,93,50,13,37,20,10,7,12,19,37,90,33,6,17,13,1
0022201194,2023-04-05,NOP,138,44,8,36,35,9,8,16,22,44,88,39,21,39,29,MEM,131,49,15,34,33,10,6,14,25,50,104,36,12,25,19,1
0022201191,2023-04-05,ATL,134,48,12,36,30,10,5,17,23,43,84,30,13,40,35,WAS,116,39,12,27,23,10,9,14,26,45,94,28,6,26,20,1
0022201198,2023-04-06,PHI,101,32,3,29,23,7,4,17,18,39,76,36,10,15,13,MIA,129,42,10,32,39,3,0,11,13,49,88,39,18,15,13,0
0022201199,2023-04-06,SAS,129,47,18,29,29,9,4,15,12,47,106,35,10,28,25,POR,127,36,8,28,34,7,14,16,22,51,96,28,10,18,15,1
0022201197,2023-04-06,ORL,94,39,9,30,21,8,8,22,11,33,83,39,13,19,15,CLE,118,42,9,33,31,13,7,17,21,46,88,38,18,9,8,0
0022201201,2023-04-06,PHX,119,33,7,26,26,4,6,10,16,41,79,36,17,25,20,DEN,115,38,9,29,24,7,2,13,19,44,83,23,8,23,19,1
0022201200,2023-04-06,UTA,98,45,7,38,24,5,2,19,23,41,83,31,5,16,11,OKC,114,50,17,33,29,12,2,13,17,39,97,45,15,26,21,0
0022201204,2023-04-07,WAS,114,50,12,38,23,4,3,17,18,39,84,33,7,37,29,MIA,108,47,14,33,26,7,4,16,29,43,98,47,15,12,7,1
0022201209,2023-04-07,NOP,113,43,4,39,27,4,7,12,17,42,79,28,10,20,19,NYK,105,37,7,30,19,5,2,10,17,38,88,43,14,20,15,1
0022201207,2023-04-07,BKN,101,45,10,35,27,14,3,10,12,35,89,42,9,25,22,ORL,84,57,15,42,17,6,6,21,19,31,87,38,7,17,15,1
0022201205,2023-04-07,ATL,131,38,4,34,32,11,7,21,19,51,92,33,10,28,19,PHI,136,52,13,39,33,10,2,20,22,51,102,22,11,29,23,0
0022201212,2023-04-07,LAL,121,54,10,44,25,6,6,16,12,45,92,36,18,17,13,PHX,107,47,13,34,23,7,10,9,12,43,104,36,9,14,12,1
0022201210,2023-04-07,DAL,112,43,7,36,23,7,3,10,15,42,93,55,18,13,10,CHI,115,50,8,42,24,6,4,12,15,46,88,31,11,18,12,0
0022201211,2023-04-07,SAC,97,40,18,22,24,10,3,12,16,38,98,39,11,18,10,GSW,119,47,10,37,36,6,7,24,22,41,78,36,16,24,21,0
0022201202,2023-04-07,CHA,109,41,7,34,22,10,9,17,21,38,88,41,13,27,20,HOU,112,48,14,34,21,11,9,19,23,42,89,21,7,28,21,0
0022201206,2023-04-07,BOS,121,53,13,40,37,4,7,21,14,45,81,44,15,21,16,TOR,102,35,12,23,21,12,2,8,17,40,93,31,9,17,13,1
0022201208,2023-04-07,MIL,114,38,11,27,30,5,3,19,15,42,92,49,21,11,9,MEM,137,44,11,33,39,9,6,12,20,53,93,42,20,15,11,0
0022201203,2023-04-07,IND,115,42,9,33,29,7,3,19,22,41,83,31,11,28,22,DET,122,42,10,32,24,12,6,13,24,44,90,31,13,26,21,0
0022201214,2023-04-08,SAS,131,45,10,35,34,5,4,13,16,50,95,29,13,24,18,MIN,151,45,11,34,42,8,8,7,18,56,101,43,24,21,15,0
0022201215,2023-04-08,LAC,136,51,13,38,30,7,5,12,17,49,93,35,12,30,26,POR,125,34,7,27,32,8,4,10,20,47,89,32,14,23,17,1
0022201213,2023-04-08,UTA,118,59,17,42,30,9,2,16,18,44,100,35,11,23,19,DEN,114,41,5,36,32,7,9,14,20,41,90,46,15,24,17,1
0022201221,2023-04-09,TOR,121,45,7,38,29,8,2,9,19,48,95,33,11,16,14,MIL,105,38,7,31,28,5,2,14,13,38,82,34,12,21,17,1
0022201219,2023-04-09,MIA,123,44,7,37,30,10,3,18,20,45,83,44,18,20,15,ORL,110,43,13,30,29,13,1,14,17,38,90,47,17,24,17,1
0022201220,2023-04-09,NYK,136,53,19,34,29,8,8,15,24,52,108,40,15,22,17,IND,141,44,8,36,33,8,9,15,24,46,89,34,19,38,30,0
0022201217,2023-04-09,BKN,105,42,10,32,22,6,6,19,22,35,83,32,12,28,23,PHI,134,50,13,37,31,10,5,13,23,53,101,32,14,19,14,0
0022201227,2023-04-09,DEN,109,51,15,36,25,11,2,20,15,42,84,28,7,25,18,SAC,95,34,10,24,24,7,6,15,18,37,85,43,11,15,10,1
0022201224,2023-04-09,DAL,117,46,8,38,28,4,3,4,21,46,108,53,17,16,8,SAS,138,69,13,56,31,2,3,12,13,51,104,38,15,30,21,0
0022201216,2023-04-09,BOS,120,47,12,35,33,5,3,15,13,42,89,54,25,14,11,ATL,114,50,16,34,27,11,5,9,12,44,97,39,11,19,15,1
0022201225,2023-04-09,MIN,113,42,8,34,25,7,8,17,22,39,82,36,13,31,22,NOP,108,49,11,38,18,13,3,15,24,40,90,21,3,29,25,1
0022201230,2023-04-09,POR,101,30,6,24,25,5,3,14,9,38,95,35,9,24,16,GSW,157,58,9,49,47,13,6,16,18,58,96,49,27,16,14,0
0022201222,2023-04-09,WAS,109,51,14,37,28,11,5,13,21,41,97,45,14,21,13,HOU,114,51,13,38,24,8,6,15,15,44,90,21,6,28,20,0
0022201229,2023-04-09,PHX,114,47,12,35,29,4,3,7,21,42,99,37,14,22,16,LAC,119,53,14,39,22,3,5,10,18,49,100,23,5,24,16,0
0022201228,2023-04-09,LAL,128,49,10,39,28,4,7,11,9,47,97,45,18,21,16,UTA,117,45,7,38,31,4,4,11,16,51,101,35,10,6,5,1
0022201226,2023-04-09,OKC,115,49,8,41,30,5,2,16,17,45,90,36,12,16,13,MEM,100,43,11,32,25,8,4,12,16,40,92,37,7,18,13,1
0022201223,2023-04-09,CHI,103,48,11,37,21,15,7,4,16,40,95,30,6,22,17,DET,81,59,15,44,20,1,3,25,16,31,85,33,9,13,10,1
0022201218,2023-04-09,CLE,95,44,11,33,27,9,5,16,24,35,89,37,10,16,15,CHA,106,49,10,39,23,8,5,19,14,37,81,32,6,30,26,0
0022300061,2023-10-24,DEN,119,42,9,33,29,9,6,12,15,48,91,34,14,12,9,LAL,107,44,13,31,23,5,4,12,18,41,90,29,10,20,15,1
0022300062,2023-10-24,GSW,104,49,18,31,19,11,6,11,23,36,101,43,10,28,22,PHX,108,60,17,43,23,5,7,19,22,42,95,33,11,17,13,0
0022300063,2023-10-25,CHA,116,51,12,39,34,5,3,19,21,43,86,37,11,26,19,ATL,110,42,12,30,24,12,1,12,19,39,93,29,5,33,27,1
0022300065,2023-10-25,NYK,104,47,17,30,24,9,0,11,22,36,97,41,18,26,14,BOS,108,46,7,39,18,6,11,13,22,37,77,39,12,26,22,0
0022300067,2023-10-25,BKN,113,50,13,37,30,6,6,18,16,42,84,27,9,26,20,CLE,114,38,9,29,25,10,6,10,23,44,94,43,17,10,9,0
0022300071,2023-10-25,MEM,104,37,8,29,23,8,7,13,19,38,91,43,12,20,16,NOP,111,52,11,41,22,8,5,21,21,40,85,32,14,22,17,0
0022300073,2023-10-25,SAS,119,45,9,36,33,8,5,19,23,46,89,35,11,22,16,DAL,126,48,13,35,24,6,3,12,20,47,99,47,15,23,17,0
0022300066,2023-10-25,ORL,116,57,17,40,19,8,6,16,20,42,87,34,9,26,23,HOU,86,31,7,24,19,6,3,19,24,32,79,34,12,16,10,1
0022300069,2023-10-25,TOR,97,47,8,39,27,9,11,14,18,36,90,35,14,16,11,MIN,94,62,16,46,20,8,9,14,14,34,100,31,8,22,18,1
0022300074,2023-10-25,LAC,123,45,14,31,36,11,7,18,20,47,90,34,16,16,13,POR,111,40,15,25,20,10,4,18,20,44,93,32,10,17,13,1
0022300072,2023-10-25,UTA,114,54,16,38,22,6,2,14,20,41,91,28,9,31,23,SAC,130,45,15,30,29,6,8,12,25,47,102,51,19,20,17,0
0022300070,2023-10-25,CHI,104,42,13,29,26,10,3,13,16,39,94,42,12,18,14,OKC,124,43,5,38,30,6,4,16,19,45,82,39,19,18,15,0
0022300064,2023-10-25,IND,143,51,10,41,38,10,8,12,23,56,107,43,20,12,11,WAS,120,45,11,34,28,6,9,14,11,44,96,24,9,29,23,1
0022300068,2023-10-25,MIA,103,48,16,32,22,11,3,7,18,37,92,22,8,26,21,DET,102,56,17,39,28,3,13,17,23,41,92,32,11,15,9,1
0022300075,2023-10-26,MIL,118,43,8,35,20,9,4,14,23,41,81,30,11,36,25,PHI,117,39,4,35,25,8,4,15,28,41,80,35,16,28,19,1
0022300076,2023-10-26,LAL,100,42,8,34,24,14,7,16,23,36,84,29,5,29,23,PHX,95,49,10,39,16,7,3,24,21,34,81,31,9,23,18,1
0022300078,2023-10-27,MEM,104,48,13,35,22,13,7,21,23,37,85,33,10,24,20,DEN,108,40,6,34,27,11,10,19,18,41,88,37,14,18,12,0
0022300087,2023-10-27,SAC,114,41,10,31,24,10,3,14,16,41,94,40,12,29,20,GSW,122,39,7,32,32,14,3,19,24,48,87,32,14,14,12,0
0022300083,2023-10-27,SAS,126,43,12,31,32,11,4,18,17,46,94,42,13,28,21,HOU,122,43,11,32,30,7,2,18,26,52,100,32,8,20,10,1
0022300085,2023-10-27,UTA,120,45,17,28,27,7,4,14,24,42,96,41,16,22,20,LAC,118,36,6,30,17,8,6,16,22,41,77,35,14,28,22,1
0022300080,2023-10-27,BOS,119,55,16,39,20,7,6,15,19,45,95,39,16,19,13,MIA,111,45,11,34,24,8,6,12,16,38,89,33,16,23,19,1
0022300084,2023-10-27,DAL,125,40,8,32,20,5,2,9,15,44,91,36,15,28,22,BKN,120,47,10,37,30,5,4,16,28,45,92,43,21,10,9,1
0022300079,2023-10-27,ATL,120,44,9,35,28,7,6,14,20,42,87,32,12,30,24,NYK,126,45,12,33,30,9,6,16,21,43,90,44,20,28,20,0
0022300086,2023-10-27,POR,97,47,15,32,15,6,1,16,24,35,88,32,9,21,18,ORL,102,45,10,35,22,10,5,14,16,36,79,28,9,32,21,0
0022300081,2023-10-27,CLE,105,48,8,40,20,10,8,14,16,38,92,45,12,23,17,OKC,108,47,6,41,22,8,10,18,17,40,87,26,13,19,15,0
0022300082,2023-10-27,CHI,104,52,15,37,18,10,5,17,22,37,99,39,8,28,22,TOR,103,53,8,45,25,5,2,23,29,39,84,36,9,25,16,1
0022300077,2023-10-27,CHA,99,41,11,30,20,13,7,18,23,33,88,28,7,34,26,DET,111,53,12,41,28,7,6,24,29,40,88,30,10,25,21,0
0022300088,2023-10-28,DET,118,53,15,38,29,4,4,17,18,45,86,28,12,20,16,CHI,102,33,13,20,16,10,5,8,20,39,93,28,11,16,13,1
0022300093,2023-10-28,MIN,106,47,7,40,30,9,3,16,17,44,86,34,12,8,6,MIA,90,42,9,33,24,6,1,15,12,35,87,38,12,14,8,1
0022300090,2023-10-28,NOP,96,43,4,39,20,8,5,13,22,40,87,33,9,16,7,NYK,87,59,16,43,19,7,3,19,17,33,90,37,7,18,14,1
0022300091,2023-10-28,CLE,113,51,18,33,29,2,6,7,16,43,99,31,12,24,15,IND,125,48,11,37,36,3,4,8,20,48,98,38,15,17,14,0
0022300092,2023-10-28,TOR,107,41,13,28,28,5,5,13,19,38,87,32,17,19,14,PHI,114,42,9,33,25,8,7,11,18,43,86,28,10,21,18,0
0022300094,2023-10-28,PHX,126,39,7,32,31,10,7,11,19,45,85,37,10,28,26,UTA,104,45,15,30,26,6,5,19,20,40,91,37,12,14,12,1
0022300089,2023-10-28,WAS,113,45,11,34,24,9,5,12,15,40,93,46,16,22,17,MEM,106,45,6,39,27,7,8,18,21,39,91,47,19,9,9,1
0022300097,2023-10-29,MIL,110,39,12,27,22,10,3,23,22,39,86,44,16,20,16,ATL,127,46,13,33,32,15,2,17,17,47,93,37,15,22,18,0
0022300095,2023-10-29,OKC,95,29,7,22,22,8,4,10,14,37,90,32,6,18,15,DEN,128,48,10,38,34,8,5,13,21,53,88,27,11,13,11,0
0022300096,2023-10-29,HOU,95,42,10,32,22,7,4,7,20,34,90,33,9,19,18,GSW,106,49,8,41,27,6,6,14,18,35,81,45,18,23,18,0
0022300100,2023-10-29,SAC,132,47,6,41,30,6,7,10,28,49,104,48,17,24,17,LAL,127,53,8,45,27,4,4,12,22,43,98,45,15,34,26,1
0022300098,2023-10-29,PHI,126,51,11,40,28,10,17,16,20,40,82,28,11,40,35,POR,98,42,14,28,19,10,9,16,26,36,94,31,7,22,19,1
0022300099,2023-10-29,LAC,123,48,9,39,23,15,5,16,16,47,91,42,16,21,13,SAS,83,37,6,31,21,9,6,25,23,30,80,33,11,16,12,1
0022300103,2023-10-30,WAS,107,40,11,29,26,12,4,15,13,39,87,36,11,26,18,BOS,126,51,15,36,31,11,6,18,21,51,102,53,19,7,5,0
0022300102,2023-10-30,IND,105,47,11,36,26,7,5,17,24,36,88,46,12,25,21,CHI,112,44,10,34,19,8,6,13,17,40,87,17,6,31,26,0
0022300106,2023-10-30,MEM,110,44,10,34,22,9,4,12,22,42,92,37,14,20,12,DAL,125,48,6,42,24,4,7,15,17,42,84,47,23,24,18,0
0022300108,2023-10-30,NOP,102,39,14,25,23,8,3,11,18,38,93,39,10,26,16,GSW,130,64,21,43,28,6,7,15,21,51,98,41,15,20,13,0
0022300107,2023-10-30,MIL,122,43,9,34,24,8,5,15,23,44,87,37,12,30,22,MIA,114,40,7,33,27,7,2,15,20,41,86,34,13,20,19,1
0022300104,2023-10-30,ATL,127,36,4,32,28,6,7,11,12,48,86,30,14,18,17,MIN,113,38,10,28,24,5,5,14,17,44,90,33,16,15,9,1
0022300101,2023-10-30,CHA,121,39,8,31,33,8,5,10,23,47,96,31,8,20,19,BKN,133,46,10,36,25,4,8,14,19,49,87,33,12,32,23,0
0022300111,2023-10-30,LAL,106,40,3,37,28,7,10,16,17,42,79,27,8,18,14,ORL,103,44,12,32,28,10,3,11,22,38,95,35,14,18,13,1
0022300105,2023-10-30,TOR,91,47,14,33,19,10,4,12,17,38,94,29,4,15,11,POR,99,51,13,38,20,6,7,16,19,38,85,35,11,15,12,0
0022300110,2023-10-30,DEN,110,43,7,36,32,4,8,13,14,47,84,28,9,17,7,UTA,102,51,17,34,30,6,2,13,21,42,98,37,11,15,7,1
0022300109,2023-10-30,OKC,124,44,6,38,21,9,10,15,19,44,83,29,13,28,23,DET,112,41,13,28,31,6,5,17,25,39,91,28,15,24,19,1
0022300112,2023-10-31,CLE,91,46,14,32,19,6,6,15,19,36,92,38,10,12,9,NYK,109,48,12,36,18,9,1,14,17,38,86,34,13,25,20,0
0022300114,2023-10-31,LAC,118,44,9,35,29,10,4,16,26,44,89,31,14,23,16,ORL,102,40,7,33,23,9,3,16,24,38,81,30,7,33,19,1
0022300113,2023-10-31,PHX,114,43,6,37,29,8,7,19,18,42,83,39,18,15,12,SAS,115,37,8,29,25,10,9,12,17,43,92,37,14,20,15,0
0022300120,2023-11-01,NYK,89,50,16,34,18,10,3,14,16,32,92,30,5,30,20,CLE,95,46,6,40,22,7,5,18,27,32,74,32,12,20,19,0
0022300121,2023-11-01,OKC,106,49,6,43,23,6,5,15,24,38,88,34,7,25,23,NOP,110,58,22,36,23,8,5,11,20,40,102,42,13,29,17,0
0022300124,2023-11-01,DAL,114,45,13,32,23,7,2,15,11,37,81,48,20,28,20,CHI,105,43,12,31,19,10,3,13,23,42,89,33,11,11,10,1
0022300123,2023-11-01,MIN,110,47,8,39,20,9,5,14,15,38,83,21,8,27,26,DEN,89,43,12,31,23,6,10,16,22,38,96,33,6,10,7,1
0022300127,2023-11-01,LAL,130,51,9,42,28,10,9,14,24,46,90,32,11,36,27,LAC,125,46,12,34,22,12,1,13,31,47,99,34,14,27,17,1
0022300116,2023-11-01,TOR,130,50,15,35,35,7,6,18,25,51,91,38,15,14,13,MIL,111,29,7,22,19,9,2,12,17,35,76,34,13,38,28,1
0022300119,2023-11-01,MIA,105,46,11,35,22,10,5,18,20,39,91,38,13,18,14,BKN,109,47,7,40,27,11,4,18,18,37,82,36,16,26,19,0
0022300118,2023-11-01,BOS,155,57,11,46,27,5,2,13,19,54,95,35,20,28,27,IND,104,31,8,23,26,6,6,9,20,46,101,37,5,12,7,1
0022300115,2023-11-01,DET,101,38,6,32,24,12,4,18,31,40,90,29,11,11,10,POR,110,44,7,37,23,10,7,17,15,38,81,20,7,33,27,0
0022300126,2023-11-01,GSW,102,36,7,29,32,5,6,18,17,39,81,31,11,15,13,SAC,101,48,14,34,24,8,4,15,17,36,88,35,11,23,18,1
0022300125,2023-11-01,UTA,133,50,10,40,35,7,3,21,22,47,87,43,22,24,17,MEM,109,42,14,28,25,12,7,16,22,35,96,54,14,32,25,1
0022300117,2023-11-01,ATL,130,57,14,43,26,8,3,21,16,46,92,32,9,32,29,WAS,121,35,6,29,32,14,3,11,25,51,101,40,10,14,9,1
0022300122,2023-11-01,HOU,128,38,7,31,35,10,2,17,22,44,84,37,21,23,19,CHA,119,44,15,29,21,9,8,16,19,45,90,27,11,25,18,1
0022300130,2023-11-02,UTA,113,48,13,35,27,9,7,20,27,41,89,33,12,26,19,ORL,115,43,10,33,27,17,9,17,25,39,85,29,10,36,27,0
0022300131,2023-11-02,PHX,121,34,5,29,26,5,4,14,15,43,80,32,16,26,19,SAS,132,41,9,32,37,7,5,8,21,51,98,37,18,13,12,0
0022300128,2023-11-02,PHI,114,46,15,31,21,12,3,14,19,42,92,25,9,25,21,TOR,99,41,9,32,30,4,3,19,20,38,79,28,10,19,13,1
0022300129,2023-11-02,NOP,125,36,7,29,27,5,7,12,18,39,80,32,14,35,33,DET,116,48,19,29,30,4,5,16,31,41,94,38,13,26,21,1
0022300001,2023-11-03,IND,121,40,7,33,28,7,5,19,18,45,86,31,15,24,16,CLE,116,35,5,30,27,10,9,13,20,44,84,28,8,25,20,1
0022300006,2023-11-03,DEN,125,51,19,32,33,11,6,20,17,49,93,30,13,19,14,DAL,114,34,10,24,27,12,6,15,19,41,86,42,17,17,15,1
0022300005,2023-11-03,OKC,139,32,7,25,26,3,1,19,20,50,83,29,15,30,24,GSW,141,38,13,25,36,9,2,15,25,49,92,40,18,30,25,0
0022300004,2023-11-03,CHI,107,42,9,33,21,4,4,10,13,43,89,28,11,14,10,BKN,109,39,8,31,32,4,4,11,12,44,96,45,18,5,3,0
0022300002,2023-11-03,MIL,110,41,7,34,24,6,11,14,16,35,82,39,20,28,20,NYK,105,56,16,40,18,6,1,11,22,38,96,39,10,25,19,1
0022300007,2023-11-03,POR,115,50,15,35,19,12,7,14,15,39,96,32,9,36,28,MEM,113,48,7,41,29,8,10,17,25,47,96,35,10,13,9,1
0022300003,2023-11-03,MIA,121,37,7,30,35,9,1,21,18,48,80,27,13,14,12,WAS,114,30,4,26,33,7,4,20,18,46,81,28,13,17,9,1
0022300135,2023-11-04,NOP,105,35,9,26,24,9,7,11,15,40,84,31,8,21,17,ATL,123,52,19,33,28,4,6,13,16,45,93,41,14,24,19,0
0022300136,2023-11-04,BKN,114,42,10,32,22,4,5,6,21,43,100,52,17,17,11,BOS,124,50,10,40,22,4,6,11,17,43,90,45,15,27,23,0
0022300139,2023-11-04,DEN,123,49,10,39,31,10,4,12,18,42,81,36,16,30,23,CHI,101,37,9,28,28,7,3,11,19,39,86,26,7,23,16,1
0022300134,2023-11-04,ORL,120,51,19,32,29,6,9,16,18,46,101,33,12,19,16,LAL,101,40,10,30,17,6,10,17,21,37,84,30,8,21,19,1
0022300132,2023-11-04,PHI,112,51,15,36,24,5,6,18,24,43,90,30,11,18,15,PHX,100,42,15,27,22,11,12,11,11,32,89,35,9,33,27,1
0022300137,2023-11-04,HOU,107,53,10,43,28,4,3,11,18,40,87,36,13,20,14,SAC,89,43,8,35,20,5,6,11,19,32,84,41,11,19,14,1
0022300138,2023-11-04,MIN,123,43,9,34,25,10,11,11,23,45,81,24,9,31,24,UTA,95,39,17,22,20,3,7,18,20,35,91,43,12,17,13,1
0022300133,2023-11-04,IND,124,36,11,25,31,7,5,15,18,45,93,45,22,16,12,CHA,125,41,12,29,23,5,10,13,20,47,88,20,8,23,23,0
0022300142,2023-11-05,CLE,115,54,13,41,26,8,2,18,21,41,83,37,11,28,22,GSW,104,44,17,27,26,10,4,13,18,34,94,41,16,30,20,1
0022300140,2023-11-05,DET,106,33,10,23,25,7,6,16,23,43,87,23,8,14,12,PHX,120,43,14,29,29,8,10,18,13,43,86,21,8,29,26,0
0022300141,2023-11-05,SAS,116,46,9,37,30,7,7,17,21,48,96,32,10,13,10,TOR,123,47,13,34,29,12,6,15,15,44,97,48,19,26,16,0
0022300144,2023-11-05,POR,100,47,16,31,23,11,5,14,21,37,95,45,14,15,12,MEM,112,49,10,39,27,6,7,17,18,45,89,32,13,13,9,0
0022300143,2023-11-05,DAL,124,47,9,38,31,3,6,11,19,43,91,42,14,32,24,CHA,118,43,10,33,30,5,2,9,25,49,99,30,8,21,12,1
0022300155,2023-11-06,OKC,126,49,11,38,27,7,7,13,22,45,94,35,14,23,22,ATL,117,59,25,34,27,8,3,15,16,38,102,42,14,32,27,1
0022300154,2023-11-06,MIN,114,45,6,39,26,7,5,24,26,44,85,37,13,25,13,BOS,109,45,11,34,20,13,2,18,26,36,92,39,11,34,26,1
0022300156,2023-11-06,DEN,134,45,11,34,37,6,5,10,16,51,95,39,15,23,17,NOP,116,38,8,30,24,6,2,13,18,45,90,30,13,15,13,1
0022300147,2023-11-06,ORL,102,38,6,32,27,6,4,21,24,40,85,27,8,18,14,DAL,117,31,5,26,21,9,6,15,20,41,82,40,15,28,20,0
0022300145,2023-11-06,DET,109,39,7,32,23,8,2,16,20,38,80,30,13,21,20,GSW,120,44,17,27,26,8,4,11,14,46,97,41,12,21,16,0
0022300151,2023-11-06,NYK,111,48,18,30,28,13,1,20,13,41,88,31,12,18,17,LAC,97,31,7,24,21,8,3,22,15,36,73,32,11,16,14,1
0022300150,2023-11-06,MIA,108,44,11,33,30,11,4,18,14,41,88,37,12,16,14,LAL,107,38,5,33,28,6,5,17,17,44,81,26,8,14,11,1
0022300149,2023-11-06,BKN,125,46,11,35,22,2,4,8,16,49,101,45,16,13,11,MIL,129,48,12,36,26,6,2,10,13,46,96,48,16,24,21,0
0022300153,2023-11-06,HOU,122,39,5,34,28,8,4,11,19,43,75,31,15,27,21,SAC,97,34,12,22,22,5,2,15,22,36,81,40,14,20,11,1
0022300146,2023-11-06,IND,152,49,9,40,38,7,4,15,24,55,95,38,20,23,22,SAS,111,36,12,24,26,7,5,11,15,40,94,26,8,30,23,1
0022300152,2023-11-06,CHI,130,36,10,26,26,12,3,8,18,48,93,34,18,19,16,UTA,113,52,17,35,32,1,7,23,20,41,86,43,16,17,15,1
0022300148,2023-11-06,PHI,146,45,10,35,37,12,7,16,15,51,91,31,12,36,32,WAS,128,38,10,28,31,6,10,19,26,49,96,34,14,20,16,1
0022300159,2023-11-08,PHI,106,56,12,44,20,7,7,14,16,42,95,34,9,15,13,BOS,103,43,9,34,28,8,6,13,13,36,91,47,15,19,16,1
0022300167,2023-11-08,OKC,128,41,12,29,23,10,8,14,27,44,86,28,12,30,28,CLE,120,41,11,30,26,9,5,20,24,42,83,29,9,37,27,1
0022300166,2023-11-08,MIN,122,48,8,40,30,9,7,18,23,45,82,37,15,24,17,NOP,101,40,11,29,23,6,1,17,23,36,93,28,8,22,21,1
0022300169,2023-11-08,DEN,108,45,10,35,24,7,4,6,20,41,92,35,11,22,15,GSW,105,49,11,38,21,5,0,9,20,37,86,35,11,26,20,1
0022300160,2023-11-08,BKN,100,49,14,35,22,10,10,14,14,37,92,41,15,13,11,LAC,93,51,11,40,22,10,8,16,15,36,91,36,8,13,13,1
0022300163,2023-11-08,HOU,128,57,14,43,26,4,4,13,23,51,93,33,14,19,12,LAL,94,34,5,29,20,7,6,9,18,36,85,25,7,24,15,1
0022300164,2023-11-08,MEM,102,38,13,25,20,10,4,14,27,35,90,37,11,28,21,MIA,108,44,9,35,22,9,8,19,24,35,77,28,11,32,27,0
0022300162,2023-11-08,CHI,115,39,9,30,30,12,7,14,22,42,96,33,14,23,17,PHX,116,54,13,41,32,7,10,22,20,38,90,48,19,25,21,0
0022300170,2023-11-08,SAC,121,50,15,35,32,11,6,21,24,41,89,37,11,38,28,POR,118,36,7,29,26,10,5,18,29,44,87,22,8,29,22,1
0022300161,2023-11-08,NYK,126,47,13,34,28,7,0,4,14,46,100,42,19,22,15,SAS,105,46,11,35,31,2,7,13,22,44,90,34,9,13,8,1
0022300168,2023-11-08,DAL,116,38,6,32,25,4,6,16,21,40,84,41,17,31,19,TOR,127,50,15,35,27,10,4,12,25,49,99,36,11,27,18,0
0022300158,2023-11-08,IND,134,46,14,32,26,14,7,12,15,52,101,41,13,20,17,UTA,118,47,16,31,26,3,5,22,17,45,96,27,11,18,17,1
0022300157,2023-11-08,CHA,116,47,11,36,17,8,5,22,22,41,79,25,8,35,26,WAS,132,40,13,27,26,10,6,11,26,47,97,43,18,25,20,0
0022300165,2023-11-08,MIL,120,36,5,31,19,8,7,10,18,41,90,37,11,32,27,DET,118,53,11,42,28,2,5,19,24,48,98,29,7,16,15,1
0022300172,2023-11-09,ORL,119,47,18,29,19,12,6,19,24,42,90,27,10,35,25,ATL,120,36,8,28,22,13,7,18,25,41,85,39,15,30,23,0
0022300171,2023-11-09,IND,126,40,9,31,27,6,6,13,25,44,92,48,20,20,18,MIL,124,41,5,36,23,6,5,14,19,46,87,27,9,26,23,1
0022300011,2023-11-10,HOU,104,42,9,33,20,9,5,9,22,36,88,35,10,28,22,NOP,101,49,8,41,12,6,6,18,26,34,75,25,8,34,25,1
0022300014,2023-11-10,DAL,144,41,15,26,30,7,1,9,23,51,98,42,19,26,23,LAC,126,47,19,28,21,7,2,14,27,43,88,27,8,36,32,1
0022300015,2023-11-10,PHX,119,52,17,35,22,9,1,13,24,42,94,37,15,27,20,LAL,122,43,9,34,27,9,7,11,20,42,84,27,12,34,26,0
0022300013,2023-11-10,SAS,110,38,7,31,29,9,8,14,21,43,92,34,12,19,12,MIN,117,51,13,38,23,6,4,18,19,43,87,27,10,27,21,0
0022300010,2023-11-10,BOS,121,52,17,35,29,5,3,8,13,41,94,52,19,28,20,BKN,107,46,9,37,26,0,3,12,25,38,85,37,15,18,16,1
0022300008,2023-11-10,DET,106,48,11,37,28,3,5,17,26,40,86,28,8,22,18,PHI,114,46,11,35,23,13,5,9,23,35,83,28,9,41,35,0
0022300016,2023-11-10,SAC,105,52,16,36,28,10,9,18,22,38,91,47,13,21,16,OKC,98,38,5,33,22,9,5,16,15,39,87,30,7,16,13,1
0022300012,2023-11-10,MEM,121,37,14,23,23,5,5,11,23,46,101,48,19,13,10,UTA,127,38,8,30,28,10,12,21,17,41,76,37,18,29,27,0
0022300009,2023-11-10,WAS,117,36,7,29,28,4,6,15,23,43,88,38,14,20,17,CHA,124,67,28,39,31,10,4,10,19,50,110,28,6,28,18,0
0022300176,2023-11-11,GSW,110,55,15,40,26,5,3,20,29,37,90,38,13,30,23,CLE,118,45,11,34,23,13,3,11,24,37,86,30,11,43,33,0
0022300175,2023-11-11,ATL,109,48,15,33,23,6,6,22,19,38,87,46,18,18,15,MIA,117,39,7,32,23,10,4,15,14,41,84,38,12,25,23,0
0022300173,2023-11-11,ORL,112,43,15,28,24,9,2,16,17,36,84,26,10,35,30,MIL,97,36,5,31,25,9,6,19,24,38,77,29,9,25,12,1
0022300174,2023-11-11,BOS,117,46,5,41,30,1,4,13,14,47,86,44,15,13,8,TOR,94,37,7,30,25,8,1,9,14,35,91,37,10,16,14,1
0022300183,2023-11-12,NOP,124,54,13,41,31,2,3,18,20,47,92,36,17,22,13,DAL,136,42,8,34,29,7,6,6,19,50,102,53,20,21,16,0
0022300182,2023-11-12,HOU,107,45,12,33,20,7,4,9,16,37,87,32,10,29,23,DEN,104,49,12,37,24,3,5,11,20,42,91,32,9,14,11,1
0022300184,2023-11-12,SAS,113,50,11,39,35,3,6,17,21,42,91,44,19,12,10,MIA,118,41,11,30,26,7,3,7,12,39,89,31,12,30,28,0
0022300186,2023-11-12,GSW,110,51,19,32,24,9,0,14,28,37,96,43,12,28,24,MIN,116,47,9,38,27,8,6,14,19,43,82,27,9,30,21,0
0022300180,2023-11-12,PHI,137,54,23,31,28,5,7,12,15,53,105,33,14,20,17,IND,126,32,8,24,31,8,9,10,14,47,90,39,16,19,16,1
0022300187,2023-11-12,LAL,116,41,7,34,27,8,4,9,11,41,84,19,4,37,30,POR,110,38,5,33,29,2,8,16,25,45,90,37,13,9,7,1
0022300185,2023-11-12,PHX,99,51,16,35,20,4,7,17,19,32,83,29,9,31,26,OKC,111,33,6,27,23,9,8,9,21,40,82,27,10,25,21,0
0022300179,2023-11-12,LAC,101,41,8,33,26,9,3,16,23,37,85,34,12,23,15,MEM,105,41,11,30,25,7,6,16,23,37,88,41,13,24,18,0
0022300178,2023-11-12,BKN,102,66,20,46,22,6,6,19,18,37,98,49,12,20,16,WAS,94,42,7,35,20,14,3,12,15,33,88,41,10,25,18,1
0022300181,2023-11-12,CHI,119,40,11,29,22,12,6,7,21,44,91,30,11,25,20,DET,108,49,16,33,26,4,6,16,19,38,88,32,11,26,21,1
0022300177,2023-11-12,NYK,129,40,10,30,25,8,4,9,18,47,87,36,15,30,20,CHA,107,36,15,21,21,5,4,12,25,44,94,35,12,11,7,1
0022300191,2023-11-13,SAC,132,37,8,29,32,3,4,10,19,49,83,42,20,22,14,CLE,120,39,14,25,24,3,1,11,18,45,91,35,16,17,14,1
0022300190,2023-11-13,MIL,118,53,13,40,23,3,5,17,23,42,89,47,15,27,19,CHI,109,47,18,29,24,9,7,8,25,38,100,42,14,21,19,1
0022300188,2023-11-13,BOS,114,37,8,29,27,3,3,11,22,40,79,43,19,16,15,NYK,98,37,12,25,17,5,2,12,16,33,79,35,15,24,17,1
0022300189,2023-11-13,TOR,111,48,16,32,28,11,4,19,13,45,90,20,4,25,17,WAS,107,38,8,30,32,11,5,22,22,43,84,26,12,12,9,1
0022300018,2023-11-14,DET,120,42,14,28,36,9,6,17,20,47,90,29,10,23,16,ATL,126,41,10,31,28,9,7,14,19,45,87,33,12,26,24,0
0022300022,2023-11-14,NOP,131,42,12,30,33,17,6,13,20,49,94,38,14,26,19,DAL,110,45,16,29,25,4,3,20,16,38,90,42,14,26,20,1
0022300024,2023-11-14,DEN,111,36,6,30,26,4,2,14,19,39,73,23,8,32,25,LAC,108,42,14,28,21,10,1,11,24,37,86,29,13,24,21,1
0022300017,2023-11-14,CHA,105,45,13,32,21,6,0,18,21,36,81,32,15,22,18,MIA,111,42,10,32,26,12,5,8,19,40,83,31,8,28,23,0
0022300025,2023-11-14,GSW,101,46,13,33,28,11,2,20,22,37,88,39,13,16,14,MIN,104,42,9,33,24,9,5,20,19,36,81,34,14,21,18,0
0022300020,2023-11-14,BKN,124,44,13,31,22,13,3,16,24,46,85,39,19,20,13,ORL,104,37,9,28,23,9,4,16,16,36,82,46,16,21,16,1
0022300019,2023-11-14,PHI,126,38,5,33,22,5,3,16,26,43,86,22,6,35,34,IND,132,41,10,31,32,7,5,11,28,48,93,37,13,33,23,0
0022300023,2023-11-14,UTA,115,52,16,36,26,11,6,13,18,44,95,43,13,15,14,POR,99,43,13,30,23,5,6,17,15,37,88,35,11,20,14,1
0022300021,2023-11-14,OKC,123,40,4,36,34,19,6,16,17,46,89,39,15,20,16,SAS,87,43,13,30,24,7,6,25,13,36,93,30,9,9,6,1
0022300026,2023-11-14,LAL,134,54,10,44,30,4,10,19,13,47,81,35,22,24,18,MEM,107,33,13,20,28,8,9,9,15,39,106,53,20,12,9,1
0022300194,2023-11-15,PHI,107,41,10,31,18,5,1,9,14,39,85,30,11,22,18,BOS,117,45,12,33,23,7,8,10,15,42,88,50,18,19,15,0
0022300199,2023-11-15,POR,95,30,8,22,24,9,3,14,21,34,91,38,13,16,14,CLE,109,47,7,40,23,5,9,18,16,42,75,30,9,21,16,0
0022300192,2023-11-15,WAS,117,46,8,38,23,6,1,12,22,43,89,36,12,23,19,DAL,130,46,9,37,32,6,4,10,16,48,92,42,17,29,17,0
0022300195,2023-11-15,TOR,112,55,26,29,28,10,8,14,19,38,96,33,9,31,27,MIL,128,41,9,32,25,8,9,13,25,44,85,39,20,21,20,0
0022300197,2023-11-15,PHX,133,32,5,27,31,1,4,9,21,51,85,31,17,15,14,MIN,115,40,16,24,18,8,5,6,14,42,92,27,5,28,26,1
0022300193,2023-11-15,ATL,114,30,6,24,28,11,6,15,20,41,75,31,12,26,20,NYK,116,42,14,28,29,9,2,17,20,45,94,34,16,11,10,0
0022300196,2023-11-15,CHI,94,53,14,39,16,7,4,19,25,33,83,33,9,22,19,ORL,96,46,12,34,20,12,3,15,21,32,82,28,8,30,24,0
0022300198,2023-11-15,LAL,110,43,7,36,25,12,6,23,17,42,83,29,11,19,15,SAC,125,45,11,34,31,20,1,16,20,48,96,44,16,17,13,0
0022300200,2023-11-16,MIA,122,32,7,25,26,8,3,9,20,42,81,35,15,24,23,BKN,115,40,10,30,29,5,3,15,20,40,85,36,14,27,21,1
0022300201,2023-11-16,GSW,109,49,20,29,27,5,4,16,19,40,98,41,14,19,15,OKC,128,42,7,35,31,10,3,13,20,44,87,32,19,23,21,0
0022300031,2023-11-17,TOR,105,41,5,36,29,4,1,13,11,42,87,33,12,14,9,BOS,108,44,8,36,29,5,4,11,13,42,92,46,16,9,8,0
0022300034,2023-11-17,NOP,115,39,4,35,33,8,5,11,13,46,88,23,12,21,11,DEN,110,51,11,40,37,4,3,13,20,47,96,40,10,12,6,1
0022300037,2023-11-17,LAC,106,47,8,39,22,10,7,14,19,36,83,34,13,30,21,HOU,100,47,12,35,24,6,5,17,28,38,88,31,10,20,14,1
0022300036,2023-11-17,POR,95,48,19,29,17,11,2,19,17,36,89,37,10,18,13,LAL,107,44,11,33,27,11,6,18,16,40,81,29,12,22,15,0
0022300027,2023-11-17,CHA,99,43,9,34,18,5,2,12,14,37,91,26,6,22,19,MIL,130,49,4,45,32,4,7,13,21,49,89,45,22,13,10,0
0022300028,2023-11-17,WAS,99,32,7,25,25,4,4,14,18,37,82,32,10,16,15,NYK,120,48,14,34,26,5,6,11,21,45,91,38,16,20,14,0
0022300033,2023-11-17,CHI,97,34,5,29,19,10,3,16,21,35,79,29,10,22,17,ORL,103,46,10,36,24,7,7,19,22,38,79,34,11,23,16,0
0022300029,2023-11-17,ATL,116,39,14,25,24,8,4,13,20,40,89,33,12,30,24,PHI,126,43,13,30,32,9,4,17,20,43,88,30,13,28,27,0
0022300035,2023-11-17,UTA,128,39,10,29,27,3,10,8,23,43,85,36,16,31,26,PHX,131,36,5,31,35,5,4,9,22,45,86,33,18,26,23,0
0022300032,2023-11-17,SAS,120,42,6,36,33,7,3,15,21,43,92,36,15,23,19,SAC,129,42,4,38,31,10,2,14,22,46,85,42,18,24,19,0
0022300030,2023-11-17,CLE,108,39,7,32,21,9,6,12,9,42,82,21,9,21,15,DET,100,51,18,33,20,8,6,17,19,39,91,35,9,15,13,1
0022300205,2023-11-18,MIL,132,41,5,36,29,8,3,7,16,49,94,45,17,20,17,DAL,125,49,11,38,27,1,2,12,16,51,103,47,16,10,7,1
0022300204,2023-11-18,CHI,102,44,10,34,24,9,6,13,22,36,81,45,16,19,14,MIA,97,34,5,29,23,9,0,15,18,33,77,36,12,23,19,1
0022300203,2023-11-18,NOP,120,40,13,27,27,9,5,17,26,44,86,29,12,23,20,MIN,121,33,5,28,29,6,7,14,21,43,80,31,13,27,22,0
0022300202,2023-11-18,CHA,108,36,4,32,29,5,5,13,22,40,82,35,17,13,11,NYK,122,47,13,34,27,7,4,12,13,46,91,37,16,19,14,0
0022300207,2023-11-18,GSW,123,49,14,35,33,6,4,16,18,44,97,46,18,21,17,OKC,130,47,9,38,26,8,7,12,16,52,100,23,8,20,18,0
0022300206,2023-11-18,SAS,108,40,12,28,26,5,9,15,28,36,83,40,15,26,21,MEM,120,45,12,33,23,7,3,14,25,40,86,33,11,36,29,0
0022300213,2023-11-19,MEM,100,42,14,28,28,7,5,11,21,37,95,44,17,10,9,BOS,102,45,9,36,20,6,10,17,19,35,77,31,12,25,20,0
0022300210,2023-11-19,CLE,121,47,11,36,30,6,5,14,18,45,82,27,11,26,20,DEN,109,33,9,24,23,7,5,13,21,39,82,29,14,23,17,1
0022300216,2023-11-19,LAL,105,42,10,32,26,13,1,18,13,39,83,29,6,29,21,HOU,104,34,6,28,35,7,3,18,25,41,84,37,14,10,8,1
0022300209,2023-11-19,IND,116,40,11,29,24,10,7,16,32,42,95,31,8,31,24,ORL,128,42,8,34,21,10,10,15,23,43,87,20,7,42,35,0
0022300208,2023-11-19,BKN,99,45,9,36,24,2,8,15,14,38,81,28,11,16,12,PHI,121,44,10,34,32,8,4,5,18,44,94,35,16,18,17,0
0022300214,2023-11-19,UTA,137,59,27,32,27,11,5,19,27,48,115,46,15,32,26,PHX,140,44,11,33,36,11,13,18,28,50,102,45,18,26,22,0
0022300212,2023-11-19,DAL,113,40,11,29,23,8,2,10,15,41,88,34,12,26,19,SAC,129,48,14,34,34,9,3,13,20,48,90,40,17,21,16,0
0022300215,2023-11-19,POR,91,31,13,18,21,10,2,19,15,34,85,34,9,21,14,OKC,134,43,10,33,28,8,3,18,18,49,81,36,22,14,14,0
0022300211,2023-11-19,TOR,142,47,12,35,44,10,5,8,23,55,102,36,14,29,18,DET,113,41,7,34,25,3,3,17,23,39,83,26,9,35,26,1
0022300217,2023-11-20,CHA,121,57,17,40,29,9,7,13,18,46,104,39,13,17,16,BOS,118,48,11,37,19,6,8,15,15,42,97,50,16,28,18,1
0022300218,2023-11-20,DET,103,43,11,32,21,7,5,18,24,36,81,21,7,26,24,DEN,107,43,11,32,30,7,8,14,17,40,87,28,11,21,16,0
0022300224,2023-11-20,GSW,121,43,8,35,26,3,1,8,21,36,77,43,21,33,28,HOU,116,48,15,33,28,6,3,8,24,44,95,41,13,19,15,1
0022300223,2023-11-20,SAS,99,49,13,36,23,4,7,16,17,39,90,38,10,14,11,LAC,124,51,10,41,30,15,3,7,10,45,95,36,12,25,22,0
0022300220,2023-11-20,CHI,100,36,7,29,21,2,7,11,16,37,81,37,11,16,15,MIA,118,43,9,34,31,7,1,10,19,42,84,35,17,20,17,0
0022300219,2023-11-20,WAS,129,26,5,21,29,6,4,4,19,55,99,29,10,11,9,MIL,142,55,16,39,33,3,6,15,13,55,94,29,11,28,21,0
0022300221,2023-11-20,MIN,117,44,7,37,30,7,7,14,26,41,80,34,11,32,24,NYK,100,50,17,33,16,8,3,10,23,32,92,38,9,34,27,1
0022300222,2023-11-20,NOP,129,55,10,45,38,8,6,12,19,50,92,28,12,21,17,SAC,93,36,9,27,27,4,5,13,21,33,87,45,11,24,16,1
0022300040,2023-11-21,PHI,119,44,14,30,19,12,8,14,25,40,96,35,11,34,28,CLE,122,56,14,42,33,9,4,16,21,46,94,25,9,25,21,0
0022300039,2023-11-21,ATL,152,39,12,27,28,8,4,15,23,57,95,31,15,28,23,IND,157,29,7,22,35,7,11,14,25,57,94,45,22,28,21,0
0022300041,2023-11-21,PHX,120,38,11,27,26,8,8,15,18,43,76,17,7,28,27,POR,107,30,12,18,20,8,3,13,20,38,87,31,14,20,17,1
0022300038,2023-11-21,ORL,126,40,15,25,31,12,8,13,19,50,100,31,12,20,14,TOR,107,38,5,33,29,6,6,24,20,38,75,28,14,22,17,1
0022300042,2023-11-21,LAL,131,52,9,43,35,6,5,15,15,49,86,29,11,27,22,UTA,99,42,13,29,25,6,3,14,22,38,98,44,11,16,12,1
0022300234,2023-11-22,OKC,116,45,11,34,24,4,12,14,17,37,75,29,11,38,31,CHI,102,38,11,27,22,7,2,12,26,34,88,44,17,17,17,1
0022300238,2023-11-22,LAL,101,51,9,42,26,1,2,13,17,39,84,29,11,19,12,DAL,104,48,11,37,21,5,4,4,18,38,96,50,16,16,12,0
0022300226,2023-11-22,ORL,124,41,11,30,27,9,7,12,21,44,81,29,10,30,26,DEN,119,42,17,25,29,6,2,12,25,44,93,35,15,21,16,1
0022300236,2023-11-22,PHX,123,43,11,32,22,9,8,15,22,34,76,28,11,52,44,GSW,115,43,11,32,29,10,3,16,34,43,90,32,10,29,19,1
0022300235,2023-11-22,SAS,102,44,10,34,26,8,6,14,24,35,91,38,11,23,21,LAC,109,50,11,39,29,10,3,16,23,39,85,28,9,29,22,0
0022300229,2023-11-22,CLE,96,34,7,27,25,5,6,19,17,36,77,30,14,14,10,MIA,129,41,10,31,30,11,7,12,19,46,88,35,20,21,17,0
0022300228,2023-11-22,BOS,119,43,4,39,27,3,5,15,15,44,84,42,17,17,14,MIL,116,47,13,34,23,9,2,9,19,45,101,34,13,17,13,1
0022300227,2023-11-22,ATL,147,58,22,36,24,10,8,14,18,51,116,49,18,29,27,BKN,145,59,22,37,28,8,6,16,24,55,113,35,15,24,20,1
0022300232,2023-11-22,MIN,112,48,10,38,28,10,8,13,21,43,89,26,10,24,16,PHI,99,48,16,32,21,9,12,15,23,34,87,32,7,30,24,1
0022300233,2023-11-22,NOP,117,48,13,35,23,10,2,10,28,41,87,30,7,37,28,SAC,112,38,4,34,22,3,1,16,25,34,76,44,15,35,29,1
0022300230,2023-11-22,IND,131,31,5,26,33,10,6,15,24,50,91,39,18,16,13,TOR,132,46,13,33,26,7,3,19,15,48,90,27,11,30,25,0
0022300237,2023-11-22,POR,121,37,14,23,31,9,6,14,21,47,92,39,17,15,10,UTA,105,44,14,30,25,7,3,24,13,37,79,31,10,26,21,1
0022300231,2023-11-22,HOU,111,49,6,43,22,6,6,7,22,40,92,43,14,20,17,MEM,91,46,9,37,17,3,7,9,19,27,82,32,7,35,30,1
0022300225,2023-11-22,CHA,117,49,11,38,27,6,4,13,15,43,91,37,16,21,15,WAS,114,47,11,36,26,7,3,10,18,44,97,32,11,18,15,1
0022300043,2023-11-24,ORL,113,48,13,35,23,5,3,18,28,43,85,28,11,22,16,BOS,96,31,4,27,17,10,4,15,18,31,76,29,7,37,27,1
0022300052,2023-11-24,LAC,106,39,8,31,27,11,8,11,24,42,92,37,11,17,11,NOP,116,50,12,38,26,6,5,15,19,43,88,24,10,27,20,0
0022300046,2023-11-24,TOR,121,40,13,27,32,8,6,14,14,44,83,39,13,27,20,CHI,108,37,9,28,20,5,2,13,20,42,82,27,12,19,12,1
0022300048,2023-11-24,HOU,105,49,6,43,25,9,9,14,21,40,82,29,12,15,13,DEN,86,46,16,30,17,8,4,15,14,32,94,30,7,21,15,1
0022300045,2023-11-24,NYK,100,46,6,40,21,7,2,19,14,39,81,29,10,18,12,MIA,98,41,10,31,20,11,0,11,19,34,87,37,10,21,20,1
0022300044,2023-11-24,MEM,89,35,6,29,22,6,2,15,22,37,80,33,9,10,6,PHX,110,41,7,34,22,10,6,13,12,39,76,31,11,28,21,0
0022300050,2023-11-24,MIN,111,44,10,34,25,6,9,18,18,36,82,33,12,29,27,SAC,124,46,14,32,25,7,4,13,19,49,100,35,17,11,9,0
0022300051,2023-11-24,GSW,118,41,7,34,35,7,2,24,21,40,81,42,19,24,19,SAS,112,46,15,31,28,10,3,20,18,45,100,47,12,12,10,1
0022300049,2023-11-24,MIL,131,50,10,40,28,6,6,9,22,48,92,31,9,33,26,WAS,128,46,12,34,29,3,4,9,24,48,100,37,15,21,17,1
0022300047,2023-11-24,IND,136,40,15,25,24,7,8,9,21,49,102,38,16,24,22,DET,113,43,14,29,22,6,11,14,18,43,90,18,7,24,20,1
0022300241,2023-11-25,WAS,108,41,8,33,33,5,6,20,17,43,88,38,10,12,12,ATL,136,49,17,32,29,13,2,10,15,52,102,37,18,20,14,0
0022300243,2023-11-25,UTA,105,52,14,38,23,8,6,24,13,38,87,43,15,17,14,NOP,100,42,13,29,31,15,4,13,17,39,93,36,11,18,11,1
0022300244,2023-11-25,LAC,107,57,17,40,25,2,6,13,16,38,88,29,8,31,23,DAL,88,37,10,27,17,6,5,9,24,34,91,38,9,14,11,1
0022300242,2023-11-25,CLE,115,37,7,30,30,13,4,14,16,43,91,28,9,23,20,LAL,121,44,9,35,34,9,8,18,15,47,90,27,9,21,18,0
0022300240,2023-11-25,BKN,112,42,8,34,27,11,9,13,18,39,78,36,14,23,20,MIA,97,44,13,31,24,6,3,18,18,38,87,34,11,13,10,1
0022300239,2023-11-25,OKC,123,38,13,25,29,3,3,4,27,43,98,43,16,26,21,PHI,127,49,17,32,30,2,9,13,26,38,83,41,14,45,37,0
0022300246,2023-11-26,BOS,113,58,18,40,24,9,3,13,19,42,95,47,13,20,16,ATL,103,43,11,32,15,5,4,16,17,36,88,53,19,19,12,1
0022300250,2023-11-26,BKN,118,39,8,31,29,7,2,11,19,41,83,53,25,15,11,CHI,109,40,10,30,21,3,2,11,18,40,83,32,12,22,17,1
0022300249,2023-11-26,MEM,97,35,11,24,24,4,4,14,18,34,88,37,10,27,19,MIN,119,42,6,36,30,5,5,16,26,43,81,34,15,23,18,0
0022300247,2023-11-26,NYK,113,38,13,25,18,7,5,7,19,39,86,29,12,32,23,PHX,116,47,18,29,27,4,11,13,25,42,91,38,16,21,16,0
0022300245,2023-11-26,MIL,108,52,18,34,19,13,11,17,20,35,89,42,14,32,24,POR,102,40,11,29,21,15,4,20,26,37,91,32,13,20,15,1
0022300252,2023-11-26,DEN,132,45,11,34,38,8,3,20,25,50,89,28,12,25,20,SAS,120,35,10,25,34,10,6,15,22,42,93,37,14,26,22,1
0022300251,2023-11-26,CLE,105,49,12,37,29,2,5,14,18,45,97,31,10,6,5,TOR,102,50,17,33,17,9,3,12,11,37,89,32,8,29,20,1
0022300248,2023-11-26,ORL,130,44,7,37,33,10,3,15,26,47,87,27,10,33,26,CHA,117,36,5,31,27,6,7,18,26,44,83,30,13,25,16,1
0022300256,2023-11-27,UTA,114,43,9,34,31,6,4,10,23,37,88,48,17,28,23,NOP,112,48,11,37,27,5,1,8,25,44,88,22,7,25,17,1
0022300257,2023-11-27,LAC,104,49,16,33,18,6,9,13,23,35,85,20,6,34,28,DEN,113,52,18,34,28,8,6,11,22,44,92,22,10,28,15,0
0022300255,2023-11-27,PHI,138,48,15,33,33,11,2,7,17,47,93,46,22,26,22,LAL,94,32,6,26,23,3,4,17,18,39,83,28,7,13,9,1
0022300254,2023-11-27,IND,110,42,10,32,26,10,6,20,24,42,88,33,8,24,18,POR,114,38,9,29,20,6,4,16,21,40,85,18,9,31,25,0
0022300253,2023-11-27,DET,107,49,18,31,29,7,11,17,22,43,102,38,8,19,13,WAS,126,46,6,40,29,8,6,16,19,45,89,29,10,28,26,0
0022300055,2023-11-28,CLE,128,55,12,43,27,8,12,17,20,50,93,36,13,17,15,ATL,105,44,14,30,21,9,3,11,16,35,101,44,13,24,22,1
0022300053,2023-11-28,BOS,124,52,11,41,36,6,9,16,18,47,90,49,21,12,9,CHI,97,37,9,28,25,11,7,8,13,39,90,28,9,18,10,1
0022300060,2023-11-28,SAC,124,46,12,34,25,8,7,10,23,41,91,44,15,42,27,GSW,123,52,9,43,25,6,6,20,31,40,83,41,17,30,26,1
0022300059,2023-11-28,DAL,121,38,9,29,25,5,4,7,25,42,89,34,12,29,25,HOU,115,40,10,30,33,2,6,12,27,42,85,29,8,29,23,1
0022300056,2023-11-28,MIA,124,35,8,27,32,3,5,6,22,48,94,30,14,21,14,MIL,131,45,8,37,26,3,4,9,21,47,88,35,13,27,24,0
0022300058,2023-11-28,MIN,106,51,10,41,18,3,9,20,17,33,78,33,14,32,26,OKC,103,36,9,27,22,8,4,10,23,37,90,30,11,23,18,1
0022300054,2023-11-28,BKN,115,59,13,46,26,7,8,15,17,40,89,38,13,26,22,TOR,103,46,15,31,27,11,3,7,21,39,101,36,13,19,12,1
0022300057,2023-11-28,NYK,115,54,15,39,21,10,7,16,12,41,88,38,15,20,18,CHA,91,41,13,28,21,8,2,17,14,37,89,31,13,7,4,1
0022300263,2023-11-29,DEN,134,41,13,28,37,4,2,4,18,48,95,43,19,26,19,HOU,124,35,8,27,27,3,5,9,20,47,86,41,16,19,14,1
0022300264,2023-11-29,SAC,117,47,13,34,22,1,1,14,20,40,86,41,13,28,24,LAC,131,37,8,29,28,8,5,7,20,50,93,28,14,22,17,0
0022300258,2023-11-29,DET,107,39,10,29,28,8,3,14,31,40,97,36,15,14,12,LAL,133,49,8,41,28,7,10,12,12,45,88,34,12,38,31,0
0022300262,2023-11-29,NOP,124,40,13,27,33,11,4,21,22,42,78,30,10,34,30,PHI,114,30,8,22,28,8,7,21,26,42,81,34,14,18,16,1
0022300260,2023-11-29,TOR,112,49,15,34,25,7,5,10,22,42,93,27,10,21,18,PHX,105,47,12,35,25,3,5,10,15,38,94,26,7,23,22,1
0022300261,2023-11-29,MEM,105,51,12,39,26,9,10,17,15,43,87,39,13,8,6,UTA,91,39,12,27,26,8,8,18,14,34,90,39,16,12,7,1
0022300259,2023-11-29,ORL,139,44,9,35,34,5,6,19,22,51,84,27,17,24,20,WAS,120,29,7,22,28,14,3,10,20,41,87,29,11,35,27,1
0022300272,2023-11-30,SAS,135,47,11,36,34,4,7,21,22,48,89,41,18,23,21,ATL,137,37,8,29,24,14,2,10,25,49,96,33,14,29,25,0
0022300273,2023-11-30,GSW,120,47,10,37,30,3,4,9,18,41,82,39,15,31,23,LAC,114,43,15,28,26,5,1,6,21,42,95,32,12,24,18,1
0022300271,2023-11-30,OKC,133,48,8,40,29,9,6,9,24,50,94,42,14,22,19,LAL,110,41,7,34,24,6,2,14,20,36,81,33,11,32,27,1
0022300269,2023-11-30,CHI,120,51,14,37,32,14,4,21,18,45,98,37,13,22,17,MIL,113,43,9,34,28,12,6,21,21,44,98,48,16,13,9,1
0022300267,2023-11-30,MIA,142,48,10,38,25,4,1,14,28,48,86,21,8,45,38,IND,132,34,10,24,30,11,5,10,31,50,98,43,11,32,21,1
0022300265,2023-11-30,CLE,95,35,14,21,25,12,2,19,15,38,89,32,7,12,12,POR,103,40,9,31,29,10,4,23,17,39,77,35,14,11,11,0
0022300270,2023-11-30,MIN,101,42,10,32,29,13,7,12,16,39,89,35,13,13,10,UTA,90,51,13,38,22,6,4,21,19,33,87,34,11,14,13,1
0022300268,2023-11-30,NYK,118,41,12,29,25,8,3,11,17,41,88,41,16,28,20,DET,112,42,8,34,22,4,3,20,25,43,81,35,15,17,11,1
0022300266,2023-11-30,BKN,128,52,22,30,21,6,4,9,11,52,105,36,14,15,10,CHA,129,41,13,28,30,6,7,9,16,46,91,36,21,16,16,0
0022300279,2023-12-01,PHX,111,43,8,35,22,4,9,12,17,39,84,27,9,26,24,DEN,119,32,4,28,38,8,4,9,21,50,88,32,12,12,7,0
0022300276,2023-12-01,TOR,106,48,19,29,32,7,6,12,19,44,100,32,6,17,12,NYK,119,43,11,32,30,6,3,13,15,45,90,36,16,16,13,0
0022300275,2023-12-01,BOS,125,46,10,36,25,10,8,20,18,39,77,33,16,36,31,PHI,119,42,15,27,16,16,5,16,24,43,94,35,16,23,17,1
0022300278,2023-12-01,NOP,121,42,10,32,26,8,6,12,15,42,85,31,10,29,27,SAS,106,39,8,31,28,5,5,20,21,38,83,39,16,17,14,1
0022300277,2023-12-01,DAL,94,42,13,29,27,9,5,12,13,34,92,39,12,21,14,MEM,108,52,13,39,27,8,12,15,23,44,90,34,11,11,9,0
0022300274,2023-12-01,ORL,130,44,10,34,35,6,8,15,23,46,89,31,12,33,26,WAS,125,40,8,32,25,8,5,14,29,45,89,28,13,31,22,1
0022300286,2023-12-02,MIL,132,44,8,36,33,5,6,16,19,53,89,33,14,15,12,ATL,121,40,15,25,23,11,4,11,14,45,101,38,15,21,16,1
0022300283,2023-12-02,DET,101,49,10,39,24,9,3,16,20,39,83,30,8,23,15,CLE,110,43,8,35,25,11,1,11,18,44,89,30,10,18,12,0
0022300285,2023-12-02,CHI,124,41,12,29,32,6,8,13,21,48,88,40,17,15,11,NOP,118,39,13,26,20,10,1,12,17,41,82,25,8,35,28,1
0022300290,2023-12-02,SAC,123,47,9,38,33,7,5,11,14,48,99,34,16,15,11,DEN,117,46,8,38,35,9,7,11,14,49,99,25,6,20,13,1
0022300280,2023-12-02,LAC,113,40,5,35,31,5,6,11,21,44,90,39,13,14,12,GSW,112,42,6,36,31,5,4,15,15,38,86,43,17,24,19,1
0022300291,2023-12-02,LAL,107,48,9,39,24,11,7,12,17,40,89,27,8,27,19,HOU,97,54,11,43,24,5,7,17,23,36,89,31,11,18,14,1
0022300281,2023-12-02,CHA,117,36,10,26,29,6,4,8,22,44,91,25,12,19,17,MIN,123,41,10,31,26,5,3,11,16,43,84,31,11,30,26,0
0022300282,2023-12-02,BKN,129,57,14,43,31,4,8,11,21,46,91,34,14,31,23,ORL,101,37,8,29,24,3,5,11,27,35,88,29,9,27,22,1
0022300284,2023-12-02,MIA,129,28,6,22,27,3,1,12,22,48,89,25,12,24,21,IND,144,32,3,29,35,4,8,10,24,56,85,32,16,20,16,0
0022300289,2023-12-02,UTA,118,56,16,40,27,5,11,18,21,46,94,34,7,24,19,POR,113,40,11,29,17,11,5,11,20,38,95,40,13,27,24,1
0022300287,2023-12-02,DAL,120,47,15,32,26,5,12,16,21,39,87,52,19,35,23,OKC,126,50,16,34,24,8,5,13,24,44,100,44,20,22,18,0
0022300288,2023-12-02,PHX,116,44,12,32,24,10,5,17,21,36,83,26,9,43,35,MEM,109,40,8,32,14,9,8,17,31,39,86,31,9,24,22,1
0022301202,2023-12-04,IND,122,41,7,34,28,8,4,6,15,43,94,40,19,21,17,BOS,112,56,13,43,27,5,9,18,19,46,97,41,12,12,8,1
0022301204,2023-12-04,SAC,117,38,11,27,29,8,2,14,18,38,85,41,14,33,27,NOP,127,42,13,29,29,12,7,14,22,47,87,31,14,23,19,0
0022301201,2023-12-05,MIL,146,37,12,25,32,12,6,12,23,55,91,38,23,19,13,NYK,122,36,12,24,27,8,4,17,17,43,87,23,7,33,29,1
0022301203,2023-12-05,LAL,106,45,21,24,24,11,2,10,19,38,102,30,9,25,21,PHX,103,44,8,36,25,8,5,22,21,37,75,25,12,21,17,1
0022301215,2023-12-06,LAC,111,51,13,38,21,7,9,11,14,40,87,27,12,25,19,DEN,102,46,14,32,29,7,5,11,20,41,98,31,12,9,8,1
0022301207,2023-12-06,TOR,103,46,8,38,29,3,8,14,18,37,86,37,14,17,15,MIA,112,44,8,36,33,5,4,7,18,41,89,38,14,19,16,0
0022301209,2023-12-06,ATL,113,49,11,38,25,5,4,13,23,42,94,35,12,18,17,BKN,114,45,12,33,24,7,6,12,19,43,94,27,11,24,17,0
0022301205,2023-12-06,CLE,121,45,10,35,29,5,2,17,27,46,86,34,14,20,15,ORL,111,36,7,29,22,10,6,11,21,41,84,23,2,37,27,1
0022301208,2023-12-06,WAS,126,32,2,30,39,8,6,11,22,52,92,35,14,8,8,PHI,131,43,11,32,29,7,2,11,14,47,92,27,8,34,29,0
0022301214,2023-12-06,GSW,110,50,15,35,20,4,3,17,19,36,86,34,10,33,28,POR,106,40,11,29,22,8,3,10,30,39,95,46,16,16,12,1
0022301210,2023-12-06,MIN,102,55,11,44,20,4,10,14,16,36,87,40,12,21,18,SAS,94,49,13,36,23,7,4,12,17,38,101,36,8,15,10,1
0022301212,2023-12-06,HOU,110,53,10,43,28,6,5,21,16,40,83,33,15,22,15,OKC,101,30,4,26,22,14,10,9,21,37,87,29,8,24,19,1
0022301213,2023-12-06,DAL,147,47,11,36,37,11,5,8,14,56,101,49,22,19,13,UTA,97,43,11,32,22,6,3,19,20,35,87,33,12,18,15,1
0022301206,2023-12-06,DET,102,42,8,34,30,9,6,17,17,41,91,35,11,9,9,MEM,116,46,9,37,26,10,8,14,9,47,91,26,11,14,11,0
0022301211,2023-12-06,CHI,111,57,21,36,23,6,6,16,16,38,90,25,12,29,23,CHA,100,42,12,30,25,9,9,17,24,39,90,37,10,12,12,1
0022301230,2023-12-07,LAL,133,59,11,48,31,6,4,15,16,47,86,35,17,29,22,NOP,89,42,12,30,22,7,5,12,21,34,95,31,7,20,14,1
0022301229,2023-12-07,MIL,119,46,12,34,19,3,9,12,17,43,96,33,12,28,21,IND,128,51,15,36,30,9,8,10,21,50,102,33,7,25,21,0
0022301218,2023-12-08,PHI,125,48,14,34,24,6,8,11,14,42,87,30,11,37,30,ATL,114,55,23,32,20,3,4,14,23,41,104,39,13,21,19,1
0022301220,2023-12-08,MIA,99,37,7,30,23,5,5,18,23,37,86,42,15,15,10,CLE,111,51,12,39,21,13,2,13,17,40,87,38,14,26,17,0
0022301223,2023-12-08,SAS,112,44,10,34,35,4,9,13,20,39,83,42,17,20,17,CHI,121,56,24,32,27,9,2,8,19,47,102,28,13,24,14,0
0022301226,2023-12-08,POR,112,48,18,30,20,9,1,15,24,39,105,53,18,18,16,DAL,125,42,9,33,26,8,5,15,23,47,91,39,12,22,19,0
0022301222,2023-12-08,OKC,138,39,11,28,15,17,7,11,22,51,98,29,5,36,31,GSW,136,60,24,36,29,3,2,29,28,49,104,48,19,23,19,1
0022301224,2023-12-08,DEN,106,47,12,35,22,4,5,10,24,38,90,28,10,27,20,HOU,114,47,11,36,21,3,3,10,20,35,82,39,13,42,31,0
0022301225,2023-12-08,UTA,103,40,8,32,23,10,10,16,17,38,84,31,9,24,18,LAC,117,40,11,29,23,8,9,14,18,43,88,34,15,21,16,0
0022301221,2023-12-08,MEM,103,28,8,20,24,7,4,10,23,37,86,35,15,19,14,MIN,127,54,15,39,30,4,8,13,17,44,88,38,15,26,24,0
0022301227,2023-12-08,BOS,133,34,8,26,24,8,5,8,19,48,91,47,19,21,18,NYK,123,44,12,32,28,4,3,14,20,44,88,37,15,27,20,1
0022301228,2023-12-08,PHX,106,40,8,32,26,8,5,11,19,40,83,32,11,23,15,SAC,114,50,15,35,25,7,0,13,22,42,92,39,14,20,16,0
0022301216,2023-12-08,CHA,119,31,7,24,30,7,4,16,15,44,79,25,13,20,18,TOR,116,42,14,28,32,7,2,14,21,47,93,32,6,21,16,1
0022301219,2023-12-08,BKN,124,55,18,37,27,8,8,11,18,50,104,33,10,18,14,WAS,97,41,12,29,19,4,7,16,19,38,91,33,6,21,15,1
0022301217,2023-12-08,ORL,123,45,6,39,26,5,4,10,20,49,89,26,10,19,15,DET,91,38,8,30,17,3,2,16,17,34,81,30,6,24,17,1
0022300294,2023-12-11,ORL,104,43,12,31,22,7,8,14,22,39,84,26,7,25,19,CLE,94,48,18,30,15,10,3,14,23,30,85,40,9,33,25,1
0022300300,2023-12-11,MIL,133,48,6,42,34,5,4,11,21,44,86,37,15,37,30,CHI,129,51,18,33,25,3,4,6,27,47,114,34,15,25,20,1
0022300299,2023-12-11,MEM,113,38,10,28,26,9,5,18,19,41,89,44,18,16,13,DAL,120,43,10,33,27,8,9,17,17,43,86,40,17,19,17,0
0022300296,2023-12-11,ATL,122,35,13,22,25,9,2,10,21,44,96,44,17,18,17,DEN,129,49,14,35,29,9,8,16,19,47,88,29,12,29,23,0
0022300292,2023-12-11,CHA,114,31,6,25,31,3,2,11,22,40,84,41,17,22,17,MIA,116,43,8,35,31,7,3,11,22,37,77,35,15,34,27,0
0022300301,2023-12-11,NOP,121,47,10,37,27,7,7,14,20,40,82,27,10,40,31,MIN,107,47,11,36,26,5,3,14,28,40,91,36,13,19,14,1
0022300303,2023-12-11,SAC,131,43,10,33,38,4,3,13,24,48,94,45,25,14,10,BKN,118,41,10,31,24,4,6,13,13,42,88,29,14,21,20,1
0022300293,2023-12-11,DET,123,30,6,24,26,11,4,15,18,45,81,29,10,30,23,IND,131,43,11,32,33,8,5,18,20,52,92,31,13,19,14,0
0022300304,2023-12-11,LAC,132,35,9,26,33,7,9,9,20,49,89,34,13,22,21,POR,127,36,11,25,25,5,4,12,21,43,90,40,19,26,22,1
0022300298,2023-12-11,HOU,93,60,15,45,20,7,2,16,18,32,93,39,12,20,17,SAS,82,51,9,42,20,9,5,17,14,31,87,41,5,22,15,1
0022300297,2023-12-11,NYK,136,42,14,28,36,5,3,15,22,52,86,29,17,23,15,TOR,130,38,17,21,32,12,0,10,21,47,96,39,14,30,22,1
0022300302,2023-12-11,OKC,134,39,7,32,35,9,7,12,17,50,96,38,18,17,16,UTA,120,41,9,32,32,9,9,17,21,44,92,38,12,21,20,1
0022300295,2023-12-11,PHI,146,47,9,38,37,14,6,14,27,52,95,46,20,25,22,WAS,101,44,13,31,21,5,2,22,19,36,85,31,9,31,20,1
0022300305,2023-12-12,BOS,120,45,12,33,23,9,9,15,13,38,84,44,18,26,26,CLE,113,35,6,29,27,6,4,13,18,44,92,45,19,9,6,1
0022300307,2023-12-12,CHI,106,41,11,30,26,6,9,14,22,36,86,40,13,23,21,DEN,114,46,15,31,28,4,4,11,20,39,83,30,14,32,22,0
0022300308,2023-12-12,PHX,119,41,7,34,27,8,7,15,22,38,84,39,14,34,29,GSW,116,51,13,38,26,9,1,15,28,41,92,46,16,27,18,1
0022300306,2023-12-12,DAL,127,36,12,24,28,7,5,10,17,44,89,43,21,21,18,LAL,125,40,10,30,34,4,4,15,20,49,91,29,15,18,12,1
0022300309,2023-12-12,LAC,119,49,6,43,21,7,2,17,17,44,84,29,11,21,20,SAC,99,38,7,31,27,8,2,14,19,36,86,37,10,24,17,1
0022300313,2023-12-13,TOR,135,47,9,38,39,3,9,15,18,50,87,34,18,24,17,ATL,128,42,13,29,32,9,8,7,18,48,100,41,18,19,14,1
0022300311,2023-12-13,WAS,122,33,3,30,28,7,6,15,16,42,82,44,19,24,19,NOP,142,46,10,36,30,11,3,10,17,50,96,34,16,30,26,0
0022300316,2023-12-13,SAS,119,46,10,36,28,8,6,17,16,45,96,37,16,18,13,LAL,122,46,5,41,31,14,4,16,16,49,91,35,14,17,10,0
0022300317,2023-12-13,PHX,112,49,14,35,28,5,4,12,20,40,84,28,9,27,23,BKN,116,36,10,26,24,9,4,7,17,41,89,41,15,24,19,0
0022300318,2023-12-13,UTA,117,53,15,38,31,5,4,16,27,43,98,42,16,21,15,NYK,113,46,14,32,21,10,4,11,21,41,94,39,9,32,22,1
0022300315,2023-12-13,MIL,140,43,12,31,27,8,8,16,24,48,89,27,7,48,37,IND,126,45,16,29,30,7,6,18,32,45,100,36,11,32,25,1
0022300310,2023-12-13,DET,111,35,6,29,24,6,3,10,22,39,88,33,10,30,23,PHI,129,53,10,43,28,6,4,11,20,45,87,30,11,34,28,0
0022300314,2023-12-13,HOU,117,58,15,43,23,6,3,19,28,39,86,32,12,37,27,MEM,104,39,5,34,25,7,4,11,30,35,82,38,10,34,24,1
0022300312,2023-12-13,MIA,115,47,17,30,29,10,3,23,12,41,86,30,15,19,18,CHA,104,31,4,27,27,11,5,21,18,41,77,31,12,11,10,1
0022300319,2023-12-14,BOS,116,44,13,31,22,7,8,13,15,43,85,36,13,20,17,CLE,107,39,9,30,21,7,1,16,18,40,83,33,11,17,16,1
0022300320,2023-12-14,MIA,116,42,8,34,26,2,1,11,20,37,80,34,15,35,27,CHI,124,43,11,32,32,8,2,5,23,45,93,36,14,30,20,0
0022300325,2023-12-14,LAC,121,40,10,30,27,6,9,14,20,41,81,32,13,30,26,GSW,113,43,16,27,22,8,2,13,24,40,92,45,16,19,17,1
0022300321,2023-12-14,DAL,101,34,4,30,21,6,2,16,19,39,83,32,7,18,16,MIN,119,45,12,33,30,9,4,17,19,44,88,31,14,25,17,0
0022300322,2023-12-14,DEN,124,48,12,36,31,13,6,9,15,47,99,36,12,21,18,BKN,101,53,18,35,28,5,4,16,23,39,95,30,8,20,15,1
0022300324,2023-12-14,SAC,128,47,11,36,32,6,4,17,22,47,95,45,18,21,16,OKC,123,44,16,28,26,8,7,14,25,44,102,36,11,27,24,1
0022300323,2023-12-14,POR,114,49,21,28,30,9,4,11,12,43,103,45,16,18,12,UTA,122,45,13,32,27,9,9,11,14,49,92,33,11,14,13,0
0022300330,2023-12-15,TOR,104,32,3,29,30,8,6,14,19,40,77,31,10,25,14,ATL,125,55,16,39,34,4,4,14,19,52,101,41,16,6,5,0
0022300326,2023-12-15,CHA,107,39,8,31,18,7,4,8,24,41,92,31,9,21,16,NOP,112,49,11,38,24,4,5,16,17,38,80,27,9,32,27,0
0022300332,2023-12-15,MEM,96,48,13,35,19,4,8,18,24,37,92,40,11,15,11,HOU,103,51,15,36,18,10,10,11,19,32,88,29,11,32,28,0
0022300331,2023-12-15,SAS,129,45,9,36,35,5,5,9,19,47,95,42,18,19,17,LAL,115,43,9,34,32,5,5,6,15,43,89,36,11,28,18,1
0022300333,2023-12-15,PHX,122,33,10,23,30,4,3,12,17,47,90,28,11,21,17,NYK,139,38,9,29,28,9,5,11,20,49,82,29,17,28,24,0
0022300329,2023-12-15,BOS,128,34,9,25,31,14,7,11,22,48,92,42,18,20,14,ORL,111,45,13,32,25,5,2,21,22,42,87,35,14,18,13,1
0022300328,2023-12-15,WAS,137,47,8,39,36,7,8,19,18,52,92,27,13,26,20,IND,123,41,13,28,35,7,8,15,25,48,107,40,15,16,12,1
0022300327,2023-12-15,PHI,124,54,16,38,24,17,8,12,23,41,98,37,14,31,28,DET,92,42,7,35,19,3,7,21,25,35,81,21,4,23,18,1
0022300336,2023-12-16,CLE,127,49,18,31,32,8,3,11,22,49,101,42,16,15,13,ATL,119,34,6,28,21,5,4,11,21,41,85,36,15,25,22,1
0022300337,2023-12-16,MIA,118,31,8,23,26,7,2,10,19,43,83,35,13,25,19,CHI,116,40,11,29,25,8,4,15,19,37,77,38,16,29,26,1
0022300341,2023-12-16,POR,120,44,10,34,17,8,2,11,21,47,94,32,7,22,19,DAL,131,47,11,36,27,7,2,13,17,48,97,47,16,21,19,0
0022300339,2023-12-16,GSW,124,42,13,29,29,7,5,14,15,44,91,32,17,20,19,BKN,120,42,14,28,31,6,8,16,21,45,93,43,17,15,13,1
0022300343,2023-12-16,LAC,144,42,8,34,36,8,6,9,21,50,88,33,16,34,28,NYK,122,39,12,27,20,7,4,10,22,44,94,35,11,26,23,1
0022300338,2023-12-16,MIN,127,36,8,28,33,10,4,15,16,48,86,30,18,16,13,IND,109,40,13,27,25,10,6,15,15,45,90,21,6,16,13,1
0022300335,2023-12-16,CHA,82,36,8,28,15,3,4,13,14,33,91,35,7,11,9,PHI,135,45,5,40,30,10,6,10,17,53,88,31,14,17,15,0
0022300340,2023-12-16,DEN,117,46,16,30,30,5,0,9,22,42,93,32,12,24,21,OKC,118,40,9,31,22,4,9,11,19,43,84,21,7,30,25,0
0022300342,2023-12-16,SAC,125,45,8,37,36,6,2,18,17,46,85,45,22,15,11,UTA,104,37,9,28,28,8,3,13,12,38,86,37,12,21,16,1
0022300334,2023-12-16,MIL,146,49,8,41,24,5,8,15,24,50,88,42,19,32,27,DET,114,36,10,26,25,10,4,8,23,43,96,28,6,26,22,1
0022300345,2023-12-17,SAS,110,39,9,30,29,6,6,13,15,40,94,42,15,21,15,NOP,146,51,11,40,38,11,3,15,19,55,98,42,22,22,14,0
0022300348,2023-12-17,POR,114,37,9,28,23,10,4,14,20,40,85,35,13,23,21,GSW,118,43,11,32,31,10,4,14,20,46,87,38,13,19,13,0
0022300346,2023-12-17,MIL,128,46,16,30,25,4,1,17,23,45,90,36,13,32,25,HOU,119,31,6,25,26,8,4,10,21,45,85,27,11,21,18,1
0022300344,2023-12-17,BOS,114,55,10,45,18,4,10,14,19,45,95,36,17,8,7,ORL,97,43,10,33,18,7,4,9,16,34,89,36,11,24,18,1
0022300347,2023-12-17,PHX,112,54,13,41,29,8,6,17,16,41,90,31,7,30,23,WAS,108,44,10,34,24,8,6,10,25,39,95,46,14,20,16,1
0022300351,2023-12-18,PHI,104,44,9,35,23,8,8,12,17,38,88,32,11,19,17,CHI,108,45,11,34,24,7,9,10,15,42,89,29,12,15,12,0
0022300356,2023-12-18,DEN,130,46,9,37,29,7,4,9,19,49,87,26,14,22,18,DAL,104,43,15,28,19,2,0,11,20,41,92,38,13,19,9,1
0022300349,2023-12-18,CLE,135,38,14,24,29,7,8,12,25,47,97,48,19,34,22,HOU,130,47,15,32,34,9,5,14,32,47,102,33,12,27,24,1
0022300350,2023-12-18,IND,127,34,11,23,38,6,7,11,21,49,95,33,12,21,17,LAC,151,46,14,32,26,4,9,11,19,56,98,38,19,23,20,0
0022300353,2023-12-18,MIA,108,40,9,31,27,10,4,15,18,41,87,30,11,18,15,MIN,112,45,12,33,27,10,9,14,19,42,85,29,11,19,17,0
0022300357,2023-12-18,UTA,125,51,12,39,30,6,8,14,20,45,91,34,14,24,21,BKN,108,36,11,25,25,4,9,14,17,39,90,39,16,20,14,1
0022300359,2023-12-18,LAL,109,41,9,32,29,9,3,10,17,42,99,41,13,13,12,NYK,114,52,11,41,21,5,6,16,16,42,88,30,10,23,20,0
0022300355,2023-12-18,OKC,116,53,10,43,31,11,10,12,18,42,92,36,11,23,21,MEM,97,45,7,38,25,6,3,22,19,30,85,54,19,21,18,1
0022300358,2023-12-18,SAC,143,42,9,33,35,8,5,7,24,53,100,43,17,26,20,WAS,131,39,5,34,26,3,6,12,21,44,85,38,18,30,25,1
0022300352,2023-12-18,ATL,130,40,11,29,25,6,10,18,24,46,85,36,16,27,22,DET,124,36,12,24,23,7,3,13,26,48,94,22,9,27,19,1
0022300354,2023-12-18,TOR,114,51,15,36,30,4,4,19,16,44,86,29,8,22,18,CHA,99,36,10,26,18,8,6,13,19,39,89,32,8,13,13,1
0022300362,2023-12-19,GSW,132,59,18,41,29,4,5,10,15,50,109,50,20,14,12,BOS,126,55,18,37,28,6,5,8,13,47,114,58,17,17,15,1
0022300363,2023-12-19,POR,109,42,10,32,23,8,4,17,18,39,87,28,14,19,17,PHX,104,47,14,33,23,10,6,15,15,42,94,23,5,21,15,1
0022300361,2023-12-19,MIL,132,47,11,36,34,11,7,7,15,50,106,49,18,18,14,SAS,119,52,8,44,27,4,4,16,17,46,96,30,9,21,18,1
0022300360,2023-12-19,NOP,113,39,11,28,23,4,3,11,23,40,85,25,11,24,22,MEM,115,42,13,29,19,5,7,18,19,41,82,31,10,29,23,0
0022300371,2023-12-20,HOU,127,37,8,29,25,4,6,9,23,44,89,34,16,23,23,ATL,134,44,12,32,31,4,3,12,18,47,91,40,17,28,23,0
0022300373,2023-12-20,SAC,119,37,12,25,29,4,8,7,15,43,91,44,21,23,12,BOS,144,50,14,36,35,6,10,9,17,51,92,42,22,24,20,0
0022300369,2023-12-20,TOR,104,41,10,31,26,3,5,11,12,43,90,27,9,13,9,DEN,113,46,15,31,29,9,9,9,13,49,98,33,12,7,3,0
0022300372,2023-12-20,DAL,111,36,13,23,23,8,3,8,19,39,91,43,14,27,19,LAC,120,44,7,37,27,6,4,14,22,43,77,31,11,25,23,0
0022300370,2023-12-20,CHI,124,48,7,41,25,7,6,16,15,48,88,34,18,11,10,LAL,108,40,8,32,27,7,7,14,11,42,94,37,12,15,12,1
0022300366,2023-12-20,ORL,106,49,15,34,29,8,5,12,24,41,89,36,9,19,15,MIA,115,39,10,29,25,6,2,11,17,40,83,29,15,24,20,0
0022300367,2023-12-20,PHI,127,36,7,29,20,9,3,12,25,45,84,22,8,32,29,MIN,113,39,9,30,22,4,2,19,22,42,82,25,9,24,20,1
0022300368,2023-12-20,BKN,102,49,17,32,25,6,9,11,20,37,101,47,15,17,13,NYK,121,54,12,42,24,8,7,11,15,44,95,33,13,25,20,0
0022300364,2023-12-20,CLE,124,44,14,30,34,8,3,12,23,45,96,51,23,16,11,UTA,116,38,6,32,24,5,6,16,22,40,78,30,13,28,23,1
0022300365,2023-12-20,IND,144,38,8,30,37,6,8,13,20,49,80,39,18,30,28,CHA,113,37,16,21,23,6,0,12,18,45,95,31,8,19,15,1
0022300375,2023-12-21,CLE,104,35,6,29,34,4,3,12,13,41,87,44,17,8,5,NOP,123,40,7,33,32,7,4,9,15,47,86,35,15,16,14,0
0022300379,2023-12-21,OKC,134,38,6,32,35,9,5,12,11,51,87,34,16,18,16,LAC,115,40,12,28,23,9,5,16,18,44,93,43,17,12,10,1
0022300380,2023-12-21,MIN,118,40,9,31,32,13,7,14,19,42,87,36,14,25,20,LAL,111,38,7,31,21,6,6,18,18,41,83,24,10,24,19,1
0022300378,2023-12-21,MIL,118,51,10,41,26,3,6,13,22,38,90,37,11,35,31,ORL,114,45,13,32,26,6,9,7,23,45,99,33,8,23,16,1
0022300377,2023-12-21,MEM,116,41,8,33,27,8,7,20,14,43,84,35,16,21,14,IND,103,39,12,27,28,12,9,17,21,38,90,52,18,11,9,1
0022300376,2023-12-21,CHI,114,36,5,31,24,11,5,12,18,49,90,28,7,11,9,SAS,95,41,9,32,24,6,7,19,11,37,81,30,10,16,11,1
0022300374,2023-12-21,DET,111,41,12,29,24,6,9,21,19,43,86,31,9,19,16,UTA,119,44,15,29,26,15,7,13,18,43,94,30,11,24,22,0
0022300381,2023-12-21,POR,117,51,20,31,24,7,6,16,27,43,95,30,14,23,17,WAS,118,37,7,30,26,9,6,12,17,42,84,30,12,32,22,0
0022300384,2023-12-22,MIA,122,48,12,36,21,7,2,17,18,40,86,39,17,30,25,ATL,113,43,12,31,29,9,2,14,23,42,96,54,19,14,10,1
0022300385,2023-12-22,HOU,122,63,12,51,21,7,3,17,22,46,95,38,11,23,19,DAL,96,47,14,33,18,10,1,12,17,35,101,40,7,26,19,1
0022300383,2023-12-22,BKN,117,45,14,31,32,4,7,11,23,43,89,33,13,26,18,DEN,122,41,8,33,29,6,5,6,19,45,87,26,11,25,21,0
0022300387,2023-12-22,SAC,120,37,7,30,32,7,7,14,24,44,83,38,12,26,20,PHX,105,45,15,30,19,8,4,15,19,39,88,25,5,28,22,1
0022300382,2023-12-22,PHI,121,38,3,35,34,6,6,14,21,44,83,31,14,21,19,TOR,111,46,11,35,30,9,6,12,16,39,87,33,9,28,24,1
0022300386,2023-12-22,GSW,129,57,14,43,33,5,2,12,17,47,97,45,18,20,17,WAS,118,39,9,30,25,7,4,9,16,44,97,35,11,24,19,1
0022300389,2023-12-23,LAC,108,34,9,25,25,4,4,11,24,41,89,34,11,15,15,BOS,145,51,15,36,33,4,5,10,19,49,94,53,25,28,22,0
0022300396,2023-12-23,CHI,95,37,5,32,23,6,5,12,22,35,80,35,8,19,17,CLE,109,48,15,33,28,7,4,13,16,39,88,45,12,26,19,0
0022300390,2023-12-23,CHA,95,47,13,34,23,8,11,18,15,34,88,28,8,23,19,DEN,102,48,12,36,25,11,13,17,21,39,90,30,12,14,12,0
0022300392,2023-12-23,NOP,104,46,13,33,21,9,7,16,22,38,82,31,8,29,20,HOU,106,44,13,31,21,9,2,12,20,35,82,29,9,35,27,0
0022300397,2023-12-23,OKC,120,42,11,31,24,6,7,9,17,46,95,41,13,19,15,LAL,129,44,8,36,37,7,7,9,13,47,90,32,16,23,19,0
0022300388,2023-12-23,NYK,111,41,11,30,17,5,2,11,22,41,93,29,9,21,20,MIL,130,53,12,41,25,4,2,14,22,48,91,32,16,23,18,0
0022300400,2023-12-23,SAC,98,40,8,32,23,10,2,11,20,37,85,33,8,21,16,MIN,110,43,7,36,31,9,5,12,18,44,87,33,10,14,12,0
0022300391,2023-12-23,IND,110,33,7,26,27,7,6,15,30,43,82,34,15,13,9,ORL,117,39,10,29,22,9,5,15,18,39,73,18,6,41,33,0
0022300399,2023-12-23,GSW,126,49,13,36,38,8,2,18,14,48,83,33,10,24,20,POR,106,30,8,22,26,13,3,12,20,38,84,35,13,25,17,1
0022300398,2023-12-23,DAL,144,52,11,41,26,7,6,13,18,52,100,45,23,21,17,SAS,119,42,8,34,32,9,3,10,16,44,98,45,14,24,17,1
0022300395,2023-12-23,TOR,119,39,12,27,35,7,5,11,17,45,94,32,13,19,16,UTA,126,41,8,33,35,7,5,12,17,48,91,38,17,14,13,0
0022300393,2023-12-23,ATL,119,41,13,28,28,8,5,11,22,45,96,43,13,20,16,MEM,125,51,15,36,29,6,7,12,16,50,97,33,11,22,14,0
0022300394,2023-12-23,BKN,126,38,7,31,32,10,3,12,22,45,86,24,10,32,26,DET,115,36,6,30,26,5,3,14,25,39,79,35,15,29,22,1
0022300403,2023-12-25,LAL,115,43,13,30,24,4,1,12,19,43,90,32,13,21,16,BOS,126,44,11,33,31,8,7,8,17,46,91,42,13,28,21,0
0022300405,2023-12-25,PHX,114,47,14,33,28,5,2,16,21,40,90,41,14,25,20,DAL,128,38,8,30,28,7,6,11,20,45,84,44,16,30,22,0
0022300402,2023-12-25,DEN,120,43,10,33,25,6,4,14,17,40,82,34,14,32,26,GSW,114,39,9,30,23,7,3,13,23,40,87,40,14,23,20,1
0022300401,2023-12-25,NYK,129,41,7,34,27,7,4,12,18,50,92,26,8,26,21,MIL,122,44,17,27,26,7,4,11,23,45,95,42,13,24,19,1
0022300404,2023-12-25,MIA,119,56,13,43,27,5,7,14,17,40,84,32,12,35,27,PHI,113,36,5,31,23,11,4,8,22,40,94,45,17,25,16,1
0022300408,2023-12-26,CHI,118,48,18,30,23,10,2,10,17,42,92,25,7,31,27,ATL,113,40,12,28,24,6,3,16,21,41,89,45,13,21,18,1
0022300411,2023-12-26,OKC,129,29,3,26,35,9,7,15,24,49,81,39,18,16,13,MIN,106,34,8,26,22,8,1,24,16,34,73,27,12,32,26,1
0022300406,2023-12-26,DET,112,52,16,36,20,6,4,14,27,40,90,25,9,32,23,BKN,118,42,7,35,22,6,7,9,22,41,82,22,9,43,27,0
0022300407,2023-12-26,WAS,119,47,10,37,27,10,8,20,21,43,87,42,16,21,17,ORL,127,40,7,33,30,11,5,16,16,49,93,26,12,25,17,0
0022300409,2023-12-26,HOU,117,44,15,29,19,15,2,11,16,47,97,24,5,22,18,IND,123,45,10,35,28,5,7,20,22,43,82,43,19,21,18,0
0022300413,2023-12-26,POR,130,46,16,30,28,5,5,10,17,49,98,40,16,20,16,SAC,113,40,11,29,25,5,7,12,16,45,93,42,10,16,13,1
0022300412,2023-12-26,SAS,118,43,13,30,36,8,8,9,18,44,98,35,16,21,14,UTA,130,53,13,40,34,4,7,14,21,47,95,43,16,22,20,0
0022300410,2023-12-26,NOP,115,46,10,36,18,12,6,15,26,42,97,31,10,33,21,MEM,116,50,8,42,24,10,17,18,24,39,90,46,11,32,27,0
0022300414,2023-12-26,LAC,113,45,11,34,24,7,3,13,14,40,85,34,14,25,19,CHA,104,42,8,34,31,8,6,11,23,43,93,29,6,16,12,1
0022300420,2023-12-27,DAL,110,37,7,30,21,12,7,10,21,39,88,37,10,26,22,CLE,113,57,18,39,33,7,4,16,21,40,92,43,17,23,16,0
0022300417,2023-12-27,BKN,122,47,17,30,29,7,2,9,17,45,101,32,7,29,25,MIL,144,41,8,33,41,6,8,10,18,52,89,51,23,23,17,0
0022300419,2023-12-27,OKC,129,27,3,24,20,6,10,4,21,49,90,32,14,22,17,NYK,120,40,9,31,24,2,2,18,21,41,82,34,14,30,24,1
0022300415,2023-12-27,ORL,92,43,9,34,17,5,11,16,18,31,79,33,9,24,21,PHI,112,48,12,36,14,10,8,10,19,45,96,28,10,17,12,0
0022300418,2023-12-27,HOU,113,33,9,24,20,11,3,10,21,40,96,41,17,22,16,PHX,129,44,8,36,28,4,11,19,17,47,82,33,14,26,21,0
0022300416,2023-12-27,WAS,102,34,10,24,25,11,3,17,17,42,90,33,8,15,10,TOR,132,53,14,39,43,12,5,20,18,52,91,38,15,19,13,0
0022300423,2023-12-28,MIN,118,38,6,32,23,9,10,22,21,38,74,33,17,34,25,DAL,110,39,13,26,29,9,3,18,27,40,90,33,14,19,16,1
0022300426,2023-12-28,GSW,102,43,12,31,27,4,7,13,19,37,88,33,8,25,20,MIA,114,44,10,34,26,6,1,10,19,44,91,31,10,22,16,0
0022300422,2023-12-28,CHI,104,47,13,34,19,7,4,8,20,40,97,27,7,22,17,IND,120,47,6,41,30,6,9,14,21,43,85,42,19,22,15,0
0022300427,2023-12-28,POR,105,57,22,35,16,6,4,13,22,35,101,36,11,32,24,SAS,118,42,7,35,33,9,10,11,20,41,85,36,10,28,26,0
0022300424,2023-12-28,NOP,112,35,6,29,27,10,7,15,19,45,82,27,10,15,12,UTA,105,42,17,25,27,5,3,19,15,36,85,39,12,25,21,1
0022300425,2023-12-28,DEN,142,53,12,41,43,6,7,12,19,55,96,41,20,14,12,MEM,105,36,11,25,23,8,5,11,13,37,89,35,13,25,18,1
0022300421,2023-12-28,BOS,128,43,11,32,25,10,4,12,15,48,99,39,11,25,21,DET,122,57,19,38,27,7,4,19,21,48,101,43,14,19,12,1
0022300428,2023-12-28,LAL,133,42,5,37,41,11,7,11,21,52,97,30,15,14,14,CHA,112,43,8,35,29,5,5,19,14,40,85,33,15,28,17,1
0022300433,2023-12-29,CLE,111,37,7,30,28,11,7,8,20,49,103,43,6,9,7,MIL,119,43,7,36,26,5,6,17,15,41,80,29,12,28,25,0
0022300430,2023-12-29,WAS,110,43,8,35,28,5,5,7,19,46,91,38,15,7,3,BKN,104,54,18,36,24,5,4,10,13,39,91,28,9,27,17,1
0022300429,2023-12-29,ORL,117,49,14,35,24,10,6,15,20,40,89,33,7,40,30,NYK,108,40,6,34,22,8,4,16,30,38,86,30,6,29,26,1
0022300434,2023-12-29,HOU,127,42,14,28,30,8,6,17,24,49,91,30,14,21,15,PHI,131,30,11,19,22,10,5,10,21,45,86,33,12,33,29,0
0022300431,2023-12-29,ATL,110,51,18,33,29,9,4,15,16,37,94,43,15,25,21,SAC,117,38,5,33,35,9,3,12,20,46,89,45,17,15,8,0
0022300437,2023-12-29,POR,134,43,16,27,28,8,6,14,19,48,95,27,16,27,22,SAS,128,42,13,29,31,9,3,14,19,48,94,33,14,25,18,1
0022300435,2023-12-29,DEN,93,36,5,31,30,6,5,17,17,36,85,37,10,15,11,OKC,119,51,10,41,29,10,8,12,20,46,91,35,12,16,15,0
0022300432,2023-12-29,BOS,120,52,13,39,29,3,6,16,17,43,88,39,17,20,17,TOR,118,38,9,29,29,10,6,5,15,44,95,44,17,20,13,1
0022300438,2023-12-29,LAC,117,54,11,43,28,3,6,18,19,43,87,39,11,25,20,MEM,106,33,3,30,29,10,4,12,22,38,87,40,13,20,17,1
0022300436,2023-12-29,PHX,133,39,6,33,34,3,11,15,14,46,74,30,18,24,23,CHA,119,26,8,18,32,5,3,6,17,44,92,46,23,8,8,1
0022300444,2023-12-30,GSW,122,47,16,31,32,8,3,11,21,47,103,48,19,13,9,DAL,132,43,6,37,25,5,2,9,14,49,88,40,16,22,18,0
0022300443,2023-12-30,MIN,108,45,7,38,24,8,8,19,26,38,76,34,12,24,20,LAL,106,39,8,31,23,12,4,10,15,37,88,24,7,32,25,1
0022300439,2023-12-30,UTA,117,43,9,34,29,8,6,10,25,43,93,41,11,28,20,MIA,109,46,8,38,20,8,8,16,24,34,78,31,9,40,32,1
0022300441,2023-12-30,IND,140,34,7,27,40,6,7,16,18,50,85,43,23,21,17,NYK,126,42,15,27,24,12,2,14,19,45,95,37,17,27,19,1
0022300442,2023-12-30,CHI,105,53,12,41,21,5,5,17,15,40,79,25,7,30,18,PHI,92,36,12,24,24,12,5,8,22,36,92,38,9,15,11,1
0022300440,2023-12-30,DET,129,41,6,35,29,4,4,12,22,41,82,28,12,40,35,TOR,127,33,6,27,26,9,5,8,27,46,91,24,12,28,23,1
0022300445,2023-12-31,WAS,126,42,6,36,35,5,9,9,21,46,98,53,17,21,17,ATL,130,58,12,46,27,5,3,12,18,47,95,32,12,37,24,0
0022300448,2023-12-31,SAS,101,39,9,30,28,6,1,16,17,40,94,45,12,12,9,BOS,134,57,13,44,29,6,7,11,12,51,95,42,15,22,17,0
0022300446,2023-12-31,NOP,129,47,12,35,33,9,6,13,22,45,87,34,17,27,22,LAL,109,35,4,31,26,8,10,13,15,39,82,32,10,25,21,1
0022300447,2023-12-31,OKC,124,46,5,41,31,1,6,15,24,45,83,33,18,20,16,BKN,108,47,17,30,26,9,2,7,21,38,100,46,12,31,20,1
0022300450,2023-12-31,PHX,112,35,6,29,21,11,4,6,17,44,88,27,8,19,16,ORL,107,45,8,37,22,2,4,15,18,42,90,37,12,12,11,1
0022300449,2023-12-31,MEM,92,34,1,33,20,4,1,8,14,30,82,40,12,28,20,SAC,123,59,9,50,28,2,4,13,22,47,92,33,16,17,13,0
0022300452,2024-01-01,TOR,124,47,10,37,25,5,4,11,22,42,87,30,11,40,29,CLE,121,43,6,37,25,9,2,9,29,43,89,36,12,26,23,1
0022300457,2024-01-01,UTA,127,53,7,46,37,9,6,13,15,49,96,44,12,18,17,DAL,90,41,8,33,28,6,5,16,15,37,93,40,11,10,5,1
0022300458,2024-01-01,LAC,121,37,6,31,25,10,3,17,20,47,80,29,14,14,13,MIA,104,35,12,23,24,7,3,14,17,35,83,34,11,29,23,1
0022300451,2024-01-01,NYK,112,49,16,33,23,7,4,15,24,39,89,34,12,28,22,MIN,106,34,4,30,19,6,4,14,22,36,76,28,11,29,23,1
0022300454,2024-01-01,MIL,113,46,8,38,27,4,8,11,26,41,93,40,10,26,21,IND,122,52,14,38,23,7,5,7,24,43,97,35,5,38,31,0
0022300456,2024-01-01,PHX,109,47,9,38,24,10,5,16,20,38,80,29,11,33,22,POR,88,36,6,30,21,6,10,19,19,33,80,30,8,19,14,1
0022300453,2024-01-01,HOU,136,39,6,33,34,11,1,10,19,51,91,35,15,24,19,DET,113,37,10,27,27,3,4,18,21,40,83,29,13,27,20,1
0022300455,2024-01-01,DEN,111,44,4,40,27,9,9,11,15,41,83,38,15,18,14,CHA,93,45,8,37,24,4,5,14,15,36,86,26,10,16,11,1
0022300462,2024-01-02,OKC,127,38,10,28,34,7,10,12,22,48,91,40,18,17,13,BOS,123,47,17,30,33,7,10,14,15,42,92,40,15,29,24,1
0022300459,2024-01-02,PHI,110,43,6,37,28,9,6,19,22,38,80,30,12,30,22,CHI,97,51,19,32,17,9,7,18,21,37,96,37,7,23,16,1
0022300461,2024-01-02,NOP,112,53,17,36,23,10,9,17,12,41,88,39,16,18,14,BKN,85,43,18,25,26,7,4,15,13,35,98,43,11,8,4,1
0022300463,2024-01-02,GSW,121,36,9,27,23,9,6,12,19,42,78,35,13,37,24,ORL,115,41,16,25,19,8,4,18,24,41,92,36,14,23,19,1
0022300460,2024-01-02,MEM,106,46,8,38,24,5,8,15,23,37,80,38,12,25,20,SAS,98,40,6,34,21,6,8,16,24,36,85,31,10,23,16,1
0022300464,2024-01-02,SAC,104,48,15,33,23,8,2,21,23,40,92,36,14,17,10,CHA,111,35,4,31,23,8,10,15,15,42,82,34,12,19,15,0
0022300471,2024-01-03,MIN,106,28,8,20,26,7,6,13,13,37,82,31,10,27,22,NOP,117,41,9,32,30,7,5,14,24,45,81,26,12,17,15,0
0022300468,2024-01-03,NYK,116,52,13,39,29,6,7,16,17,46,89,38,15,11,9,CHI,100,39,11,28,24,9,7,11,17,37,89,32,13,16,13,1
0022300473,2024-01-03,PHX,122,32,10,22,23,9,2,17,23,42,79,35,15,26,23,LAC,131,36,10,26,25,9,5,14,18,42,76,34,18,32,29,0
0022300475,2024-01-03,LAL,96,50,9,41,29,3,6,22,14,35,83,30,4,24,22,MIA,110,39,7,32,30,14,3,10,23,41,93,42,16,17,12,0
0022300466,2024-01-03,IND,142,44,7,37,34,7,5,11,27,50,90,35,14,34,28,MIL,130,42,10,32,30,6,4,13,25,46,92,37,14,32,24,1
0022300469,2024-01-03,HOU,112,48,5,43,27,5,4,16,19,37,76,39,19,27,19,BKN,101,50,15,35,25,11,6,10,19,36,93,44,13,26,16,1
0022300476,2024-01-03,SAC,138,58,18,40,36,9,3,21,21,51,105,40,15,31,21,ORL,135,39,7,32,33,10,7,21,30,44,90,44,25,27,22,1
0022300472,2024-01-03,DAL,126,43,7,36,25,12,7,12,18,42,84,30,13,41,29,POR,97,46,10,36,23,4,3,22,34,34,87,40,13,22,16,1
0022300467,2024-01-03,ATL,141,49,15,34,30,8,5,13,21,48,95,39,14,33,31,OKC,138,37,9,28,30,10,1,13,23,50,91,36,18,26,20,1
0022300470,2024-01-03,MEM,111,43,9,34,25,7,5,10,19,40,94,42,15,19,16,TOR,116,46,7,39,25,5,6,12,20,41,85,26,12,27,22,0
0022300465,2024-01-03,CLE,140,62,18,44,37,5,8,11,13,54,101,42,20,16,12,WAS,101,36,12,24,22,8,5,8,14,42,101,35,12,11,5,1
0022300474,2024-01-03,UTA,154,43,15,28,28,11,8,12,22,53,103,32,16,35,32,DET,148,48,16,32,33,5,3,17,27,56,105,41,19,22,17,1
0022300478,2024-01-04,GSW,127,33,9,24,35,4,3,10,20,49,90,36,15,16,14,DEN,130,36,11,25,28,7,4,9,15,48,85,26,9,29,25,0
0022300477,2024-01-04,SAS,121,42,10,32,31,10,8,12,16,46,95,40,14,17,15,MIL,125,42,8,34,27,5,5,14,16,49,92,34,12,19,15,0
0022300480,2024-01-05,IND,150,39,8,31,50,12,3,16,24,60,94,39,19,13,11,ATL,116,39,14,25,21,6,3,14,11,40,93,42,10,30,26,1
0022300486,2024-01-05,NOP,95,43,14,29,22,9,5,9,17,33,92,29,12,23,17,LAC,111,50,10,40,28,6,7,15,18,40,82,36,15,20,16,0
0022300489,2024-01-05,PHX,113,44,9,35,30,13,5,11,18,44,87,35,14,17,11,MIA,97,44,11,33,26,5,2,16,21,34,83,37,10,22,19,1
0022300485,2024-01-05,HOU,95,38,7,31,18,7,2,15,15,36,90,32,12,15,11,MIN,122,52,9,43,31,12,7,14,18,46,88,33,14,20,16,0
0022300483,2024-01-05,PHI,92,38,8,30,22,8,9,14,18,33,81,23,6,27,20,NYK,128,49,10,39,27,7,7,13,22,43,89,41,18,25,24,0
0022300488,2024-01-05,DEN,120,38,9,29,28,8,1,13,23,48,95,33,9,19,15,ORL,122,40,11,29,25,9,3,15,20,41,82,36,17,34,23,0
0022300487,2024-01-05,DAL,139,52,10,42,35,11,8,17,21,56,96,38,17,15,10,POR,103,42,10,32,27,9,3,19,15,39,95,40,13,17,12,1
0022300481,2024-01-05,BKN,124,51,20,31,25,9,3,15,24,41,91,39,14,33,28,OKC,115,36,7,29,29,8,5,13,26,45,84,31,9,24,16,1
0022300492,2024-01-05,SAC,135,42,11,31,35,4,1,15,23,52,100,38,21,15,10,TOR,130,37,8,29,31,5,10,14,20,47,87,37,13,27,23,1
0022300479,2024-01-05,BOS,126,56,9,47,24,9,8,14,23,39,90,49,17,36,31,UTA,97,57,16,41,23,11,2,18,24,34,94,34,6,34,23,1
0022300491,2024-01-05,LAL,113,35,8,27,26,13,3,14,14,42,85,28,10,27,19,MEM,127,44,6,38,33,8,4,19,20,44,82,45,23,20,16,0
0022300482,2024-01-05,CLE,114,52,12,40,31,9,1,24,19,41,77,33,16,23,16,WAS,90,31,7,24,19,12,8,17,19,35,84,30,9,15,11,1
0022300490,2024-01-05,GSW,113,45,7,38,24,3,5,19,18,38,82,38,16,25,21,DET,109,40,10,30,25,8,9,11,23,44,98,44,13,10,8,1
0022300484,2024-01-05,CHI,104,41,4,37,29,7,6,15,17,40,74,28,10,17,14,CHA,91,42,12,30,20,7,1,13,20,36,89,34,10,12,9,1
0022300493,2024-01-06,IND,101,38,10,28,23,12,2,9,18,38,92,42,8,22,17,BOS,118,56,13,43,26,6,6,18,20,46,90,41,16,19,10,0
0022300496,2024-01-06,HOU,112,46,7,39,22,7,2,10,24,36,83,34,13,32,27,MIL,108,41,4,37,20,7,4,11,24,35,76,34,9,42,29,1
0022300494,2024-01-06,WAS,105,45,12,33,33,5,3,20,20,40,85,37,13,20,12,NYK,121,45,11,34,27,9,2,14,16,43,87,36,14,24,21,0
0022300495,2024-01-06,PHI,109,34,15,19,30,12,6,6,20,42,104,38,7,23,18,UTA,120,48,9,39,30,4,4,24,18,46,80,30,8,24,20,0
0022300499,2024-01-07,ORL,117,57,13,44,25,8,3,13,24,43,98,41,17,22,14,ATL,110,50,8,42,21,9,10,13,23,42,91,30,9,29,17,1
0022300500,2024-01-07,SAC,100,25,8,17,28,9,2,9,12,38,91,45,15,12,9,NOP,133,51,9,42,35,2,9,16,14,50,82,35,19,16,14,0
0022300505,2024-01-07,LAL,106,40,8,32,23,9,6,19,11,42,82,29,11,16,11,LAC,103,40,13,27,21,12,5,16,19,36,91,37,14,19,17,1
0022300501,2024-01-07,DAL,115,44,15,29,20,7,8,11,19,43,95,40,15,20,14,MIN,108,51,18,33,22,6,4,13,22,41,94,41,13,21,13,1
0022300498,2024-01-07,BKN,127,44,9,35,29,7,7,16,25,46,91,37,14,25,21,POR,134,38,9,29,21,5,5,10,20,45,95,38,20,30,24,0
0022300497,2024-01-07,CLE,117,44,12,32,27,6,3,16,16,43,88,43,16,21,15,SAS,115,40,8,32,22,10,6,11,18,41,86,37,14,22,19,1
0022300504,2024-01-07,GSW,118,43,15,28,30,5,4,11,11,45,100,46,14,15,14,TOR,133,45,9,36,38,7,6,7,14,55,94,33,15,14,8,0
0022300503,2024-01-07,PHX,115,50,16,34,29,5,6,12,27,46,102,28,8,22,15,MEM,121,54,15,39,29,7,8,18,24,43,97,49,17,24,18,0
0022300502,2024-01-07,DEN,131,38,6,32,35,6,10,14,23,47,80,27,10,31,27,DET,114,37,13,24,28,6,0,12,20,42,89,24,9,30,21,1
0022300507,2024-01-08,IND,133,39,9,30,29,6,7,13,23,48,91,40,19,22,18,BOS,131,42,13,29,26,3,8,15,20,47,90,35,17,29,20,1
0022300506,2024-01-08,CHA,112,44,14,30,26,3,7,15,22,40,94,42,17,17,15,CHI,119,51,12,39,27,7,7,14,18,45,92,26,9,24,20,0
0022300509,2024-01-08,MIA,120,45,10,35,30,6,5,11,21,41,82,36,15,32,23,HOU,113,42,12,30,20,8,4,12,31,37,88,41,14,28,25,1
0022300511,2024-01-08,LAC,138,44,11,33,32,11,3,14,21,53,85,29,15,23,17,PHX,111,25,5,20,17,6,4,14,20,38,77,30,10,29,25,1
0022300508,2024-01-08,WAS,128,38,12,26,32,7,5,15,23,44,89,32,15,29,25,OKC,136,40,10,30,37,11,7,15,21,52,88,28,14,24,18,0
0022300510,2024-01-08,MIL,116,38,11,27,31,6,6,9,20,42,94,36,17,19,15,UTA,132,47,10,37,33,6,8,11,15,47,90,44,20,22,18,0
0022300513,2024-01-09,ORL,92,46,16,30,20,13,5,13,22,34,94,42,13,18,11,MIN,113,48,5,43,34,8,4,18,18,43,80,30,12,19,15,0
0022300514,2024-01-09,NYK,112,55,15,40,26,11,4,15,16,37,89,48,18,23,20,POR,84,43,12,31,19,8,7,15,17,33,86,29,6,18,12,1
0022300512,2024-01-09,DET,110,40,13,27,27,12,2,21,19,40,85,37,14,21,16,SAC,131,44,10,34,39,8,6,18,21,54,94,33,13,14,10,0
0022300516,2024-01-09,LAL,132,39,5,34,34,6,4,15,16,44,81,36,16,36,28,TOR,131,37,5,32,34,8,4,12,26,53,94,35,17,13,8,1
0022300515,2024-01-09,DAL,103,33,8,25,20,9,4,13,17,36,82,27,9,27,22,MEM,120,54,18,36,27,7,3,17,18,44,91,37,14,21,18,0
0022300525,2024-01-10,GSW,105,43,14,29,24,4,4,17,19,39,89,39,12,18,15,NOP,141,47,13,34,37,11,7,11,19,54,94,40,19,19,14,0
0022300524,2024-01-10,UTA,124,40,7,33,34,12,8,17,19,46,83,33,13,23,19,DEN,111,34,8,26,26,11,4,16,23,37,81,33,13,28,24,1
0022300523,2024-01-10,CHI,124,46,8,38,31,9,4,14,19,42,95,47,19,25,21,HOU,119,50,9,41,29,9,4,14,18,48,101,45,11,20,12,1
0022300517,2024-01-10,BOS,127,46,7,39,21,5,4,8,19,39,90,47,19,31,30,MIN,120,47,8,39,22,4,6,9,27,44,95,34,14,20,18,1
0022300521,2024-01-10,ATL,139,55,16,39,32,6,8,13,21,48,102,34,12,42,31,PHI,132,51,13,38,26,8,9,11,28,46,102,34,12,33,28,1
0022300518,2024-01-10,CHA,98,36,8,28,17,2,3,10,16,35,87,38,16,16,12,SAC,123,53,14,39,24,2,8,10,15,46,89,35,13,23,18,0
0022300519,2024-01-10,DET,108,43,9,34,33,4,3,10,19,44,96,32,10,13,10,SAS,130,46,10,36,36,7,4,5,15,49,94,27,9,27,23,0
0022300522,2024-01-10,MIA,120,38,8,30,25,8,3,10,13,41,89,36,15,28,23,OKC,128,42,4,38,36,4,4,13,19,51,86,33,14,16,12,0
0022300526,2024-01-10,LAC,126,36,11,25,34,6,5,7,17,49,93,34,15,13,13,TOR,120,37,7,30,31,4,2,15,17,46,84,30,12,18,16,1
0022300520,2024-01-10,IND,112,54,14,40,31,7,6,14,22,41,92,25,8,24,22,WAS,104,46,13,33,24,8,8,14,23,38,88,31,7,30,21,1
0022300528,2024-01-11,MIL,135,54,12,42,34,3,6,11,22,52,92,42,18,16,13,BOS,102,31,6,25,22,5,5,6,13,34,91,35,9,30,25,1
0022300527,2024-01-11,CLE,111,47,12,35,16,11,6,11,24,32,82,44,13,43,34,BKN,102,41,9,32,18,5,4,17,29,37,82,27,8,28,20,1
0022300530,2024-01-11,DAL,128,38,11,27,27,6,2,10,19,44,88,41,17,30,23,NYK,124,45,13,32,27,7,2,16,25,44,89,42,14,28,22,1
0022300531,2024-01-11,LAL,109,37,7,30,33,8,4,18,19,40,80,34,13,25,16,PHX,127,46,13,33,23,12,3,13,16,46,93,39,14,23,21,0
0022300529,2024-01-11,OKC,139,59,8,51,41,6,8,13,10,53,93,35,14,22,19,POR,77,42,13,29,16,8,8,10,19,28,101,49,11,16,10,1
0022300539,2024-01-12,DEN,125,48,10,38,30,5,4,17,18,50,90,33,14,15,11,NOP,113,35,8,27,30,9,3,9,10,42,89,33,13,22,16,1
0022300536,2024-01-12,CHI,131,36,6,30,31,1,3,12,21,50,86,40,18,16,13,GSW,140,44,13,31,39,7,4,5,16,49,94,47,20,30,22,0
0022300534,2024-01-12,DET,110,46,11,35,32,6,9,15,21,44,88,35,12,16,10,HOU,112,41,10,31,21,8,5,9,16,41,90,30,8,25,22,0
0022300537,2024-01-12,MEM,119,46,17,29,30,5,4,9,21,41,95,44,18,27,19,LAC,128,43,11,32,22,9,7,12,16,49,89,31,15,20,15,0
0022300535,2024-01-12,MIA,99,41,12,29,23,6,1,17,17,37,83,26,8,20,17,ORL,96,38,10,28,26,10,8,13,20,36,82,40,12,20,12,1
0022300533,2024-01-12,ATL,108,28,12,16,25,14,2,15,13,40,89,30,11,23,17,IND,126,45,10,35,41,12,9,27,21,53,79,18,11,12,9,0
0022300538,2024-01-12,MIN,116,45,8,37,35,14,5,16,23,44,80,31,11,24,17,POR,93,38,10,28,18,8,5,20,19,30,77,28,10,34,23,1
0022300532,2024-01-12,PHI,112,46,14,32,23,11,9,14,19,40,93,35,15,18,17,SAC,93,54,23,31,20,6,4,17,18,32,95,38,8,26,21,1
0022300540,2024-01-12,UTA,145,56,14,42,34,7,8,14,23,52,93,43,21,26,20,TOR,113,31,8,23,25,5,8,13,21,35,81,34,17,37,26,1
0022300541,2024-01-12,SAS,135,45,7,38,31,9,7,15,20,45,87,38,18,34,27,CHA,99,44,16,28,22,11,3,20,24,32,89,34,10,28,25,1
0022300547,2024-01-13,DAL,108,34,9,25,23,6,1,12,25,37,82,41,15,20,19,NOP,118,44,14,30,29,7,4,11,20,39,79,30,12,37,28,0
0022300548,2024-01-13,SAS,116,47,12,35,26,7,4,9,19,39,95,46,18,23,20,CHI,122,47,7,40,31,5,8,9,18,46,90,34,15,20,15,0
0022300545,2024-01-13,MIL,129,50,14,36,33,6,5,12,15,51,94,31,13,17,14,GSW,118,41,12,29,23,5,4,8,16,47,98,36,15,14,9,1
0022300542,2024-01-13,BOS,145,50,10,40,26,7,8,12,21,51,95,47,24,25,19,HOU,113,50,15,35,20,10,3,13,18,40,99,30,7,30,26,1
0022300549,2024-01-13,UTA,132,52,13,39,28,7,5,10,20,42,93,37,12,39,36,LAL,125,40,7,33,30,6,8,12,23,46,92,29,13,24,20,1
0022300544,2024-01-13,MEM,94,35,9,26,27,14,6,12,16,36,87,38,9,15,13,NYK,106,56,15,41,25,11,11,23,15,40,83,38,13,19,13,0
0022300546,2024-01-13,OKC,112,46,12,34,23,9,4,9,19,43,94,36,8,21,18,ORL,100,50,11,39,21,5,8,16,22,39,84,35,7,24,15,1
0022300543,2024-01-13,ATL,99,50,16,34,21,9,7,16,20,32,93,40,11,33,24,WAS,127,54,12,42,32,10,9,12,22,47,97,32,12,26,21,0
0022300553,2024-01-14,MIN,109,41,6,35,25,8,5,19,23,38,67,26,13,31,20,LAC,105,34,7,27,28,9,4,11,24,36,83,39,17,18,16,1
0022300550,2024-01-14,DEN,117,40,4,36,31,8,3,22,18,46,71,20,10,23,15,IND,109,37,14,23,28,11,1,13,21,43,92,29,8,22,15,1
0022300554,2024-01-14,POR,116,36,12,24,23,8,1,14,21,40,89,42,20,22,16,PHX,127,41,7,34,27,7,5,14,20,46,76,28,13,27,22,0
0022300552,2024-01-14,MIL,143,40,4,36,31,5,3,14,22,48,92,43,20,32,27,SAC,142,47,9,38,34,6,2,9,19,55,105,41,17,20,15,1
0022300551,2024-01-14,MIA,104,44,4,40,27,6,6,14,15,40,81,25,11,16,13,CHA,87,50,17,33,17,5,3,15,17,33,95,41,10,15,11,1
0022300563,2024-01-15,TOR,96,52,9,43,25,6,2,7,21,38,95,32,4,21,16,BOS,105,53,5,48,20,3,7,13,16,33,82,39,16,25,23,0
0022300556,2024-01-15,DAL,125,42,13,29,24,4,6,12,29,39,85,43,18,35,29,NOP,120,37,8,29,21,9,2,10,28,41,81,23,7,41,31,1
0022300561,2024-01-15,CLE,109,48,13,35,28,9,3,14,14,39,95,57,20,11,11,CHI,91,43,6,37,21,8,6,19,17,35,83,32,9,16,12,1
0022300560,2024-01-15,MEM,116,42,11,31,24,13,10,13,12,32,86,54,20,40,32,GSW,107,45,7,38,28,4,6,19,25,44,90,31,10,10,9,1
0022300555,2024-01-15,PHI,124,41,8,33,25,8,4,11,24,40,83,31,15,34,29,HOU,115,46,16,30,21,7,9,13,23,44,88,27,8,32,19,1
0022300562,2024-01-15,BKN,95,50,9,41,26,9,9,8,17,34,99,55,12,16,15,MIA,96,54,6,48,22,6,4,13,16,33,87,31,8,25,22,0
0022300557,2024-01-15,NYK,94,41,13,28,20,3,3,10,20,33,83,40,13,22,15,ORL,98,46,13,33,26,2,3,8,20,38,85,29,8,21,14,0
0022300564,2024-01-15,UTA,132,46,10,36,29,5,8,15,17,45,81,25,11,35,31,IND,105,43,18,25,27,9,4,14,31,38,95,31,9,25,20,1
0022300559,2024-01-15,ATL,109,57,13,44,24,8,6,20,19,40,93,38,13,21,16,SAS,99,44,9,35,27,10,8,18,18,38,95,42,11,17,12,1
0022300565,2024-01-15,LAL,112,44,8,36,30,7,9,17,12,44,84,24,8,18,16,OKC,105,40,13,27,23,11,6,11,18,40,96,49,15,11,10,1
0022300558,2024-01-15,WAS,117,33,8,25,30,8,7,8,19,44,95,41,19,11,10,DET,129,52,12,40,30,4,10,16,13,50,90,31,12,23,17,0
0022300566,2024-01-16,PHI,126,32,5,27,27,6,7,8,21,43,76,31,15,34,25,DEN,121,46,16,30,23,4,3,11,19,45,89,29,12,25,19,1
0022300567,2024-01-16,PHX,119,46,8,38,32,7,6,20,15,42,85,37,17,20,18,SAC,117,31,5,26,34,7,4,14,20,46,92,40,18,12,7,1
0022300568,2024-01-16,LAC,128,39,12,27,30,5,10,10,18,47,87,43,20,23,14,OKC,117,35,9,26,30,5,5,12,19,42,83,34,16,20,17,1
0022300577,2024-01-17,LAL,127,45,9,36,33,8,1,11,15,49,91,28,12,24,17,DAL,110,43,11,32,26,4,5,15,19,42,91,40,11,18,15,1
0022300573,2024-01-17,NYK,109,51,12,39,24,6,5,15,20,39,87,37,13,22,18,HOU,94,38,6,32,23,6,9,10,18,35,84,30,8,19,16,1
0022300574,2024-01-17,TOR,121,45,13,32,34,9,4,12,14,45,88,38,20,18,11,MIA,97,37,12,25,24,4,5,14,13,41,90,28,6,12,9,1
0022300572,2024-01-17,CLE,135,55,11,44,36,5,3,11,9,55,93,28,12,19,13,MIL,95,36,9,27,19,6,6,10,18,38,95,42,12,10,7,1
0022300569,2024-01-17,DET,117,40,8,32,30,4,7,12,18,46,89,31,12,19,13,MIN,124,42,9,33,32,7,5,11,14,47,93,30,15,21,15,0
0022300578,2024-01-17,POR,105,41,10,31,21,2,2,13,16,42,86,27,9,14,12,BKN,103,33,6,27,28,9,3,11,14,35,73,38,15,27,18,1
0022300570,2024-01-17,ATL,106,41,10,31,21,8,2,23,17,39,76,25,8,22,20,ORL,104,40,16,24,18,16,8,13,22,39,88,35,10,22,16,1
0022300571,2024-01-17,BOS,117,54,12,42,22,5,6,14,15,42,90,38,18,19,15,SAS,98,41,11,30,26,5,3,10,15,39,93,34,7,16,13,1
0022300575,2024-01-17,NOP,132,50,16,34,32,11,3,13,14,44,88,47,25,23,19,CHA,112,41,15,26,29,7,8,14,19,39,90,45,19,18,15,1
0022300580,2024-01-18,TOR,110,38,7,31,31,7,5,14,18,42,83,38,10,20,16,CHI,116,42,9,33,30,7,5,12,22,48,91,24,6,17,14,0
0022300583,2024-01-18,SAC,121,38,8,30,27,7,6,11,20,44,85,37,15,32,18,IND,126,34,4,30,33,5,6,12,20,49,89,33,13,19,15,0
0022300581,2024-01-18,UTA,129,38,11,27,33,7,4,15,21,43,89,32,13,36,30,OKC,134,38,7,31,36,8,10,16,29,48,86,32,14,28,24,0
0022300582,2024-01-18,MIN,118,39,6,33,30,8,9,15,13,45,82,28,12,21,16,MEM,103,34,8,26,22,9,4,15,23,39,85,34,14,17,11,1
0022300579,2024-01-18,NYK,113,47,7,40,22,6,5,17,18,39,86,38,13,26,22,WAS,109,46,9,37,31,9,4,12,24,41,90,31,10,22,17,1
0022300587,2024-01-19,MIA,108,44,13,31,21,7,2,18,17,38,82,31,12,22,20,ATL,109,38,9,29,23,6,2,15,20,40,87,35,15,17,14,0
0022300586,2024-01-19,BOS,100,38,12,26,21,5,2,3,17,38,89,44,14,14,10,DEN,102,47,10,37,20,0,3,11,13,42,81,31,8,13,10,0
0022300591,2024-01-19,LAL,112,44,10,34,31,7,3,14,11,40,90,33,12,24,20,BKN,130,41,8,33,31,10,4,11,17,50,95,47,19,14,11,0
0022300590,2024-01-19,POR,118,47,9,38,18,3,11,11,21,42,84,12,4,35,30,IND,115,37,6,31,34,3,6,14,26,39,91,47,20,25,17,1
0022300585,2024-01-19,ORL,109,36,11,25,24,3,5,16,23,37,78,23,10,27,25,PHI,124,42,16,26,23,11,5,8,23,42,87,30,13,29,27,0
0022300588,2024-01-19,NOP,109,42,9,33,27,4,5,11,16,41,93,42,10,23,17,PHX,123,48,7,41,32,7,3,10,17,46,93,41,15,21,16,0
0022300584,2024-01-19,CHA,124,40,10,30,25,9,4,18,16,47,84,29,16,16,14,SAS,120,34,7,27,36,9,3,13,17,47,84,32,15,17,11,1
0022300595,2024-01-20,ATL,95,45,11,34,25,5,4,11,15,37,93,38,11,15,10,CLE,116,49,4,45,32,7,6,14,16,43,85,43,16,16,14,0
0022300592,2024-01-20,DET,135,40,9,31,30,6,2,9,30,44,94,37,21,32,26,MIL,141,49,8,41,30,6,6,10,18,47,85,32,12,49,35,0
0022300593,2024-01-20,CHA,89,47,7,40,23,2,7,17,20,35,85,37,9,14,10,PHI,97,46,6,40,21,7,6,10,12,36,85,25,5,24,20,0
0022300594,2024-01-20,WAS,127,46,14,32,28,10,4,12,21,49,103,29,9,23,20,SAS,131,49,14,35,38,6,10,17,19,51,96,31,12,23,17,0
0022300599,2024-01-20,MIN,97,50,9,41,22,4,7,21,26,31,75,37,14,29,21,OKC,102,37,9,28,21,12,4,8,20,32,81,24,8,35,30,0
0022300596,2024-01-20,NYK,126,61,15,46,27,4,7,22,20,48,88,39,14,20,16,TOR,100,31,11,20,29,10,5,10,18,38,92,34,11,23,13,1
0022300598,2024-01-20,HOU,127,56,23,33,27,11,10,7,22,50,117,39,13,22,14,UTA,126,59,16,43,28,4,8,17,24,48,105,43,13,22,17,1
0022300597,2024-01-20,CHI,125,52,13,39,32,11,5,12,18,47,91,33,14,21,17,MEM,96,32,3,29,28,6,4,16,13,32,75,42,13,23,19,1
0022300603,2024-01-21,HOU,107,49,11,38,26,9,3,15,17,41,94,35,10,22,15,BOS,116,55,16,39,31,10,12,16,17,43,98,47,17,18,13,0
0022300602,2024-01-21,WAS,104,40,12,28,31,6,9,13,23,39,91,27,8,22,18,DEN,113,50,13,37,29,9,11,14,16,43,88,22,8,28,19,0
0022300601,2024-01-21,ORL,105,44,12,32,21,5,5,14,16,37,78,28,9,28,22,MIA,87,36,12,24,22,9,1,18,22,30,80,37,12,18,15,1
0022300600,2024-01-21,LAC,125,45,8,37,26,6,5,11,18,42,83,26,13,33,28,BKN,114,36,6,30,29,6,5,13,21,44,90,39,14,16,12,1
0022300604,2024-01-21,PHX,117,44,6,38,25,7,5,17,24,47,82,25,8,18,15,IND,110,40,14,26,28,9,4,11,20,41,94,31,14,23,14,1
0022300605,2024-01-21,LAL,134,45,10,35,28,9,6,14,18,47,86,33,13,29,27,POR,110,35,10,25,24,7,5,14,21,42,90,29,9,20,17,1
0022300613,2024-01-22,SAC,122,51,10,41,22,8,2,9,21,43,93,38,12,27,24,ATL,107,50,13,37,19,2,7,12,19,36,93,40,14,27,21,1
0022300611,2024-01-22,DAL,110,48,10,38,24,4,4,10,20,43,97,40,14,14,10,BOS,119,44,5,39,26,7,8,6,20,41,88,46,15,30,22,0
0022300607,2024-01-22,ORL,99,34,8,26,25,7,0,15,17,34,74,29,11,30,20,CLE,126,39,9,30,29,10,4,12,20,45,80,38,20,22,16,0
0022300612,2024-01-22,PHX,115,39,5,34,32,5,5,7,13,44,85,34,14,17,13,CHI,113,47,14,33,25,6,4,10,18,45,93,37,14,14,9,1
0022300606,2024-01-22,DET,113,42,6,36,25,4,9,10,25,40,89,30,10,29,23,MIL,122,49,10,39,26,7,8,9,22,42,94,39,10,34,28,0
0022300608,2024-01-22,PHI,133,48,19,29,28,5,3,4,20,48,97,20,5,40,32,SAS,123,43,13,30,29,3,3,8,22,43,93,41,13,27,24,1
0022300609,2024-01-22,TOR,100,47,12,35,31,7,8,17,14,35,79,23,8,23,22,MEM,108,47,19,28,30,11,8,16,15,44,95,34,13,12,7,0
0022300610,2024-01-22,MIN,125,36,6,30,34,4,1,13,15,44,84,41,18,25,19,CHA,128,35,7,28,30,8,4,10,20,50,88,37,14,18,14,0
0022300614,2024-01-23,IND,109,38,7,31,24,4,1,10,16,43,87,21,5,21,18,DEN,114,42,11,31,22,5,9,12,17,44,88,33,11,17,15,0
0022300618,2024-01-23,LAC,127,36,6,30,33,8,5,15,17,52,88,27,14,12,9,LAL,116,41,13,28,27,9,8,15,15,45,92,32,11,22,15,1
0022300615,2024-01-23,BKN,103,40,13,27,29,7,5,13,19,42,95,42,15,5,4,NYK,108,42,11,31,21,8,8,14,13,40,86,29,10,19,18,0
0022300617,2024-01-23,OKC,111,43,10,33,23,9,10,12,18,43,89,23,7,28,18,POR,109,46,12,34,27,6,6,19,19,37,86,39,18,21,17,1
0022300616,2024-01-23,NOP,153,57,12,45,41,5,4,9,24,60,104,46,23,15,10,UTA,124,38,6,32,27,4,8,8,15,43,92,36,12,32,26,1
0022300626,2024-01-24,GSW,134,49,11,38,26,6,9,10,18,51,91,33,16,22,16,ATL,112,45,13,32,30,7,2,11,16,39,94,43,14,26,20,1
0022300624,2024-01-24,MIL,126,46,10,36,24,9,3,12,16,45,90,29,11,28,25,CLE,116,39,6,33,26,5,2,13,18,46,91,38,13,15,11,1
0022300620,2024-01-24,WAS,107,49,7,42,31,2,3,21,22,37,77,24,10,29,23,MIN,118,48,15,33,26,8,7,7,22,42,100,32,9,29,25,0
0022300625,2024-01-24,DAL,109,33,10,23,25,4,3,14,16,41,89,43,17,18,10,PHX,132,49,11,38,30,10,4,16,20,51,85,34,14,22,16,0
0022300623,2024-01-24,HOU,131,37,8,29,29,8,6,8,19,50,94,36,12,22,19,POR,137,48,13,35,31,6,4,12,18,50,98,35,15,24,22,0
0022300622,2024-01-24,SAS,114,38,12,26,30,7,11,19,14,43,86,32,9,25,19,OKC,140,47,16,31,36,11,8,16,20,54,96,40,18,16,14,0
0022300621,2024-01-24,MIA,96,44,11,33,21,9,9,17,17,33,82,34,11,25,19,MEM,105,44,7,37,30,8,6,18,19,36,80,36,17,19,16,0
0022300619,2024-01-24,DET,113,44,5,39,26,4,0,11,17,43,86,38,15,20,12,CHA,106,48,9,39,27,5,5,11,22,38,87,38,15,19,15,1
0022300630,2024-01-25,MIA,110,31,11,20,25,7,1,5,12,42,94,42,16,13,10,BOS,143,47,6,41,36,4,5,11,10,51,80,40,22,20,19,0
0022300633,2024-01-25,LAL,141,30,5,25,35,10,4,14,21,53,87,31,20,20,15,CHI,132,39,12,27,27,7,6,17,18,47,88,37,12,29,26,1
0022300631,2024-01-25,NYK,122,44,12,32,26,12,3,10,14,45,85,38,15,20,17,DEN,84,40,13,27,20,2,2,19,20,34,84,26,5,13,11,1
0022300629,2024-01-25,BKN,94,32,5,27,22,7,3,15,15,35,77,33,10,16,14,MIN,96,38,5,33,24,6,4,17,17,37,75,21,10,16,12,0
0022300627,2024-01-25,IND,134,55,12,43,35,6,8,21,33,53,93,28,12,21,16,PHI,122,31,6,25,24,13,6,12,20,42,87,29,7,43,31,1
0022300632,2024-01-25,GSW,133,33,6,27,30,7,3,13,19,48,86,37,19,23,18,SAC,134,34,8,26,33,8,5,10,21,48,91,48,22,19,16,0
0022300628,2024-01-25,WAS,108,35,5,30,33,11,7,11,14,43,88,30,7,20,15,UTA,123,52,13,39,34,6,2,16,19,50,97,31,13,12,10,0
0022300639,2024-01-26,MIL,100,51,12,39,21,6,4,18,24,35,87,34,13,24,17,CLE,112,51,15,36,20,7,8,13,22,38,92,36,14,31,22,0
0022300634,2024-01-26,ATL,143,36,12,24,32,7,2,7,24,51,97,34,15,30,26,DAL,148,37,6,31,28,3,5,13,25,51,85,35,19,32,27,0
0022300635,2024-01-26,CHA,104,32,5,27,20,6,7,13,25,35,85,29,9,32,25,HOU,138,53,11,42,34,7,10,14,20,50,89,33,13,31,25,0
0022300637,2024-01-26,TOR,107,45,15,30,26,6,3,11,18,44,96,32,6,22,13,LAC,127,50,12,38,29,6,7,11,17,48,95,32,9,24,22,0
0022300638,2024-01-26,MEM,107,43,9,34,30,9,7,14,21,42,90,41,15,13,8,ORL,106,40,9,31,21,8,4,11,14,38,81,34,9,29,21,1
0022300636,2024-01-26,IND,133,48,21,27,34,8,3,13,17,58,109,26,8,15,9,PHX,131,38,7,31,24,8,5,20,17,51,89,30,13,18,16,1
0022300641,2024-01-26,SAS,116,59,17,42,30,12,5,18,11,42,92,34,10,26,22,POR,100,37,8,29,23,11,3,15,20,38,90,37,10,19,14,1
0022300640,2024-01-26,NOP,83,41,8,33,24,9,5,20,16,32,82,36,9,14,10,OKC,107,45,6,39,22,11,5,13,11,42,88,33,10,14,13,0
0022300648,2024-01-27,MIL,141,45,6,39,30,12,0,9,25,51,91,45,20,25,19,NOP,117,43,9,34,20,5,3,15,17,40,85,23,9,36,28,1
0022300645,2024-01-27,BKN,106,40,2,38,24,11,6,19,22,36,74,34,12,37,22,HOU,104,55,15,40,20,6,3,17,29,37,94,37,10,23,20,1
0022300646,2024-01-27,BOS,96,52,18,34,21,2,9,11,13,36,100,40,10,16,14,LAC,115,58,15,43,28,8,8,8,20,45,102,40,10,18,15,0
0022300650,2024-01-27,GSW,144,50,11,39,37,11,3,17,34,55,119,58,23,16,11,LAL,145,55,7,48,33,9,5,20,21,49,101,27,9,43,38,0
0022300643,2024-01-27,NYK,125,46,11,35,25,6,3,7,15,45,87,33,17,26,18,MIA,109,38,8,30,26,6,4,8,18,41,88,37,14,16,13,1
0022300649,2024-01-27,SAS,113,39,14,25,35,7,7,15,14,46,84,30,13,15,8,MIN,112,32,7,25,30,9,6,13,13,45,79,26,14,15,8,1
0022300644,2024-01-27,DEN,111,44,13,31,25,5,3,8,15,37,82,37,13,38,24,PHI,105,39,6,33,25,5,6,11,29,43,81,22,6,16,13,1
0022300651,2024-01-27,DAL,115,43,13,30,35,7,2,10,24,43,98,46,16,18,13,SAC,120,39,6,33,27,4,10,14,20,43,80,30,11,30,23,0
0022300647,2024-01-27,CHA,122,35,9,26,35,7,6,10,22,47,92,32,13,21,15,UTA,134,49,15,34,38,6,6,14,18,52,93,41,17,17,13,0
0022300642,2024-01-27,DET,104,45,11,34,22,2,8,17,20,37,85,32,9,27,21,WAS,118,50,16,34,26,10,4,10,19,45,100,34,11,21,17,0
0022300656,2024-01-28,POR,96,48,7,41,22,2,5,14,21,32,79,33,6,29,26,CHI,104,40,5,35,27,7,10,5,19,42,90,32,8,17,12,0
0022300655,2024-01-28,ORL,113,40,11,29,30,12,7,10,21,41,92,36,12,26,19,PHX,98,39,6,33,19,4,5,23,19,41,73,14,4,21,12,1
0022300654,2024-01-28,DET,120,53,15,38,27,6,2,9,11,47,95,26,11,19,15,OKC,104,43,11,32,17,7,5,10,18,44,92,28,8,12,8,1
0022300653,2024-01-28,ATL,126,51,20,31,27,7,4,14,21,44,95,27,6,40,32,TOR,125,46,15,31,29,12,3,14,30,41,89,31,15,32,28,1
0022300652,2024-01-28,IND,116,44,11,33,31,8,6,10,26,44,90,35,13,16,15,MEM,110,45,13,32,20,5,7,13,20,38,82,30,11,31,23,1
0022300659,2024-01-29,BOS,118,40,6,34,27,7,5,11,15,43,85,46,17,20,15,NOP,112,40,9,31,21,7,6,12,14,46,91,35,10,13,10,1
0022300658,2024-01-29,CLE,118,46,11,35,28,6,3,13,18,42,86,40,13,26,21,LAC,108,37,6,31,28,8,3,13,21,38,80,34,11,28,21,1
0022300662,2024-01-29,HOU,135,56,14,42,36,10,2,15,19,52,98,36,12,25,19,LAL,119,35,4,31,26,10,6,12,13,45,91,35,13,26,16,1
0022300667,2024-01-29,DEN,113,47,9,38,29,7,4,8,22,44,91,18,4,24,21,MIL,107,40,7,33,24,3,7,13,22,36,84,40,16,25,19,1
0022300664,2024-01-29,OKC,101,38,8,30,21,5,7,12,17,35,79,35,14,22,17,MIN,107,45,9,36,21,7,2,13,19,40,83,29,14,15,13,0
0022300657,2024-01-29,CHA,92,41,9,32,23,4,6,14,14,37,81,32,11,14,7,NYK,113,42,7,35,25,5,3,9,16,44,84,37,12,16,13,0
0022300666,2024-01-29,DAL,131,35,3,32,27,6,2,15,24,43,69,27,13,43,32,ORL,129,35,12,23,27,7,1,12,33,45,88,38,18,28,21,1
0022300668,2024-01-29,POR,130,39,11,28,29,7,5,13,24,46,84,28,12,29,26,PHI,104,34,12,22,17,6,5,17,25,37,83,29,5,28,25,1
0022300661,2024-01-29,MIA,105,44,8,36,20,5,5,13,18,33,84,36,14,25,25,PHX,118,47,10,37,30,8,8,8,16,46,94,40,14,17,12,0
0022300663,2024-01-29,MEM,94,37,9,28,22,11,1,14,16,30,80,36,13,28,21,SAC,103,51,11,40,24,10,1,19,17,43,84,38,11,10,6,0
0022300660,2024-01-29,BKN,147,50,16,34,41,12,9,9,24,54,105,45,21,19,18,UTA,114,44,12,32,23,3,7,17,14,39,86,27,9,34,27,1
0022300665,2024-01-29,SAS,113,36,10,26,31,10,7,15,17,43,92,30,12,17,15,WAS,118,45,14,31,32,9,8,19,15,46,86,25,9,24,17,0
0022300669,2024-01-30,ATL,138,46,12,34,32,10,2,12,18,53,101,38,16,18,16,LAL,122,37,7,30,28,12,3,14,16,48,90,33,12,25,14,1
0022300670,2024-01-30,BOS,129,40,7,33,25,6,9,12,16,47,87,36,17,22,18,IND,124,50,19,31,33,4,2,8,21,50,108,39,12,15,12,1
0022300673,2024-01-30,GSW,119,42,8,34,32,6,6,18,20,44,79,32,14,19,17,PHI,107,39,13,26,11,14,2,16,24,39,85,30,13,21,16,1
0022300672,2024-01-30,CHI,107,33,6,27,21,9,9,20,16,38,75,32,11,27,20,TOR,118,38,9,29,34,10,4,20,20,43,83,29,14,20,18,0
0022300671,2024-01-30,NYK,118,45,14,31,29,9,7,6,16,44,94,34,13,18,17,UTA,103,43,15,28,23,3,5,15,16,39,86,36,12,17,13,1
0022300679,2024-01-31,HOU,99,29,5,24,19,11,2,5,21,35,87,44,13,17,16,NOP,110,56,12,44,20,3,6,16,22,41,82,34,11,24,17,0
0022300674,2024-01-31,CHA,110,40,9,31,25,4,6,10,18,40,90,46,16,17,14,CHI,117,44,11,33,28,4,7,10,13,45,87,29,11,22,16,0
0022300680,2024-01-31,MIN,121,45,9,36,31,6,4,10,24,45,80,30,13,30,18,DAL,87,31,9,22,18,4,4,17,24,31,76,29,6,26,19,1
0022300682,2024-01-31,OKC,105,53,15,38,24,2,9,13,14,37,87,26,11,25,20,DEN,100,47,12,35,21,7,9,10,23,37,93,37,15,16,11,1
0022300676,2024-01-31,WAS,109,45,12,33,19,4,10,13,19,45,97,29,9,15,10,LAC,125,52,18,34,25,9,7,8,16,47,100,30,12,22,19,0
0022300683,2024-01-31,POR,119,39,9,30,26,9,1,11,20,49,92,28,12,9,9,MIL,116,39,10,29,27,7,5,13,17,45,92,45,13,18,13,1
0022300681,2024-01-31,SAS,98,41,7,34,24,9,9,19,20,36,80,31,9,24,17,ORL,108,45,12,33,29,10,5,16,20,41,86,20,7,23,19,0
0022300677,2024-01-31,BKN,120,27,8,19,28,11,1,11,24,47,94,39,16,13,10,PHX,136,42,9,33,35,5,6,16,12,49,79,28,14,32,24,0
0022300678,2024-01-31,MIA,115,49,7,42,38,3,2,10,16,42,84,28,13,23,18,SAC,106,44,12,32,26,6,3,9,17,41,93,40,12,18,12,1
0022300675,2024-01-31,CLE,128,33,10,23,26,13,5,9,15,47,89,35,12,23,22,DET,121,35,7,28,27,8,3,19,17,45,81,31,16,19,15,1
0022300687,2024-02-01,MEM,101,43,7,36,25,9,12,13,19,37,90,38,12,17,15,CLE,108,48,10,38,26,6,8,14,16,41,86,35,14,18,12,0
0022300684,2024-02-01,BOS,105,54,14,40,30,4,12,15,19,41,97,48,16,7,7,LAL,114,52,15,37,30,11,2,7,8,38,94,36,19,26,19,0
0022300685,2024-02-01,NYK,109,60,24,36,15,8,7,10,14,41,103,38,8,25,19,IND,105,44,9,35,21,9,9,13,25,42,93,33,13,13,8,1
0022300686,2024-02-01,UTA,124,43,10,33,36,3,9,11,15,45,87,36,12,25,22,PHI,127,40,10,30,27,6,11,5,22,47,94,32,14,21,19,0
0022300696,2024-02-02,SAS,113,55,18,37,35,6,10,18,16,46,96,39,10,18,11,NOP,114,39,13,26,29,14,3,9,17,46,95,26,7,21,15,0
0022300693,2024-02-02,MEM,101,37,9,28,30,7,4,14,20,35,87,46,14,24,17,GSW,121,46,6,40,32,7,8,14,17,46,83,29,11,22,18,0
0022300688,2024-02-02,DET,125,38,13,25,28,5,3,17,18,45,89,40,17,24,18,LAC,136,36,7,29,31,12,5,11,21,53,89,29,14,19,16,0
0022300689,2024-02-02,WAS,102,43,6,37,28,5,4,9,25,37,90,42,11,21,17,MIA,110,59,14,45,24,4,1,12,18,38,88,31,7,35,27,0
0022300694,2024-02-02,MIN,106,38,6,32,24,8,5,17,20,38,82,38,12,20,18,ORL,108,42,10,32,24,11,4,15,17,39,85,25,9,26,21,0
0022300690,2024-02-02,ATL,129,43,12,31,29,7,4,10,13,49,95,44,17,18,14,PHX,120,38,8,30,31,6,5,17,17,47,88,37,14,14,12,1
0022300697,2024-02-02,DEN,120,48,16,32,34,3,6,12,20,46,91,36,12,17,16,POR,108,37,13,24,14,7,4,10,16,37,80,28,10,30,24,1
0022300691,2024-02-02,IND,122,39,8,31,23,13,3,22,20,46,85,29,10,24,20,SAC,133,38,9,29,26,15,3,17,17,51,90,34,13,28,18,0
0022300692,2024-02-02,HOU,135,49,7,42,30,9,3,15,20,55,93,31,11,17,14,TOR,106,37,8,29,17,11,5,14,18,40,91,33,11,20,15,1
0022300695,2024-02-02,OKC,126,44,3,41,31,10,10,19,17,44,75,36,17,27,21,CHA,106,35,7,28,22,12,4,14,21,41,92,31,14,14,10,1
0022300703,2024-02-03,SAS,101,54,14,40,23,6,6,12,13,36,98,40,12,21,17,CLE,117,51,10,41,31,6,4,10,19,46,97,44,13,13,12,0
0022300699,2024-02-03,ATL,141,57,16,41,27,5,4,8,20,55,114,43,14,22,17,GSW,134,57,14,43,26,4,7,14,23,50,112,56,18,20,16,1
0022300701,2024-02-03,NYK,105,51,18,33,21,1,4,7,20,41,100,35,10,15,13,LAL,113,38,3,35,28,4,11,5,16,39,80,31,12,27,23,0
0022300702,2024-02-03,DAL,117,42,8,34,22,9,1,21,19,40,81,39,16,23,21,MIL,129,36,5,31,34,13,2,12,21,50,88,30,12,25,17,0
0022300698,2024-02-03,PHI,121,44,11,33,26,7,1,5,17,44,96,29,12,27,21,BKN,136,53,13,40,35,3,5,12,20,49,95,51,20,23,18,0
0022300700,2024-02-03,CHI,115,47,11,36,24,13,3,16,20,42,91,34,11,22,20,SAC,123,40,4,36,33,12,1,17,18,42,84,39,15,29,24,0
0022300709,2024-02-04,MIN,111,58,11,47,21,6,11,16,19,40,90,30,11,27,20,HOU,90,41,10,31,20,10,7,11,26,31,88,30,10,27,18,1
0022300708,2024-02-04,MIA,95,45,12,33,24,9,0,10,19,38,91,30,8,12,11,LAC,103,48,9,39,23,6,5,17,12,34,77,39,16,22,19,0
0022300711,2024-02-04,UTA,123,52,12,40,31,3,3,16,24,43,89,44,17,24,20,MIL,108,32,7,25,27,8,3,12,21,39,84,41,15,25,15,1
0022300704,2024-02-04,DET,99,36,9,27,22,6,5,15,18,36,80,31,8,22,19,ORL,111,37,7,30,22,7,3,10,18,45,84,24,10,15,11,0
0022300707,2024-02-04,CHA,99,43,11,32,18,6,5,11,16,35,88,29,8,25,21,IND,115,49,11,38,34,5,4,11,15,45,92,33,11,18,14,0
0022300705,2024-02-04,WAS,112,35,13,22,32,11,4,18,19,47,96,32,7,17,11,PHX,140,42,9,33,33,13,6,18,12,54,88,25,11,26,21,0
0022300712,2024-02-04,DEN,112,42,14,28,26,8,6,9,11,42,86,28,12,19,16,POR,103,42,15,27,29,6,3,13,16,39,85,31,11,15,14,1
0022300710,2024-02-04,OKC,135,45,14,31,40,6,8,11,15,52,110,63,23,8,8,TOR,127,48,11,37,38,6,5,12,16,48,101,35,14,21,17,1
0022300706,2024-02-04,BOS,131,57,17,40,30,12,4,11,13,48,99,51,19,18,16,MEM,91,46,16,30,19,5,3,20,15,35,92,38,11,12,10,1
0022300715,2024-02-05,PHI,102,51,16,35,20,8,5,12,21,40,93,29,8,20,14,DAL,118,44,8,36,28,6,4,10,16,42,87,43,17,23,17,0
0022300717,2024-02-05,BKN,98,38,11,27,23,7,12,10,23,34,89,42,13,22,17,GSW,109,60,16,44,24,7,8,14,17,43,93,22,4,23,19,0
0022300716,2024-02-05,ATL,144,39,13,26,35,5,4,11,22,51,95,39,20,27,22,LAC,149,36,8,28,32,8,5,8,19,52,89,35,21,31,24,0
0022300713,2024-02-05,CHA,118,34,5,29,26,9,1,9,16,47,96,32,13,14,11,LAL,124,48,7,41,36,5,6,17,12,50,89,34,8,19,16,0
0022300714,2024-02-05,CLE,136,45,5,40,36,10,5,9,15,51,88,41,23,17,11,SAC,110,40,10,30,28,5,1,12,18,43,93,44,17,12,7,1
0022300718,2024-02-05,NOP,138,51,17,34,36,11,5,7,13,53,104,45,19,13,13,TOR,100,38,10,28,27,4,6,18,12,40,84,31,10,15,10,1
0022300720,2024-02-06,BKN,107,43,8,35,33,6,5,10,13,41,91,33,12,15,13,DAL,119,45,6,39,25,7,3,11,12,46,91,43,19,13,8,0
0022300719,2024-02-06,IND,132,25,5,20,35,7,7,12,20,54,86,32,15,14,9,HOU,129,48,20,28,26,5,3,15,16,50,97,25,12,23,17,1
0022300725,2024-02-06,PHX,114,49,8,41,17,8,5,14,19,44,87,28,8,27,18,MIL,106,44,10,34,23,10,4,13,21,39,90,40,13,25,15,1
0022300723,2024-02-06,CHI,129,48,13,35,24,9,16,14,22,45,93,30,12,32,27,MIN,123,42,10,32,28,6,5,14,25,42,92,45,20,26,19,1
0022300721,2024-02-06,MIA,121,45,11,34,31,10,3,13,19,47,87,36,13,18,14,ORL,95,39,8,31,25,7,3,18,17,35,80,35,10,21,15,1
0022300724,2024-02-06,UTA,124,48,15,33,29,9,8,17,17,46,89,35,14,20,18,OKC,117,32,9,23,26,9,9,11,16,43,90,37,19,18,12,1
0022300722,2024-02-06,NYK,123,37,8,29,28,12,5,10,12,48,86,27,11,20,16,MEM,113,35,8,27,33,4,5,18,15,41,80,37,21,16,10,1
0022300729,2024-02-07,BOS,125,45,6,39,33,6,9,14,16,49,93,49,17,11,10,ATL,117,49,13,36,24,8,2,9,13,43,102,41,13,20,18,1
0022300728,2024-02-07,WAS,106,47,12,35,27,10,5,15,23,42,94,40,16,9,6,CLE,114,46,7,39,25,4,5,14,11,43,88,35,12,22,16,0
0022300731,2024-02-07,LAC,106,37,8,29,23,7,2,19,17,36,78,32,12,26,22,NOP,117,38,8,30,30,13,5,15,17,47,88,32,12,16,11,0
0022300727,2024-02-07,PHI,104,40,11,29,21,7,8,15,16,41,98,32,8,14,14,GSW,127,52,12,40,30,7,8,13,21,47,94,38,16,22,17,0
0022300730,2024-02-07,MIA,116,45,5,40,29,8,2,11,20,43,87,38,12,23,18,SAS,104,46,6,40,30,6,2,15,21,41,90,37,12,17,10,1
0022300726,2024-02-07,CHA,117,38,9,29,27,6,2,10,20,44,90,39,16,20,13,TOR,123,41,7,34,30,5,3,11,17,43,81,33,17,24,20,0
0022300732,2024-02-07,SAC,120,33,5,28,31,7,6,4,20,45,95,44,15,22,15,DET,133,48,6,42,32,2,2,13,21,47,84,31,17,22,22,0
0022300735,2024-02-08,BKN,95,34,12,22,22,9,3,12,17,37,93,25,10,14,11,CLE,118,48,7,41,26,8,13,17,18,43,80,37,15,17,17,0
0022300737,2024-02-08,MEM,110,34,9,25,26,8,4,10,24,42,91,46,18,13,8,CHI,118,46,8,38,24,3,4,15,16,43,79,26,12,22,20,0
0022300736,2024-02-08,NYK,108,46,14,32,27,5,2,14,19,42,94,37,14,11,10,DAL,122,40,6,34,30,7,6,9,13,43,82,42,18,23,18,0
0022300740,2024-02-08,LAL,106,39,10,29,27,12,10,7,10,41,89,25,8,22,16,DEN,114,50,14,36,33,4,6,14,17,47,97,32,14,7,6,0
0022300733,2024-02-08,IND,109,30,7,23,31,11,6,14,17,39,81,31,12,27,19,GSW,131,49,10,39,33,7,7,17,22,52,93,32,17,13,10,0
0022300738,2024-02-08,MIL,105,35,10,25,35,6,3,13,10,40,81,33,14,16,11,MIN,129,43,12,31,34,8,3,8,17,48,87,41,21,16,12,0
0022300734,2024-02-08,ORL,127,39,8,31,34,11,5,17,20,49,82,27,16,20,13,SAS,111,27,4,23,29,7,5,15,16,42,81,35,11,17,16,1
0022300739,2024-02-08,PHX,129,37,5,32,37,10,7,12,22,52,88,29,14,16,11,UTA,115,52,19,33,28,7,7,15,14,41,94,35,12,31,21,1
0022300741,2024-02-08,POR,122,38,11,27,29,9,7,17,27,41,89,30,11,33,29,DET,128,45,16,29,26,3,7,17,23,45,93,27,16,31,22,0
0022300742,2024-02-09,PHI,121,49,18,31,24,7,6,10,24,42,98,45,15,29,22,ATL,127,40,9,31,31,4,9,13,19,42,81,36,16,33,27,0
0022300747,2024-02-09,LAL,139,32,5,27,32,5,5,8,20,49,88,31,14,32,27,NOP,122,41,10,31,28,5,7,13,22,46,89,29,11,23,19,1
0022300746,2024-02-09,SAC,135,42,6,36,32,11,1,16,22,51,87,34,17,18,16,DEN,106,35,9,26,26,9,5,21,16,38,82,29,10,28,20,1
0022300744,2024-02-09,TOR,107,41,16,25,24,14,8,12,17,40,95,33,10,19,17,HOU,104,48,12,36,22,5,3,22,20,38,85,38,15,16,13,1
0022300743,2024-02-09,BOS,133,49,9,40,25,9,5,13,17,48,92,34,11,28,26,WAS,129,39,5,34,32,8,1,12,25,45,95,47,20,21,19,1
0022300745,2024-02-09,MIL,120,53,10,43,26,8,5,7,24,41,94,52,18,24,20,CHA,84,48,8,40,17,2,2,15,20,27,79,29,7,29,23,1
0022300756,2024-02-10,TOR,95,40,12,28,22,7,3,11,14,35,87,31,9,23,16,CLE,119,47,14,33,36,5,4,11,18,48,92,41,14,13,9,0
0022300758,2024-02-10,POR,84,42,11,31,19,7,4,18,14,33,76,21,6,17,12,NOP,93,36,8,28,27,9,6,12,14,36,76,27,10,16,11,0
0022300752,2024-02-10,ORL,114,48,13,35,23,4,6,17,18,41,88,39,13,26,19,CHI,108,43,18,25,21,10,6,8,24,43,99,37,12,14,10,1
0022300754,2024-02-10,ATL,122,41,9,32,25,7,8,11,18,40,88,41,14,37,28,HOU,113,58,16,42,22,6,6,17,26,44,100,43,13,19,12,1
0022300755,2024-02-10,NYK,111,32,5,27,16,7,4,9,15,40,84,32,10,23,21,IND,125,41,6,35,30,4,3,16,20,50,82,29,14,19,11,0
0022300753,2024-02-10,WAS,113,39,7,32,28,7,8,17,23,42,86,35,13,21,16,PHI,119,48,13,35,28,8,4,11,18,48,100,27,8,23,15,0
0022300757,2024-02-10,GSW,113,52,13,39,33,6,2,14,20,45,101,41,17,11,6,PHX,112,42,9,33,28,9,8,14,13,43,94,34,11,16,15,1
0022300750,2024-02-10,BKN,123,41,9,32,31,8,7,12,23,49,87,34,17,11,8,SAS,103,41,15,26,20,5,3,14,11,36,91,34,11,21,20,1
0022300748,2024-02-10,DAL,146,54,11,43,30,8,3,12,23,53,91,38,15,33,25,OKC,111,40,12,28,23,5,4,10,23,38,98,47,17,21,18,1
0022300751,2024-02-10,CHA,115,43,5,38,30,8,4,19,9,47,82,31,16,7,5,MEM,106,32,9,23,33,12,5,12,13,43,92,44,16,8,4,1
0022300749,2024-02-10,LAC,112,35,0,35,20,9,6,11,13,37,82,39,13,26,25,DET,106,57,14,43,27,7,2,14,19,45,102,30,9,7,7,1
0022300759,2024-02-11,MIA,106,45,14,31,21,4,2,7,14,40,97,40,12,15,14,BOS,110,42,6,36,27,1,9,11,13,41,81,39,16,17,12,0
0022300760,2024-02-11,OKC,127,36,5,31,30,8,9,11,17,46,85,27,13,27,22,SAC,113,40,10,30,32,5,5,18,22,44,90,42,16,13,9,1
0022300766,2024-02-12,MEM,87,36,3,33,28,7,8,18,17,34,81,44,12,8,7,NOP,96,49,12,37,21,12,4,19,18,32,78,35,13,24,19,0
0022300763,2024-02-12,ATL,126,49,15,34,33,4,3,12,20,44,94,43,14,29,24,CHI,136,43,7,36,29,6,2,6,22,51,92,28,13,29,21,0
0022300767,2024-02-12,MIL,112,51,9,42,30,8,6,13,19,42,84,34,16,18,12,DEN,95,48,12,36,24,7,2,13,14,36,94,40,11,17,12,1
0022300769,2024-02-12,UTA,107,44,9,35,23,8,7,18,17,41,92,32,11,16,14,GSW,129,51,12,39,31,8,4,13,13,48,100,44,20,17,13,0
0022300770,2024-02-12,LAC,100,36,10,26,20,6,3,13,14,34,84,28,9,26,23,MIN,121,41,9,32,33,9,7,13,20,46,86,34,11,19,18,0
0022300765,2024-02-12,HOU,105,39,12,27,22,12,3,12,16,36,80,26,10,33,23,NYK,103,51,19,32,19,4,4,17,23,42,92,36,12,12,7,1
0022300761,2024-02-12,CHA,111,46,5,41,27,5,3,19,17,44,82,34,10,16,13,IND,102,32,2,30,31,9,3,11,11,42,83,30,8,16,10,1
0022300762,2024-02-12,CLE,121,43,15,28,33,6,8,11,17,44,92,37,13,25,20,PHI,123,42,11,31,25,5,4,11,22,48,88,26,11,19,16,0
0022300764,2024-02-12,TOR,99,47,16,31,25,11,4,19,20,39,98,31,8,16,13,SAS,122,46,5,41,37,12,13,19,14,46,87,30,11,23,19,0
0022300768,2024-02-12,DAL,112,56,12,44,27,7,12,16,18,43,96,36,9,26,17,WAS,104,52,12,40,27,9,7,16,25,44,106,32,7,15,9,1
0022300771,2024-02-13,BKN,110,37,7,30,28,6,3,12,21,39,79,33,15,26,17,BOS,118,39,7,32,31,6,1,14,24,43,83,37,15,23,17,0
0022300773,2024-02-13,MIL,97,38,5,33,24,8,4,18,12,37,83,39,13,11,10,MIA,123,47,7,40,34,10,3,14,13,45,87,40,19,18,14,0
0022300775,2024-02-13,POR,109,44,12,32,26,5,1,16,29,39,87,29,11,25,20,MIN,121,41,12,29,24,8,9,12,18,39,84,33,13,34,30,0
0022300774,2024-02-13,PHX,130,39,7,32,29,11,6,12,16,44,85,31,13,36,29,SAC,125,50,15,35,27,8,6,13,27,49,95,31,9,24,18,1
0022300772,2024-02-13,ORL,113,48,14,34,29,6,3,16,19,41,91,36,11,25,20,OKC,127,31,4,27,28,9,8,12,20,46,84,32,13,24,22,0
0022300776,2024-02-13,LAL,125,47,7,40,32,6,11,16,14,43,84,35,14,30,25,DET,111,50,17,33,30,8,2,10,24,45,108,28,8,17,13,1
0022300777,2024-02-14,CHA,122,46,12,34,27,7,4,13,18,44,89,37,15,20,19,ATL,99,45,15,30,23,5,6,16,20,36,89,38,9,20,18,1
0022300781,2024-02-14,CLE,108,36,6,30,31,6,2,8,18,40,83,37,12,21,16,CHI,105,44,9,35,18,5,3,15,21,38,83,33,14,17,15,1
0022300783,2024-02-14,MEM,121,46,8,38,27,8,11,11,20,39,79,35,15,41,28,HOU,113,56,22,34,20,9,4,9,25,42,102,36,11,28,18,1
0022300789,2024-02-14,GSW,125,47,13,34,34,7,2,9,25,47,103,47,18,18,13,LAC,130,48,12,36,28,6,4,12,21,44,88,38,13,37,29,0
0022300788,2024-02-14,UTA,122,44,15,29,29,5,7,13,21,49,101,45,14,13,10,LAL,138,37,5,32,34,8,4,10,13,52,91,31,14,24,20,0
0022300779,2024-02-14,PHI,104,39,6,33,29,3,1,14,20,41,86,35,10,16,12,MIA,109,43,10,33,27,10,1,13,17,42,88,35,11,15,14,0
0022300780,2024-02-14,BOS,136,51,10,41,32,6,5,10,13,52,91,45,22,12,10,BKN,86,31,6,25,27,5,1,12,12,31,81,31,10,15,14,1
0022300778,2024-02-14,ORL,118,34,7,27,25,7,7,12,22,48,76,26,12,11,10,NYK,100,34,16,18,15,8,0,12,11,35,84,29,11,24,19,1
0022300782,2024-02-14,TOR,125,56,15,41,30,6,7,15,20,50,98,26,6,26,19,IND,127,39,9,30,32,9,9,8,20,47,97,41,17,23,16,0
0022300786,2024-02-14,DEN,98,45,12,33,27,6,5,12,18,35,89,26,9,22,19,SAC,102,48,10,38,21,7,5,15,18,39,89,33,9,19,15,0
0022300785,2024-02-14,DAL,116,55,8,47,28,6,10,16,14,49,92,30,11,10,7,SAS,93,44,13,31,29,8,7,12,9,36,100,40,10,15,11,1
0022300784,2024-02-14,NOP,133,39,8,31,36,14,6,10,21,50,89,32,10,29,23,WAS,126,42,15,27,35,7,3,19,22,44,92,45,21,20,17,1
0022300787,2024-02-14,PHX,116,54,9,45,28,15,11,24,20,35,77,31,10,44,36,DET,100,48,16,32,26,14,5,19,32,38,99,37,10,22,14,1
0022300576,2024-02-15,UTA,137,48,17,31,33,10,3,16,22,43,93,49,22,32,29,GSW,140,41,13,28,42,8,6,13,19,49,92,42,20,28,22,0
0022300790,2024-02-15,MEM,113,40,7,33,30,9,3,16,16,44,83,26,13,19,12,MIL,110,44,11,33,24,10,5,14,22,42,90,44,11,20,15,1
0022300791,2024-02-15,POR,91,35,9,26,18,8,5,15,23,31,83,29,8,30,21,MIN,128,52,11,41,24,8,5,14,22,46,89,30,11,27,25,0
0022300797,2024-02-22,CHI,112,45,13,32,30,6,2,13,17,44,94,28,10,16,14,BOS,129,36,5,31,27,10,11,14,16,45,83,47,23,21,16,0
0022300798,2024-02-22,NOP,127,43,9,34,35,16,6,14,21,50,96,41,16,18,11,HOU,105,44,12,32,27,6,5,24,18,36,82,41,15,28,18,1
0022300799,2024-02-22,OKC,129,44,8,36,24,9,11,15,16,50,90,35,17,17,12,LAC,107,42,11,31,27,6,2,14,15,42,93,32,12,13,11,1
0022300802,2024-02-22,GSW,128,48,15,33,32,6,4,9,19,50,107,41,16,14,12,LAL,110,41,10,31,28,5,9,11,18,43,88,35,10,21,14,1
0022300795,2024-02-22,TOR,121,45,7,38,24,10,6,11,18,41,84,31,14,30,25,BKN,93,39,6,33,19,7,2,20,24,33,80,37,11,22,16,1
0022300794,2024-02-22,PHI,96,38,7,31,23,7,3,18,23,37,84,29,10,14,12,NYK,110,45,12,33,24,11,6,18,13,38,79,34,15,27,19,0
0022300792,2024-02-22,CLE,109,33,7,26,31,8,5,19,18,39,70,22,10,26,21,ORL,116,33,10,23,26,8,3,13,23,43,84,25,14,18,16,0
0022300796,2024-02-22,DAL,123,39,10,29,24,10,5,10,21,43,90,44,19,21,18,PHX,113,41,11,30,20,7,4,16,21,40,83,36,15,24,18,1
0022300803,2024-02-22,SAC,127,42,7,35,29,5,6,10,12,52,93,33,13,14,10,SAS,122,42,11,31,37,9,5,8,12,50,98,25,11,16,11,1
0022300800,2024-02-22,DEN,130,60,13,47,41,11,11,16,16,56,101,31,7,15,11,WAS,110,40,14,26,30,14,1,14,15,40,104,38,17,23,13,1
0022300793,2024-02-22,IND,129,42,7,35,36,10,5,14,15,50,94,30,13,19,16,DET,115,41,6,35,27,6,4,15,21,47,89,30,12,18,9,1
0022300801,2024-02-22,UTA,107,54,15,39,26,3,2,19,21,37,86,39,9,27,24,CHA,115,42,12,30,28,11,3,10,23,40,92,42,20,22,15,0
0022300805,2024-02-23,PHI,104,51,9,42,20,6,7,10,25,40,90,29,12,15,12,CLE,97,43,5,38,24,5,8,11,15,34,80,27,8,31,21,1
0022300812,2024-02-23,POR,112,45,19,26,25,11,2,11,17,46,101,25,8,18,12,DEN,127,45,11,34,38,8,6,13,17,50,85,33,13,22,14,0
0022300807,2024-02-23,MEM,95,41,14,27,26,12,3,13,17,38,91,35,8,16,11,LAC,101,51,14,37,20,7,2,21,20,37,84,32,12,17,15,0
0022300810,2024-02-23,NOP,95,54,18,36,20,6,7,11,19,39,104,32,7,13,10,MIA,106,46,10,36,20,6,11,15,14,38,82,29,13,25,17,0
0022300808,2024-02-23,MIN,107,52,16,36,23,8,4,14,18,43,98,35,13,13,8,MIL,112,47,11,36,24,10,4,10,18,41,87,37,13,25,17,0
0022300806,2024-02-23,HOU,114,54,17,37,25,8,5,14,23,37,93,45,15,34,25,PHX,110,58,19,39,23,10,8,10,20,38,95,31,7,35,27,1
0022300813,2024-02-23,LAL,123,46,10,36,28,7,4,13,18,49,95,27,11,18,14,SAS,118,47,16,31,33,9,7,14,14,42,96,38,15,23,19,1
0022300804,2024-02-23,ATL,121,54,20,34,27,5,4,9,11,46,106,39,12,24,17,TOR,123,47,11,36,37,3,7,12,20,50,102,39,15,8,8,0
0022300809,2024-02-23,OKC,147,56,8,48,30,5,9,15,22,55,92,40,20,21,17,WAS,106,43,16,27,20,10,3,16,17,41,104,38,9,21,15,1
0022300811,2024-02-23,GSW,97,53,13,40,28,7,7,22,15,38,89,42,13,10,8,CHA,84,43,13,30,21,13,6,19,15,32,88,39,11,11,9,1
0022300816,2024-02-24,NYK,102,39,15,24,21,1,3,14,15,37,82,38,13,16,15,BOS,116,36,11,25,27,8,4,7,16,46,81,35,15,12,9,0
0022300815,2024-02-24,MIN,101,51,6,45,22,6,9,13,14,36,84,38,12,23,17,BKN,86,56,16,40,20,7,2,11,17,35,104,35,6,11,10,1
0022300814,2024-02-24,DET,109,36,7,29,29,7,7,12,21,43,85,31,14,13,9,ORL,112,46,13,33,25,9,9,13,15,43,87,24,12,21,14,0
0022300820,2024-02-25,WAS,105,40,4,36,29,6,2,9,22,40,90,40,12,18,13,CLE,114,47,6,41,35,6,6,11,16,42,83,32,10,27,20,0
0022300823,2024-02-25,NOP,106,49,12,37,25,5,7,19,17,40,88,41,16,14,10,CHI,114,49,12,37,29,12,0,11,15,41,95,40,13,21,19,0
0022300819,2024-02-25,IND,133,46,6,40,38,12,0,15,16,52,93,36,14,17,15,DAL,111,38,8,30,15,9,4,16,13,41,87,31,14,21,15,1
0022300824,2024-02-25,GSW,103,42,11,31,27,5,3,17,18,35,81,34,11,29,22,DEN,119,45,12,33,29,10,5,10,20,43,88,32,11,26,22,0
0022300818,2024-02-25,PHX,123,51,14,37,32,6,9,15,12,44,93,40,17,19,18,LAL,113,34,3,31,28,7,4,12,14,47,90,35,15,8,4,1
0022300817,2024-02-25,PHI,98,41,13,28,24,12,5,10,18,36,97,46,16,11,10,MIL,119,47,7,40,32,6,10,19,13,43,79,37,18,18,15,0
0022300821,2024-02-25,ATL,109,44,9,35,31,10,3,10,17,41,90,29,12,17,15,ORL,92,51,14,37,23,7,9,20,19,35,84,38,14,18,8,1
0022300827,2024-02-25,LAC,107,39,10,29,23,7,2,16,14,40,82,27,8,20,19,SAC,123,41,14,27,29,10,1,10,15,45,91,37,15,22,18,0
0022300825,2024-02-25,UTA,128,38,5,33,36,13,8,17,17,46,90,35,17,22,19,SAS,109,46,10,36,34,8,11,20,17,42,91,31,13,19,12,1
0022300822,2024-02-25,HOU,110,50,13,37,18,6,7,18,16,38,93,41,16,23,18,OKC,123,48,10,38,30,12,8,12,22,46,97,35,17,15,14,0
0022300826,2024-02-25,POR,80,56,22,34,14,11,4,16,16,33,95,32,3,16,11,CHA,93,41,4,37,24,12,6,19,12,37,75,24,7,17,12,0
0022300831,2024-02-26,SAC,110,41,11,30,30,10,5,15,20,45,85,32,13,12,7,MIA,121,39,10,29,27,12,3,11,12,45,87,30,11,25,20,0
0022300830,2024-02-26,MEM,86,40,8,32,16,6,4,15,13,29,75,26,7,26,21,BKN,111,46,12,34,32,5,5,10,24,44,90,42,15,14,8,0
0022300829,2024-02-26,IND,122,43,13,30,27,8,5,10,19,46,100,42,13,23,17,TOR,130,45,12,33,35,4,7,12,17,53,96,28,12,17,12,0
0022300828,2024-02-26,NYK,113,44,15,29,31,9,4,14,16,41,92,39,15,21,16,DET,111,42,10,32,25,9,6,17,15,38,79,30,14,26,21,1
0022300837,2024-02-27,NYK,92,38,13,25,27,6,5,13,20,31,83,46,14,23,16,NOP,115,44,10,34,23,4,5,15,21,39,77,34,18,23,19,0
0022300832,2024-02-27,CLE,121,47,9,38,35,2,4,16,12,44,83,40,20,18,13,DAL,119,36,5,31,23,11,6,5,12,48,91,33,14,15,9,1
0022300834,2024-02-27,WAS,112,41,11,30,34,5,5,21,12,46,93,35,12,10,8,GSW,123,44,9,35,39,12,6,19,11,47,94,46,21,11,8,0
0022300841,2024-02-27,OKC,112,55,12,43,19,7,8,15,14,44,93,27,10,18,14,HOU,95,46,12,34,22,5,8,15,16,37,95,39,9,18,12,1
0022300842,2024-02-27,POR,96,40,15,25,24,9,4,18,25,35,86,31,10,19,16,MIA,106,34,6,28,29,8,8,20,19,37,70,26,14,26,18,0
0022300833,2024-02-27,ORL,108,38,5,33,20,14,2,19,22,39,74,25,9,25,21,BKN,81,35,9,26,18,10,1,22,22,31,79,31,8,14,11,1
0022300836,2024-02-27,BOS,117,56,9,47,21,7,9,14,16,39,74,22,5,37,34,PHI,99,28,8,20,20,6,5,10,23,37,94,42,14,12,11,1
0022300838,2024-02-27,MIN,114,46,11,35,28,16,8,14,14,43,93,31,13,17,15,SAS,105,41,7,34,28,9,7,23,15,39,82,41,16,15,11,1
0022300835,2024-02-27,ATL,124,55,15,40,27,8,8,18,15,46,93,32,12,23,20,UTA,97,43,12,31,24,11,4,18,15,35,94,38,11,19,16,1
0022300839,2024-02-27,CHI,95,39,15,24,22,11,3,6,18,39,98,29,2,18,15,DET,105,47,8,39,22,3,8,20,19,37,75,37,14,23,17,0
0022300840,2024-02-27,MIL,123,51,11,40,29,7,3,10,17,46,89,40,16,18,15,CHA,85,37,5,32,24,6,2,13,16,30,81,40,11,17,14,1
0022300846,2024-02-28,CHI,132,74,25,49,29,6,8,19,18,44,110,37,13,38,31,CLE,123,39,5,34,37,7,11,12,25,45,104,54,22,19,11,1
0022300843,2024-02-28,IND,123,50,14,36,34,5,9,10,21,50,102,38,14,9,9,NOP,114,40,7,33,26,2,4,10,12,42,90,29,11,23,19,1
0022300844,2024-02-28,TOR,125,44,12,32,34,11,3,12,21,46,98,35,13,30,20,DAL,136,50,11,39,32,7,10,16,20,52,96,43,15,21,17,0
0022300848,2024-02-28,LAC,112,36,9,27,29,10,1,14,17,45,89,37,10,16,12,LAL,116,39,8,31,28,6,5,17,12,47,86,36,14,10,8,0
0022300847,2024-02-28,DEN,117,43,5,38,35,10,6,16,17,46,86,35,15,11,10,SAC,96,43,15,28,28,8,5,14,14,38,95,35,12,13,8,1
0022300845,2024-02-28,MIN,110,39,5,34,29,4,13,14,19,39,79,35,14,22,18,MEM,101,50,17,33,23,8,5,15,22,36,93,37,11,20,18,1
0022300851,2024-02-29,BKN,124,43,8,35,30,6,4,10,16,46,90,46,22,13,10,ATL,97,39,8,31,18,3,8,14,14,37,86,28,8,21,15,1
0022300852,2024-02-29,NYK,99,56,17,39,23,7,3,13,15,35,95,39,12,24,17,GSW,110,53,16,37,26,8,5,11,19,44,98,44,14,16,8,0
0022300854,2024-02-29,PHX,110,51,14,37,20,6,6,14,21,36,89,37,13,37,25,HOU,105,58,19,39,14,8,5,13,29,33,99,45,11,31,28,1
0022300855,2024-02-29,DEN,103,41,9,32,22,10,8,15,23,36,84,34,12,21,19,MIA,97,45,9,36,21,10,1,15,16,35,83,26,7,24,20,1
0022300849,2024-02-29,CHA,99,42,9,33,24,3,3,13,18,36,82,39,12,20,15,MIL,111,44,8,36,21,9,3,8,18,39,86,39,16,20,17,0
0022300853,2024-02-29,SAS,132,45,11,34,39,6,8,12,20,48,91,39,19,20,17,OKC,118,37,7,30,20,6,2,11,15,44,89,31,9,22,21,1
0022300850,2024-02-29,ORL,115,45,10,35,27,9,6,15,20,42,77,30,10,31,21,UTA,107,37,7,30,25,8,1,13,22,34,80,37,16,28,23,1
0022300856,2024-02-29,LAL,134,45,7,38,30,6,6,11,16,53,101,23,8,24,20,WAS,131,45,10,35,35,6,6,15,19,52,102,41,17,12,10,1
0022300857,2024-03-01,DET,100,42,9,33,24,10,7,9,23,33,89,36,10,28,24,CLE,110,53,12,41,25,7,6,16,20,33,83,41,18,30,26,0
0022300859,2024-03-01,BOS,138,47,9,38,33,4,8,9,15,52,94,43,21,13,13,DAL,110,42,10,32,20,4,4,8,12,44,94,34,9,18,13,1
0022300860,2024-03-01,TOR,105,47,11,36,31,9,2,14,14,41,95,45,12,17,11,GSW,120,56,15,41,26,10,5,14,14,44,98,44,18,18,14,0
0022300864,2024-03-01,CHI,97,44,7,37,25,4,2,12,21,36,86,27,11,16,14,MIL,113,49,11,38,22,7,4,7,18,37,86,46,15,32,24,0
0022300863,2024-03-01,NOP,129,47,11,36,25,9,4,17,17,48,86,32,15,26,18,IND,102,44,17,27,25,9,8,16,21,40,95,32,10,18,12,1
0022300861,2024-03-01,MEM,92,30,8,22,15,6,8,23,17,35,79,24,9,22,13,POR,122,46,16,30,31,13,8,14,20,48,92,31,13,16,13,0
0022300862,2024-03-01,MIN,120,44,8,36,29,4,5,13,22,42,85,31,12,32,24,SAC,124,45,14,31,29,8,6,8,29,50,100,29,11,24,13,0
0022300865,2024-03-01,LAC,140,49,9,40,32,5,7,9,13,54,94,32,13,25,19,WAS,115,39,9,30,29,5,3,10,17,46,98,34,12,15,11,1
0022300858,2024-03-01,PHI,121,48,15,33,38,5,7,7,17,46,96,44,19,11,10,CHA,114,32,7,25,24,5,6,5,13,43,84,33,14,17,14,1
0022300866,2024-03-02,BKN,114,45,12,33,28,6,8,11,19,41,88,32,15,22,17,ATL,102,42,12,30,23,4,4,12,19,37,87,34,11,23,17,1
0022300869,2024-03-02,LAL,114,31,6,25,33,5,4,7,9,47,89,29,12,11,8,DEN,124,47,11,36,34,5,7,10,8,54,92,26,11,7,5,0
0022300870,2024-03-02,PHX,109,47,9,38,23,6,6,19,17,39,85,29,9,29,22,HOU,118,49,13,36,27,13,3,13,22,42,96,42,16,26,18,0
0022300868,2024-03-02,MEM,100,45,9,36,21,15,9,24,17,30,83,40,15,33,25,POR,107,50,13,37,23,8,5,23,25,39,92,35,11,24,18,0
0022300867,2024-03-02,MIA,126,34,8,26,33,6,6,6,20,46,88,34,13,25,21,UTA,120,42,12,30,24,3,5,11,19,42,87,35,14,26,22,1
0022300872,2024-03-03,BOS,140,51,7,44,35,10,5,8,19,53,96,49,25,11,9,GSW,88,46,12,34,24,2,3,17,13,36,92,41,7,13,9,1
0022300873,2024-03-03,MIN,88,54,12,42,24,4,7,15,14,31,80,33,9,18,17,LAC,89,40,7,33,17,7,5,9,12,32,85,34,10,17,15,0
0022300876,2024-03-03,CLE,98,39,10,29,31,7,5,11,11,39,87,44,17,8,3,NYK,107,47,10,37,32,8,9,12,13,42,86,39,16,10,7,0
0022300877,2024-03-03,SAS,117,45,10,35,33,6,8,16,17,46,85,25,10,19,15,IND,105,42,14,28,20,9,4,12,14,41,93,30,6,21,17,1
0022300871,2024-03-03,DAL,116,45,12,33,20,6,2,17,18,40,86,41,16,23,20,PHI,120,42,13,29,26,10,5,9,19,40,88,37,11,31,29,0
0022300878,2024-03-03,PHX,110,50,15,35,26,2,7,22,15,40,91,39,14,18,16,OKC,118,41,10,31,21,16,8,6,15,49,102,31,9,15,11,0
0022300874,2024-03-03,ORL,113,48,7,41,24,7,6,22,16,43,72,23,7,25,20,DET,91,28,5,23,25,11,2,12,19,33,86,36,8,20,17,1
0022300875,2024-03-03,TOR,111,45,11,34,27,8,6,16,16,42,91,38,13,18,14,CHA,106,45,11,34,24,8,6,17,15,43,92,27,8,16,12,1
0022300883,2024-03-04,SAC,109,51,20,31,29,6,6,18,22,41,92,37,11,18,16,CHI,113,32,7,25,28,9,2,10,17,42,84,32,11,22,18,0
0022300880,2024-03-04,MIL,113,46,7,39,20,8,3,12,20,37,78,38,15,28,24,LAC,106,38,5,33,25,9,3,14,21,37,84,40,16,25,16,1
0022300881,2024-03-04,MIN,119,40,12,28,28,9,7,11,17,40,79,28,11,37,28,POR,114,41,12,29,28,5,3,14,26,45,92,39,16,11,8,1
0022300884,2024-03-04,LAL,116,55,12,43,29,8,7,21,15,41,80,34,16,25,18,OKC,104,38,13,25,22,12,7,10,20,37,94,39,15,16,15,1
0022300879,2024-03-04,BKN,102,33,12,21,27,10,6,13,20,35,79,42,15,30,17,MEM,106,50,15,35,26,6,3,19,22,38,82,37,12,22,18,0
0022300882,2024-03-04,UTA,127,51,11,40,29,6,9,13,16,49,101,40,16,15,13,WAS,115,43,10,33,26,6,3,15,15,40,94,38,16,23,19,1
0022300889,2024-03-05,NYK,100,40,17,23,27,8,6,12,18,38,99,52,16,11,8,ATL,116,51,13,38,26,6,5,16,13,44,87,31,10,23,18,0
0022300886,2024-03-05,CLE,105,42,8,34,28,11,3,9,10,39,90,42,20,11,7,BOS,104,53,14,39,24,6,9,13,13,39,93,38,15,12,11,1
0022300890,2024-03-05,TOR,98,45,11,34,21,6,7,12,11,36,93,44,13,22,13,NOP,139,62,17,45,38,9,5,11,19,53,105,49,24,11,9,0
0022300885,2024-03-05,CHA,89,31,3,28,19,7,1,19,19,33,72,33,12,11,11,ORL,101,41,8,33,23,9,1,18,16,40,74,35,13,15,8,0
0022300892,2024-03-05,DAL,120,41,9,32,23,5,6,9,23,45,93,39,13,21,17,IND,137,43,9,34,34,3,2,9,21,50,93,39,18,24,19,0
0022300887,2024-03-05,BKN,112,44,10,34,25,4,7,14,16,41,84,30,12,24,18,PHI,107,38,8,30,25,6,2,12,24,40,82,28,12,19,15,1
0022300893,2024-03-05,DEN,107,51,10,41,25,6,6,15,15,41,96,40,15,14,10,PHX,117,52,11,41,32,9,7,10,19,42,96,34,15,22,18,0
0022300891,2024-03-05,HOU,114,51,16,35,23,15,5,7,15,49,105,34,9,11,7,SAS,101,50,12,38,24,1,10,19,12,38,87,36,12,16,13,1
0022300888,2024-03-05,MIA,118,42,8,34,27,7,5,9,14,42,85,31,14,23,20,DET,110,42,10,32,26,5,3,11,16,39,89,42,12,22,20,1
0022300895,2024-03-06,ATL,112,42,8,34,27,7,3,11,17,43,84,30,11,20,15,CLE,101,42,10,32,27,5,4,15,16,39,89,44,10,17,13,1
0022300898,2024-03-06,UTA,117,45,14,31,28,4,7,10,14,44,96,47,15,16,14,CHI,119,39,7,32,29,7,4,9,13,45,90,39,17,15,12,0
0022300897,2024-03-06,HOU,116,38,13,25,33,6,2,8,21,45,94,37,16,17,10,LAC,122,41,8,33,19,5,8,9,17,44,80,29,12,26,22,0
0022300899,2024-03-06,GSW,125,50,8,42,37,10,13,16,13,51,91,39,19,7,4,MIL,90,36,6,30,19,8,5,15,10,34,89,39,11,15,11,1
0022300894,2024-03-06,WAS,109,35,9,26,26,7,4,9,20,40,88,38,12,20,17,ORL,119,42,9,33,21,4,5,15,14,44,81,26,12,21,19,0
0022300901,2024-03-06,LAL,120,34,3,31,25,4,5,14,14,42,81,32,15,25,21,SAC,130,46,9,37,32,8,2,14,23,54,97,31,12,12,10,0
0022300900,2024-03-06,POR,120,32,7,25,27,10,2,17,28,41,81,34,14,27,24,OKC,128,39,7,32,23,10,5,18,18,43,74,22,9,39,33,0
0022300896,2024-03-06,PHI,109,47,17,30,25,11,9,11,21,39,102,35,13,21,18,MEM,115,54,15,39,21,3,15,15,14,41,91,37,13,23,20,0
0022300906,2024-03-07,DEN,115,45,8,37,27,10,4,8,19,45,90,21,4,22,21,BOS,109,47,13,34,24,6,3,12,18,41,91,38,11,25,16,1
0022300907,2024-03-07,GSW,122,48,13,35,31,8,2,11,22,44,97,42,11,28,23,CHI,125,40,7,33,29,6,5,14,22,46,87,36,16,23,17,0
0022300904,2024-03-07,DAL,114,45,10,35,27,5,6,10,16,40,87,41,16,23,18,MIA,108,37,2,35,30,7,2,12,20,40,82,38,17,17,11,1
0022300903,2024-03-07,IND,111,39,7,32,26,5,10,15,24,42,82,26,10,23,17,MIN,113,48,13,35,23,9,6,11,20,46,98,25,7,19,14,0
0022300902,2024-03-07,DET,118,50,13,37,24,7,4,23,18,43,82,30,12,21,20,BKN,112,28,4,24,24,12,4,14,17,41,84,41,17,18,13,1
0022300908,2024-03-07,SAC,131,46,14,32,31,8,3,13,15,52,102,32,10,18,17,SAS,129,37,9,28,39,8,4,12,20,46,91,33,16,21,21,1
0022300905,2024-03-07,PHX,120,49,10,39,29,6,6,16,16,44,86,35,15,20,17,TOR,113,36,9,27,30,5,2,9,20,43,94,44,16,15,11,1
0022300913,2024-03-08,MEM,92,38,10,28,21,10,11,13,19,30,74,26,10,30,22,ATL,99,47,15,32,21,9,5,16,20,37,87,35,15,15,10,0
0022300909,2024-03-08,PHI,95,42,13,29,21,8,7,12,19,35,88,37,9,20,16,NOP,103,48,9,39,22,7,10,14,18,35,79,31,11,23,22,0
0022300916,2024-03-08,POR,107,49,19,30,22,5,5,17,16,37,89,35,16,25,17,HOU,123,47,14,33,33,12,10,7,15,45,94,37,14,26,19,0
0022300914,2024-03-08,OKC,107,45,9,36,28,5,8,9,16,42,89,38,12,13,11,MIA,100,43,7,36,24,6,5,11,16,38,82,29,11,18,13,1
0022300915,2024-03-08,LAL,123,38,4,34,27,2,7,5,16,47,90,34,16,19,13,MIL,122,43,6,37,28,3,2,8,17,46,93,41,16,17,14,1
0022300911,2024-03-08,CLE,113,46,10,36,27,7,8,13,20,38,88,34,11,36,26,MIN,104,45,7,38,25,5,5,14,25,39,94,30,8,22,18,1
0022300912,2024-03-08,NYK,98,43,11,32,20,7,10,16,14,38,79,33,16,8,6,ORL,74,37,12,25,12,7,10,14,12,27,79,26,6,20,14,1
0022300910,2024-03-08,WAS,112,54,10,44,25,5,11,11,20,43,87,33,6,23,20,CHA,100,48,13,35,18,6,5,7,19,40,100,42,9,15,11,1
0022300920,2024-03-09,PHX,107,41,10,31,21,6,1,15,14,44,87,31,9,16,10,BOS,117,43,13,30,29,7,4,12,12,46,94,39,15,13,10,0
0022300917,2024-03-09,LAC,112,45,9,36,29,7,6,16,20,42,84,35,12,18,16,CHI,102,38,12,26,27,7,3,12,19,37,86,35,13,19,15,1
0022300919,2024-03-09,DET,124,56,20,36,27,8,4,20,26,45,99,37,13,25,21,DAL,142,36,4,32,29,13,8,14,18,51,92,38,14,32,26,0
0022300918,2024-03-09,CHA,110,45,9,36,26,9,3,17,18,44,81,30,11,15,11,BKN,99,41,16,25,22,4,2,16,14,36,90,42,14,17,13,1
0022300921,2024-03-09,GSW,113,39,9,30,26,9,7,12,24,41,88,30,10,29,21,SAS,126,49,12,37,34,6,6,14,22,44,86,33,17,28,21,0
0022300923,2024-03-09,POR,128,52,18,34,31,10,3,15,18,49,103,40,16,15,14,TOR,118,43,9,34,29,9,6,20,18,43,91,43,16,19,16,1
0022300922,2024-03-09,DEN,142,32,5,27,40,8,10,14,22,55,83,32,19,16,13,UTA,121,36,14,22,22,7,2,15,15,47,94,26,8,25,19,1
0022300925,2024-03-10,ATL,103,41,12,29,28,6,4,11,15,38,91,46,17,13,10,NOP,116,43,4,39,32,8,7,12,10,43,75,27,14,22,16,0
0022300929,2024-03-10,SAC,104,44,7,37,24,10,5,13,20,39,86,32,6,23,20,HOU,112,42,6,36,23,8,1,12,18,39,84,29,12,27,22,0
0022300924,2024-03-10,LAC,117,52,17,35,30,3,9,10,23,47,104,47,14,10,9,MIL,124,41,7,34,28,5,6,7,15,43,87,38,17,27,21,0
0022300932,2024-03-10,LAL,120,56,14,42,29,9,4,21,12,44,83,24,10,29,22,MIN,109,38,11,27,27,8,6,12,18,41,97,46,16,13,11,1
0022300930,2024-03-10,CLE,101,31,5,26,25,8,4,12,17,37,76,32,14,20,13,BKN,120,40,8,32,33,7,3,15,17,42,79,35,18,20,18,0
0022300928,2024-03-10,ORL,97,46,13,33,18,7,3,13,27,33,88,36,9,29,22,IND,111,46,5,41,20,5,10,13,21,38,78,23,8,33,27,0
0022300927,2024-03-10,NYK,73,50,16,34,19,9,5,21,14,26,80,40,9,16,12,PHI,79,47,14,33,20,9,5,15,18,31,80,30,9,14,8,0
0022300931,2024-03-10,OKC,124,46,8,38,36,8,6,10,18,49,93,47,21,5,5,MEM,93,39,8,31,21,8,4,16,14,32,78,33,11,27,18,1
0022300926,2024-03-10,MIA,108,51,16,35,20,9,6,13,18,43,95,33,10,18,12,WAS,110,40,6,34,35,5,5,15,18,39,81,39,16,22,16,0
0022300938,2024-03-11,POR,99,38,9,29,23,3,5,11,11,39,87,28,10,11,11,BOS,121,45,14,31,34,7,10,3,11,49,100,40,15,12,8,0
0022300935,2024-03-11,CHI,92,43,14,29,19,6,2,13,12,35,89,34,7,22,15,DAL,127,49,10,39,33,10,6,6,17,51,93,41,13,15,12,0
0022300936,2024-03-11,SAS,102,50,13,37,27,6,10,15,15,39,93,37,14,15,10,GSW,112,45,10,35,28,7,4,14,19,46,93,27,12,12,8,0
0022300934,2024-03-11,CLE,111,37,10,27,30,9,0,13,18,40,84,46,15,19,16,PHX,117,42,12,30,23,8,6,14,18,46,84,32,12,19,13,0
0022300937,2024-03-11,DEN,125,42,11,31,36,8,8,9,14,52,95,29,10,18,11,TOR,119,42,11,31,30,6,4,12,16,47,93,30,11,17,14,1
0022300933,2024-03-11,DET,114,51,9,42,26,8,5,12,19,41,86,42,10,24,22,CHA,97,40,9,31,27,7,2,13,16,34,88,40,13,23,16,1
0022300943,2024-03-12,UTA,107,38,9,29,23,4,7,10,18,41,86,32,15,11,10,BOS,123,46,14,32,25,5,8,9,14,43,92,49,20,19,17,0
0022300942,2024-03-12,SAS,101,42,10,32,30,9,5,15,20,39,82,36,11,14,12,HOU,103,36,8,28,21,10,5,13,19,37,80,32,10,21,19,0
0022300945,2024-03-12,SAC,129,51,6,45,34,11,1,9,26,49,92,40,18,16,13,MIL,94,44,10,34,23,3,2,13,18,30,82,39,7,35,27,1
0022300944,2024-03-12,LAC,100,34,8,26,22,7,4,18,18,34,72,30,11,25,21,MIN,118,48,19,29,26,11,6,11,20,48,94,33,12,14,10,0
0022300941,2024-03-12,OKC,111,50,13,37,24,5,4,13,16,43,99,37,14,15,11,IND,121,43,4,39,34,8,10,9,11,48,89,28,9,19,16,0
0022300939,2024-03-12,NYK,106,51,9,42,32,4,4,13,15,40,79,40,14,15,12,PHI,79,31,7,24,17,7,4,8,16,30,80,33,8,16,11,1
0022300940,2024-03-12,MEM,109,53,17,36,27,8,7,18,19,42,94,33,8,21,17,WAS,97,28,4,24,26,9,3,13,18,37,82,36,11,16,12,1
0022300953,2024-03-13,POR,106,49,12,37,24,7,5,18,21,38,82,30,10,24,20,ATL,102,38,13,25,19,11,6,15,23,38,88,39,14,18,12,1
0022300951,2024-03-13,NOP,95,43,7,36,22,7,6,12,13,35,80,22,4,26,21,CLE,116,46,8,38,38,4,4,12,18,47,92,45,20,3,2,0
0022300948,2024-03-13,IND,129,47,9,38,30,4,6,9,25,46,99,45,14,28,23,CHI,132,48,7,41,22,6,5,12,21,48,92,28,10,32,26,0
0022300949,2024-03-13,MIA,88,42,8,34,18,5,2,9,13,34,80,21,5,18,15,DEN,100,41,7,34,24,4,2,10,13,40,82,33,11,13,9,0
0022300952,2024-03-13,DAL,109,42,9,33,30,6,13,17,16,44,82,27,6,19,15,GSW,99,42,15,27,19,9,3,17,20,37,92,28,9,19,16,1
0022300954,2024-03-13,SAC,120,44,9,35,30,11,2,14,19,46,88,41,19,12,9,LAL,107,38,7,31,25,8,2,14,12,38,78,32,14,22,17,1
0022300947,2024-03-13,ORL,114,34,6,28,29,6,6,13,20,40,77,32,14,26,20,BKN,106,32,8,24,21,7,4,13,19,38,81,26,7,27,23,1
0022300946,2024-03-13,DET,113,58,11,47,27,7,7,22,21,39,88,30,11,31,24,TOR,104,37,3,34,32,13,8,11,20,41,93,36,9,19,13,1
0022300950,2024-03-13,MEM,98,46,16,30,24,12,5,24,19,36,85,40,16,11,10,CHA,110,35,6,29,26,12,7,20,11,44,82,36,13,13,9,0
0022300959,2024-03-14,OKC,126,34,8,26,28,10,7,13,24,45,86,39,16,23,20,DAL,119,40,10,30,25,6,2,19,20,43,84,29,12,26,21,1
0022300956,2024-03-14,CHI,111,36,11,25,28,4,2,13,14,41,86,35,16,16,13,LAC,126,35,6,29,32,9,2,10,16,48,80,40,20,14,10,0
0022300960,2024-03-14,POR,93,45,13,32,19,10,2,18,19,34,84,33,11,16,14,NYK,105,50,15,35,16,11,1,15,18,38,87,29,6,26,23,0
0022300958,2024-03-14,MIL,114,37,6,31,29,6,4,15,14,39,72,36,16,24,20,PHI,105,30,6,24,20,6,4,13,18,39,79,35,17,14,10,1
0022300955,2024-03-14,BOS,127,33,6,27,31,12,5,10,13,47,89,50,25,11,8,PHX,112,51,19,32,27,4,3,14,12,47,99,31,11,10,7,1
0022300957,2024-03-14,HOU,135,47,8,39,24,7,1,19,19,51,87,28,12,24,21,WAS,119,32,7,25,29,11,2,14,19,46,93,38,12,19,15,1
0022300966,2024-03-15,UTA,124,49,10,39,24,6,7,13,21,46,90,36,14,20,18,ATL,122,41,11,30,32,7,5,9,16,41,92,39,20,27,20,1
0022300965,2024-03-15,SAS,106,44,12,32,23,6,4,17,13,37,81,29,11,27,21,DEN,117,40,7,33,37,13,5,13,20,49,89,25,10,12,9,0
0022300964,2024-03-15,NOP,112,40,9,31,28,8,2,9,21,42,87,35,13,20,15,LAC,104,37,5,32,18,6,8,15,17,37,77,33,12,19,18,1
0022300962,2024-03-15,DET,95,48,9,39,27,5,2,18,16,36,84,38,10,15,13,MIA,108,44,9,35,23,14,6,8,16,43,91,34,7,21,15,0
0022300963,2024-03-15,TOR,103,40,9,31,24,11,4,16,24,38,81,34,14,20,13,ORL,113,39,6,33,25,7,4,15,15,40,80,31,14,22,19,0
0022300961,2024-03-15,CHA,96,48,12,36,20,6,3,5,16,35,94,37,6,27,20,PHX,107,57,10,47,31,3,3,10,20,40,87,38,11,20,16,0
0022300967,2024-03-16,HOU,117,48,11,37,28,9,7,10,19,47,98,42,15,12,8,CLE,103,45,7,38,22,6,7,16,12,37,82,38,12,20,17,1
0022300973,2024-03-16,LAL,121,39,8,31,32,3,4,10,13,47,92,34,12,18,15,GSW,128,45,14,31,38,3,4,7,19,51,97,34,14,15,12,0
0022300974,2024-03-16,UTA,100,51,10,41,23,4,5,16,14,38,83,26,6,21,18,MIN,119,44,7,37,31,8,6,9,16,44,93,41,19,15,12,0
0022300968,2024-03-16,IND,121,50,17,33,21,13,4,13,23,50,105,30,6,16,15,BKN,100,45,12,33,18,8,3,21,18,33,77,25,10,31,24,1
0022300975,2024-03-16,SAC,91,42,11,31,22,7,5,12,20,30,85,37,10,26,21,NYK,98,52,10,42,19,8,9,16,21,37,86,39,11,16,13,0
0022300970,2024-03-16,NOP,126,39,10,29,36,8,5,10,13,52,97,33,13,10,9,POR,107,36,10,26,23,3,7,20,15,42,84,33,12,12,11,1
0022300972,2024-03-16,MEM,112,36,7,29,34,7,4,14,20,37,81,44,18,26,20,OKC,118,45,8,37,25,7,8,12,19,45,87,35,12,21,16,0
0022300971,2024-03-16,CHI,127,51,12,39,33,9,4,15,16,49,85,24,8,29,21,WAS,98,32,9,23,27,12,7,16,21,36,84,32,13,22,13,1
0022300969,2024-03-16,PHI,109,41,10,31,25,9,4,16,23,36,81,41,13,25,24,CHA,98,40,12,28,21,11,4,16,21,37,82,31,10,18,14,1
0022300982,2024-03-17,LAC,93,40,10,30,17,10,5,16,13,28,74,36,11,29,26,ATL,110,45,10,35,32,10,7,16,22,41,84,34,17,12,11,0
0022300980,2024-03-17,WAS,104,40,10,30,24,3,5,16,20,41,89,34,10,14,12,BOS,130,43,12,31,30,9,6,15,17,43,87,50,24,24,20,0
0022300978,2024-03-17,DAL,107,60,22,38,22,5,5,12,21,42,100,35,9,21,14,DEN,105,37,6,31,26,7,6,8,16,37,84,28,12,22,19,1
0022300977,2024-03-17,DET,101,44,7,37,24,4,7,12,19,38,83,36,14,14,11,MIA,104,47,11,36,24,7,2,10,11,40,89,35,12,16,12,0
0022300981,2024-03-17,SAS,122,50,13,37,30,6,10,18,17,46,99,37,9,23,21,BKN,115,48,11,37,29,13,5,12,20,47,102,31,8,19,13,1
0022300976,2024-03-17,MIL,140,35,10,25,35,11,2,11,12,51,94,41,24,14,14,PHX,129,39,7,32,36,7,5,14,16,51,87,33,14,15,13,1
0022300979,2024-03-17,ORL,111,39,10,29,22,7,4,15,16,43,85,36,11,20,14,TOR,96,37,11,26,23,7,3,18,18,37,84,31,8,15,14,1
0022300990,2024-03-18,LAL,136,48,4,44,39,6,4,9,15,52,90,36,15,20,17,ATL,105,42,12,30,32,8,5,9,14,42,98,41,9,15,12,1
0022300983,2024-03-18,IND,103,45,14,31,28,8,3,11,24,42,91,38,9,16,10,CLE,108,39,9,30,27,8,4,14,18,38,80,32,12,28,20,0
0022300985,2024-03-18,PHI,98,46,7,39,23,7,12,12,16,37,85,36,13,12,11,MIA,91,49,11,38,23,8,3,15,13,35,89,33,12,14,9,1
0022300987,2024-03-18,UTA,104,47,14,33,25,6,3,17,13,39,84,32,14,14,12,MIN,114,35,12,23,27,9,9,9,15,44,91,41,16,12,10,0
0022300988,2024-03-18,GSW,112,39,12,27,29,7,5,13,16,42,88,36,14,18,14,NYK,119,44,14,30,29,6,1,13,17,44,91,37,14,20,17,0
0022300986,2024-03-18,CHI,110,40,13,27,26,9,5,9,21,41,93,33,11,21,17,POR,107,43,13,30,21,7,5,13,24,40,88,28,8,25,19,1
0022300989,2024-03-18,SAC,121,59,15,44,30,7,10,19,25,42,94,35,11,32,26,MEM,111,49,15,34,22,13,7,14,23,37,98,38,13,30,24,1
0022300984,2024-03-18,BOS,119,53,15,38,30,8,8,11,9,43,95,49,22,13,11,DET,94,43,8,35,21,6,3,13,15,36,84,29,9,15,13,1
0022300993,2024-03-19,BKN,91,42,14,28,19,6,4,14,13,31,84,40,12,22,17,NOP,104,48,11,37,29,7,5,14,19,42,83,34,10,13,10,0
0022300994,2024-03-19,SAS,107,48,9,39,31,6,10,16,14,39,89,39,14,21,15,DAL,113,40,3,37,31,6,3,9,18,44,91,30,10,17,15,0
0022300995,2024-03-19,MIN,112,37,8,29,25,10,7,7,16,42,88,35,12,23,16,DEN,115,49,11,38,26,5,1,17,19,42,81,27,14,22,17,0
0022300992,2024-03-19,WAS,114,44,17,27,24,6,2,11,27,42,98,39,15,20,15,HOU,137,47,12,35,25,6,11,7,15,47,91,39,13,36,30,0
0022300991,2024-03-19,ORL,112,41,10,31,32,10,6,18,10,44,81,34,12,13,12,CHA,92,30,4,26,19,8,1,17,13,38,79,29,9,9,7,1
0022301003,2024-03-20,POR,103,38,8,30,21,6,4,17,16,39,81,34,15,15,10,LAC,116,42,8,34,29,15,7,12,13,45,86,31,13,15,13,0
0022300996,2024-03-20,CLE,104,37,6,31,30,3,2,12,19,35,75,42,15,22,19,MIA,107,37,7,30,19,7,2,8,20,38,83,36,13,19,18,0
0022300998,2024-03-20,BOS,122,37,11,26,25,6,5,9,18,40,85,40,18,29,24,MIL,119,41,9,32,20,3,6,15,25,45,84,35,17,14,12,1
0022300997,2024-03-20,DET,103,46,12,34,23,8,1,15,14,37,90,23,5,30,24,IND,122,40,5,35,38,13,6,13,16,50,88,29,11,18,11,0
0022301002,2024-03-20,PHX,115,55,14,41,34,7,12,23,18,45,90,39,19,8,6,PHI,102,40,13,27,33,12,7,11,12,41,95,37,13,18,7,1
0022300999,2024-03-20,TOR,89,31,11,20,21,11,3,22,15,33,80,31,10,18,13,SAC,123,53,18,35,32,14,6,16,16,48,93,40,12,18,15,0
0022301000,2024-03-20,OKC,119,45,10,35,29,10,7,10,16,43,88,34,10,29,23,UTA,107,47,11,36,20,6,5,16,22,40,90,36,10,18,17,1
0022301001,2024-03-20,GSW,137,48,13,35,43,6,5,7,17,58,100,39,19,6,2,MEM,116,45,16,29,29,4,3,12,15,42,96,49,18,18,14,1
0022301010,2024-03-21,PHX,128,38,7,31,28,4,11,17,19,41,74,41,22,27,24,ATL,115,36,12,24,27,11,3,11,23,40,91,35,12,29,23,1
0022301004,2024-03-21,ORL,121,40,10,30,33,12,4,16,16,47,86,36,14,19,13,NOP,106,33,3,30,24,11,1,19,18,42,78,20,6,21,16,1
0022301006,2024-03-21,HOU,127,49,13,36,27,7,6,16,21,47,93,45,17,20,16,CHI,117,43,12,31,23,8,3,11,17,42,93,31,12,25,21,1
0022301007,2024-03-21,MIL,115,40,11,29,27,5,4,10,17,43,91,41,16,15,13,BKN,108,49,15,34,29,7,1,14,12,41,92,44,13,16,13,1
0022301009,2024-03-21,DEN,113,42,9,33,31,5,4,10,14,45,84,20,6,20,17,NYK,100,31,4,27,28,6,6,10,18,38,79,31,11,17,13,1
0022301005,2024-03-21,WAS,109,45,10,35,20,9,3,20,19,41,81,25,10,23,17,SAC,102,37,10,27,21,12,7,15,20,37,86,39,11,19,17,1
0022301008,2024-03-21,DAL,113,43,11,32,33,12,3,13,20,43,86,32,10,28,17,UTA,97,38,5,33,29,6,3,18,23,38,83,30,4,19,17,1
0022301011,2024-03-22,DET,102,42,8,34,25,4,1,19,23,42,83,31,9,13,9,BOS,129,35,8,27,31,9,5,7,15,47,89,45,16,27,19,0
0022301014,2024-03-22,MIN,104,46,13,33,27,9,5,12,12,41,85,27,14,16,8,CLE,91,41,10,31,22,6,5,12,14,34,81,29,7,19,16,1
0022301013,2024-03-22,MIA,88,34,7,27,22,3,4,6,9,31,86,47,13,15,13,NOP,111,56,12,44,25,3,2,13,13,42,82,36,18,12,9,0
0022301017,2024-03-22,POR,117,41,15,26,29,11,1,10,19,45,93,33,12,25,15,LAC,125,40,7,33,26,8,8,17,21,44,77,33,14,27,23,0
0022301016,2024-03-22,GSW,111,64,24,40,24,6,6,14,15,43,106,48,14,16,11,IND,123,50,12,38,32,8,10,11,14,48,99,36,15,16,12,0
0022301018,2024-03-22,LAL,101,54,11,43,22,1,7,21,16,32,73,31,12,33,25,PHI,94,42,13,29,20,13,7,9,23,33,96,37,8,24,20,1
0022301012,2024-03-22,TOR,103,36,5,31,34,12,3,27,18,40,76,30,11,17,12,OKC,123,46,13,33,27,17,5,16,20,48,95,32,12,19,15,0
0022301015,2024-03-22,SAS,97,56,15,41,24,12,7,16,23,37,95,38,7,23,16,MEM,99,51,9,42,18,10,4,18,17,33,82,34,12,31,21,0
0022301023,2024-03-23,CHI,113,29,3,26,36,7,3,7,18,47,82,24,9,11,10,BOS,124,41,12,29,28,5,3,12,9,44,86,48,21,17,15,0
0022301026,2024-03-23,POR,111,45,14,31,27,8,8,16,24,43,93,28,10,17,15,DEN,114,49,19,30,25,8,9,14,17,41,91,24,8,33,24,0
0022301019,2024-03-23,NYK,105,47,16,31,25,10,4,10,15,42,97,40,15,12,6,BKN,93,41,8,33,26,5,6,15,15,34,76,34,12,15,13,1
0022301025,2024-03-23,SAS,106,34,8,26,27,6,6,15,9,40,85,33,9,21,17,PHX,131,39,7,32,38,11,5,10,18,56,94,24,11,10,8,0
0022301020,2024-03-23,ORL,107,49,12,37,27,5,3,13,20,42,88,35,10,18,13,SAC,109,42,6,36,26,6,5,7,19,38,87,40,15,21,18,0
0022301022,2024-03-23,WAS,112,55,16,39,28,7,8,18,18,44,92,35,11,19,13,TOR,109,42,13,29,27,9,7,12,20,40,94,33,8,26,21,1
0022301024,2024-03-23,HOU,147,44,12,32,31,7,3,9,26,54,97,49,27,14,12,UTA,119,40,12,28,24,2,4,10,11,40,89,37,11,33,28,1
0022301021,2024-03-23,ATL,132,43,11,32,40,9,5,9,14,50,90,42,20,14,12,CHA,91,39,11,28,25,3,4,15,9,35,84,39,11,14,10,1
0022301029,2024-03-24,MIA,121,44,9,35,29,13,0,12,17,43,83,38,15,23,20,CLE,84,30,4,26,24,3,3,17,16,30,72,29,9,20,15,1
0022301027,2024-03-24,DET,101,46,10,36,20,4,5,17,25,32,79,41,11,32,26,NOP,114,41,6,35,27,8,7,10,22,41,81,34,11,31,21,0
0022301031,2024-03-24,MIN,114,44,7,37,30,9,5,16,17,40,84,40,21,18,13,GSW,110,41,7,34,23,8,3,13,19,38,85,36,14,26,20,1
0022301032,2024-03-24,LAL,150,41,8,33,28,6,7,10,14,50,89,25,12,43,38,IND,145,40,10,30,39,6,4,11,31,59,107,36,18,16,9,1
0022301028,2024-03-24,LAC,107,37,10,27,27,2,9,14,11,40,83,28,10,18,17,PHI,121,37,12,25,32,7,10,8,18,48,90,37,18,9,7,0
0022301030,2024-03-24,MIL,118,57,15,42,33,7,5,17,21,49,92,34,11,14,9,OKC,93,37,10,27,20,9,1,12,16,33,89,43,10,22,17,1
0022301034,2024-03-25,ATL,120,44,15,29,30,5,3,13,18,46,87,36,18,17,10,BOS,118,38,12,26,21,7,8,9,16,47,95,38,11,19,13,1
0022301041,2024-03-25,UTA,105,46,11,35,28,6,3,13,15,37,87,39,13,22,18,DAL,115,47,10,37,31,9,7,6,17,44,92,42,12,18,15,0
0022301036,2024-03-25,TOR,88,30,8,22,23,10,2,10,15,37,85,27,5,12,9,BKN,96,50,16,34,20,3,4,20,16,37,81,39,9,18,13,0
0022301043,2024-03-25,LAC,116,36,11,25,26,4,4,10,19,46,85,20,6,22,18,IND,133,34,7,27,28,7,3,8,21,50,86,28,17,22,16,0
0022301042,2024-03-25,SAC,108,40,11,29,25,6,6,8,18,38,86,38,10,28,22,PHI,96,47,15,32,18,2,4,15,25,34,82,34,11,20,17,1
0022301039,2024-03-25,SAS,104,40,5,35,23,10,1,7,15,40,91,31,8,19,16,PHX,102,47,5,42,28,5,7,15,14,42,83,28,10,14,8,1
0022301038,2024-03-25,HOU,110,45,13,32,19,7,7,9,16,37,93,39,12,25,24,POR,92,44,10,34,14,5,6,17,25,36,87,33,7,15,13,1
0022301040,2024-03-25,DEN,128,50,15,35,38,10,7,16,23,48,90,32,15,18,17,MEM,103,40,17,23,25,9,9,17,15,37,94,44,11,27,18,1
0022301037,2024-03-25,CHI,105,46,9,37,27,9,8,12,14,36,87,35,10,28,23,WAS,107,52,14,38,32,8,5,14,21,39,97,49,14,18,15,0
0022301035,2024-03-25,NYK,124,52,12,40,30,6,6,14,18,45,89,46,19,22,15,DET,99,37,7,30,22,8,5,12,22,34,88,34,10,22,21,1
0022301033,2024-03-25,CLE,115,47,9,38,41,4,3,14,15,46,86,41,17,10,6,CHA,92,33,6,27,22,5,4,12,13,34,80,28,9,18,15,1
0022301047,2024-03-26,SAC,96,42,11,31,27,6,5,14,15,35,90,30,11,19,15,DAL,132,49,5,44,34,10,4,9,18,51,92,39,22,13,8,0
0022301044,2024-03-26,MIA,92,39,11,28,24,3,2,9,9,37,92,33,8,13,10,GSW,113,43,7,36,31,6,5,12,20,47,85,38,13,10,6,0
0022301045,2024-03-26,MIL,124,61,15,46,37,9,5,14,26,49,119,51,15,17,11,LAL,128,69,15,54,30,4,8,17,13,42,108,44,14,32,30,0
0022301046,2024-03-26,NOP,112,37,5,32,26,7,2,10,18,39,86,38,14,23,20,OKC,119,45,7,38,28,5,3,12,17,46,86,34,15,14,12,0
0022301048,2024-03-27,CHA,118,38,8,30,30,8,2,16,14,44,76,33,13,22,17,CLE,111,32,9,23,33,7,1,15,21,42,85,44,19,14,8,1
0022301049,2024-03-27,ORL,93,39,10,29,25,10,5,11,13,36,85,32,10,21,11,GSW,101,52,12,40,26,5,5,13,18,40,90,34,10,13,11,0
0022301057,2024-03-27,OKC,126,49,13,36,26,7,7,19,24,47,96,38,14,24,18,HOU,132,50,16,34,25,10,3,16,24,50,104,43,15,23,17,0
0022301052,2024-03-27,PHI,107,51,10,41,17,3,11,12,18,39,82,33,13,19,16,LAC,108,43,11,32,28,8,5,8,16,40,90,36,14,20,14,0
0022301055,2024-03-27,MEM,124,39,13,26,30,10,3,14,23,46,97,43,17,19,15,LAL,136,43,4,39,31,5,4,16,19,45,81,33,18,35,28,0
0022301050,2024-03-27,WAS,119,44,5,39,26,4,4,14,21,46,91,34,14,17,13,BKN,122,45,10,35,24,8,9,8,16,47,98,33,10,23,18,0
0022301053,2024-03-27,TOR,101,28,11,17,31,7,4,18,17,39,84,31,11,13,12,NYK,145,42,15,27,37,7,8,11,17,55,94,44,22,16,13,0
0022301054,2024-03-27,CHI,125,54,13,41,28,7,5,8,19,49,98,27,12,18,15,IND,99,40,12,28,25,3,4,13,23,34,85,42,13,23,18,1
0022301059,2024-03-27,DEN,97,38,9,29,24,9,4,8,13,38,88,40,10,12,11,PHX,104,51,12,39,29,3,7,17,13,39,83,33,16,11,10,0
0022301051,2024-03-27,ATL,120,41,8,33,23,12,9,17,17,44,85,41,16,20,16,POR,106,33,6,27,35,8,2,19,18,43,85,31,14,10,6,1
0022301058,2024-03-27,UTA,111,36,6,30,25,8,4,22,16,39,83,35,13,22,20,SAS,118,41,9,32,40,9,7,21,21,44,86,33,16,21,14,0
0022301056,2024-03-27,MIN,106,40,9,31,28,8,3,12,17,42,82,36,11,16,11,DET,91,41,10,31,15,9,1,12,14,31,81,32,9,25,20,1
0022301060,2024-03-28,ATL,123,53,17,36,24,5,5,11,17,51,104,44,15,10,6,BOS,122,43,9,34,28,7,6,12,15,45,94,36,14,21,18,1
0022301061,2024-03-28,NOP,107,48,11,37,22,11,5,7,19,36,91,32,8,34,27,MIL,100,46,5,41,21,1,4,14,25,38,82,39,14,19,10,1
0022301066,2024-03-29,BKN,125,43,12,31,26,9,3,7,22,43,91,44,25,22,14,CHI,108,44,5,39,24,3,6,13,18,38,75,30,9,29,23,1
0022301073,2024-03-29,SAC,103,45,10,35,24,9,1,11,22,40,92,32,15,12,8,DAL,107,42,6,36,24,4,6,10,12,35,74,35,15,33,22,0
0022301062,2024-03-29,CHA,97,41,12,29,23,4,2,11,10,34,84,46,12,24,17,GSW,115,50,11,39,35,7,5,13,19,48,89,32,11,9,8,0
0022301072,2024-03-29,UTA,100,51,11,40,23,4,9,21,23,37,80,31,8,19,18,HOU,101,45,15,30,19,10,6,10,18,35,91,42,13,28,18,0
0022301064,2024-03-29,ORL,97,38,13,25,20,10,8,17,11,38,86,29,10,15,11,LAC,100,41,12,29,19,11,4,17,17,41,85,24,8,12,10,0
0022301063,2024-03-29,IND,109,46,6,40,27,8,6,10,14,43,89,31,10,14,13,LAL,90,48,10,38,24,3,3,16,14,35,86,30,5,18,15,1
0022301071,2024-03-29,DEN,98,46,13,33,29,6,1,13,24,35,88,28,8,27,20,MIN,111,39,6,33,28,6,7,9,20,38,74,28,9,37,26,0
0022301070,2024-03-29,SAS,130,46,8,38,34,3,2,15,16,44,82,40,16,32,26,NYK,126,50,18,32,24,10,1,12,24,51,110,37,14,12,10,1
0022301067,2024-03-29,CLE,117,37,5,32,34,4,3,14,17,45,82,37,16,13,11,PHI,114,42,16,26,28,6,7,9,20,42,94,40,16,17,14,1
0022301069,2024-03-29,OKC,128,38,7,31,33,7,7,11,13,49,87,30,16,14,14,PHX,103,39,13,26,26,6,6,14,15,39,87,41,13,15,12,1
0022301068,2024-03-29,MIA,142,44,6,38,41,17,4,9,13,54,92,39,21,18,13,POR,82,43,10,33,20,4,2,24,19,35,87,30,5,11,7,1
0022301065,2024-03-29,WAS,87,47,9,38,22,2,4,19,18,36,88,33,9,8,6,DET,96,47,8,39,19,9,5,13,18,37,89,24,6,20,16,0
0022301074,2024-03-30,NOP,92,41,10,31,22,9,3,9,12,34,86,35,13,18,11,BOS,104,51,8,43,27,7,7,13,13,39,82,37,15,12,11,0
0022301076,2024-03-30,ATL,113,39,9,30,24,5,3,11,26,42,92,35,14,18,15,MIL,122,40,6,34,27,7,5,12,18,43,78,28,8,35,28,0
0022301075,2024-03-30,ORL,118,43,5,38,28,8,8,17,16,38,78,44,22,23,20,MEM,88,45,13,32,25,11,7,19,19,31,86,36,12,17,14,1
0022301077,2024-03-31,DEN,130,51,11,40,36,7,4,17,19,50,87,33,21,13,9,CLE,101,28,6,22,26,10,4,15,12,38,82,25,8,21,17,1
0022301084,2024-03-31,MIN,101,37,8,29,28,12,5,14,10,38,81,37,11,21,14,CHI,109,43,8,35,30,11,3,16,18,42,80,29,17,12,8,0
0022301083,2024-03-31,HOU,107,43,12,31,22,9,3,12,14,39,92,38,13,19,16,DAL,125,47,10,37,24,7,8,14,17,48,93,47,24,9,5,0
0022301085,2024-03-31,SAS,113,45,16,29,31,7,5,19,12,40,89,43,17,18,16,GSW,117,41,12,29,34,15,3,16,14,45,92,39,16,13,11,0
0022301079,2024-03-31,CHA,118,31,5,26,32,3,2,9,25,44,88,52,23,11,7,LAC,130,41,7,34,28,4,5,10,16,43,75,29,14,34,30,0
0022301078,2024-03-31,BKN,104,38,9,29,19,12,3,13,17,39,92,36,12,19,14,LAL,116,50,6,44,24,8,6,20,15,42,77,40,15,22,17,0
0022301081,2024-03-31,WAS,107,42,7,35,27,6,1,16,22,40,88,38,11,21,16,MIA,119,42,6,36,22,11,8,14,19,40,81,36,14,29,25,0
0022301080,2024-03-31,TOR,120,30,7,23,31,10,2,12,14,47,90,30,11,20,15,PHI,135,39,9,30,28,6,10,16,17,49,83,43,24,16,13,0
0022301082,2024-03-31,NYK,112,46,15,31,24,8,3,11,19,38,92,43,13,34,23,OKC,113,43,9,34,29,6,8,13,23,44,82,34,13,24,12,0
0022301086,2024-03-31,SAC,127,44,13,31,34,8,6,15,23,45,84,40,20,23,17,UTA,106,33,11,22,22,6,4,12,18,34,83,41,16,28,22,1
0022301091,2024-04-01,CHI,101,51,16,35,17,8,2,8,17,37,94,28,7,24,20,ATL,113,45,8,37,29,4,5,15,21,41,82,40,19,18,12,0
0022301087,2024-04-01,CHA,104,40,8,32,28,3,2,7,15,41,91,37,13,11,9,BOS,118,51,11,40,28,3,3,11,15,43,89,53,19,16,13,0
0022301089,2024-04-01,IND,133,47,14,33,35,6,9,10,21,53,103,31,13,17,14,BKN,111,43,12,31,20,3,4,15,19,41,87,26,10,28,19,1
0022301092,2024-04-01,NOP,111,37,12,25,29,10,1,9,17,42,89,27,11,24,16,PHX,124,49,16,33,29,7,6,14,21,43,87,47,18,25,20,0
0022301090,2024-04-01,ORL,104,43,9,34,26,4,6,16,17,36,76,32,11,27,21,POR,103,44,11,33,28,9,3,11,21,40,90,31,11,15,12,1
0022301088,2024-04-01,DET,108,41,9,32,22,7,9,14,16,40,79,28,11,22,17,MEM,110,44,15,29,28,11,9,13,18,40,91,33,11,23,19,0
0022301100,2024-04-02,UTA,113,33,7,26,26,7,3,20,22,41,85,37,16,18,15,CLE,129,41,9,32,38,10,6,15,14,46,85,39,16,24,21,0
0022300589,2024-04-02,GSW,104,52,11,41,29,9,4,17,18,41,90,32,15,7,7,DAL,100,42,8,34,27,8,7,15,14,39,89,40,15,11,7,1
0022301098,2024-04-02,MIN,113,39,6,33,29,12,5,18,17,41,77,26,11,22,20,HOU,106,37,12,25,23,10,0,15,23,41,92,48,14,14,10,1
0022301101,2024-04-02,SAC,109,56,20,36,29,10,6,10,18,39,92,42,12,25,19,LAC,95,38,9,29,18,6,1,16,21,31,76,27,11,27,22,1
0022301094,2024-04-02,TOR,111,40,5,35,25,11,6,17,19,43,89,32,10,21,15,LAL,128,47,13,34,38,6,8,15,17,52,101,41,18,12,6,0
0022301095,2024-04-02,WAS,117,44,5,39,26,9,2,11,20,47,93,38,9,17,14,MIL,113,57,18,39,31,8,6,12,17,45,103,48,11,18,12,1
0022301096,2024-04-02,MIA,109,39,7,32,24,5,4,18,17,36,74,38,17,21,20,NYK,99,30,7,23,25,11,2,14,17,35,76,34,12,21,17,1
0022301099,2024-04-02,DEN,110,52,11,41,28,5,10,8,15,43,98,34,11,16,13,SAS,105,59,15,44,33,4,12,8,19,42,105,44,13,16,8,1
0022301093,2024-04-02,PHI,109,42,9,33,27,8,4,18,20,36,78,30,14,25,23,OKC,105,43,12,31,30,10,9,15,18,37,87,39,13,22,18,1
0022301110,2024-04-03,PHX,122,43,8,35,32,11,2,16,17,44,87,33,18,17,16,CLE,101,37,7,30,28,9,4,15,14,39,83,26,7,19,16,1
0022301103,2024-04-03,WAS,120,39,6,33,26,11,4,18,22,45,91,42,18,13,12,LAL,125,49,11,38,21,10,4,17,10,46,91,28,8,29,25,0
0022301109,2024-04-03,NOP,108,35,7,28,21,9,1,14,26,36,76,29,12,28,24,ORL,117,39,7,32,27,9,2,13,20,41,80,32,13,30,22,0
0022301106,2024-04-03,BKN,115,50,15,35,22,4,8,13,16,42,87,32,12,27,19,IND,111,45,19,26,27,8,9,9,21,46,103,38,10,11,9,1
0022301102,2024-04-03,CHA,86,36,2,34,22,10,8,11,15,32,78,31,5,22,17,POR,89,55,14,41,19,4,2,16,19,37,93,26,7,12,8,0
0022301105,2024-04-03,BOS,135,46,11,35,33,7,10,11,18,50,92,40,17,19,18,OKC,100,31,5,26,21,8,5,14,11,35,81,24,5,28,25,1
0022301108,2024-04-03,MIN,133,50,9,41,37,13,9,9,12,49,96,43,20,22,15,TOR,85,48,10,38,19,4,6,21,15,33,90,30,7,14,12,1
0022301107,2024-04-03,MIL,101,44,13,31,26,5,10,11,14,38,95,44,18,12,7,MEM,111,54,13,41,25,5,8,9,12,46,91,23,7,17,12,0
0022301104,2024-04-03,ATL,121,48,6,42,36,9,8,16,13,49,90,38,13,15,10,DET,113,37,8,29,24,14,3,10,13,43,94,30,10,21,17,1
0022301124,2024-04-04,DAL,109,53,11,42,20,7,7,14,17,38,94,49,18,17,15,ATL,95,56,11,45,21,7,2,21,22,34,85,38,13,21,14,1
0022301114,2024-04-04,LAC,102,48,7,41,22,10,2,7,20,34,90,33,7,32,27,DEN,100,51,6,45,27,3,4,14,19,36,83,35,11,25,17,1
0022301113,2024-04-04,HOU,110,29,12,17,23,11,1,12,19,36,86,40,12,30,26,GSW,133,43,12,31,29,6,2,21,23,47,80,35,17,25,22,0
0022301111,2024-04-04,MIA,105,51,16,35,24,8,4,17,10,39,94,43,13,16,14,PHI,109,41,8,33,28,11,7,11,15,43,92,40,14,11,9,0
0022301112,2024-04-04,NYK,120,39,9,30,34,9,2,13,20,44,80,28,12,29,20,SAC,109,35,9,26,26,6,3,16,23,42,86,42,18,12,7,1
0022301097,2024-04-05,DAL,108,41,8,33,30,9,9,18,17,40,84,34,12,21,16,GSW,106,44,11,33,27,12,5,15,19,41,93,35,12,18,12,1
0022301120,2024-04-05,HOU,104,45,12,33,25,7,2,9,13,34,90,44,14,25,22,MIA,119,48,8,40,27,8,4,9,18,44,89,36,13,21,18,0
0022301125,2024-04-05,PHX,97,49,7,42,29,12,3,18,19,33,76,26,9,29,22,MIN,87,44,8,36,23,9,6,19,20,33,85,29,10,14,11,1
0022301119,2024-04-05,CHI,108,57,19,38,27,11,5,17,19,44,93,23,7,16,13,NYK,100,38,9,29,22,9,2,18,15,36,83,29,10,24,18,1
0022301115,2024-04-05,CHA,124,36,4,32,29,6,4,20,22,43,72,30,15,23,23,ORL,115,37,15,22,24,9,3,10,19,42,94,38,9,26,22,1
0022301117,2024-04-05,WAS,102,45,12,33,24,9,5,10,21,38,88,33,5,30,21,POR,108,55,16,39,29,7,5,13,23,41,94,29,9,24,17,0
0022301118,2024-04-05,BOS,101,51,12,39,25,6,4,8,11,38,89,44,12,18,13,SAC,100,54,15,39,21,4,3,7,15,38,99,51,17,13,7,1
0022301123,2024-04-05,NOP,109,41,11,30,28,11,2,17,17,44,86,29,9,12,12,SAS,111,34,6,28,34,9,8,17,13,42,83,46,17,13,10,0
0022301116,2024-04-05,IND,126,39,8,31,30,8,5,14,23,46,88,35,15,21,19,OKC,112,39,9,30,24,8,6,15,17,42,86,30,8,24,20,1
0022301122,2024-04-05,MIL,111,45,12,33,21,8,6,13,24,41,94,42,12,21,17,TOR,117,47,9,38,24,9,3,17,18,36,79,36,14,36,31,0
0022301126,2024-04-05,LAC,131,51,8,43,32,9,4,15,22,51,91,35,13,18,16,UTA,102,43,14,29,20,11,4,15,16,35,91,30,9,29,23,1
0022301121,2024-04-05,MEM,108,49,15,34,24,13,7,21,14,42,90,31,10,16,14,DET,90,38,10,28,22,13,4,18,14,32,79,30,8,24,18,1
0022301130,2024-04-06,DEN,142,47,6,41,38,9,7,17,21,53,88,41,23,16,13,ATL,110,38,11,27,30,8,2,16,18,37,87,37,12,29,24,1
0022301127,2024-04-06,LAL,116,40,6,34,30,11,11,20,12,45,80,37,16,16,10,CLE,97,40,11,29,24,11,3,19,11,39,90,35,11,12,8,1
0022301129,2024-04-06,MEM,96,44,15,29,21,9,2,19,18,36,87,26,9,21,15,PHI,116,41,9,32,27,12,9,19,22,41,79,39,16,23,18,0
0022301128,2024-04-06,BKN,113,48,11,37,20,3,7,18,11,38,73,27,11,33,26,DET,103,28,5,23,25,9,2,10,24,42,92,39,17,4,2,1
0022301132,2024-04-07,LAC,120,48,11,37,26,5,2,16,22,41,84,35,14,24,24,CLE,118,36,7,29,27,10,2,11,16,42,88,30,11,27,23,1
0022301138,2024-04-07,PHX,105,38,9,29,30,7,8,16,17,39,87,39,14,14,13,NOP,113,42,8,34,26,8,7,14,17,40,85,39,16,19,17,0
0022301136,2024-04-07,ORL,113,40,10,30,24,12,4,10,17,42,90,34,11,19,18,CHI,98,37,8,29,20,7,5,21,17,38,75,20,6,22,16,1
0022301131,2024-04-07,DAL,147,47,6,41,21,4,6,17,26,46,85,39,15,45,40,HOU,136,32,4,28,31,11,6,11,34,46,93,41,17,35,27,1
0022301133,2024-04-07,IND,117,37,4,33,27,4,6,7,24,44,86,32,9,21,20,MIA,115,39,8,31,21,3,2,7,22,39,84,27,8,32,29,1
0022301143,2024-04-07,LAL,117,41,10,31,27,10,2,15,14,39,84,31,11,32,28,MIN,127,46,13,33,29,12,3,16,20,50,97,39,15,14,12,0
0022301139,2024-04-07,MIL,109,38,9,29,27,3,7,14,16,35,75,34,12,32,27,NYK,122,41,13,28,25,9,6,7,22,45,92,29,14,22,18,0
0022301140,2024-04-07,SAS,126,59,14,45,31,5,11,25,17,44,98,44,16,26,22,PHI,133,46,8,38,31,15,3,12,20,52,114,39,12,19,17,0
0022301134,2024-04-07,BOS,124,40,5,35,34,11,8,13,12,49,87,38,16,13,10,POR,107,53,22,31,26,8,2,15,12,40,102,38,14,13,13,1
0022301141,2024-04-07,BKN,77,46,7,39,17,5,5,17,14,30,86,30,7,13,10,SAC,107,54,11,43,31,8,12,9,17,40,94,48,15,16,12,0
0022301135,2024-04-07,CHA,118,36,7,29,29,12,9,18,14,45,83,40,17,14,11,OKC,121,36,10,26,33,14,4,17,17,45,87,36,18,17,13,0
0022301142,2024-04-07,GSW,118,47,11,36,32,9,8,16,19,49,92,35,14,6,6,UTA,110,29,6,23,21,4,6,11,9,39,83,35,15,21,17,1
0022301137,2024-04-07,TOR,130,49,8,41,33,9,4,14,26,49,96,31,11,28,21,WAS,122,43,8,35,29,9,11,15,25,42,89,40,16,30,22,1
0022301148,2024-04-09,MIL,104,49,10,39,29,6,5,18,4,43,81,36,17,2,1,BOS,91,38,12,26,27,11,4,12,8,37,93,52,17,0,0,1
0022301157,2024-04-09,POR,100,47,13,34,28,3,3,22,19,40,85,38,13,8,7,NOP,110,45,13,32,25,13,2,9,9,36,87,36,11,29,27,0
0022301144,2024-04-09,CHA,104,39,8,31,24,8,3,12,16,39,89,32,10,21,16,DAL,130,55,16,39,35,6,7,15,19,50,93,50,17,20,13,0
0022301154,2024-04-09,UTA,95,44,11,33,19,5,2,15,9,36,91,31,10,13,13,DEN,111,43,13,30,30,12,12,10,10,46,94,37,14,11,5,0
0022301155,2024-04-09,LAL,120,40,10,30,31,8,3,8,14,44,96,35,12,24,20,GSW,134,42,4,38,37,3,12,15,17,47,80,41,26,21,14,0
0022301156,2024-04-09,PHX,92,38,8,30,17,16,7,8,13,30,89,35,8,28,24,LAC,105,63,10,53,28,5,3,21,22,41,87,26,12,11,11,0
0022301147,2024-04-09,ATL,111,59,17,42,28,13,2,16,23,45,113,46,10,14,11,MIA,117,46,5,41,29,8,3,18,16,42,88,45,18,21,15,0
0022301149,2024-04-09,CHI,117,39,12,27,20,4,5,9,18,47,88,28,10,19,13,NYK,128,31,6,25,31,6,4,11,15,46,83,36,17,20,19,0
0022301150,2024-04-09,HOU,118,37,6,31,29,8,7,12,21,45,86,35,15,18,13,ORL,106,42,10,32,23,9,6,15,15,39,86,24,7,23,21,1
0022301146,2024-04-09,TOR,123,40,16,24,21,8,6,15,20,47,94,21,5,33,24,IND,140,44,15,29,33,9,8,14,23,54,99,45,16,23,16,0
0022301153,2024-04-09,OKC,112,42,6,36,21,11,8,14,18,39,80,30,11,31,23,SAC,105,56,21,35,23,8,4,17,22,33,96,58,20,26,19,1
0022301151,2024-04-09,MEM,87,49,17,32,21,10,5,8,13,36,104,30,6,11,9,SAS,102,51,10,41,30,5,11,17,12,42,87,40,10,8,8,0
0022301152,2024-04-09,MIN,130,44,10,34,30,9,8,8,14,43,90,41,18,32,26,WAS,121,41,7,34,26,5,4,13,22,44,89,43,20,17,13,1
0022301145,2024-04-09,PHI,120,51,16,35,29,11,8,9,18,44,98,37,13,23,19,DET,102,44,9,35,20,3,5,16,17,34,84,30,14,24,20,1
0022301161,2024-04-10,MIA,92,46,12,34,22,3,1,18,16,33,81,30,13,13,13,DAL,111,39,8,31,27,8,8,7,13,43,87,44,15,13,10,0
0022301164,2024-04-10,DEN,116,44,11,33,31,7,8,14,21,46,83,25,11,23,13,MIN,107,35,9,26,23,9,5,10,21,41,82,30,13,21,12,1
0022301162,2024-04-10,MIL,117,43,10,33,27,9,4,15,20,43,84,40,15,20,16,ORL,99,34,5,29,19,6,1,16,15,36,78,30,11,23,16,1
0022301165,2024-04-10,LAC,108,44,9,35,23,9,3,13,13,44,95,36,12,10,8,PHX,124,48,9,39,29,8,6,13,13,46,95,50,18,15,14,0
0022301163,2024-04-10,OKC,127,62,7,55,33,12,6,12,16,47,101,38,16,21,17,SAS,89,47,4,43,24,8,4,15,14,32,96,40,9,20,16,1
0022301160,2024-04-10,BKN,106,56,14,42,25,4,15,15,16,38,86,36,11,24,19,TOR,102,45,15,30,19,8,5,10,22,35,94,40,16,18,16,1
0022301158,2024-04-10,CLE,110,47,12,35,27,11,10,16,15,37,82,37,15,29,21,MEM,98,44,10,34,21,10,10,16,21,33,84,32,14,19,18,1
0022301159,2024-04-10,ATL,114,38,7,31,35,7,2,18,20,43,82,40,18,16,10,CHA,115,33,5,28,25,11,2,14,18,40,79,36,14,22,21,0
0022301170,2024-04-11,SAC,123,32,5,27,26,7,0,14,17,46,84,38,16,20,15,NOP,135,40,5,35,35,7,2,13,16,49,86,40,22,18,15,0
0022301166,2024-04-11,DET,105,38,7,31,27,4,2,20,12,38,77,35,14,23,15,CHI,127,42,11,31,28,14,5,9,15,51,96,36,14,15,11,0
0022301169,2024-04-11,POR,92,49,20,29,22,9,3,13,18,35,97,34,8,17,14,GSW,100,46,10,36,24,8,13,16,18,36,77,35,12,20,16,0
0022301168,2024-04-11,UTA,124,49,15,34,27,8,7,16,20,44,87,39,14,27,22,HOU,121,39,16,23,22,8,6,10,18,40,95,47,21,22,20,1
0022301167,2024-04-11,BOS,109,36,10,26,25,7,12,12,16,40,86,42,16,16,13,NYK,118,52,17,35,24,7,4,15,12,49,99,36,14,10,6,0
0022301178,2024-04-12,MIN,109,44,7,37,29,8,11,14,22,38,79,37,10,29,23,ATL,106,40,9,31,23,4,1,15,25,40,90,30,9,25,17,1
0022301182,2024-04-12,GSW,109,53,11,42,27,6,5,16,15,40,86,34,13,21,16,NOP,114,38,5,33,24,11,5,9,13,42,90,38,20,16,10,0
0022301172,2024-04-12,WAS,127,39,4,35,32,6,5,12,22,45,86,43,18,29,19,CHI,129,56,17,39,28,9,6,13,25,48,98,35,14,28,19,0
0022301180,2024-04-12,SAS,121,49,11,38,31,2,4,18,13,45,85,33,15,23,16,DEN,120,33,6,27,31,9,4,9,19,49,97,36,13,10,9,1
0022301183,2024-04-12,POR,107,48,16,32,20,4,5,7,14,37,95,35,12,29,21,HOU,116,48,10,38,25,3,5,9,20,44,92,39,11,20,17,0
0022301177,2024-04-12,MEM,120,42,16,26,19,14,2,15,27,43,95,39,17,21,17,LAL,123,39,10,29,25,5,6,19,17,42,81,37,13,34,26,0
0022301179,2024-04-12,OKC,125,38,8,30,29,13,5,10,12,47,89,38,13,20,18,MIL,107,42,8,34,27,7,3,19,15,42,85,30,11,13,12,1
0022301175,2024-04-12,NYK,111,31,8,23,21,10,3,5,15,38,83,30,14,25,21,BKN,107,45,16,29,22,3,4,14,19,41,82,32,11,19,14,1
0022301171,2024-04-12,PHI,125,44,8,36,22,6,6,13,20,42,88,37,18,28,23,ORL,113,45,10,35,25,7,7,11,21,43,95,27,8,25,19,1
0022301174,2024-04-12,CLE,129,41,11,30,28,9,2,11,14,50,95,32,13,23,16,IND,120,39,7,32,37,7,2,14,17,46,89,32,9,22,19,1
0022301185,2024-04-12,SAC,107,35,9,26,26,12,1,7,19,40,91,38,14,14,13,PHX,108,41,6,35,25,4,4,19,16,40,76,32,12,17,16,0
0022301176,2024-04-12,MIA,125,37,6,31,37,7,2,7,16,45,86,41,17,23,18,TOR,103,41,7,34,23,1,1,17,21,37,77,31,10,22,19,1
0022301184,2024-04-12,LAC,109,44,20,24,23,9,7,13,17,43,96,39,10,19,13,UTA,110,46,14,32,26,7,4,18,14,41,88,35,6,25,22,0
0022301181,2024-04-12,DAL,89,49,9,40,20,5,5,20,9,36,83,29,8,12,9,DET,107,40,6,34,23,11,7,7,10,46,95,31,8,9,7,0
0022301173,2024-04-12,BOS,131,53,16,37,34,12,1,6,20,54,104,41,14,13,9,CHA,98,33,4,29,20,3,7,20,15,32,76,35,15,22,19,1
0022301188,2024-04-14,IND,157,48,12,36,41,10,6,16,24,65,100,36,19,10,8,ATL,115,32,9,23,25,6,5,17,12,39,89,36,12,27,25,1
0022301190,2024-04-14,NYK,120,53,16,37,27,7,6,21,17,46,91,32,12,21,16,CHI,119,44,15,29,25,15,3,12,21,49,101,31,8,16,13,1
0022301196,2024-04-14,OKC,135,58,11,47,38,6,6,15,17,54,97,34,14,16,13,DAL,86,41,12,29,19,8,2,15,15,32,97,39,8,17,14,1
0022301193,2024-04-14,MEM,111,43,16,27,22,9,2,13,18,45,100,33,8,18,13,DEN,126,54,16,38,32,9,5,18,17,46,89,36,12,26,22,0
0022301199,2024-04-14,LAC,105,51,16,35,23,13,8,12,14,41,104,37,8,17,15,HOU,116,59,17,42,31,7,8,18,13,50,103,38,11,14,5,0
0022301195,2024-04-14,NOP,108,39,10,29,26,8,1,19,17,41,86,37,15,14,11,LAL,124,39,7,32,32,12,3,15,13,48,87,29,11,18,17,0
0022301191,2024-04-14,ORL,113,43,7,36,27,11,5,14,18,42,85,35,11,19,18,MIL,88,34,7,27,16,10,4,17,18,30,75,27,7,23,21,1
0022301192,2024-04-14,PHI,107,57,13,44,30,8,6,14,16,41,96,44,14,15,11,BKN,86,42,4,38,19,8,6,13,14,32,83,34,9,17,13,1
0022301194,2024-04-14,MIN,106,36,12,24,22,7,5,24,20,36,70,26,9,31,25,PHX,125,32,13,19,28,13,3,13,24,47,86,29,16,18,15,0
0022301200,2024-04-14,SAC,121,51,13,38,29,11,6,14,19,43,87,34,13,27,22,POR,82,54,23,31,18,11,2,18,19,31,98,45,7,17,13,1
0022301189,2024-04-14,MIA,118,46,13,33,29,13,7,19,16,46,87,36,9,19,17,TOR,103,41,13,28,23,6,3,19,21,38,90,34,9,21,18,1
0022301198,2024-04-14,GSW,123,42,12,30,35,10,6,9,14,45,94,43,14,23,19,UTA,116,48,14,34,22,6,5,20,20,46,89,34,14,16,10,1
0022301186,2024-04-14,BOS,132,48,10,38,29,10,15,17,13,51,89,32,16,21,14,WAS,122,36,8,28,33,9,4,12,16,49,103,38,14,10,10,1
0022301197,2024-04-14,SAS,123,54,12,42,33,9,3,14,17,49,91,34,15,14,10,DET,95,40,11,29,17,7,3,14,9,36,92,33,8,20,15,1
0022301187,2024-04-14,CLE,110,43,12,31,30,4,1,14,8,44,93,33,16,9,6,CHA,120,47,10,37,36,10,9,10,11,46,91,40,19,11,9,0
0022400062,2024-10-22,LAL,110,46,15,31,22,7,8,7,22,42,95,30,5,25,21,MIN,103,47,12,35,17,4,1,16,22,35,85,41,13,27,20,1
0022400061,2024-10-22,BOS,132,40,11,29,33,6,3,4,15,48,95,61,29,8,7,NYK,109,34,5,29,20,2,3,12,12,43,78,30,11,16,12,1
0022400066,2024-10-23,PHI,109,49,17,32,18,4,2,10,28,41,98,31,8,27,19,MIL,124,46,8,38,27,4,9,14,23,43,80,37,16,31,22,0
0022400064,2024-10-23,ATL,120,45,12,33,25,12,9,16,20,39,80,28,9,46,33,BKN,116,43,12,31,21,8,6,19,32,40,91,43,17,25,19,1
0022400065,2024-10-23,MIA,97,41,9,32,24,5,8,11,19,32,82,34,11,29,22,ORL,116,57,18,39,28,8,8,14,21,41,96,49,18,22,16,0
0022400063,2024-10-23,DET,109,38,12,26,22,6,2,14,21,38,88,33,9,28,24,IND,115,39,7,32,32,10,8,15,23,42,83,31,9,25,22,0
0022400071,2024-10-23,LAC,113,51,13,38,27,9,1,22,29,42,92,29,8,30,21,PHX,116,42,4,38,25,12,9,22,23,38,78,38,15,34,25,0
0022400067,2024-10-23,TOR,106,38,14,24,25,8,6,19,24,36,86,31,12,29,22,CLE,136,36,8,28,29,10,9,13,22,51,87,30,14,26,20,0
0022400069,2024-10-23,NOP,123,42,7,35,29,15,10,12,17,45,97,37,14,21,19,CHI,111,47,9,38,26,4,2,21,16,42,86,34,10,25,17,1
0022400072,2024-10-23,POR,104,42,13,29,21,10,4,18,22,36,92,34,8,30,24,GSW,140,57,15,42,38,13,5,18,27,48,93,48,20,30,24,0
0022400070,2024-10-23,UTA,124,49,14,35,21,7,9,17,24,40,85,26,10,45,34,MEM,126,41,13,28,28,7,5,13,35,43,91,45,17,32,23,0
0022400068,2024-10-23,HOU,105,43,16,27,19,8,4,8,18,38,103,43,13,20,16,CHA,110,56,15,41,20,6,10,17,21,38,85,39,15,24,19,0
0022400076,2024-10-24,SAC,115,38,4,34,21,7,2,9,18,38,82,29,11,35,28,MIN,117,42,6,36,24,3,2,17,24,41,86,50,20,17,15,0
0022400074,2024-10-24,DAL,120,50,17,33,27,9,5,10,21,42,102,44,19,23,17,SAS,109,52,12,40,30,6,5,19,18,39,86,36,12,24,19,1
0022400073,2024-10-24,WAS,102,40,10,30,27,9,6,15,19,41,95,36,7,18,13,BOS,122,49,12,37,21,7,3,14,19,42,90,45,17,27,21,0
0022400075,2024-10-24,DEN,87,57,17,40,29,11,7,16,12,35,98,38,7,14,10,OKC,102,49,13,36,23,9,13,12,15,43,101,36,8,12,8,0
0022400077,2024-10-25,ORL,116,39,5,34,28,10,7,13,19,39,75,30,15,33,23,BKN,101,37,8,29,22,7,3,19,31,35,83,37,14,21,17,1
0022400081,2024-10-25,NYK,123,43,11,32,19,5,4,12,18,44,84,27,12,29,23,IND,98,33,9,24,28,8,6,16,24,41,83,30,3,20,13,1
0022400078,2024-10-25,TOR,115,54,18,36,25,11,13,27,34,35,76,23,6,46,39,PHI,107,28,10,18,19,11,5,16,32,29,76,29,9,53,40,1
0022400085,2024-10-25,LAL,123,37,6,31,33,10,5,13,18,40,75,27,14,39,29,PHX,116,34,5,29,35,8,4,17,26,42,82,37,17,17,15,1
0022400086,2024-10-25,POR,103,48,10,38,26,7,11,20,22,37,90,37,13,20,16,NOP,105,44,11,33,25,12,8,14,22,36,86,32,12,31,21,0
0022400083,2024-10-25,MIL,122,47,8,39,24,5,3,15,14,46,93,40,13,25,17,CHI,133,46,9,37,30,10,4,10,17,46,96,47,21,23,20,0
0022400084,2024-10-25,UTA,86,45,14,31,18,8,5,22,11,29,92,42,9,26,19,GSW,127,60,19,41,35,15,6,15,25,51,106,50,20,6,5,0
0022400082,2024-10-25,HOU,128,64,23,41,20,10,4,19,32,43,98,43,17,36,25,MEM,108,43,14,29,24,8,8,19,25,38,91,28,10,36,22,1
0022400080,2024-10-25,CLE,113,39,5,34,28,13,4,13,15,42,82,34,13,23,16,DET,101,42,8,34,25,3,5,22,22,38,81,32,13,17,12,1
0022400079,2024-10-25,ATL,125,39,7,32,25,11,9,14,28,39,81,38,14,38,33,CHA,120,53,22,31,22,7,4,18,28,37,96,51,21,31,25,1
0022400088,2024-10-26,CHA,106,46,15,31,20,6,5,20,24,39,89,41,13,21,15,MIA,114,43,13,30,33,8,6,14,19,40,86,34,14,28,20,0
0022400092,2024-10-26,MEM,124,42,6,36,38,10,5,18,24,46,86,34,13,24,19,ORL,111,41,12,29,21,10,6,19,20,37,87,48,17,28,20,1
0022400096,2024-10-26,LAL,131,45,13,32,32,8,3,19,19,48,92,34,14,24,21,SAC,127,32,5,27,32,12,5,14,19,45,88,44,15,25,22,1
0022400089,2024-10-26,DET,118,44,9,35,27,4,7,15,22,43,88,39,14,22,18,BOS,124,37,13,24,19,10,6,10,16,38,90,48,22,30,26,0
0022400090,2024-10-26,WAS,116,46,18,28,25,6,9,15,25,37,96,43,15,32,27,CLE,135,48,11,37,27,13,10,17,27,47,88,39,18,34,23,0
0022400095,2024-10-26,PHX,114,47,7,40,26,3,4,11,17,36,80,39,14,37,28,DAL,102,46,12,34,22,6,2,9,28,37,93,41,13,18,15,1
0022400094,2024-10-26,SAS,109,49,10,39,23,6,7,17,18,39,79,20,8,28,23,HOU,106,34,8,26,21,10,3,11,24,38,92,41,13,21,17,1
0022400087,2024-10-26,DEN,104,37,10,27,20,13,4,10,22,35,87,35,14,24,20,LAC,109,44,11,33,30,4,5,17,24,40,82,33,12,21,17,0
0022400091,2024-10-26,CHI,95,61,11,50,23,6,2,26,19,32,92,53,15,22,16,OKC,114,54,9,45,21,15,5,10,18,45,107,40,8,20,16,0
0022400093,2024-10-26,MIN,112,41,9,32,29,9,8,13,16,39,83,37,14,26,20,TOR,101,46,12,34,29,9,4,20,22,41,90,29,10,13,9,1
0022400098,2024-10-27,BKN,115,47,12,35,23,9,3,12,26,39,91,45,16,23,21,MIL,102,43,7,36,20,7,3,18,17,33,74,33,10,31,26,1
0022400097,2024-10-27,IND,114,37,7,30,28,8,4,20,26,39,84,32,13,34,23,PHI,118,54,20,34,15,9,4,20,26,42,98,42,11,31,23,0
0022400100,2024-10-27,OKC,128,45,11,34,26,13,12,10,23,44,89,40,16,32,24,ATL,104,49,17,32,24,7,4,20,23,36,91,31,10,29,22,1
0022400099,2024-10-27,POR,125,51,22,29,25,9,8,16,21,43,93,35,14,32,25,NOP,103,39,15,24,24,9,8,17,22,38,88,29,8,24,19,1
0022400101,2024-10-27,GSW,104,47,14,33,19,10,5,21,22,38,88,43,14,22,14,LAC,112,48,14,34,27,11,2,18,21,42,90,32,10,23,18,0
0022400111,2024-10-28,PHX,109,46,9,37,21,7,11,11,22,40,87,36,11,20,18,LAL,105,46,11,35,25,5,6,12,19,39,94,32,14,18,13,1
0022400104,2024-10-28,BOS,119,38,4,34,24,5,5,14,18,43,87,47,18,19,15,MIL,108,43,8,35,18,7,6,17,24,37,82,31,8,31,26,1
0022400102,2024-10-28,ORL,119,46,11,35,26,7,6,15,25,39,83,41,13,38,28,IND,115,44,15,29,25,7,4,13,28,41,88,29,13,30,20,1
0022400112,2024-10-28,SAC,111,40,9,31,25,8,6,16,27,37,81,35,14,25,23,POR,98,46,12,34,17,5,4,18,22,35,83,22,4,30,24,1
0022400106,2024-10-28,NYK,104,43,13,30,22,8,3,16,21,40,90,28,9,18,15,CLE,110,41,9,32,21,10,5,14,20,39,82,36,12,24,20,0
0022400108,2024-10-28,MEM,123,60,18,42,37,5,9,10,21,51,111,43,14,13,7,CHI,126,50,11,39,36,5,6,9,15,45,100,53,25,17,11,0
0022400107,2024-10-28,TOR,125,54,18,36,30,7,7,15,27,49,109,35,10,21,17,DEN,127,52,15,37,29,6,6,16,20,47,96,20,9,30,24,0
0022400109,2024-10-28,SAS,101,49,17,32,22,6,6,17,21,37,87,33,10,21,17,HOU,106,43,13,30,20,6,2,12,23,35,85,37,15,24,21,0
0022400110,2024-10-28,DAL,110,50,13,37,27,9,12,14,23,43,95,39,11,17,13,UTA,102,50,15,35,24,7,5,15,17,34,92,35,10,29,24,1
0022400103,2024-10-28,ATL,119,39,6,33,32,12,7,16,22,39,81,40,15,36,26,WAS,121,43,9,34,24,7,3,18,25,41,91,44,21,22,18,0
0022400105,2024-10-28,MIA,106,44,10,34,24,14,3,12,14,38,88,47,15,20,15,DET,98,54,19,35,14,6,6,17,19,35,91,38,14,17,14,1
0022400115,2024-10-29,UTA,96,42,12,30,24,7,4,17,16,35,89,48,14,14,12,SAC,113,49,9,40,26,9,9,12,19,48,92,31,8,14,9,0
0022400116,2024-10-29,GSW,124,34,11,23,34,15,9,8,20,46,97,46,21,13,11,NOP,106,44,9,35,23,4,6,24,13,40,74,22,9,24,17,1
0022400114,2024-10-29,MIN,114,42,11,31,33,5,2,20,20,39,77,39,19,26,17,DAL,120,40,12,28,25,12,2,10,21,45,93,39,16,18,14,0
0022400113,2024-10-29,BKN,139,41,7,34,37,4,6,9,32,49,96,52,20,27,21,DEN,144,43,9,34,31,3,4,5,22,46,89,27,13,47,39,0
0022400118,2024-10-30,CLE,134,36,6,30,37,14,2,12,26,56,97,41,17,8,5,LAL,110,37,5,32,21,6,0,21,7,38,77,28,6,33,28,1
0022400124,2024-10-30,MEM,106,38,12,26,27,9,3,22,21,38,81,27,8,29,22,BKN,119,34,8,26,27,10,2,19,25,41,80,41,15,25,22,0
0022400122,2024-10-30,MIA,107,39,7,32,27,6,3,10,17,37,81,40,17,24,16,NYK,116,42,7,35,30,8,4,11,16,40,82,40,18,20,18,0
0022400123,2024-10-30,CHI,102,54,9,45,23,6,2,15,16,36,84,34,13,25,17,ORL,99,42,6,36,25,9,8,12,19,35,86,46,11,20,18,1
0022400127,2024-10-30,LAC,105,49,13,36,26,10,5,14,19,41,90,36,13,18,10,POR,106,47,12,35,19,9,6,13,18,41,92,33,14,12,10,0
0022400125,2024-10-30,OKC,105,39,5,34,28,18,6,14,15,41,89,41,17,8,6,SAS,93,52,13,39,22,6,6,22,8,35,85,36,12,13,11,1
0022400121,2024-10-30,WAS,133,37,6,31,32,10,5,16,21,47,89,38,16,25,23,ATL,120,41,12,29,28,10,3,17,19,45,95,39,12,21,18,1
0022400119,2024-10-30,IND,135,57,16,41,33,10,5,19,26,50,104,38,15,24,20,BOS,132,51,18,33,23,11,5,14,19,44,109,57,19,31,25,1
0022400126,2024-10-30,GSW,104,42,13,29,32,5,9,14,22,41,87,38,13,13,9,NOP,89,49,18,31,24,7,6,15,17,33,90,36,11,20,12,1
0022400117,2024-10-30,CHA,138,38,14,24,31,9,8,16,24,49,94,45,20,25,20,TOR,133,41,13,28,37,9,5,14,25,52,91,28,9,30,20,1
0022400120,2024-10-30,PHI,95,37,8,29,17,7,4,9,21,33,79,28,8,28,21,DET,105,49,12,37,23,4,5,17,25,36,78,36,15,22,18,0
0022400128,2024-10-31,MEM,122,56,7,49,26,6,3,17,21,43,82,28,8,31,28,MIL,99,38,9,29,20,10,4,10,27,41,96,42,9,19,8,1
0022400131,2024-10-31,LAC,119,48,15,33,27,8,8,14,22,45,93,35,12,21,17,PHX,125,39,8,31,29,12,4,12,20,42,82,39,18,28,23,0
0022400130,2024-10-31,UTA,88,53,15,38,19,6,6,26,19,32,82,32,7,19,17,SAS,106,42,11,31,25,17,7,11,17,38,92,43,12,23,18,0
0022400129,2024-10-31,DAL,102,37,10,27,21,6,7,10,27,39,85,30,10,20,14,HOU,108,50,18,32,21,4,4,10,20,40,97,34,8,27,20,0
0022400137,2024-11-01,TOR,125,44,15,29,35,4,6,11,29,52,107,35,10,13,11,LAL,131,43,9,34,29,6,5,10,17,42,88,32,11,41,36,0
0022400134,2024-11-01,DET,98,38,6,32,23,6,9,22,12,41,81,34,11,7,5,NYK,128,45,12,33,31,16,3,10,14,52,101,38,18,10,6,0
0022400133,2024-11-01,CLE,120,49,7,42,25,6,4,13,21,44,87,38,15,20,17,ORL,109,39,7,32,26,10,4,14,17,41,90,33,11,24,16,1
0022400138,2024-11-01,NOP,125,46,15,31,28,8,4,8,15,49,101,31,12,19,15,IND,118,39,6,33,35,3,3,14,21,46,89,38,16,13,10,1
0022400135,2024-11-01,ATL,115,40,8,32,30,8,4,13,22,41,92,50,19,18,14,SAC,123,51,10,41,28,9,4,14,21,43,89,33,11,30,26,0
0022400132,2024-11-01,CHA,109,42,12,30,20,5,5,16,26,42,91,48,19,12,6,BOS,124,41,11,30,21,12,5,10,13,41,86,42,13,35,29,0
0022400136,2024-11-01,BKN,120,46,9,37,34,11,6,11,20,49,94,36,11,13,11,CHI,112,44,10,34,24,5,3,16,15,38,88,44,17,24,19,1
0022400139,2024-11-01,MIN,119,38,8,30,34,8,9,17,22,43,83,42,18,18,15,DEN,116,46,17,29,30,11,2,15,18,41,92,32,11,29,23,1
0022400140,2024-11-01,POR,114,36,11,25,27,8,5,19,17,39,83,35,15,31,21,OKC,137,45,14,31,31,14,9,13,29,51,95,49,19,19,16,0
0022400146,2024-11-02,SAS,113,44,7,37,32,6,5,13,16,43,83,42,13,17,14,MIN,103,32,6,26,21,7,2,13,16,39,82,37,11,20,14,1
0022400149,2024-11-02,PHX,103,63,13,50,29,4,8,14,10,35,93,52,17,22,16,POR,97,56,14,42,17,10,5,6,18,37,111,43,14,11,9,1
0022400143,2024-11-02,TOR,131,46,12,34,31,13,3,19,25,46,95,37,17,31,22,SAC,128,49,15,34,21,16,3,18,22,46,100,40,10,32,26,1
0022400141,2024-11-02,CHA,103,34,7,27,24,10,1,13,25,40,91,42,17,9,6,BOS,113,44,8,36,23,4,4,15,17,36,82,52,16,28,25,0
0022400145,2024-11-02,MIL,113,45,10,35,24,3,3,13,23,43,89,39,18,15,9,CLE,114,45,10,35,31,3,2,7,20,44,91,38,15,15,11,0
0022400144,2024-11-02,HOU,121,49,18,31,27,10,6,11,32,44,107,45,15,24,18,GSW,127,47,9,38,26,5,4,14,22,40,78,32,15,50,32,0
0022400150,2024-11-02,LAC,92,50,10,40,23,10,7,22,17,32,79,35,11,26,17,OKC,105,41,3,38,25,11,3,12,22,36,84,39,16,19,17,0
0022400148,2024-11-02,DEN,129,52,19,33,33,14,1,18,25,48,99,32,16,23,17,UTA,103,39,8,31,24,7,8,24,22,32,77,42,13,31,26,1
0022400142,2024-11-02,PHI,107,33,8,25,22,11,5,14,19,36,89,46,19,20,16,MEM,124,52,11,41,35,9,6,17,22,48,87,27,12,21,16,0
0022400153,2024-11-03,DAL,108,53,12,41,25,8,5,19,22,42,85,32,10,23,14,ORL,85,43,13,30,19,8,4,15,22,31,93,41,8,19,15,1
0022400152,2024-11-03,NOP,111,43,18,25,22,6,3,18,16,39,90,38,16,20,17,ATL,126,41,10,31,29,10,3,16,17,50,88,36,15,12,11,0
0022400151,2024-11-03,BKN,92,27,4,23,23,9,3,14,24,32,71,31,9,31,19,DET,106,47,9,38,25,4,6,21,25,37,77,36,11,26,21,0
0022400156,2024-11-04,DET,115,55,17,38,22,6,5,12,25,45,96,34,8,22,17,LAL,103,37,7,30,28,8,1,13,16,37,85,25,9,27,20,1
0022400154,2024-11-04,CLE,116,39,5,34,28,10,4,10,15,46,91,37,17,13,7,MIL,114,49,7,42,21,6,6,15,15,42,86,35,17,15,13,1
0022400161,2024-11-04,HOU,109,50,11,39,21,4,6,11,20,43,88,33,8,18,15,NYK,97,39,13,26,20,6,4,10,18,34,88,28,11,21,18,1
0022400163,2024-11-04,OKC,102,42,5,37,23,12,4,17,21,39,85,31,12,16,12,ORL,86,41,7,34,20,12,5,19,16,29,82,34,5,27,23,1
0022400165,2024-11-04,DAL,127,38,5,33,29,4,3,9,18,46,89,36,15,25,20,IND,134,46,7,39,30,5,3,10,16,54,95,32,13,20,13,0
0022400167,2024-11-04,PHX,118,43,9,34,24,6,4,14,16,42,82,32,11,26,23,PHI,116,38,9,29,27,10,4,15,22,40,87,51,20,18,16,1
0022400164,2024-11-04,NOP,100,34,10,24,24,5,3,16,20,38,84,35,10,16,14,POR,118,38,11,27,21,10,5,12,15,46,84,29,10,24,16,0
0022400159,2024-11-04,MIA,110,36,8,28,24,9,6,11,15,37,85,36,15,30,21,SAC,111,39,11,28,23,5,4,14,28,44,86,27,10,15,13,0
0022400168,2024-11-04,LAC,113,44,16,28,25,6,7,11,21,41,90,37,19,17,12,SAS,104,45,12,33,22,9,10,14,16,38,86,41,11,19,17,1
0022400157,2024-11-04,ATL,93,43,8,35,23,9,3,20,13,37,89,31,6,16,13,BOS,123,50,11,39,27,15,7,13,14,48,99,55,18,13,9,0
0022400155,2024-11-04,WAS,112,47,8,39,29,4,8,10,23,42,96,43,10,21,18,GSW,125,56,16,40,29,5,7,7,20,44,97,37,12,34,25,0
0022400166,2024-11-04,DEN,121,44,14,30,29,9,10,17,21,41,83,31,10,38,29,TOR,119,41,14,27,38,12,3,14,27,47,103,39,13,18,12,1
0022400160,2024-11-04,CHI,126,36,10,26,36,7,7,9,23,45,95,37,14,25,22,UTA,135,49,12,37,35,3,6,13,18,48,89,36,16,30,23,0
0022400158,2024-11-04,BKN,106,37,12,25,28,7,1,14,22,40,84,36,13,18,13,MEM,104,44,13,31,29,5,8,15,16,43,91,30,8,13,10,1
0022400162,2024-11-04,MIN,114,45,9,36,23,7,8,15,19,39,79,38,18,26,18,CHA,93,38,9,29,19,10,1,14,22,35,88,42,10,16,13,1
0022400174,2024-11-06,MEM,131,50,12,38,28,5,6,18,17,48,93,34,17,23,18,LAL,114,37,9,28,23,10,1,11,18,41,93,48,15,21,17,1
0022400178,2024-11-06,PHX,115,46,10,36,29,5,6,16,14,42,84,43,18,18,13,MIA,112,43,13,30,27,12,3,10,16,40,92,34,13,20,19,1
0022400171,2024-11-06,ATL,121,48,16,32,31,12,4,8,14,45,100,38,15,22,16,NYK,116,41,7,34,29,5,5,16,18,41,84,47,22,15,12,1
0022400170,2024-11-06,IND,118,36,4,32,21,7,3,11,24,41,76,26,12,26,24,ORL,111,38,10,28,26,6,5,16,22,42,82,25,7,26,20,1
0022400179,2024-11-06,LAC,110,29,8,21,27,12,1,19,16,41,72,28,12,19,16,PHI,98,32,10,22,19,10,2,20,22,40,73,25,7,19,11,1
0022400173,2024-11-06,HOU,127,45,11,34,28,10,5,12,13,54,96,27,10,15,9,SAS,100,41,8,33,20,6,6,20,13,37,83,36,14,16,12,1
0022400175,2024-11-06,NOP,122,33,8,25,21,8,8,10,14,42,88,27,13,28,25,CLE,131,46,12,34,33,6,10,13,21,52,96,35,17,13,10,0
0022400176,2024-11-06,DAL,119,47,9,38,33,11,4,15,19,45,93,38,12,21,17,CHI,99,51,14,37,25,8,2,23,17,36,86,42,12,23,15,1
0022400172,2024-11-06,BOS,112,47,13,34,22,5,3,12,18,38,90,54,19,21,17,GSW,118,53,15,38,22,6,5,11,19,42,91,34,14,24,20,0
0022400177,2024-11-06,DEN,124,55,13,42,34,8,6,18,22,42,89,38,16,33,24,OKC,122,47,13,34,29,15,6,14,28,44,100,40,16,23,18,1
0022400180,2024-11-06,SAC,122,47,15,32,26,7,5,10,13,42,90,35,10,32,28,TOR,107,34,8,26,25,7,1,12,23,43,88,34,10,15,11,1
0022400169,2024-11-06,CHA,108,47,8,39,22,5,4,12,16,39,90,44,14,16,16,DET,107,46,6,40,34,5,4,11,20,46,94,32,10,9,5,1
0022400181,2024-11-07,CHI,119,32,10,22,30,9,4,13,20,47,88,36,15,15,10,MIN,135,40,10,30,29,7,4,14,17,51,93,38,16,17,17,0
0022400183,2024-11-07,SAS,118,45,12,33,35,9,4,16,15,44,82,39,16,18,14,POR,105,41,14,27,23,7,3,14,14,41,86,32,9,22,14,1
0022400182,2024-11-07,MIL,123,41,11,30,20,13,3,11,21,43,84,35,15,30,22,UTA,100,39,8,31,24,5,5,22,19,33,77,41,17,18,17,1
0022400194,2024-11-08,DEN,135,39,6,33,37,5,5,18,13,50,81,35,18,19,17,MIA,122,33,9,24,33,11,1,14,19,46,94,43,20,13,10,1
0022400189,2024-11-08,NYK,116,48,14,34,35,7,3,11,20,43,91,46,14,19,16,MIL,94,41,11,30,20,1,5,12,16,36,83,30,7,23,15,1
0022400187,2024-11-08,BOS,108,39,4,35,23,7,9,13,15,39,90,53,14,19,16,BKN,104,51,12,39,24,6,3,13,22,41,100,38,10,15,12,1
0022400184,2024-11-08,CHA,103,56,13,43,23,6,7,15,16,38,90,50,17,12,10,IND,83,37,7,30,24,10,4,14,16,33,83,29,9,14,8,1
0022400195,2024-11-08,LAL,116,45,5,40,28,1,13,13,17,44,85,35,16,14,12,PHI,106,44,13,31,28,6,4,8,14,39,96,39,13,23,15,1
0022400190,2024-11-08,DAL,113,39,8,31,18,5,1,11,22,41,80,33,11,22,20,PHX,114,37,11,26,26,6,2,9,18,43,86,39,15,18,13,0
0022400193,2024-11-08,MIN,127,49,10,39,32,9,7,20,21,47,97,50,22,14,11,POR,102,37,12,25,13,11,7,17,17,39,91,25,6,24,18,1
0022400185,2024-11-08,DET,122,45,11,34,27,7,8,21,18,44,86,33,13,31,21,ATL,121,44,15,29,30,12,7,18,21,44,97,36,15,23,18,1
0022400186,2024-11-08,ORL,115,43,11,32,28,9,8,15,14,45,86,32,8,21,17,NOP,88,31,6,25,18,10,1,16,19,32,84,31,10,17,14,1
0022400188,2024-11-08,CLE,136,43,9,34,33,7,7,20,12,46,85,42,20,28,24,GSW,117,40,11,29,32,14,4,17,24,47,98,42,13,14,10,1
0022400192,2024-11-08,OKC,126,41,7,34,24,9,8,11,23,46,90,37,14,23,20,HOU,107,48,14,34,19,7,3,17,18,39,90,30,11,26,18,1
0022400196,2024-11-08,SAC,98,35,5,30,19,6,3,14,19,37,78,26,3,24,21,LAC,107,48,12,36,20,7,2,21,21,36,81,30,14,23,21,0
0022400191,2024-11-08,MEM,128,50,13,37,30,10,10,19,19,46,97,43,14,25,22,WAS,104,41,11,30,27,14,8,18,27,38,93,35,9,23,19,1
0022400199,2024-11-09,CLE,105,33,4,29,24,12,5,16,18,40,74,28,10,19,15,BKN,100,36,10,26,21,4,2,20,14,34,76,43,15,18,17,1
0022400198,2024-11-09,ATL,113,39,10,29,31,8,5,14,19,41,89,29,9,30,22,CHI,125,47,13,34,30,12,6,18,18,46,92,39,13,23,20,0
0022400200,2024-11-09,LAC,105,47,7,40,18,6,8,14,20,35,76,26,10,32,25,TOR,103,44,12,32,26,8,5,10,23,40,95,37,11,21,12,1
0022400197,2024-11-09,SAS,110,37,6,31,29,8,10,20,26,38,85,47,17,19,17,UTA,111,45,9,36,23,13,4,18,20,38,82,33,10,35,25,0
0022400206,2024-11-10,MIN,94,47,16,31,22,13,5,20,20,35,88,45,13,13,11,MIA,95,43,6,37,18,14,9,23,20,34,77,31,11,22,16,0
0022400203,2024-11-10,IND,132,32,5,27,27,6,4,10,22,45,88,46,21,25,21,NYK,121,39,8,31,23,5,3,14,20,46,83,25,7,27,22,1
0022400209,2024-11-10,PHX,118,48,8,40,30,11,3,12,19,44,105,57,18,15,12,SAC,127,57,8,49,23,7,3,15,20,50,102,37,11,19,16,0
0022400202,2024-11-10,MIL,107,41,5,36,21,9,8,13,18,39,81,32,13,21,16,BOS,113,42,8,34,27,5,2,12,16,35,86,50,19,27,24,0
0022400208,2024-11-10,DEN,122,45,13,32,35,6,5,10,16,45,89,29,14,26,18,DAL,120,42,10,32,29,7,5,10,17,48,90,33,10,19,14,1
0022400207,2024-11-10,OKC,116,41,14,27,25,4,6,11,18,42,94,33,11,26,21,GSW,127,46,13,33,35,8,3,15,26,45,89,43,21,23,16,0
0022400201,2024-11-10,DET,99,46,11,35,21,6,6,18,21,36,84,34,11,23,16,HOU,101,53,17,36,19,10,5,12,21,38,93,34,7,24,18,0
0022400211,2024-11-10,LAL,123,33,10,23,30,9,4,5,15,44,86,37,12,28,23,TOR,103,40,12,28,26,2,2,18,23,37,82,29,10,22,19,1
0022400210,2024-11-10,POR,89,43,16,27,18,9,3,24,21,34,100,42,4,21,17,MEM,134,51,10,41,32,15,13,23,17,47,85,43,16,28,24,0
0022400204,2024-11-10,ORL,121,44,15,29,25,6,5,12,21,41,91,48,17,25,22,WAS,94,37,7,30,20,4,7,17,25,33,72,33,10,25,18,1
0022400205,2024-11-10,PHI,107,40,8,32,24,8,1,17,23,39,84,33,9,26,20,CHA,105,50,12,38,22,10,5,21,22,36,95,54,14,22,19,1
0022400214,2024-11-11,NOP,105,45,14,31,31,13,4,11,15,42,94,30,10,12,11,BKN,107,46,14,32,24,4,5,17,14,36,84,42,19,19,16,0
0022400216,2024-11-11,SAS,116,44,8,36,31,5,5,18,10,43,85,46,22,8,8,SAC,96,37,9,28,18,11,4,11,14,39,91,38,10,9,8,1
0022400212,2024-11-11,CHI,113,51,8,43,26,7,5,21,17,43,87,38,14,16,13,CLE,119,43,12,31,26,14,3,9,13,43,97,45,15,24,18,0
0022400215,2024-11-11,OKC,134,29,9,20,31,16,5,11,23,47,91,46,18,23,22,LAC,128,47,15,32,31,5,5,24,22,44,80,37,20,29,20,1
0022400213,2024-11-11,HOU,107,58,17,41,13,12,10,21,17,40,87,23,5,25,22,WAS,92,34,8,26,21,14,5,19,17,36,88,31,11,13,9,1
0022400002,2024-11-12,DET,123,56,15,41,32,4,4,19,19,43,92,36,13,28,24,MIA,121,43,12,31,25,14,3,12,22,47,101,45,17,13,10,1
0022400008,2024-11-12,POR,122,39,11,28,30,14,7,20,23,43,84,32,18,20,18,MIN,108,32,4,28,22,13,4,23,22,37,73,35,13,23,21,1
0022400004,2024-11-12,PHI,99,40,9,31,19,10,6,15,20,31,83,42,14,24,23,NYK,111,47,8,39,31,8,5,15,15,44,89,31,9,15,14,0
0022400006,2024-11-12,UTA,112,39,12,27,32,7,3,13,17,45,92,38,15,9,7,PHX,120,42,10,32,21,6,11,10,11,43,86,39,18,22,16,0
0022400001,2024-11-12,BOS,116,34,6,28,28,7,5,20,12,38,75,45,18,27,22,ATL,117,44,19,25,35,16,2,16,17,50,99,32,10,13,7,0
0022400007,2024-11-12,GSW,120,50,18,32,29,13,7,13,18,45,94,41,14,27,16,DAL,117,40,8,32,26,6,1,18,23,44,84,34,11,24,18,1
0022400005,2024-11-12,MIL,99,47,12,35,25,16,9,17,18,38,94,56,16,12,7,TOR,85,54,17,37,20,11,6,22,11,30,86,25,9,20,16,1
0022400003,2024-11-12,ORL,114,43,8,35,25,12,7,11,21,43,93,44,13,19,15,CHA,89,48,8,40,22,7,3,22,18,34,84,38,13,14,8,1
0022400226,2024-11-13,POR,106,47,11,36,17,10,10,20,18,38,83,25,9,23,21,MIN,98,41,13,28,16,12,3,14,19,37,94,39,7,22,17,1
0022400217,2024-11-13,ORL,94,50,13,37,26,8,10,17,19,34,84,38,13,15,13,IND,90,41,7,34,22,10,6,17,19,32,84,30,10,18,16,1
0022400227,2024-11-13,SAC,127,45,6,39,38,7,8,17,20,50,78,28,15,17,12,PHX,104,40,19,21,23,12,2,10,12,36,97,43,13,26,19,1
0022400218,2024-11-13,BKN,114,34,3,31,26,4,3,13,20,40,79,43,19,18,15,BOS,139,45,12,33,35,7,6,8,17,50,93,46,22,24,17,0
0022400220,2024-11-13,PHI,106,45,12,33,24,8,2,12,13,41,92,43,14,11,10,CLE,114,46,9,37,25,8,1,11,14,42,85,40,16,17,14,0
0022400221,2024-11-13,OKC,106,31,5,26,20,16,7,7,17,39,88,39,15,16,13,NOP,88,58,21,37,21,3,4,24,15,34,86,37,9,17,11,1
0022400219,2024-11-13,NYK,123,40,10,30,31,7,3,15,17,48,94,37,15,18,12,CHI,124,40,7,33,31,10,6,18,17,44,82,36,14,27,22,0
0022400222,2024-11-13,HOU,111,59,18,41,28,8,11,14,17,42,97,40,15,17,12,LAC,103,42,10,32,27,10,3,12,16,38,96,38,14,16,13,1
0022400225,2024-11-13,LAL,128,42,7,35,31,7,5,18,22,43,85,41,20,32,22,MEM,123,41,12,29,28,11,6,14,25,42,89,33,12,33,27,1
0022400224,2024-11-13,SAS,139,39,8,31,38,7,7,9,15,48,92,44,18,32,25,WAS,130,41,11,30,27,5,5,18,23,49,95,44,18,16,14,1
0022400223,2024-11-13,MIL,127,47,9,38,26,10,9,12,12,45,95,35,15,25,22,DET,120,45,11,34,29,6,7,15,21,46,100,38,18,13,10,1
0022400228,2024-11-14,UTA,115,40,16,24,25,11,2,20,20,43,85,34,13,21,16,DAL,113,30,11,19,25,11,10,17,18,43,85,39,12,20,15,1
0022400015,2024-11-15,SAS,115,40,11,29,32,6,5,13,19,43,88,45,17,16,12,LAL,120,41,10,31,27,10,3,12,11,44,88,31,14,23,18,0
0022400009,2024-11-15,IND,111,39,8,31,28,8,4,20,15,44,86,35,14,11,9,MIA,124,36,4,32,27,16,1,10,12,45,87,42,15,23,19,0
0022400020,2024-11-15,SAC,126,51,11,40,21,6,7,13,17,48,96,37,12,20,18,MIN,130,41,10,31,26,9,4,11,19,48,101,49,20,16,14,0
0022400014,2024-11-15,NYK,124,45,8,37,25,7,6,13,21,44,83,38,13,28,23,BKN,122,37,10,27,27,8,2,9,22,39,89,46,19,28,25,1
0022400010,2024-11-15,ORL,98,43,11,32,15,11,6,18,21,34,78,37,11,22,19,PHI,86,34,6,28,19,10,3,18,23,29,72,31,10,21,18,1
0022400018,2024-11-15,OKC,99,53,13,40,21,6,11,11,26,36,91,40,10,18,17,PHX,83,50,11,39,17,6,4,17,20,22,75,37,9,40,30,1
0022400013,2024-11-15,CLE,144,40,4,36,33,11,6,13,16,51,93,43,21,24,21,CHI,126,36,3,33,32,7,4,17,20,45,88,42,20,20,16,1
0022400017,2024-11-15,NOP,101,56,17,39,21,4,5,15,13,37,87,35,11,18,16,DEN,94,38,5,33,26,10,1,8,16,37,87,37,10,11,10,1
0022400016,2024-11-15,HOU,125,48,9,39,31,11,3,12,25,46,95,44,19,18,14,LAC,104,51,13,38,12,6,6,15,15,34,90,40,10,33,26,1
0022400019,2024-11-15,GSW,123,56,14,42,33,9,5,19,28,43,98,46,19,25,18,MEM,118,54,18,36,22,8,11,15,21,42,103,42,7,33,27,1
0022400012,2024-11-15,ATL,129,55,15,40,28,10,10,16,17,46,98,37,12,30,25,WAS,117,52,13,39,28,11,5,16,23,43,106,43,15,21,16,1
0022400011,2024-11-15,TOR,95,53,17,36,21,7,6,15,13,35,97,31,8,22,17,DET,99,56,14,42,24,8,8,14,16,39,95,38,8,20,13,0
0022400231,2024-11-16,NOP,99,50,18,32,24,7,4,17,19,35,83,29,11,23,18,LAL,104,43,17,26,24,10,3,11,14,39,89,40,12,18,14,0
0022400229,2024-11-16,CHA,115,53,16,37,25,7,4,10,16,41,93,42,15,21,18,MIL,114,40,8,32,31,6,6,9,18,47,92,36,15,11,5,1
0022400232,2024-11-16,DAL,110,53,13,40,26,9,7,15,18,44,94,31,8,18,14,SAS,93,45,13,32,21,10,9,12,17,28,88,40,11,30,26,1
0022400230,2024-11-16,BOS,126,42,14,28,30,2,6,9,20,44,99,61,21,19,17,TOR,123,46,15,31,35,3,2,9,19,50,98,23,9,21,14,1
0022400233,2024-11-16,SAC,121,35,9,26,24,6,3,14,29,42,83,41,19,25,18,UTA,117,33,11,22,16,11,3,16,20,37,75,26,12,42,31,1
0022400235,2024-11-17,IND,119,45,10,35,30,6,6,11,16,44,85,29,13,20,18,MIA,110,38,15,23,21,4,1,11,13,36,90,43,19,20,19,1
0022400240,2024-11-17,NYK,114,47,10,37,33,4,5,8,23,43,88,40,13,19,15,BKN,104,35,7,28,31,1,3,9,19,32,76,41,17,30,23,1
0022400234,2024-11-17,MIN,120,32,9,23,27,8,6,14,13,42,80,39,17,26,19,PHX,117,41,12,29,29,9,2,21,26,46,85,31,14,15,11,1
0022400239,2024-11-17,POR,114,40,18,22,31,16,10,20,21,44,95,38,14,19,12,ATL,110,47,16,31,30,10,7,27,19,39,85,32,11,25,21,1
0022400242,2024-11-17,OKC,119,29,7,22,29,11,5,8,25,43,87,42,14,25,19,DAL,121,53,18,35,18,4,5,16,20,40,84,27,11,36,30,0
0022400238,2024-11-17,MEM,105,45,10,35,31,10,10,13,15,41,91,39,13,12,10,DEN,90,39,6,33,23,9,5,15,12,35,84,31,10,14,10,1
0022400241,2024-11-17,CHI,107,47,13,34,26,8,7,15,21,36,107,56,14,22,21,HOU,143,66,14,52,34,8,9,11,18,55,105,34,10,32,23,0
0022400243,2024-11-17,LAC,116,41,14,27,30,11,5,9,11,46,94,40,11,17,13,UTA,105,41,9,32,24,7,1,19,14,39,79,40,12,18,15,1
0022400237,2024-11-17,WAS,104,39,5,34,21,6,3,17,16,39,83,27,12,20,14,DET,124,51,13,38,27,11,4,9,19,46,97,38,17,19,15,0
0022400236,2024-11-17,CLE,128,48,9,39,26,3,4,20,15,44,77,30,13,28,27,CHA,114,40,17,23,34,12,6,10,23,42,103,52,20,12,10,1
0022400249,2024-11-18,PHX,99,45,16,29,25,5,2,13,21,35,83,41,12,25,17,ORL,109,38,8,30,28,5,7,11,19,39,76,29,11,25,20,0
0022400247,2024-11-18,TOR,130,46,10,36,27,5,9,23,26,48,82,29,14,28,20,IND,119,32,12,20,29,17,5,11,19,44,99,40,15,20,16,1
0022400245,2024-11-18,MIA,106,53,9,44,26,10,2,15,13,36,87,44,13,23,21,PHI,89,42,2,40,25,10,3,15,17,35,84,41,10,12,9,1
0022400250,2024-11-18,SAC,108,45,9,36,24,9,4,17,20,37,85,46,20,19,14,ATL,109,37,6,31,34,7,7,14,19,39,83,38,16,18,15,0
0022400244,2024-11-18,DET,112,48,16,32,27,3,3,9,19,42,98,44,15,19,13,CHI,122,46,10,36,28,3,5,11,16,44,91,46,23,14,11,0
0022400251,2024-11-18,LAC,102,44,5,39,29,10,6,20,13,35,82,34,16,18,16,GSW,99,45,9,36,27,12,4,19,14,37,84,44,16,19,9,1
0022400248,2024-11-18,MIL,101,43,4,39,21,8,8,16,18,38,83,33,13,19,12,HOU,100,53,16,37,19,9,6,13,15,40,100,32,9,13,11,1
0022400246,2024-11-18,NYK,134,41,7,34,37,4,1,8,12,51,91,40,20,13,12,WAS,106,41,12,29,23,5,3,10,19,43,91,33,11,16,9,1
0022400021,2024-11-19,BOS,120,42,9,33,32,4,4,13,19,44,86,41,22,14,10,CLE,117,41,12,29,30,4,3,7,15,46,93,29,10,17,15,1
0022400024,2024-11-19,DAL,132,48,14,34,26,12,7,12,15,49,94,31,14,25,20,NOP,91,37,7,30,19,9,4,21,22,31,78,32,11,21,18,1
0022400023,2024-11-19,MEM,110,55,19,36,24,9,10,22,24,41,103,38,9,31,19,DEN,122,53,13,40,29,15,6,19,29,48,100,36,12,22,14,0
0022400025,2024-11-19,SAS,110,46,8,38,32,5,5,21,13,39,83,46,19,19,13,OKC,104,47,13,34,24,16,4,14,18,41,100,53,16,7,6,1
0022400026,2024-11-19,LAL,124,34,6,28,30,9,5,14,16,42,76,31,14,36,26,UTA,118,42,11,31,28,9,0,16,24,45,90,36,12,19,16,1
0022400022,2024-11-19,BKN,116,36,10,26,31,8,8,15,19,42,85,41,18,19,14,CHA,115,44,13,31,25,6,8,23,20,38,82,37,20,22,19,1
0022400257,2024-11-20,PHX,122,34,11,23,30,9,2,14,16,45,92,50,19,17,13,NYK,138,41,10,31,30,10,0,15,15,50,86,39,19,21,19,0
0022400259,2024-11-20,LAC,104,49,15,34,22,10,1,25,22,38,77,22,11,21,17,ORL,93,24,2,22,21,11,7,14,17,33,75,35,8,24,19,1
0022400254,2024-11-20,HOU,130,47,13,34,25,16,2,14,21,47,102,36,12,33,24,IND,113,36,3,33,19,7,9,23,24,44,83,22,5,25,20,1
0022400255,2024-11-20,MEM,117,41,9,32,29,5,6,20,17,41,85,43,19,16,16,PHI,111,41,14,27,21,12,6,14,19,39,87,33,11,24,22,1
0022400256,2024-11-20,OKC,109,46,15,31,24,14,8,14,20,40,91,31,9,23,20,POR,99,49,16,33,18,6,7,24,20,32,79,38,15,28,20,1
0022400258,2024-11-20,GSW,120,54,9,45,36,10,7,15,17,47,101,40,14,18,12,ATL,97,65,21,44,27,9,5,17,17,35,105,45,12,24,15,1
0022400252,2024-11-20,CLE,128,52,16,36,29,10,9,14,16,49,93,42,18,14,12,NOP,100,40,16,24,23,9,3,11,11,39,92,31,8,22,14,1
0022400253,2024-11-20,MIL,122,45,10,35,30,7,2,12,13,44,80,36,13,31,21,CHI,106,33,5,28,25,7,2,14,23,41,88,45,17,7,7,1
0022400261,2024-11-21,TOR,110,43,10,33,22,11,1,17,24,37,72,23,7,39,29,MIN,105,40,10,30,16,12,5,17,24,33,80,35,12,33,27,1
0022400263,2024-11-21,LAL,118,36,9,27,21,4,6,10,15,44,87,31,13,26,17,ORL,119,48,15,33,31,8,5,17,25,43,91,40,15,21,18,0
0022400262,2024-11-21,SAS,126,51,11,40,32,8,9,11,20,41,88,32,9,46,35,UTA,118,49,12,37,22,4,7,14,29,41,98,45,13,26,23,1
0022400260,2024-11-21,CHA,123,43,11,32,23,12,5,16,22,44,93,44,20,21,15,DET,121,56,21,35,30,8,3,19,23,42,99,48,17,25,20,1
0022400027,2024-11-22,PHI,113,40,15,25,25,13,9,12,16,41,92,43,16,20,15,BKN,98,34,7,27,28,1,4,19,17,39,79,37,13,7,7,1
0022400029,2024-11-22,MIL,129,44,10,34,33,10,4,18,19,48,90,36,17,20,16,IND,117,46,14,32,30,11,6,16,17,43,91,34,11,27,20,1
0022400031,2024-11-22,HOU,116,51,13,38,27,14,5,17,20,42,93,39,15,25,17,POR,88,45,13,32,17,9,8,21,20,30,91,43,11,22,17,1
0022400034,2024-11-22,LAC,104,54,11,43,27,13,3,12,24,39,94,42,10,16,16,SAC,88,48,8,40,19,5,8,15,13,32,83,35,7,24,17,1
0022400030,2024-11-22,CHI,136,41,5,36,36,8,10,19,17,49,86,43,19,21,19,ATL,122,42,14,28,32,11,4,11,16,49,107,34,10,19,14,1
0022400028,2024-11-22,WAS,96,48,10,38,19,6,4,20,29,39,90,28,7,16,11,BOS,108,43,10,33,22,11,7,12,19,36,85,46,11,32,25,0
0022400033,2024-11-22,DEN,120,42,15,27,33,4,7,15,19,43,90,29,15,29,19,DAL,123,44,12,32,24,11,5,13,22,46,91,27,10,27,21,0
0022400032,2024-11-22,NOP,108,43,13,30,28,10,9,10,25,41,92,39,12,22,14,GSW,112,52,14,38,27,5,5,17,19,39,87,37,12,29,22,0
0022400264,2024-11-23,UTA,121,52,9,43,30,4,4,18,19,44,87,34,19,19,14,NYK,106,40,11,29,25,10,10,9,19,39,100,51,17,12,11,1
0022400267,2024-11-23,HOU,98,43,14,29,17,8,5,10,19,32,90,32,8,33,26,POR,104,53,16,37,16,5,12,18,26,34,90,44,18,23,18,0
0022400270,2024-11-23,LAL,102,32,6,26,27,11,3,15,16,39,88,36,13,14,11,DEN,127,48,8,40,37,7,2,18,18,50,82,32,16,19,11,0
0022400269,2024-11-23,SAS,104,48,9,39,29,5,9,9,16,38,85,47,13,19,15,GSW,94,49,17,32,29,4,3,10,21,36,95,44,14,13,8,1
0022400266,2024-11-23,CHI,131,35,10,25,29,4,8,11,14,49,97,42,19,19,14,MEM,142,49,13,36,38,5,4,14,18,55,96,42,19,20,13,0
0022400265,2024-11-23,ORL,111,44,17,27,25,13,9,15,20,40,87,39,12,22,19,DET,100,34,10,24,16,7,8,17,21,35,75,33,13,22,17,1
0022400268,2024-11-23,MIL,125,51,10,41,20,3,9,14,22,43,89,37,18,26,21,CHA,119,48,14,34,22,6,5,10,21,41,100,47,19,21,18,1
0022400271,2024-11-24,BOS,107,40,8,32,25,5,7,7,23,37,87,56,21,15,12,MIN,105,49,11,38,19,2,1,8,18,37,88,41,15,21,16,1
0022400276,2024-11-24,SAC,103,44,11,33,21,6,6,16,22,37,77,25,9,31,20,BKN,108,31,6,25,24,7,5,14,23,36,75,39,19,25,17,0
0022400273,2024-11-24,MIA,123,57,12,45,27,6,6,9,22,46,107,41,14,27,17,DAL,118,59,15,44,29,6,9,14,24,44,105,40,10,25,20,1
0022400274,2024-11-24,PHI,99,33,13,20,22,8,5,14,17,34,86,39,9,26,22,LAC,125,44,10,34,31,9,5,17,22,47,81,30,12,25,19,0
0022400275,2024-11-24,CLE,122,49,14,35,27,11,4,14,21,48,97,41,16,14,10,TOR,108,55,19,36,22,9,5,16,18,37,92,39,12,34,22,1
0022400272,2024-11-24,IND,115,45,12,33,31,8,3,12,18,41,86,27,12,27,21,WAS,103,41,8,33,24,8,5,17,19,36,79,35,11,25,20,1
0022400284,2024-11-25,GSW,120,43,11,32,32,8,5,13,21,45,93,46,19,17,11,BKN,128,42,7,35,23,6,3,12,18,41,83,45,20,30,26,0
0022400283,2024-11-25,DEN,118,33,10,23,23,5,3,11,18,41,92,33,11,27,25,NYK,145,43,8,35,45,5,4,11,23,56,92,36,19,16,14,0
0022400277,2024-11-25,CHA,84,52,13,39,14,6,5,27,20,31,75,32,7,19,15,ORL,95,39,13,26,21,12,6,8,21,37,94,46,12,17,9,0
0022400282,2024-11-25,MEM,123,60,16,44,35,7,13,19,20,43,87,28,12,34,25,POR,98,44,19,25,22,10,7,11,21,34,102,46,8,28,22,1
0022400279,2024-11-25,IND,114,41,7,34,30,10,2,15,16,43,91,47,17,16,11,NOP,110,44,8,36,35,9,3,15,16,45,87,33,9,19,11,1
0022400280,2024-11-25,ATL,119,39,9,30,32,10,6,14,15,48,101,31,9,16,14,DAL,129,51,10,41,24,6,8,18,13,47,94,35,16,22,19,0
0022400281,2024-11-25,BOS,126,47,8,39,33,10,11,11,12,45,88,51,22,20,14,LAC,94,44,10,34,18,8,3,14,12,39,90,26,7,13,9,1
0022400285,2024-11-25,SAC,109,31,9,22,24,10,4,12,22,42,87,32,8,23,17,OKC,130,44,11,33,28,6,3,15,18,48,86,31,14,25,20,0
0022400278,2024-11-25,DET,102,38,6,32,27,4,7,14,19,34,76,37,12,31,22,TOR,100,50,23,27,26,7,5,10,27,41,104,35,10,10,8,1
0022400039,2024-11-26,PHX,127,46,8,38,31,9,3,9,18,51,99,42,17,10,8,LAL,100,42,7,35,25,7,6,12,11,37,85,34,8,25,18,1
0022400036,2024-11-26,MIA,103,38,9,29,26,6,2,8,14,35,77,29,10,30,23,MIL,106,41,9,32,23,5,7,13,19,36,77,42,20,17,14,0
0022400038,2024-11-26,UTA,115,41,10,31,24,6,4,21,20,43,84,35,13,20,16,SAS,128,39,13,26,30,12,5,10,17,45,93,48,18,26,20,0
0022400035,2024-11-26,WAS,108,43,5,38,27,7,3,14,18,39,91,37,10,31,20,CHI,127,50,8,42,29,6,4,11,22,47,94,40,14,22,19,0
0022400037,2024-11-26,MIN,111,52,14,38,21,6,4,17,18,42,98,38,9,20,18,HOU,117,44,7,37,31,12,9,12,20,45,99,37,15,13,12,0
0022400296,2024-11-27,SAS,101,38,11,27,26,7,4,15,13,36,85,40,14,16,15,LAL,119,46,11,35,31,8,3,13,15,48,90,34,13,10,10,0
0022400286,2024-11-27,CHA,94,43,16,27,22,10,5,13,19,37,98,51,17,8,3,MIA,98,44,4,40,21,6,5,22,9,33,73,37,14,22,18,0
0022400297,2024-11-27,PHX,117,37,3,34,25,7,5,17,26,41,77,31,12,28,23,BKN,127,36,7,29,32,8,1,13,24,44,87,42,18,22,21,0
0022400292,2024-11-27,DAL,129,43,10,33,27,6,4,13,25,48,85,33,17,21,16,NYK,114,33,7,26,20,9,3,9,19,40,86,29,7,30,27,1
0022400288,2024-11-27,IND,121,47,19,28,27,10,10,12,21,46,94,32,13,20,16,POR,114,38,13,25,31,6,5,14,18,44,87,35,16,17,10,1
0022400294,2024-11-27,MIN,104,33,4,29,25,11,9,15,19,33,74,39,14,27,24,SAC,115,47,12,35,28,8,3,17,21,46,94,37,12,15,11,0
0022400287,2024-11-27,CLE,124,44,12,32,31,11,5,13,21,44,95,48,15,28,21,ATL,135,51,14,37,39,6,6,15,21,46,97,42,20,25,23,0
0022400289,2024-11-27,ORL,133,39,7,32,30,10,8,13,14,46,90,39,15,28,26,CHI,119,37,7,30,30,9,6,18,26,46,87,42,16,16,11,1
0022400298,2024-11-27,UTA,103,47,21,26,25,7,5,19,17,38,90,43,16,18,11,DEN,122,39,10,29,30,10,8,11,14,46,84,33,11,23,19,0
0022400290,2024-11-27,PHI,115,42,10,32,19,12,7,16,26,43,96,33,12,23,17,HOU,122,51,14,37,23,10,14,21,19,40,88,31,10,38,32,0
0022400291,2024-11-27,WAS,96,40,11,29,21,9,4,20,18,35,85,33,8,22,18,LAC,121,47,13,34,27,18,4,16,19,45,89,33,12,25,19,0
0022400299,2024-11-27,GSW,101,57,18,39,25,7,6,16,21,35,98,50,16,21,15,OKC,105,48,8,40,26,10,9,14,21,39,85,37,11,26,16,0
0022400295,2024-11-27,NOP,93,47,10,37,24,12,4,17,16,36,93,35,11,16,10,TOR,119,52,12,40,38,11,4,16,16,47,95,52,21,12,4,0
0022400293,2024-11-27,MEM,131,42,10,32,31,13,4,17,21,51,93,46,17,16,12,DET,111,42,9,33,24,6,4,20,17,40,85,38,13,25,18,1
0022400040,2024-11-29,CHA,98,39,14,25,25,8,6,15,19,36,89,47,15,15,11,NYK,99,44,12,32,20,7,5,21,19,36,81,32,12,19,15,0
0022400043,2024-11-29,BKN,100,35,5,30,22,5,5,20,21,38,77,29,14,14,10,ORL,123,40,11,29,29,13,13,17,21,44,83,35,18,22,17,0
0022400049,2024-11-29,POR,115,40,8,32,27,10,3,12,17,46,90,37,11,15,12,SAC,106,41,11,30,29,7,4,20,19,35,78,42,15,28,21,1
0022400047,2024-11-29,CHI,129,43,5,38,28,7,2,8,17,48,93,51,20,16,13,BOS,138,51,11,40,24,6,2,9,13,49,98,54,23,23,17,0
0022400041,2024-11-29,ATL,117,53,10,43,33,9,5,21,20,44,85,34,14,18,15,CLE,101,40,11,29,21,9,0,13,22,38,93,38,11,17,14,1
0022400042,2024-11-29,MEM,120,51,14,37,36,9,5,16,22,47,96,41,12,17,14,NOP,109,46,14,32,16,9,7,15,17,38,91,29,9,30,24,1
0022400044,2024-11-29,MIN,93,49,11,38,25,8,5,22,14,31,75,39,15,20,16,LAC,92,39,8,31,20,17,3,15,16,36,84,31,10,13,10,1
0022400048,2024-11-29,LAL,93,47,8,39,25,4,6,17,18,33,73,38,11,21,16,OKC,101,47,15,32,20,12,3,10,17,38,93,40,13,16,12,0
0022400046,2024-11-29,MIA,121,33,9,24,32,10,0,10,19,43,94,54,21,17,14,TOR,111,46,10,36,34,4,3,19,17,43,80,29,11,17,14,1
0022400045,2024-11-29,IND,106,32,7,25,23,9,4,16,18,41,85,33,12,13,12,DET,130,44,7,37,35,9,5,18,16,48,83,38,18,20,16,0
0022400301,2024-11-30,DET,96,42,10,32,22,6,5,17,19,35,91,40,11,18,15,PHI,111,50,12,38,19,9,8,17,21,42,85,31,11,22,16,0
0022400300,2024-11-30,CHA,104,45,18,27,23,13,6,15,23,35,94,48,18,19,16,ATL,107,49,14,35,27,8,7,22,15,38,78,33,10,27,21,0
0022400304,2024-11-30,UTA,94,53,19,34,20,10,7,15,14,34,95,39,9,21,17,DAL,106,48,12,36,30,12,6,15,21,41,90,39,15,15,9,0
0022400303,2024-11-30,PHX,113,45,6,39,31,4,9,14,13,38,79,35,18,22,19,GSW,105,43,9,34,28,8,5,9,17,38,92,40,14,18,15,1
0022400302,2024-11-30,MIL,124,38,7,31,31,5,6,12,18,44,86,35,16,25,20,WAS,114,41,8,33,24,7,3,12,26,41,87,32,9,24,23,1
0022400311,2024-12-01,UTA,104,44,8,36,27,4,4,15,19,40,79,40,14,16,10,LAL,105,42,10,32,23,7,4,5,18,39,88,33,7,25,20,0
0022400309,2024-12-01,TOR,119,47,10,37,30,4,5,16,23,47,88,29,10,20,15,MIA,116,45,12,33,25,11,4,14,17,39,88,40,15,28,23,1
0022400305,2024-12-01,BKN,92,33,8,25,19,10,3,17,31,30,79,31,8,31,24,ORL,100,52,14,38,23,10,11,22,29,34,74,28,7,32,25,0
0022400306,2024-12-01,MEM,136,40,8,32,36,9,6,10,22,49,93,46,16,27,22,IND,121,41,6,35,28,8,3,15,22,43,90,42,14,26,21,1
0022400313,2024-12-01,SAC,125,51,21,30,32,8,5,10,23,47,101,32,12,24,19,SAS,127,38,8,30,32,6,9,16,17,42,82,46,23,24,20,0
0022400307,2024-12-01,CLE,115,44,6,38,22,5,7,18,20,39,80,36,17,25,20,BOS,111,46,10,36,17,11,6,11,19,38,95,49,17,19,18,1
0022400308,2024-12-01,NYK,118,60,14,46,30,10,9,17,14,42,92,45,20,16,14,NOP,85,42,13,29,20,14,9,14,19,35,94,27,4,17,11,1
0022400312,2024-12-01,POR,131,39,10,29,29,7,0,21,25,49,84,31,18,18,15,DAL,137,33,8,25,33,13,0,13,15,48,87,36,18,29,23,0
0022400314,2024-12-01,LAC,126,42,13,29,28,8,4,14,16,43,90,39,18,27,22,DEN,122,39,8,31,37,7,3,14,17,51,88,24,10,19,10,1
0022400310,2024-12-01,HOU,119,51,15,36,20,3,6,10,21,38,92,37,13,39,30,OKC,116,46,11,35,30,5,4,7,26,42,94,39,13,25,19,1
0022400318,2024-12-02,MIN,109,43,7,36,31,11,2,15,17,41,81,35,15,15,12,LAL,80,39,9,30,19,8,2,21,16,32,79,31,6,14,10,1
0022400316,2024-12-02,BOS,108,54,14,40,25,5,9,17,20,39,89,55,19,13,11,MIA,89,44,11,33,24,6,1,10,11,31,87,35,8,23,19,1
0022400317,2024-12-02,CHI,128,54,11,43,33,8,5,17,16,48,92,47,16,19,16,BKN,102,41,10,31,24,9,5,13,19,38,95,42,14,15,12,1
0022400315,2024-12-02,ATL,124,51,11,40,30,12,4,18,15,49,96,38,10,20,16,NOP,112,41,15,26,21,15,5,16,18,44,100,42,13,17,11,1
0022400052,2024-12-03,DET,107,41,13,28,22,11,7,18,21,40,87,33,11,22,16,MIL,128,36,4,32,26,10,6,18,17,45,80,41,23,21,15,0
0022400053,2024-12-03,NYK,121,39,5,34,30,6,4,19,25,43,85,35,15,20,20,ORL,106,38,9,29,20,9,4,16,19,38,87,39,9,25,21,1
0022400054,2024-12-03,TOR,122,42,6,36,28,9,4,21,26,44,81,33,13,29,21,IND,111,34,9,25,21,8,6,21,23,38,84,30,12,28,23,1
0022400050,2024-12-03,CHA,104,47,15,32,22,5,3,19,17,34,77,34,13,28,23,PHI,110,31,8,23,26,9,3,12,22,38,82,40,16,20,18,0
0022400060,2024-12-03,LAC,127,35,11,24,29,8,8,14,14,47,85,37,19,17,14,POR,105,29,11,18,25,6,4,18,15,41,80,29,10,16,13,1
0022400057,2024-12-03,PHX,104,44,2,42,26,10,5,14,16,38,78,32,11,21,17,SAS,93,53,18,35,26,9,2,14,17,35,100,44,8,20,15,1
0022400058,2024-12-03,DEN,119,38,4,34,32,9,5,15,15,40,79,24,11,35,28,GSW,115,48,11,37,36,12,3,15,25,44,95,38,12,21,15,1
0022400059,2024-12-03,SAC,120,34,10,24,33,7,8,10,20,47,91,30,14,20,12,HOU,111,53,18,35,14,6,1,16,23,41,93,39,14,21,15,1
0022400055,2024-12-03,OKC,133,34,15,19,32,18,3,8,23,53,102,47,17,11,10,UTA,106,36,11,25,21,3,6,29,14,38,70,35,13,22,17,1
0022400056,2024-12-03,DAL,121,49,14,35,24,8,8,25,23,39,81,32,13,44,30,MEM,116,39,13,26,27,15,3,19,29,45,97,40,13,14,13,1
0022400051,2024-12-03,CLE,118,45,7,38,31,11,4,11,20,43,89,46,16,25,16,WAS,87,52,13,39,18,4,8,21,21,32,83,26,4,25,19,1
0022400321,2024-12-04,MIA,134,52,13,39,42,11,5,16,16,52,90,47,24,9,6,LAL,93,36,12,24,29,9,4,13,8,37,88,22,5,19,14,1
0022400324,2024-12-04,LAC,80,46,10,36,13,7,2,23,16,29,83,40,11,13,11,MIN,108,50,7,43,31,15,5,15,16,41,85,44,16,18,10,0
0022400322,2024-12-04,PHI,102,35,10,25,23,9,1,14,19,40,82,30,11,19,11,ORL,106,42,16,26,21,13,7,14,18,41,84,29,8,21,16,0
0022400320,2024-12-04,BKN,99,43,7,36,24,12,6,17,18,35,81,36,12,23,17,IND,90,39,5,34,20,6,10,16,19,32,75,33,8,22,18,1
0022400323,2024-12-04,MIL,104,40,8,32,23,7,4,18,22,33,78,45,15,35,23,ATL,119,54,15,39,29,16,3,14,25,45,102,32,9,22,20,0
0022400319,2024-12-04,BOS,130,43,14,29,30,11,7,16,14,45,94,53,21,25,19,DET,120,34,8,26,27,10,5,19,21,43,84,39,20,18,14,1
0022400330,2024-12-05,NOP,126,44,12,32,23,13,4,13,24,47,95,36,14,25,18,PHX,124,46,10,36,32,10,3,17,15,43,85,45,17,26,21,1
0022400329,2024-12-05,MEM,115,49,9,40,27,9,5,22,21,38,80,38,13,32,26,SAC,110,46,14,32,19,11,1,13,23,39,98,35,8,28,24,1
0022400331,2024-12-05,SAS,124,41,15,26,26,11,4,11,17,44,95,28,8,39,28,CHI,139,50,11,39,36,6,5,19,26,52,90,37,17,23,18,0
0022400326,2024-12-05,WAS,101,39,12,27,25,10,3,12,19,39,99,40,13,15,10,DAL,137,58,13,45,27,8,12,16,16,48,89,38,20,27,21,0
0022400325,2024-12-05,CLE,126,47,9,38,32,9,3,17,17,47,94,48,22,16,10,DEN,114,49,9,40,25,12,5,16,13,46,96,24,6,22,16,1
0022400332,2024-12-05,GSW,99,54,11,43,19,5,3,10,16,36,86,28,9,27,18,HOU,93,45,11,34,20,9,9,8,20,35,93,38,10,17,13,1
0022400328,2024-12-05,TOR,92,51,12,39,24,5,7,20,16,32,90,45,11,20,17,OKC,129,55,13,42,28,15,11,6,16,49,102,47,17,17,14,0
0022400327,2024-12-05,NYK,125,43,6,37,29,7,4,9,13,41,76,33,18,32,25,CHA,101,40,10,30,27,3,4,11,22,40,89,39,15,10,6,1
0022400334,2024-12-06,ATL,134,48,11,37,40,10,5,17,24,50,100,40,17,22,17,LAL,132,40,6,34,33,11,10,15,24,51,99,35,16,16,14,1
0022400335,2024-12-06,BOS,111,41,7,34,27,5,6,6,18,40,87,53,17,16,14,MIL,105,51,12,39,16,4,2,9,16,40,94,29,11,17,14,1
0022400338,2024-12-06,GSW,90,41,10,31,21,9,4,22,11,32,82,39,11,17,15,MIN,107,48,9,39,32,12,6,21,14,40,88,42,14,14,13,0
0022400333,2024-12-06,PHI,102,37,10,27,23,11,0,16,19,38,79,26,7,29,19,ORL,94,38,8,30,21,8,6,21,23,33,78,46,13,17,15,1
0022400336,2024-12-06,CHI,123,38,8,30,33,8,6,12,13,46,97,50,21,12,10,IND,132,46,7,39,33,9,4,13,10,52,92,30,18,12,10,0
0022400337,2024-12-06,SAS,113,42,12,30,28,8,5,14,20,39,91,41,14,30,21,SAC,140,44,7,37,33,7,6,11,20,51,90,34,16,24,22,0
0022400339,2024-12-06,POR,99,34,6,28,23,4,7,11,22,37,95,47,14,17,11,UTA,141,61,11,50,34,6,11,14,17,53,96,32,14,23,21,0
0022400346,2024-12-07,MIA,121,41,11,30,30,9,4,12,20,45,86,32,13,23,18,PHX,111,41,13,28,29,8,3,14,20,36,82,41,16,25,23,1
0022400340,2024-12-07,CHA,102,37,10,27,21,6,5,11,27,37,86,39,11,19,17,CLE,116,47,14,33,28,6,6,12,20,42,84,38,14,24,18,0
0022400344,2024-12-07,TOR,118,39,8,31,37,13,3,13,22,43,93,39,15,18,17,DAL,125,52,14,38,21,10,8,18,16,38,81,45,17,37,32,0
0022400341,2024-12-07,WAS,122,46,15,31,31,9,12,17,21,45,93,41,16,22,16,DEN,113,48,16,32,34,11,6,15,23,46,95,25,5,27,16,1
0022400342,2024-12-07,NOP,109,35,8,27,25,15,6,18,20,38,79,37,11,27,22,OKC,119,45,10,35,27,13,3,20,24,45,85,32,12,21,17,0
0022400345,2024-12-07,BOS,121,51,15,36,26,6,7,13,16,42,105,60,18,28,19,MEM,127,52,11,41,25,13,7,13,25,47,94,33,15,23,18,0
0022400343,2024-12-07,NYK,111,31,4,27,27,11,5,15,12,42,79,34,11,27,16,DET,120,43,9,34,28,7,0,19,20,43,83,36,18,19,16,0
0022400348,2024-12-08,BKN,113,30,7,23,24,9,3,13,25,41,81,35,16,16,15,MIL,118,31,3,28,26,6,7,16,18,39,68,31,15,32,25,0
0022400355,2024-12-08,GSW,114,45,14,31,28,8,6,13,20,42,90,41,16,20,14,MIN,106,39,7,32,22,6,8,16,18,36,79,42,19,20,15,1
0022400347,2024-12-08,CHI,100,35,2,33,29,9,3,15,18,35,86,54,19,12,11,PHI,108,56,10,46,25,8,5,16,15,43,92,36,9,14,13,0
0022400352,2024-12-08,ORL,115,44,14,30,17,11,6,13,19,42,88,36,12,30,19,PHX,110,39,9,30,24,7,6,21,24,39,83,28,13,22,19,1
0022400358,2024-12-08,LAL,107,40,8,32,25,14,7,11,20,38,83,34,13,21,18,POR,98,49,12,37,17,4,3,18,19,35,84,36,9,21,19,1
0022400351,2024-12-08,MIA,122,47,10,37,27,4,4,12,15,41,86,37,16,26,24,CLE,113,36,5,31,25,5,1,9,18,41,86,33,14,18,17,1
0022400354,2024-12-08,SAS,121,55,16,39,27,7,11,13,18,42,93,39,12,31,25,NOP,116,43,13,30,26,9,8,8,21,43,99,38,13,21,17,1
0022400350,2024-12-08,ATL,111,45,19,26,26,12,2,12,22,41,101,40,9,27,20,DEN,141,43,7,36,43,9,5,20,22,56,89,27,12,24,17,0
0022400356,2024-12-08,LAC,106,33,7,26,21,11,3,8,24,41,92,34,11,16,13,HOU,117,50,12,38,23,4,4,15,16,40,82,41,15,26,22,0
0022400357,2024-12-08,SAC,141,43,9,34,39,10,7,8,17,57,100,44,22,8,5,UTA,97,38,9,29,21,6,6,20,17,31,80,42,15,21,20,1
0022400353,2024-12-08,WAS,112,52,20,32,20,10,5,21,25,43,100,32,6,22,20,MEM,140,46,12,34,34,12,8,18,20,50,96,43,17,29,23,0
0022400349,2024-12-08,IND,109,29,3,26,23,9,7,17,19,42,82,36,12,15,13,CHA,113,45,10,35,24,11,3,25,18,40,78,29,14,26,19,0
0022400359,2024-12-09,TOR,108,51,17,34,23,4,4,13,16,43,96,35,13,11,9,NYK,113,40,6,34,32,7,7,10,13,42,82,40,17,19,12,0
0022401201,2024-12-10,MIL,114,37,5,32,27,9,6,16,17,42,77,30,11,25,19,ORL,109,46,15,31,19,11,4,14,21,41,93,27,6,27,21,1
0022401203,2024-12-10,OKC,118,52,17,35,29,14,5,14,17,46,101,50,20,7,6,DAL,104,44,7,37,25,10,2,19,12,38,80,36,15,19,13,1
0022401202,2024-12-11,NYK,100,49,12,37,27,8,11,15,14,40,93,42,11,15,9,ATL,108,58,22,36,27,5,7,11,13,43,104,31,9,20,13,0
0022401204,2024-12-11,HOU,91,36,7,29,23,10,5,17,14,38,83,27,6,10,9,GSW,90,39,11,28,22,13,8,22,11,37,84,38,12,9,4,1
0022401207,2024-12-12,NOP,109,43,10,33,22,6,4,17,22,39,83,37,14,20,17,SAC,111,50,17,33,24,12,2,11,19,37,92,33,10,29,27,0
0022401206,2024-12-12,MIA,114,52,11,41,21,4,3,17,11,40,83,32,13,32,21,TOR,104,42,9,33,29,8,5,12,24,41,92,32,11,15,11,1
0022401205,2024-12-12,BOS,123,51,8,43,34,6,4,14,9,46,90,48,20,13,11,DET,99,43,9,34,27,8,4,8,12,42,98,37,7,10,8,1
0022401210,2024-12-13,MIN,97,48,11,37,18,12,5,14,14,35,87,32,9,24,18,LAL,87,53,15,38,17,7,6,22,21,33,86,35,10,17,11,1
0022401211,2024-12-13,MEM,135,49,12,37,33,9,4,13,19,52,99,36,17,21,14,BKN,119,41,8,33,30,9,7,18,20,42,92,53,20,19,15,1
0022401209,2024-12-13,PHI,107,47,15,32,18,5,4,15,16,37,85,25,10,32,23,IND,121,41,8,33,35,9,4,10,21,47,91,38,14,17,13,0
0022401214,2024-12-13,UTA,126,34,6,28,30,5,6,15,17,43,77,39,22,22,18,PHX,134,37,9,28,36,10,7,8,18,47,89,45,22,20,18,0
0022401215,2024-12-13,POR,116,36,8,28,25,9,5,16,22,42,82,41,16,17,16,SAS,118,41,13,28,32,5,6,15,13,44,85,30,14,21,16,0
0022401213,2024-12-13,DEN,120,46,5,41,23,15,2,22,16,42,77,29,10,32,26,LAC,98,31,5,26,24,18,2,19,22,37,83,41,14,18,10,1
0022401208,2024-12-13,CLE,115,50,16,34,27,10,5,11,14,36,91,50,15,40,28,WAS,105,44,6,38,24,7,7,18,28,41,86,40,14,11,9,1
0022401212,2024-12-13,CHI,109,52,14,38,27,12,11,16,19,37,93,51,14,25,21,CHA,95,54,17,37,22,7,5,17,20,35,98,46,8,21,17,1
0022401218,2024-12-15,SAS,92,50,12,38,34,6,8,19,18,37,91,45,11,9,7,MIN,106,51,14,37,26,11,4,12,13,40,100,35,12,16,14,0
0022401227,2024-12-15,ORL,91,39,10,29,24,8,10,15,26,36,86,30,9,13,10,NYK,100,45,7,38,20,8,3,19,16,33,71,24,10,30,24,0
0022401219,2024-12-15,PHX,116,46,12,34,23,7,2,11,13,43,89,39,15,19,15,POR,109,48,12,36,30,6,4,13,22,42,94,49,15,13,10,1
0022401217,2024-12-15,WAS,98,51,17,34,22,10,7,16,25,40,99,40,13,8,5,BOS,112,56,16,40,26,11,5,18,15,40,93,46,18,24,14,0
0022401216,2024-12-15,IND,119,43,7,36,33,10,9,17,21,41,81,38,16,24,21,NOP,104,49,19,30,18,11,4,18,19,38,97,33,10,23,18,1
0022401228,2024-12-15,GSW,133,37,15,22,39,8,2,10,17,49,103,54,27,11,8,DAL,143,47,10,37,36,8,5,16,12,52,87,41,21,25,18,0
0022401220,2024-12-15,LAL,116,44,10,34,23,10,7,23,27,39,82,34,10,39,28,MEM,110,50,17,33,25,10,3,21,31,38,97,28,9,30,25,1
0022401221,2024-12-16,DET,125,52,7,45,32,8,4,22,24,44,90,40,20,23,17,MIA,124,44,9,35,30,16,2,13,19,45,99,43,12,24,22,1
0022401222,2024-12-16,CHA,108,38,9,29,30,12,8,20,27,42,83,38,12,21,12,PHI,121,42,9,33,21,14,4,20,20,41,80,38,16,30,23,0
0022401224,2024-12-16,BKN,101,35,9,26,25,11,2,22,28,34,81,34,14,24,19,CLE,130,42,12,30,33,14,6,17,19,43,81,47,19,29,25,0
0022401223,2024-12-16,TOR,121,44,10,34,28,7,6,18,21,45,92,26,9,30,22,CHI,122,41,8,33,33,12,8,12,23,43,93,40,14,28,22,0
0022401225,2024-12-16,SAC,129,42,11,31,28,10,9,11,23,49,102,35,12,20,19,DEN,130,55,15,40,38,9,4,15,18,51,102,28,10,24,18,0
0022401226,2024-12-16,LAC,144,41,7,34,28,13,6,16,20,49,82,39,21,32,25,UTA,107,35,10,25,22,8,3,23,20,36,80,39,13,30,22,1
0022400372,2024-12-19,SAC,100,43,4,39,27,7,6,16,20,37,82,29,11,22,15,LAL,113,53,14,39,22,8,10,13,16,38,94,33,12,30,25,0
0022400364,2024-12-19,TOR,94,34,10,24,26,6,4,12,29,34,86,44,15,14,11,BKN,101,53,15,38,18,3,6,17,21,33,82,39,9,31,26,0
0022400367,2024-12-19,MIN,107,37,6,31,29,10,5,13,15,41,89,42,17,13,8,NYK,133,57,16,41,39,10,2,15,12,50,97,45,20,16,13,0
0022400369,2024-12-19,PHX,111,44,7,37,28,6,4,16,20,40,82,30,9,28,22,IND,120,47,9,38,30,9,7,9,21,39,89,41,16,31,26,0
0022400370,2024-12-19,SAS,133,42,8,34,32,15,8,17,15,49,101,42,19,23,16,ATL,126,53,12,41,32,14,6,23,22,46,97,38,16,21,18,1
0022400365,2024-12-19,HOU,133,42,6,36,34,7,6,12,20,50,87,39,17,19,16,NOP,113,37,11,26,25,6,2,12,22,41,92,28,13,25,18,1
0022400363,2024-12-19,BOS,108,45,11,34,21,6,8,4,13,38,97,56,14,21,18,CHI,117,56,11,45,23,2,2,12,19,42,94,52,19,16,14,0
0022400371,2024-12-19,POR,126,45,15,30,29,7,7,10,18,45,97,46,16,24,20,DEN,124,40,8,32,35,7,3,11,20,47,87,34,15,21,15,1
0022400366,2024-12-19,MEM,144,60,15,45,38,11,8,17,19,53,98,48,27,15,11,GSW,93,36,10,26,20,11,5,18,16,32,90,36,12,24,17,1
0022400368,2024-12-19,DAL,95,40,8,32,21,9,5,13,13,34,86,30,7,28,20,LAC,118,47,8,39,30,9,3,15,20,44,85,33,14,17,16,0
0022400361,2024-12-19,ORL,99,40,10,30,25,6,6,20,16,35,78,35,11,25,18,OKC,105,32,4,28,23,15,6,13,20,40,83,31,10,16,15,0
0022400360,2024-12-19,DET,119,39,13,26,26,10,8,10,25,46,105,47,13,18,14,UTA,126,62,15,47,23,5,8,27,19,39,83,40,20,31,28,0
0022400362,2024-12-19,WAS,123,52,12,40,33,5,8,18,18,41,83,42,17,31,24,CHA,114,52,22,30,30,12,2,8,21,43,106,43,8,27,20,1
0022400374,2024-12-20,CLE,124,48,9,39,30,11,0,18,10,46,91,47,20,14,12,MIL,101,45,10,35,23,14,4,20,17,40,85,27,10,18,11,1
0022400375,2024-12-20,MIA,97,41,7,34,20,9,3,19,16,36,83,40,12,20,13,OKC,104,48,12,36,24,8,5,14,17,39,86,34,14,17,12,0
0022400373,2024-12-20,PHI,108,39,11,28,30,14,6,15,21,41,83,33,12,18,14,CHA,98,44,13,31,22,7,4,17,19,36,78,31,10,21,16,1
0022400376,2024-12-21,SAC,99,46,11,35,25,10,1,14,20,39,90,37,10,14,11,LAL,103,48,9,39,23,10,6,14,14,40,83,35,9,21,14,0
0022400377,2024-12-21,ORL,121,41,10,31,24,5,9,13,23,43,87,37,11,27,24,MIA,114,38,7,31,16,7,2,15,25,36,75,32,9,42,33,1
0022400384,2024-12-21,NOP,93,45,16,29,23,8,5,19,20,34,83,34,12,19,13,NYK,104,42,15,27,24,11,3,17,18,38,87,37,15,15,13,0
0022400380,2024-12-21,CLE,126,49,13,36,31,8,1,13,18,48,90,43,22,15,8,PHI,99,41,11,30,13,7,3,13,16,34,85,34,11,27,20,1
0022400386,2024-12-21,SAS,114,49,12,37,33,7,13,12,12,44,93,36,10,18,16,POR,94,44,11,33,21,8,3,13,15,38,96,43,12,9,6,1
0022400381,2024-12-21,CHI,98,43,10,33,28,8,4,13,14,37,98,41,14,11,10,BOS,123,59,17,42,27,8,4,12,12,48,100,45,15,14,12,0
0022400383,2024-12-21,MIN,103,45,11,34,27,5,2,15,18,36,86,38,14,25,17,GSW,113,45,11,34,30,9,6,11,23,40,87,42,16,23,17,0
0022400385,2024-12-21,DAL,113,43,11,32,25,12,5,13,18,40,88,35,14,22,19,LAC,97,40,8,32,18,8,7,17,14,34,81,37,10,22,19,1
0022400379,2024-12-21,BKN,94,50,16,34,24,9,3,19,17,38,94,40,7,12,11,UTA,105,45,10,35,25,11,8,18,16,41,86,41,14,17,9,0
0022400378,2024-12-21,ATL,112,41,6,35,29,11,6,25,14,39,80,38,14,24,20,MEM,128,40,8,32,35,13,1,18,22,50,97,41,18,13,10,0
0022400382,2024-12-21,MIL,112,44,10,34,35,12,2,13,14,44,98,48,20,5,4,WAS,101,47,8,39,20,7,4,19,10,36,81,42,18,16,11,1
0022400387,2024-12-21,PHX,125,35,6,29,30,9,1,19,21,45,78,29,14,23,21,DET,133,35,10,25,31,13,4,13,19,49,89,39,19,22,16,0
0022400389,2024-12-22,SAC,95,47,15,32,21,3,3,10,11,35,96,38,12,17,13,IND,122,50,6,44,36,7,5,12,15,50,86,39,17,8,5,0
0022400390,2024-12-22,NOP,129,43,9,34,37,16,9,15,23,50,108,40,12,23,17,DEN,132,54,14,40,34,10,8,22,19,49,97,33,10,32,24,0
0022400388,2024-12-22,TOR,110,42,11,31,33,10,3,21,25,42,92,43,17,13,9,HOU,114,53,18,35,18,12,6,21,14,40,89,28,7,33,27,0
0022400398,2024-12-23,CHI,91,46,9,37,27,9,1,15,15,36,90,48,10,12,9,MIL,112,49,7,42,24,7,1,13,16,40,87,43,18,17,14,0
0022400395,2024-12-23,ATL,117,38,6,32,27,15,6,23,14,39,73,36,18,26,21,MIN,104,43,16,27,31,12,3,21,17,39,91,43,14,13,12,1
0022400396,2024-12-23,MIA,110,44,5,39,27,6,3,16,17,36,73,41,17,24,21,BKN,95,42,11,31,23,9,2,15,18,33,84,34,13,20,16,1
0022400403,2024-12-23,GSW,105,44,11,33,29,7,7,11,13,39,90,38,12,21,15,IND,111,43,8,35,26,7,4,12,16,45,92,35,11,11,10,0
0022400402,2024-12-23,DEN,117,46,11,35,35,6,4,12,15,46,90,41,16,11,9,PHX,90,39,9,30,23,6,5,15,13,33,83,33,13,15,11,1
0022400401,2024-12-23,DAL,132,41,13,28,27,10,4,11,21,48,90,36,12,34,24,POR,108,48,16,32,23,6,1,19,25,43,93,29,8,19,14,1
0022400394,2024-12-23,PHI,111,47,9,38,22,11,2,11,18,39,93,44,16,23,17,SAS,106,42,3,39,24,4,12,18,21,37,81,45,15,18,17,1
0022400393,2024-12-23,ORL,108,42,7,35,26,11,9,20,24,37,83,33,13,21,21,BOS,104,41,8,33,13,13,5,19,16,37,84,33,8,27,22,1
0022400391,2024-12-23,CHA,101,44,11,33,25,8,6,11,15,37,89,36,10,24,17,HOU,114,60,21,39,23,4,8,12,16,43,99,42,13,19,15,0
0022400399,2024-12-23,MEM,110,56,19,37,26,8,6,20,18,38,99,42,16,26,18,LAC,114,53,15,38,22,15,6,17,28,42,96,27,9,26,21,0
0022400397,2024-12-23,NYK,139,35,8,27,34,9,1,17,27,51,86,37,17,29,20,TOR,125,30,4,26,28,6,3,15,25,42,77,28,11,37,30,1
0022400392,2024-12-23,CLE,124,40,10,30,33,10,3,9,23,43,91,46,20,23,18,UTA,113,51,18,33,27,6,5,17,20,38,92,44,19,26,18,1
0022400400,2024-12-23,OKC,123,59,19,40,25,15,9,12,18,47,106,38,10,22,19,WAS,105,51,13,38,25,7,8,19,16,36,91,43,16,20,17,1
0022400404,2024-12-23,LAL,114,38,6,32,28,8,3,20,10,40,74,30,14,25,20,DET,117,37,10,27,24,12,5,12,20,47,92,30,11,12,12,0
0022400408,2024-12-25,GSW,113,44,12,32,26,2,8,13,18,41,89,45,18,17,13,LAL,115,41,11,30,30,6,4,9,14,41,91,42,15,18,18,0
0022400406,2024-12-25,DAL,99,43,11,32,15,6,8,13,13,36,87,43,16,11,11,MIN,105,46,8,38,23,8,5,10,14,40,86,32,14,13,11,0
0022400407,2024-12-25,BOS,114,51,13,38,24,3,4,13,18,43,95,49,20,13,8,PHI,118,39,5,34,28,10,5,6,17,41,88,40,17,19,19,0
0022400405,2024-12-25,NYK,117,47,17,30,26,7,3,5,17,45,100,39,13,16,14,SAS,114,45,8,37,33,3,6,15,15,42,83,38,16,17,14,1
0022400409,2024-12-25,PHX,110,42,12,30,31,12,4,9,17,41,88,36,11,20,17,DEN,100,46,14,32,20,3,2,16,16,36,78,29,8,28,20,1
0022400411,2024-12-26,ORL,88,42,9,33,14,12,6,23,15,34,77,29,5,18,15,MIA,89,35,7,28,21,14,6,21,20,31,76,30,15,14,12,0
0022400415,2024-12-26,MIL,105,39,8,31,23,12,3,23,18,41,83,38,15,12,8,BKN,111,38,9,29,25,8,1,21,11,39,82,38,16,22,17,0
0022400413,2024-12-26,ATL,141,44,12,32,32,9,5,14,13,46,89,45,17,34,32,CHI,133,36,9,27,36,8,1,16,26,53,98,43,22,6,5,1
0022400416,2024-12-26,NOP,111,44,17,27,29,12,2,16,16,43,99,37,12,18,13,HOU,128,54,18,36,19,7,9,16,14,46,97,47,18,23,18,0
0022400410,2024-12-26,IND,114,51,11,40,28,1,8,11,21,42,89,36,14,22,16,OKC,120,45,9,36,20,4,4,3,18,44,95,37,13,24,19,0
0022400414,2024-12-26,MEM,155,63,24,39,36,8,8,18,18,58,109,45,18,29,21,TOR,126,40,13,27,39,8,3,15,23,49,108,43,14,18,14,1
0022400417,2024-12-26,POR,122,43,9,34,26,10,8,11,20,45,89,38,15,22,17,UTA,120,46,11,35,26,9,5,13,16,41,86,42,21,25,17,1
0022400418,2024-12-26,SAC,113,44,8,36,20,3,6,14,20,39,82,39,14,26,21,DET,114,44,10,34,25,6,4,10,22,38,91,44,17,25,21,0
0022400412,2024-12-26,WAS,113,43,8,35,25,9,7,11,19,39,91,44,14,28,21,CHA,110,50,11,39,31,6,4,19,23,41,94,42,17,14,11,1
0022400422,2024-12-27,HOU,112,47,16,31,19,7,3,14,16,45,92,30,10,19,12,MIN,113,40,10,30,25,8,6,16,22,42,83,43,21,16,8,0
0022400419,2024-12-27,ORL,85,33,11,22,20,7,3,17,23,32,87,33,10,12,11,NYK,108,44,12,32,18,10,3,18,20,40,75,15,4,34,24,0
0022400420,2024-12-27,BOS,142,52,18,34,31,9,6,10,19,47,92,56,23,29,25,IND,105,39,13,26,27,5,3,12,20,38,91,39,11,25,18,1
0022400421,2024-12-27,BKN,87,45,12,33,22,8,4,18,22,35,90,41,12,8,5,SAS,96,43,11,32,26,10,8,15,11,32,78,28,12,27,20,0
0022400424,2024-12-27,DEN,135,38,8,30,39,8,3,13,20,53,94,31,15,18,14,CLE,149,38,9,29,40,10,7,11,17,54,96,48,23,22,18,0
0022400425,2024-12-27,PHX,89,42,12,30,23,11,7,16,17,32,83,35,13,18,12,DAL,98,41,7,34,24,6,5,15,15,35,80,34,12,17,16,0
0022400426,2024-12-27,LAC,102,39,6,33,19,6,10,23,19,40,75,32,10,15,12,GSW,92,47,19,28,24,14,2,14,16,35,95,38,7,20,15,1
0022400423,2024-12-27,NOP,124,45,12,33,30,13,10,17,25,43,96,38,11,29,27,MEM,132,42,9,33,30,12,7,17,19,42,89,41,17,35,31,0
0022400427,2024-12-28,ATL,120,47,9,38,34,7,2,13,16,44,86,37,15,22,17,MIA,110,42,8,34,23,9,4,9,19,40,90,41,13,18,17,1
0022400430,2024-12-28,CHI,116,52,11,41,33,4,6,11,16,45,95,36,14,17,12,MIL,111,43,6,37,27,6,7,8,16,41,102,45,15,14,14,1
0022400429,2024-12-28,WAS,132,44,11,33,32,7,4,17,22,51,99,38,17,15,13,NYK,136,43,10,33,26,7,3,15,14,51,97,40,10,26,24,0
0022400433,2024-12-28,UTA,111,48,14,34,27,3,3,22,25,43,89,36,12,15,13,PHI,114,32,10,22,22,15,8,8,22,36,83,36,13,37,29,0
0022400431,2024-12-28,GSW,109,49,18,31,26,8,7,12,17,41,98,45,12,19,15,PHX,105,46,14,32,21,7,12,14,13,39,92,35,9,22,18,1
0022400435,2024-12-28,LAL,132,33,4,29,33,4,3,11,13,46,77,26,14,33,26,SAC,122,39,13,26,38,7,2,10,26,50,98,40,11,15,11,1
0022400434,2024-12-28,POR,126,50,14,36,27,8,7,14,19,46,92,26,11,29,23,DAL,122,40,10,30,20,6,10,13,21,43,89,38,15,26,21,1
0022400428,2024-12-28,CHA,94,44,8,36,17,9,5,18,16,29,80,34,11,28,25,OKC,106,49,9,40,29,9,1,17,19,42,88,38,10,14,12,0
0022400432,2024-12-28,DEN,134,40,8,32,29,9,6,14,18,46,82,27,13,36,29,DET,121,41,15,26,29,8,1,12,25,46,95,39,12,23,17,1
0022400439,2024-12-29,HOU,100,52,19,33,24,5,4,13,21,38,97,40,13,13,11,MIA,104,52,15,37,21,6,3,15,14,37,84,33,10,28,20,0
0022400436,2024-12-29,ORL,102,42,16,26,30,7,3,13,23,37,83,36,12,25,16,BKN,101,38,9,29,22,7,3,17,19,32,73,30,13,28,24,1
0022400437,2024-12-29,BOS,114,41,8,33,26,6,6,8,22,43,93,54,16,19,12,IND,123,50,11,39,27,6,2,9,17,46,87,23,9,27,22,0
0022400441,2024-12-29,MIN,112,56,18,38,23,4,5,10,23,43,100,44,11,19,15,SAS,110,41,8,33,25,6,4,10,18,38,87,39,11,28,23,1
0022400438,2024-12-29,TOR,107,52,15,37,26,10,4,31,26,38,85,24,7,27,24,ATL,136,40,14,26,30,22,8,15,19,46,95,45,18,35,26,0
0022400440,2024-12-29,OKC,130,45,9,36,35,10,9,10,24,52,103,44,14,12,12,MEM,106,51,16,35,30,6,4,21,15,37,97,51,14,21,18,1
0022400443,2024-12-30,WAS,106,46,12,34,25,6,8,13,23,39,92,43,12,22,16,NYK,126,54,15,39,34,9,2,8,19,45,98,44,15,25,21,0
0022400447,2024-12-30,POR,103,33,12,21,23,8,4,26,26,37,77,36,8,30,21,PHI,125,32,8,24,20,12,3,19,27,43,75,24,11,31,28,0
0022400446,2024-12-30,GSW,95,55,14,41,20,5,8,15,14,33,99,38,9,26,20,CLE,113,54,11,43,25,10,6,16,25,44,96,47,18,10,7,0
0022400442,2024-12-30,CHA,108,56,9,47,23,8,6,14,20,42,101,43,10,20,14,CHI,115,63,14,49,31,11,4,15,17,39,104,60,18,27,19,0
0022400448,2024-12-30,SAC,110,58,18,40,25,8,1,16,23,42,100,32,10,19,16,DAL,100,36,2,34,17,8,13,18,20,32,76,31,12,29,24,1
0022400445,2024-12-30,UTA,121,37,7,30,28,6,2,16,17,44,86,38,13,22,20,DEN,132,51,17,34,38,13,3,7,17,53,105,30,9,19,17,0
0022400444,2024-12-30,NOP,113,35,6,29,30,13,5,16,22,42,82,37,18,14,11,LAC,116,40,14,26,24,11,2,17,14,41,86,37,13,27,21,0
0022400450,2024-12-31,IND,112,50,9,41,26,8,7,18,20,40,90,37,13,30,19,MIL,120,51,13,38,27,10,0,12,22,45,97,33,12,24,18,0
0022400452,2024-12-31,OKC,113,37,9,28,25,16,2,12,13,42,89,36,12,23,17,MIN,105,43,10,33,21,3,7,24,18,39,79,38,15,12,12,1
0022400454,2024-12-31,LAL,110,43,8,35,26,7,3,9,12,42,95,35,9,19,17,CLE,122,48,10,38,32,5,8,11,15,45,93,46,18,17,14,0
0022400451,2024-12-31,SAS,122,58,15,43,37,10,7,9,15,48,98,40,9,19,17,LAC,86,41,10,31,17,7,3,14,15,30,87,41,11,18,15,1
0022400449,2024-12-31,BOS,125,49,11,38,29,14,7,13,10,47,87,43,22,15,9,TOR,71,44,14,30,18,8,4,21,16,27,86,40,10,11,7,1
0022400453,2024-12-31,PHX,112,43,10,33,28,9,10,17,25,42,92,30,9,25,19,MEM,117,51,16,35,27,10,6,17,29,40,94,44,15,33,22,0
0022400459,2025-01-01,TOR,130,39,8,31,36,8,6,11,20,52,88,32,16,13,10,BKN,113,32,4,28,28,8,2,13,17,42,87,37,11,20,18,1
0022400455,2025-01-01,DET,105,49,9,40,25,7,3,24,18,41,79,29,12,17,11,ORL,96,33,9,24,18,18,5,13,21,37,91,35,8,20,14,1
0022400462,2025-01-01,SAC,113,45,14,31,24,11,4,17,14,41,84,31,9,24,22,PHI,107,34,8,26,24,10,5,19,22,40,84,40,15,14,12,1
0022400461,2025-01-01,DEN,139,43,4,39,44,8,5,13,16,53,94,30,12,21,21,ATL,120,44,12,32,34,10,5,14,16,45,100,46,16,21,14,1
0022400457,2025-01-01,MIA,119,38,5,33,34,6,1,13,16,44,83,34,14,21,17,NOP,108,31,5,26,25,4,7,11,15,40,80,34,9,22,19,1
0022400456,2025-01-01,WAS,125,42,8,34,36,11,3,17,13,49,99,36,17,12,10,CHI,107,44,8,36,28,11,6,20,13,41,92,47,14,14,11,1
0022400460,2025-01-01,HOU,110,35,4,31,16,17,1,14,18,42,89,25,8,23,18,DAL,99,38,6,32,19,9,12,20,20,40,75,28,11,16,8,1
0022400458,2025-01-01,NYK,119,47,6,41,31,10,6,13,16,47,85,23,9,23,16,UTA,103,45,14,31,23,7,6,17,19,39,96,43,13,15,12,1
0022400465,2025-01-02,MIL,110,46,13,33,21,6,6,14,21,40,90,37,11,28,19,BKN,113,51,14,37,26,8,3,14,21,38,88,39,12,28,25,0
0022400463,2025-01-02,MIA,115,39,5,34,34,6,6,16,13,43,75,26,11,21,18,IND,128,39,13,26,35,9,4,8,16,51,96,40,17,16,9,0
0022400467,2025-01-02,GSW,139,43,5,38,41,5,8,12,22,53,87,39,22,15,11,PHI,105,33,6,27,17,11,6,11,16,34,81,31,9,34,28,1
0022400468,2025-01-02,LAL,114,43,15,28,30,8,3,13,17,43,94,43,15,14,13,POR,106,42,8,34,24,6,4,18,15,40,80,26,9,21,17,1
0022400464,2025-01-02,MIN,115,41,11,30,24,1,2,16,11,37,74,39,21,22,20,BOS,118,31,10,21,30,9,4,4,16,46,92,57,22,6,4,0
0022400466,2025-01-02,OKC,116,35,4,31,29,11,3,10,14,43,86,38,14,20,16,LAC,98,45,10,35,25,6,1,20,18,38,81,32,11,17,11,1
0022400473,2025-01-03,OKC,117,41,7,34,27,9,7,13,17,43,84,27,14,21,17,NYK,107,42,11,31,22,7,2,12,17,43,90,32,9,17,12,1
0022400470,2025-01-03,TOR,97,37,7,30,28,6,1,11,11,38,80,29,10,13,11,ORL,106,42,12,30,32,10,8,14,15,37,79,44,19,17,13,0
0022400475,2025-01-03,DEN,110,46,10,36,33,7,7,8,13,42,97,39,15,16,11,SAS,113,56,14,42,31,4,3,13,15,46,99,36,13,13,8,0
0022400477,2025-01-03,LAL,119,56,17,39,28,4,6,19,21,43,88,30,13,25,20,ATL,102,39,13,26,22,10,3,8,22,41,100,34,6,18,14,1
0022400471,2025-01-03,HOU,86,37,14,23,9,6,4,14,21,32,88,36,10,12,12,BOS,109,41,12,29,20,6,8,14,13,39,77,39,19,18,12,0
0022400474,2025-01-03,DAL,122,53,21,32,29,3,4,12,17,43,100,44,12,30,24,CLE,134,46,10,36,38,5,7,8,20,52,98,40,15,20,15,0
0022400476,2025-01-03,SAC,138,37,10,27,32,10,8,10,23,49,99,47,21,23,19,MEM,133,51,14,37,31,5,4,17,20,43,89,37,17,36,30,1
0022400472,2025-01-03,NOP,132,37,13,24,36,10,6,8,22,48,96,41,18,22,18,WAS,120,48,14,34,28,6,0,21,23,45,84,28,9,27,21,1
0022400469,2025-01-03,DET,98,51,14,37,21,13,7,15,27,39,93,37,12,13,8,CHA,94,45,9,36,25,8,6,18,10,33,80,30,9,30,19,1
0022400479,2025-01-04,DET,119,47,13,34,26,12,2,14,22,45,93,38,13,20,16,MIN,105,33,7,26,20,7,4,17,21,34,80,40,16,26,21,1
0022400482,2025-01-04,CHI,139,43,9,34,36,6,4,13,21,51,94,37,20,18,17,NYK,126,49,18,31,27,7,3,13,13,48,97,30,8,28,22,1
0022400478,2025-01-04,BKN,94,39,6,33,22,6,4,22,21,34,82,41,14,19,12,PHI,123,50,8,42,31,11,2,18,17,42,82,40,15,30,24,0
0022400480,2025-01-04,IND,126,47,13,34,35,7,4,8,16,46,96,40,15,21,19,PHX,108,36,5,31,30,3,7,13,14,38,78,30,12,21,20,1
0022400483,2025-01-04,MIL,102,43,7,36,25,14,3,11,13,41,95,41,13,9,7,POR,105,55,8,47,21,7,3,18,9,41,85,36,13,13,10,0
0022400486,2025-01-04,LAC,131,48,7,41,36,15,3,17,17,53,96,36,13,17,12,ATL,105,43,8,35,30,11,4,23,12,38,88,46,16,17,13,1
0022400484,2025-01-04,SAS,111,58,13,45,28,3,7,14,20,41,104,48,13,18,16,DEN,122,58,14,44,32,11,7,7,17,47,108,33,10,23,18,0
0022400481,2025-01-04,MIA,100,32,5,27,25,9,7,15,14,35,80,35,9,30,21,UTA,136,57,16,41,31,11,4,14,21,52,100,46,19,16,13,0
0022400485,2025-01-04,GSW,121,29,9,20,32,13,5,18,18,44,84,43,23,16,10,MEM,113,43,12,31,29,9,7,23,18,46,88,27,9,16,12,1
0022400491,2025-01-05,HOU,119,49,18,31,19,3,4,6,22,47,99,40,14,19,11,LAL,115,39,10,29,26,4,5,10,21,38,78,36,16,28,23,1
0022400492,2025-01-05,GSW,99,35,9,26,22,10,3,22,21,37,81,35,12,18,13,SAC,129,43,10,33,31,15,3,16,19,45,87,43,19,22,20,0
0022400487,2025-01-05,OKC,105,46,9,37,22,11,6,16,18,39,87,38,16,13,11,BOS,92,48,12,36,17,6,5,16,18,31,85,46,9,24,21,1
0022400489,2025-01-05,WAS,98,46,9,37,25,6,4,16,18,38,89,41,11,14,11,NOP,110,49,11,38,26,7,8,12,13,37,90,49,18,20,18,0
0022400490,2025-01-05,ORL,92,43,14,29,25,8,4,11,21,35,98,47,14,13,8,UTA,105,50,11,39,21,6,5,22,19,39,81,32,11,18,16,0
0022400488,2025-01-05,CLE,115,41,9,32,29,5,5,12,17,44,92,43,15,16,12,CHA,105,48,13,35,19,9,4,16,18,38,91,42,15,19,14,1
0022400501,2025-01-06,SAC,123,60,18,42,30,7,8,15,20,45,108,38,13,26,20,MIA,118,53,12,41,25,14,6,14,19,43,102,42,11,27,21,1
0022400497,2025-01-06,TOR,104,35,10,25,27,11,4,15,15,41,91,35,9,21,13,MIL,128,46,7,39,37,7,8,21,19,47,82,44,22,15,12,0
0022400496,2025-01-06,NYK,94,38,11,27,16,4,3,12,18,36,81,22,4,22,18,ORL,103,39,9,30,23,7,5,12,19,39,78,31,11,18,14,0
0022400495,2025-01-06,BKN,99,51,20,31,23,8,3,14,19,41,98,33,10,11,7,IND,113,35,5,30,22,8,5,12,17,40,79,31,12,23,21,0
0022400494,2025-01-06,PHI,99,46,12,34,20,6,4,10,19,34,87,40,15,26,16,PHX,109,44,4,40,32,7,4,12,18,41,81,31,14,19,13,0
0022400493,2025-01-06,DET,118,45,17,28,23,9,4,15,15,42,94,43,15,22,19,POR,115,38,7,31,32,6,4,16,18,48,90,35,16,5,3,1
0022400498,2025-01-06,CHI,114,47,14,33,25,12,4,13,9,44,102,39,13,15,13,SAS,110,49,13,36,31,8,12,17,18,44,95,46,15,12,7,1
0022400499,2025-01-06,MEM,119,55,13,42,24,11,5,15,17,40,88,35,12,35,27,DAL,104,50,13,37,25,7,8,15,22,40,98,36,13,15,11,1
0022400500,2025-01-06,MIN,108,55,17,38,24,6,5,15,20,41,92,39,16,17,10,LAC,106,49,14,35,23,9,10,13,19,37,89,35,12,25,20,1
0022400504,2025-01-07,DAL,118,44,11,33,29,7,0,13,16,45,86,38,18,14,10,LAL,97,33,5,28,20,7,6,10,13,34,75,35,11,24,18,1
0022400508,2025-01-07,GSW,98,52,11,41,28,9,6,12,15,40,98,50,14,5,4,MIA,114,48,9,39,32,6,3,10,9,43,91,40,16,17,12,0
0022400505,2025-01-07,NOP,97,46,13,33,23,12,5,14,18,35,94,41,12,24,15,MIN,104,53,11,42,26,9,8,17,17,38,89,44,15,19,13,0
0022400502,2025-01-07,CHA,115,59,20,39,23,9,5,14,19,38,98,47,13,29,26,PHX,104,42,8,34,27,3,4,11,23,39,92,33,8,19,18,1
0022400506,2025-01-07,UTA,121,47,13,34,25,8,4,16,17,40,96,48,19,25,22,ATL,124,44,12,32,35,6,11,10,22,47,98,44,18,15,12,0
0022400507,2025-01-07,DEN,106,39,13,26,22,6,6,16,17,40,87,36,14,15,12,BOS,118,41,11,30,30,11,7,12,13,44,88,35,12,20,18,0
0022400503,2025-01-07,WAS,112,43,16,27,21,6,4,18,19,41,89,40,15,20,15,HOU,135,49,19,30,31,15,2,10,17,50,97,38,15,23,20,0
0022400514,2025-01-08,NOP,100,41,18,23,19,11,3,19,15,40,90,37,12,11,8,POR,119,44,15,29,24,11,7,15,14,48,88,36,13,13,10,0
0022400516,2025-01-08,MIL,121,57,10,47,26,7,4,11,16,44,92,42,19,20,14,SAS,105,46,12,34,24,8,5,9,14,35,95,52,18,20,17,1
0022400510,2025-01-08,IND,129,46,15,31,37,11,1,13,19,52,100,29,10,24,15,CHI,113,39,9,30,23,6,6,18,24,44,86,35,12,19,13,1
0022400515,2025-01-08,DEN,126,45,7,38,29,7,3,12,24,49,89,35,17,17,11,LAC,103,40,9,31,14,8,6,12,15,30,80,38,11,40,32,1
0022400509,2025-01-08,CLE,129,40,12,28,36,7,2,15,20,47,90,36,15,27,20,OKC,122,38,9,29,35,9,5,13,24,48,90,31,11,17,15,1
0022400511,2025-01-08,NYK,112,43,15,28,24,9,4,16,15,42,88,33,12,20,16,TOR,98,33,8,25,25,9,6,17,15,38,77,26,10,15,12,1
0022400512,2025-01-08,PHI,109,36,10,26,21,8,11,9,14,40,88,44,15,19,14,WAS,103,51,18,33,26,3,6,18,18,42,94,30,13,9,6,1
0022400513,2025-01-08,BKN,98,38,9,29,24,10,4,15,15,33,86,39,13,21,19,DET,113,42,7,35,30,9,9,15,20,45,86,37,15,12,8,0
0022400523,2025-01-09,UTA,92,49,11,38,20,9,7,17,15,33,83,36,11,17,15,MIA,97,49,13,36,26,10,7,14,12,36,91,50,14,15,11,0
0022400519,2025-01-09,ORL,89,47,13,34,21,4,10,16,22,33,87,40,10,19,13,MIN,104,50,14,36,21,9,4,10,19,34,85,34,12,31,24,0
0022400521,2025-01-09,DAL,117,53,16,37,26,8,7,14,18,40,88,30,10,30,27,POR,111,43,14,29,24,6,7,13,22,39,93,36,16,20,17,1
0022400522,2025-01-09,PHX,123,42,12,30,33,7,6,16,15,49,85,33,13,15,12,ATL,115,32,8,24,32,11,3,11,19,42,86,32,15,17,16,1
0022400518,2025-01-09,DET,104,40,7,33,25,7,7,15,19,39,86,39,14,16,12,GSW,107,49,15,34,32,9,7,15,18,41,89,46,15,16,10,0
0022400520,2025-01-09,MEM,115,43,10,33,20,9,8,20,28,42,84,32,10,30,21,HOU,119,44,16,28,21,13,3,13,23,41,96,34,13,41,24,0
0022400517,2025-01-09,CLE,132,42,16,26,31,8,3,11,11,47,89,45,18,25,20,TOR,126,37,9,28,34,9,2,13,17,53,89,31,14,13,6,1
0022400526,2025-01-10,ORL,106,44,12,32,20,8,5,11,19,37,86,40,14,26,18,MIL,109,43,7,36,18,10,5,13,18,43,83,25,9,23,14,0
0022400531,2025-01-10,DEN,124,49,12,37,34,12,5,15,18,45,87,24,9,33,25,BKN,105,39,10,29,26,9,5,17,24,38,90,45,14,19,15,1
0022400528,2025-01-10,BOS,97,43,8,35,22,5,7,15,14,34,84,41,11,22,18,SAC,114,56,16,40,26,11,8,12,18,44,102,47,18,9,8,0
0022400527,2025-01-10,PHI,115,42,11,31,23,7,3,9,25,42,91,38,14,19,17,NOP,123,44,12,32,31,7,8,12,16,44,91,40,18,26,17,0
0022400525,2025-01-10,IND,108,48,8,40,27,8,8,15,13,43,82,27,9,19,13,GSW,96,42,11,31,25,11,2,14,19,38,91,38,10,13,10,1
0022400529,2025-01-10,NYK,101,43,16,27,18,7,3,12,15,37,96,31,4,23,23,OKC,126,46,8,38,20,9,9,15,23,48,89,27,14,18,16,0
0022400530,2025-01-10,CHI,138,55,11,44,39,11,7,15,12,53,95,49,23,14,9,WAS,105,45,13,32,26,6,4,16,15,39,98,46,18,13,9,1
0022400536,2025-01-11,POR,98,51,16,35,24,6,6,17,15,36,95,45,13,19,13,MIA,119,43,8,35,31,13,5,11,16,44,92,44,19,16,12,0
0022400534,2025-01-11,DET,123,46,7,39,35,8,5,17,22,44,84,33,19,21,16,TOR,114,45,15,30,27,12,3,12,21,40,92,38,16,27,18,1
0022400533,2025-01-11,PHX,114,38,12,26,26,9,4,11,17,44,86,37,13,19,13,UTA,106,50,21,29,26,6,2,13,18,42,96,42,9,18,13,1
0022400535,2025-01-11,MIN,125,41,7,34,37,7,5,19,16,47,83,42,17,19,14,MEM,127,46,21,25,25,13,3,13,20,48,108,41,16,19,15,0
0022400539,2025-01-12,NYK,140,49,10,39,29,6,4,12,18,51,88,41,18,24,20,MIL,106,39,15,24,22,6,3,14,20,43,94,34,10,17,10,1
0022400546,2025-01-12,UTA,112,41,6,35,25,7,6,11,30,40,90,44,17,20,15,BKN,111,54,15,39,26,5,5,11,17,39,92,40,10,35,23,1
0022400543,2025-01-12,CLE,93,44,6,38,24,4,5,13,18,33,83,41,11,18,16,IND,108,50,9,41,30,11,7,12,22,43,92,35,11,18,11,0
0022400544,2025-01-12,ORL,104,41,12,29,23,10,9,17,23,39,80,30,7,28,19,PHI,99,29,3,26,17,10,4,18,24,33,72,29,12,22,21,1
0022400541,2025-01-12,CHI,119,45,8,37,26,4,4,8,18,43,93,37,18,20,15,SAC,124,53,11,42,33,4,3,8,14,47,95,39,13,21,17,0
0022400542,2025-01-12,BOS,120,55,18,37,23,5,7,12,18,44,101,44,13,23,19,NOP,119,42,6,36,24,8,3,10,19,40,86,37,17,26,22,1
0022400540,2025-01-12,DAL,101,37,8,29,27,7,5,12,20,35,85,34,12,25,19,DEN,112,55,15,40,23,6,5,14,19,46,94,32,7,20,13,0
0022400545,2025-01-12,WAS,95,39,8,31,20,6,6,18,23,28,83,46,9,33,30,OKC,136,56,15,41,26,11,4,13,22,45,95,35,13,35,33,0
0022400547,2025-01-12,PHX,120,39,8,31,31,9,6,12,17,42,87,41,17,22,19,CHA,113,52,15,37,30,10,2,16,20,41,92,40,15,20,16,1
0022400553,2025-01-13,LAC,109,48,7,41,28,11,6,12,15,45,93,36,13,10,6,MIA,98,49,9,40,22,7,3,16,9,33,85,52,17,18,15,1
0022400548,2025-01-13,WAS,106,34,8,26,27,13,3,11,18,40,91,40,17,15,9,MIN,120,53,14,39,20,8,6,19,15,41,83,37,14,31,24,0
0022400552,2025-01-13,LAL,102,40,15,25,24,9,4,19,17,39,87,44,14,16,10,SAS,126,41,12,29,30,16,5,11,15,48,90,35,13,20,17,0
0022400550,2025-01-13,TOR,104,44,14,30,28,3,9,15,18,41,86,29,12,15,10,GSW,101,46,14,32,23,11,4,15,14,35,88,46,16,22,15,1
0022400551,2025-01-13,HOU,120,40,15,25,28,13,8,23,16,41,81,31,16,31,22,MEM,118,31,8,23,15,17,2,18,25,45,84,32,14,21,14,1
0022400549,2025-01-13,NYK,119,42,10,32,26,5,2,18,21,40,80,37,15,29,24,DET,124,39,11,28,20,8,2,13,21,46,92,34,15,18,17,0
0022400560,2025-01-14,POR,114,38,13,25,20,8,3,17,16,39,86,38,17,24,19,BKN,132,44,10,34,36,11,2,13,21,49,90,41,19,18,15,0
0022400556,2025-01-14,ATL,122,54,20,34,22,10,3,14,21,43,98,41,17,26,19,PHX,117,37,6,31,28,10,4,13,17,43,84,35,13,27,18,1
0022400558,2025-01-14,MIL,130,52,11,41,32,2,4,9,21,49,99,45,17,18,15,SAC,115,45,9,36,25,4,5,9,16,42,95,42,17,18,14,1
0022400554,2025-01-14,IND,117,37,9,28,30,10,3,14,18,44,91,28,12,22,17,CLE,127,49,14,35,25,8,6,15,18,43,89,44,15,31,26,0
0022400557,2025-01-14,CHI,113,57,18,39,31,8,6,15,19,45,102,43,14,12,9,NOP,119,46,13,33,32,11,5,10,13,42,96,50,14,26,21,0
0022400559,2025-01-14,DAL,99,30,8,22,27,14,6,12,17,38,90,32,9,22,14,DEN,118,51,11,40,28,9,7,20,20,43,83,29,13,22,19,0
0022400555,2025-01-14,PHI,102,35,11,24,23,10,1,22,18,37,84,44,13,20,15,OKC,118,38,10,28,32,10,4,18,22,45,81,36,12,18,16,0
0022400570,2025-01-15,LAL,117,34,6,28,33,12,4,7,12,47,90,34,13,14,10,MIA,108,37,3,34,25,3,6,20,13,39,73,36,16,15,14,1
0022400571,2025-01-15,LAC,126,46,6,40,26,13,3,16,17,43,79,32,12,30,28,BKN,67,39,15,24,15,9,2,22,16,25,83,28,5,22,12,1
0022400561,2025-01-15,PHI,119,35,11,24,27,8,2,12,19,46,92,35,13,14,14,NYK,125,45,15,30,28,10,3,16,14,46,86,37,16,24,17,0
0022400564,2025-01-15,MIL,122,49,3,46,24,10,10,21,20,45,72,12,7,35,25,ORL,93,32,9,23,24,13,1,13,24,33,95,46,12,21,15,1
0022400563,2025-01-15,CHI,94,53,8,45,23,5,5,20,15,39,88,27,6,10,10,ATL,110,51,14,37,28,11,5,11,15,41,100,43,13,22,15,0
0022400562,2025-01-15,TOR,110,56,13,43,35,4,4,11,19,45,89,34,11,15,9,BOS,97,45,13,32,24,6,8,9,16,36,91,46,16,18,9,1
0022400566,2025-01-15,NOP,119,49,15,34,24,11,8,10,20,43,97,39,13,24,20,DAL,116,45,8,37,27,9,3,17,17,43,90,35,12,25,18,1
0022400565,2025-01-15,MIN,115,41,16,25,21,4,7,9,17,38,86,37,17,29,22,GSW,116,45,14,31,26,8,5,13,26,40,82,36,18,21,18,0
0022400568,2025-01-15,DEN,108,36,9,27,22,4,7,20,16,40,75,29,14,21,14,HOU,128,40,14,26,28,14,6,11,19,49,94,38,17,17,13,0
0022400567,2025-01-15,SAS,115,44,7,37,22,5,11,11,17,40,89,43,16,27,19,MEM,129,52,14,38,28,7,5,8,19,51,103,38,16,17,11,0
0022400569,2025-01-15,UTA,112,36,9,27,30,5,4,12,18,43,93,43,16,17,10,CHA,117,45,11,34,27,6,6,18,16,45,85,39,12,21,15,0
0022400572,2025-01-16,DET,100,55,14,41,22,3,7,19,20,36,91,36,9,22,19,IND,111,40,3,37,28,13,8,10,17,41,89,30,13,22,16,0
0022400573,2025-01-16,WAS,123,45,12,33,28,13,4,13,22,46,92,41,13,27,18,PHX,130,47,10,37,33,10,4,16,23,44,85,33,16,31,26,0
0022400574,2025-01-16,OKC,134,39,8,31,25,12,5,7,20,53,105,53,18,11,10,CLE,114,49,11,38,32,2,5,21,11,42,90,42,13,21,17,1
0022400576,2025-01-16,SAC,132,44,12,32,32,5,3,12,15,49,98,33,14,22,20,HOU,127,46,12,34,24,10,6,14,18,49,93,33,12,24,17,1
0022400575,2025-01-16,POR,89,37,14,23,24,9,1,16,17,34,91,34,9,13,12,LAC,118,50,8,42,23,9,4,18,13,44,78,23,10,27,20,0
0022400578,2025-01-17,NYK,99,41,15,26,19,10,4,9,13,35,90,34,14,17,15,MIN,116,46,11,35,23,5,2,16,16,42,79,40,22,14,10,0
0022400585,2025-01-17,LAL,102,34,6,28,24,6,7,10,12,38,82,34,12,18,14,BKN,101,45,12,33,28,5,6,17,14,37,82,38,17,13,10,1
0022400577,2025-01-17,BOS,121,41,11,30,25,6,3,10,23,42,80,37,17,22,20,ORL,94,37,12,25,15,3,3,12,19,34,82,32,5,31,21,1
0022400579,2025-01-17,MIA,113,41,6,35,30,2,0,8,15,45,91,33,9,14,14,DEN,133,41,7,34,35,5,1,6,10,50,92,33,16,19,17,0
0022400583,2025-01-17,DAL,106,43,6,37,25,11,7,17,18,37,75,41,16,22,16,OKC,98,46,14,32,24,7,2,15,20,35,91,46,20,12,8,1
0022400580,2025-01-17,MIL,130,44,11,33,25,7,5,14,23,42,81,31,13,41,33,TOR,112,43,13,30,31,6,4,14,28,43,91,34,8,24,18,1
0022400581,2025-01-17,NOP,136,56,21,35,34,9,8,13,24,47,100,50,22,31,20,UTA,123,40,7,33,30,7,8,16,20,43,86,38,13,30,24,1
0022400582,2025-01-17,SAS,112,40,10,30,29,4,8,17,15,40,84,36,13,23,19,MEM,140,41,10,31,39,9,0,9,19,55,97,44,19,15,11,0
0022400584,2025-01-17,CHI,123,45,12,33,34,9,3,14,18,48,95,40,14,14,13,CHA,125,44,13,31,26,9,2,12,13,48,96,34,13,20,16,0
0022400588,2025-01-18,IND,115,50,14,36,30,4,4,18,21,44,83,34,11,23,16,PHI,102,32,10,22,21,8,1,9,19,38,89,34,10,22,16,1
0022400586,2025-01-18,DET,121,43,15,28,22,5,3,9,27,44,94,33,9,36,24,PHX,125,50,13,37,25,6,3,10,24,43,86,25,7,40,32,0
0022400587,2025-01-18,BOS,115,53,17,36,23,13,6,14,18,40,104,52,15,23,20,ATL,119,55,13,42,27,9,10,18,17,44,93,37,9,28,22,0
0022400590,2025-01-18,MIN,117,42,9,33,27,4,4,8,19,43,90,38,15,19,16,CLE,124,47,13,34,27,4,1,8,18,42,92,48,17,25,23,0
0022400591,2025-01-18,POR,103,40,8,32,28,6,10,19,24,39,86,36,12,18,13,HOU,125,61,23,38,25,13,4,14,18,48,108,31,14,22,15,0
0022400589,2025-01-18,GSW,122,55,17,38,24,6,7,10,18,45,96,41,14,24,18,WAS,114,44,11,33,24,5,2,14,21,38,86,45,22,23,16,1
0022400596,2025-01-19,LAC,116,38,11,27,27,12,4,13,12,47,89,30,11,14,11,LAL,102,33,5,28,26,6,6,17,14,38,76,27,9,19,17,1
0022400595,2025-01-19,OKC,127,43,8,35,37,8,5,12,19,48,87,43,19,13,12,BKN,101,41,12,29,25,5,3,17,13,37,87,43,12,19,15,1
0022400594,2025-01-19,MIL,123,48,7,41,31,2,3,7,16,43,87,37,14,30,23,PHI,109,38,5,33,26,4,4,9,25,39,86,45,16,22,15,1
0022400592,2025-01-19,MIA,128,49,12,37,35,8,6,11,12,50,95,33,18,10,10,SAS,107,44,13,31,28,4,5,15,9,41,91,40,15,16,10,1
0022400597,2025-01-19,POR,113,50,14,36,21,7,6,18,19,42,89,31,9,25,20,CHI,102,36,8,28,21,10,7,16,19,36,81,29,8,26,22,1
0022400593,2025-01-19,ORL,100,39,16,23,30,15,6,7,19,38,102,41,12,16,12,DEN,113,57,13,44,24,6,8,21,16,40,77,25,7,31,26,0
0022400598,2025-01-19,SAC,123,51,10,41,28,12,4,12,20,46,95,39,12,24,19,WAS,100,46,10,36,19,6,1,17,16,32,89,42,10,32,26,1
0022400601,2025-01-20,MEM,108,47,13,34,19,9,4,13,22,37,86,33,7,34,27,MIN,106,52,17,35,25,5,6,16,26,36,93,43,14,27,20,1
0022400603,2025-01-20,CLE,118,50,15,35,27,10,1,9,18,41,95,46,19,23,17,PHX,92,34,1,33,22,3,5,17,20,36,77,26,10,13,10,1
0022400602,2025-01-20,NYK,119,39,12,27,31,8,1,16,21,47,90,26,9,21,16,ATL,110,41,16,25,23,10,6,24,21,40,85,30,13,22,17,1
0022400604,2025-01-20,GSW,85,38,10,28,28,8,3,12,12,32,92,53,14,11,7,BOS,125,50,8,42,33,8,9,10,8,49,92,48,20,8,7,0
0022400611,2025-01-20,LAC,99,40,10,30,24,4,7,10,20,37,94,42,9,17,16,CHI,112,54,17,37,25,7,6,12,17,38,94,46,15,26,21,0
0022400599,2025-01-20,CHA,110,49,17,32,28,10,7,13,16,40,98,39,17,18,13,DAL,105,51,16,35,19,10,8,14,15,38,88,32,6,26,23,1
0022400605,2025-01-20,NOP,123,45,6,39,28,12,8,14,24,41,92,41,15,29,26,UTA,119,63,19,44,25,6,4,14,19,42,106,46,11,30,24,1
0022400600,2025-01-20,HOU,96,39,15,24,19,18,1,17,17,37,94,39,11,16,11,DET,107,52,13,39,21,12,5,23,11,42,88,27,10,15,13,0
0022400606,2025-01-21,BKN,95,47,14,33,21,4,9,17,18,32,86,40,12,25,19,NYK,99,42,9,33,29,11,3,12,20,40,87,28,8,14,11,0
0022400608,2025-01-21,TOR,109,42,5,37,29,7,6,12,22,39,73,24,13,28,18,ORL,93,48,14,34,16,5,2,14,24,35,85,31,9,19,14,1
0022400609,2025-01-21,DEN,144,51,14,37,39,7,4,14,10,52,85,31,16,25,24,PHI,109,25,8,17,34,7,4,10,20,44,96,38,15,8,6,1
0022400607,2025-01-21,MIA,107,45,12,33,26,2,3,10,14,41,93,42,14,12,11,POR,116,47,11,36,25,3,5,8,13,43,87,43,15,23,15,0
0022400610,2025-01-21,LAL,111,50,7,43,30,6,10,11,11,43,90,34,11,18,14,WAS,88,46,9,37,25,8,8,13,18,34,95,43,11,13,9,1
0022400614,2025-01-22,DAL,114,38,7,31,24,5,4,15,21,45,90,29,8,19,16,MIN,115,39,9,30,26,10,8,11,18,37,81,29,11,34,30,0
0022400613,2025-01-22,BKN,84,52,20,32,16,8,1,17,11,34,91,36,7,14,9,PHX,108,48,11,37,28,9,1,11,12,42,88,41,14,13,10,0
0022400620,2025-01-22,LAC,113,40,9,31,24,11,6,23,25,47,90,28,9,13,10,BOS,117,32,8,24,24,11,4,19,14,41,90,50,19,20,16,0
0022400615,2025-01-22,HOU,109,53,20,33,25,8,5,22,20,40,91,34,15,20,14,CLE,108,45,20,25,25,12,5,13,18,41,97,41,13,19,13,1
0022400619,2025-01-22,SAC,123,38,5,33,24,9,7,8,14,41,81,30,11,32,30,GSW,117,44,12,32,31,5,2,19,27,43,92,48,22,13,9,1
0022400618,2025-01-22,OKC,123,39,13,26,20,15,4,11,23,44,95,39,12,25,23,UTA,114,52,23,29,25,3,6,27,20,42,90,37,14,24,16,1
0022400612,2025-01-22,ATL,104,47,15,32,25,14,3,14,14,39,103,38,6,26,20,DET,114,51,7,44,27,7,10,21,19,42,84,34,12,19,18,0
0022400616,2025-01-22,MEM,132,40,13,27,36,9,6,16,30,49,98,47,21,14,13,CHA,120,33,11,22,27,9,4,16,19,41,86,31,11,32,27,1
0022400624,2025-01-23,MIL,125,55,11,44,32,5,6,7,14,46,98,40,18,20,15,MIA,96,50,13,37,26,3,3,11,18,34,92,51,12,21,16,1
0022400622,2025-01-23,ORL,79,44,14,30,17,9,6,22,18,26,76,25,6,31,21,POR,101,42,8,34,23,14,12,15,21,40,82,28,9,19,12,0
0022400626,2025-01-23,DEN,132,56,15,41,30,10,8,11,14,49,101,37,13,31,21,SAC,123,53,17,36,31,5,3,13,20,47,107,41,15,19,14,1
0022400629,2025-01-23,LAL,117,53,10,43,27,4,3,10,14,42,89,35,15,20,18,BOS,96,42,11,31,23,5,6,7,17,35,91,41,14,18,12,1
0022400628,2025-01-23,GSW,131,52,15,37,37,3,6,12,21,46,102,57,25,14,14,CHI,106,42,10,32,22,7,2,13,16,34,87,40,16,27,22,1
0022400625,2025-01-23,OKC,115,33,8,25,26,9,4,13,27,42,88,37,15,22,16,DAL,121,43,8,35,25,9,3,20,25,39,74,31,14,36,29,0
0022400623,2025-01-23,ATL,119,36,9,27,30,11,2,15,21,42,87,37,13,30,22,TOR,122,39,6,33,32,10,2,20,26,47,81,21,9,24,19,0
0022400983,2025-01-23,LAC,110,55,11,44,29,10,7,18,19,40,88,38,13,18,17,WAS,93,49,14,35,24,14,1,16,21,32,94,46,11,21,18,1
0022400630,2025-01-24,CHA,97,46,16,30,20,9,6,16,28,32,85,31,9,28,24,POR,102,47,15,32,17,12,6,17,21,32,79,38,11,39,27,0
0022400631,2025-01-24,PHI,132,43,16,27,23,9,6,18,16,44,87,39,21,27,23,CLE,129,37,10,27,30,10,5,16,20,45,90,52,25,19,14,1
0022400632,2025-01-24,MEM,139,43,16,27,38,8,4,13,19,56,101,42,19,8,8,NOP,126,35,8,27,30,6,3,13,10,45,83,34,14,32,22,1
0022400644,2025-01-25,GSW,108,38,11,27,30,10,0,14,15,41,89,46,16,16,10,LAL,118,42,10,32,29,8,2,13,13,47,86,29,10,17,14,0
0022400636,2025-01-25,BKN,97,35,8,27,23,11,5,15,21,30,80,40,14,26,23,MIA,106,51,12,39,22,9,6,22,23,35,79,28,13,24,23,0
0022400646,2025-01-25,LAC,127,47,12,35,19,8,3,7,23,44,97,34,11,28,28,MIL,117,42,5,37,24,2,5,13,21,37,79,35,13,34,30,1
0022400642,2025-01-25,CHI,97,54,13,41,24,6,3,20,16,36,85,38,12,20,13,PHI,109,40,6,34,23,10,4,10,15,42,92,45,13,17,12,0
0022400641,2025-01-25,NYK,143,53,17,36,40,9,4,11,13,52,105,36,17,23,22,SAC,120,38,9,29,33,5,5,12,19,46,95,36,14,16,14,1
0022400635,2025-01-25,DAL,107,49,13,36,18,2,8,13,20,39,88,22,8,28,21,BOS,122,51,17,34,33,4,5,5,24,44,103,52,20,19,14,0
0022400637,2025-01-25,CHA,123,48,9,39,28,11,5,15,18,42,84,50,21,25,18,NOP,92,39,9,30,21,8,5,13,17,32,84,31,8,26,20,1
0022400634,2025-01-25,MIN,133,45,18,27,38,14,4,16,14,53,95,30,14,15,13,DEN,104,36,14,22,32,7,3,20,13,43,88,32,11,13,7,1
0022400640,2025-01-25,CLE,131,40,10,30,28,4,5,11,30,47,91,39,17,26,20,HOU,135,45,14,31,26,5,4,11,23,45,82,28,13,45,32,0
0022400639,2025-01-25,ATL,94,43,8,35,28,14,5,24,20,33,84,37,11,25,17,TOR,117,51,9,42,31,11,7,21,20,42,90,30,11,25,22,0
0022400643,2025-01-25,MEM,125,45,13,32,28,10,9,17,19,43,84,38,14,34,25,UTA,103,40,14,26,27,8,5,17,22,39,92,47,12,16,13,1
0022400645,2025-01-25,PHX,119,53,12,41,23,4,4,11,11,40,90,40,13,28,26,WAS,109,37,5,32,28,8,5,8,17,42,90,41,18,9,7,1
0022400638,2025-01-25,ORL,121,40,8,32,22,8,4,15,23,40,83,33,15,38,26,DET,113,41,11,30,22,11,5,16,25,40,86,25,10,28,23,1
0022400647,2025-01-26,POR,108,44,13,31,21,2,6,15,27,33,81,40,18,28,24,OKC,118,43,14,29,24,7,3,9,19,42,89,30,10,29,24,0
0022400648,2025-01-27,CHA,107,34,10,24,26,11,3,14,19,39,87,36,14,18,15,LAL,112,48,12,36,22,9,5,19,18,44,86,28,6,24,18,0
0022400658,2025-01-27,UTA,110,46,15,31,28,8,1,11,19,41,100,54,18,13,10,MIL,125,46,5,41,33,6,5,12,18,52,86,34,12,17,9,0
0022400652,2025-01-27,MIA,125,43,5,38,34,9,2,18,21,48,92,41,15,21,14,ORL,119,47,12,35,32,9,4,15,19,45,98,39,14,25,15,1
0022400651,2025-01-27,BKN,96,39,16,23,19,9,3,16,20,30,82,36,10,30,26,SAC,110,44,11,33,31,7,4,18,24,45,82,28,9,17,11,0
0022400656,2025-01-27,MIN,100,51,14,37,18,13,4,18,18,34,86,40,12,29,20,ATL,92,51,14,37,24,10,3,22,20,34,86,43,12,18,12,1
0022400654,2025-01-27,TOR,113,54,13,41,31,8,5,13,24,43,100,33,9,23,18,NOP,104,46,6,40,21,9,11,13,16,39,89,28,6,30,20,1
0022400655,2025-01-27,CHI,129,47,13,34,35,11,5,17,14,49,98,53,24,8,7,DEN,121,42,12,30,36,13,5,15,11,52,100,27,6,11,11,1
0022400650,2025-01-27,BOS,112,41,7,34,21,4,4,15,20,39,80,39,15,20,19,HOU,114,39,12,27,29,7,1,8,22,41,92,41,17,21,15,0
0022400659,2025-01-27,PHX,111,39,11,28,23,10,5,17,17,40,85,47,22,11,9,LAC,109,42,10,32,22,12,5,15,15,41,83,32,10,20,17,1
0022400653,2025-01-27,NYK,143,46,17,29,32,20,7,11,16,56,108,44,17,18,14,MEM,106,47,18,29,21,5,9,26,16,41,91,24,9,17,15,1
0022400657,2025-01-27,DAL,130,51,13,38,39,5,7,12,20,49,92,45,20,17,12,WAS,108,45,14,31,23,5,3,11,15,42,101,37,11,17,13,1
0022400649,2025-01-27,CLE,110,53,12,41,28,5,4,10,13,40,91,44,12,23,18,DET,91,45,12,33,24,6,4,10,17,37,96,36,10,11,7,1
0022400660,2025-01-28,PHI,118,43,12,31,20,14,4,9,20,43,91,34,11,25,21,LAL,104,39,4,35,25,5,3,22,19,37,72,33,10,23,20,1
0022400662,2025-01-28,POR,125,52,17,35,26,6,2,15,18,45,88,28,12,28,23,MIL,112,36,9,27,26,8,2,11,22,44,87,35,11,18,13,1
0022400532,2025-01-28,ATL,96,40,9,31,19,11,5,18,18,36,89,47,11,16,13,HOU,100,44,6,38,19,12,4,21,20,37,79,30,7,20,19,0
0022400661,2025-01-28,GSW,114,47,16,31,29,8,4,9,24,36,92,49,17,31,25,UTA,103,39,5,34,30,4,6,15,24,39,76,26,8,24,17,1
0022400672,2025-01-29,PHX,113,36,10,26,30,7,6,16,25,43,85,32,12,20,15,MIN,121,34,4,30,26,8,6,16,19,42,75,29,13,27,24,0
0022400663,2025-01-29,CHA,83,52,18,34,18,6,7,17,19,28,83,35,10,25,17,BKN,104,40,7,33,27,11,8,11,18,39,80,32,10,20,16,0
0022400669,2025-01-29,PHI,117,35,5,30,30,8,1,10,20,43,82,29,12,22,19,SAC,104,46,14,32,34,5,1,12,16,40,90,41,10,17,14,1
0022400667,2025-01-29,MIA,106,35,6,29,27,4,4,14,5,39,83,43,15,15,13,CLE,126,47,13,34,29,10,2,7,17,54,100,42,13,6,5,0
0022400666,2025-01-29,BOS,122,45,6,39,32,9,3,9,13,41,87,44,18,27,22,CHI,100,47,10,37,28,3,7,15,19,37,92,49,15,12,11,1
0022400670,2025-01-29,NOP,136,36,10,26,31,13,6,8,15,51,96,31,15,22,19,DAL,137,51,16,35,30,6,6,19,17,52,96,43,20,17,13,0
0022400668,2025-01-29,NYK,122,35,6,29,33,7,2,6,16,48,93,34,14,18,12,DEN,112,47,11,36,21,3,5,14,19,41,84,28,10,23,20,1
0022400671,2025-01-29,SAS,116,30,7,23,27,11,5,10,22,42,87,42,14,25,18,LAC,128,57,17,40,26,7,3,17,17,48,91,24,12,23,20,0
0022400673,2025-01-29,GSW,116,42,7,35,30,6,7,15,24,40,81,38,13,28,23,OKC,109,50,17,33,21,8,3,14,21,40,99,39,9,25,20,1
0022400665,2025-01-29,WAS,82,43,10,33,17,6,5,27,21,28,72,30,5,29,21,TOR,106,36,7,29,31,12,3,14,27,42,88,31,11,15,11,0
0022400664,2025-01-29,IND,133,36,5,31,28,7,5,13,18,46,81,38,19,31,22,DET,119,41,9,32,26,7,3,15,21,44,89,34,12,26,19,1
0022400674,2025-01-30,WAS,96,38,12,26,18,4,6,15,18,29,91,44,10,34,28,LAL,134,48,9,39,31,9,6,11,24,49,90,32,15,22,21,0
0022400677,2025-01-30,UTA,113,23,3,20,21,6,4,15,20,39,77,34,14,25,21,MIN,138,39,9,30,38,5,9,13,18,49,82,38,21,24,19,0
0022400678,2025-01-30,POR,119,38,9,29,23,7,5,14,18,41,78,25,12,31,25,ORL,90,33,13,20,14,8,6,16,23,34,81,26,5,20,17,1
0022400675,2025-01-30,CLE,137,49,10,39,34,9,3,12,19,53,91,39,13,20,18,ATL,115,36,10,26,28,10,1,11,18,41,90,39,13,27,20,1
0022400676,2025-01-30,MEM,120,37,9,28,23,7,6,11,25,48,93,28,9,20,15,HOU,119,45,19,26,22,6,5,12,20,42,97,32,13,28,22,1
0022400684,2025-01-31,SAS,144,53,13,40,37,7,11,6,20,50,102,50,24,25,20,MIL,118,47,17,30,24,3,8,10,19,43,100,37,12,26,20,1
0022400685,2025-01-31,GSW,105,49,14,35,26,11,6,12,19,36,96,44,16,25,17,PHX,130,48,4,44,41,7,7,15,20,50,89,39,19,16,11,0
0022400683,2025-01-31,NOP,116,48,10,38,16,7,2,20,21,44,90,37,15,19,13,BOS,118,35,5,30,32,12,7,13,16,42,84,41,16,26,18,0
0022400682,2025-01-31,TOR,106,44,7,37,27,6,8,7,13,39,92,30,10,27,18,CHI,122,52,9,43,34,4,9,11,18,45,89,40,18,17,14,0
0022400680,2025-01-31,DET,117,47,18,29,18,13,6,7,15,47,106,35,9,16,14,DAL,102,46,16,30,20,4,13,18,14,37,87,33,11,21,17,1
0022400681,2025-01-31,PHI,134,27,11,16,29,12,3,14,16,50,90,40,21,16,13,DEN,137,35,9,26,39,7,2,19,17,54,82,23,12,18,17,0
0022400679,2025-01-31,CHA,104,42,13,29,18,11,3,9,16,42,96,30,7,15,13,LAC,112,45,9,36,26,7,4,18,18,44,81,28,11,20,13,0
0022400692,2025-02-01,NYK,112,44,16,28,33,7,3,14,16,44,95,28,10,19,14,LAL,128,37,3,34,26,9,4,15,22,47,81,40,19,18,15,0
0022400693,2025-02-01,SAS,103,48,13,35,27,8,3,11,18,38,91,36,12,21,15,MIA,105,52,12,40,30,7,5,14,15,41,89,42,13,17,10,0
0022400689,2025-02-01,HOU,98,44,14,30,18,6,6,11,20,38,95,39,12,15,10,BKN,110,46,13,33,24,5,8,11,16,43,87,27,10,21,14,0
0022400687,2025-02-01,UTA,113,51,8,43,26,5,7,16,27,39,84,35,14,24,21,ORL,99,43,11,32,19,9,7,8,23,30,91,41,9,35,30,1
0022400694,2025-02-01,POR,127,43,10,33,24,11,5,10,20,46,89,31,9,31,26,PHX,108,37,11,26,21,5,2,19,21,38,84,33,10,26,22,1
0022400691,2025-02-01,OKC,144,70,20,50,37,5,6,12,18,57,107,46,19,16,11,SAC,110,37,9,28,25,8,5,8,10,40,100,44,11,26,19,1
0022400686,2025-02-01,IND,132,41,7,34,35,6,5,12,26,49,90,33,12,25,22,ATL,127,44,11,33,31,6,4,13,23,45,90,37,14,32,23,1
0022400688,2025-02-01,CHA,104,51,13,38,31,5,6,12,13,41,95,26,9,17,13,DEN,107,43,8,35,29,9,9,11,16,41,88,37,7,20,18,0
0022400690,2025-02-01,MIN,103,47,11,36,29,10,3,16,16,38,93,40,12,18,15,WAS,105,44,7,37,26,7,6,17,21,38,83,33,15,17,14,0
0022400698,2025-02-02,PHI,110,46,8,38,20,7,2,10,19,37,82,32,15,28,21,BOS,118,38,5,33,34,3,8,9,21,42,84,49,21,16,13,0
0022400695,2025-02-02,DET,127,42,8,34,38,14,5,11,18,54,99,30,10,13,9,CHI,119,44,11,33,28,7,4,20,11,41,89,52,19,20,18,1
0022400696,2025-02-02,CLE,144,51,3,48,39,7,8,9,17,53,93,45,26,16,12,DAL,101,45,10,35,22,6,3,9,11,40,103,43,9,15,12,1
0022400697,2025-02-02,TOR,115,43,10,33,31,6,6,14,17,44,85,25,13,16,14,LAC,108,41,13,28,21,6,7,10,15,41,88,28,9,21,17,1
0022400699,2025-02-02,MIL,119,36,8,28,32,7,5,13,21,44,91,45,20,19,11,MEM,132,61,22,39,37,9,5,12,15,52,107,39,14,22,14,0
0022400705,2025-02-03,OKC,125,55,14,41,28,9,5,17,18,51,99,41,16,8,7,MIL,96,37,9,28,24,12,3,15,12,35,93,39,13,21,13,1
0022400708,2025-02-03,GSW,104,44,9,35,25,9,0,13,16,34,78,39,12,34,24,ORL,99,52,18,34,23,8,2,12,26,43,99,32,8,10,5,1
0022400707,2025-02-03,UTA,111,60,17,43,31,5,4,19,17,39,91,37,13,30,20,IND,112,37,6,31,32,13,10,9,20,43,91,42,10,20,16,0
0022400709,2025-02-03,POR,121,48,14,34,30,6,2,13,21,40,89,40,16,30,25,PHX,119,43,10,33,28,12,5,15,21,40,85,42,15,28,24,1
0022400704,2025-02-03,MIN,114,36,11,25,28,5,8,8,16,43,94,40,12,16,16,SAC,116,47,11,36,23,7,6,12,16,45,92,24,10,20,16,0
0022400703,2025-02-03,MEM,128,47,10,37,33,17,5,15,18,48,99,36,14,20,18,SAS,109,48,9,39,31,8,2,23,18,41,91,36,12,20,15,1
0022400701,2025-02-03,DET,130,41,10,31,31,7,2,14,25,43,83,27,9,38,35,ATL,132,37,5,32,27,8,7,14,27,42,81,37,16,39,32,0
0022400706,2025-02-03,DEN,125,46,14,32,28,7,6,6,16,46,92,33,12,26,21,NOP,113,41,14,27,27,5,4,10,21,38,88,38,18,22,19,1
0022400702,2025-02-03,NYK,124,40,12,28,24,9,5,14,15,47,93,26,6,30,24,HOU,118,50,20,30,27,8,6,17,26,48,104,28,8,15,14,1
0022400700,2025-02-03,CHA,114,46,9,37,26,4,1,11,17,39,89,29,11,28,25,WAS,124,54,18,36,29,6,5,11,21,44,99,51,17,23,19,0
0022400715,2025-02-04,LAC,97,36,10,26,30,9,5,10,17,34,89,41,12,19,17,LAL,122,50,10,40,33,7,3,15,15,45,81,37,18,23,14,0
0022400714,2025-02-04,CHI,133,43,7,36,35,4,3,10,18,48,91,41,19,22,18,MIA,124,44,11,33,29,4,3,14,17,43,90,44,17,26,21,1
0022400713,2025-02-04,TOR,115,34,10,24,27,7,4,14,22,43,82,29,11,19,18,NYK,121,43,17,26,26,10,4,13,15,47,94,25,8,23,19,0
0022400716,2025-02-04,POR,112,51,16,35,23,8,4,19,17,41,92,37,14,17,16,IND,89,39,14,25,25,11,6,19,19,34,81,24,5,21,16,1
0022400710,2025-02-04,CLE,105,51,14,37,18,6,1,13,23,36,91,39,11,26,22,BOS,112,53,15,38,26,10,6,12,21,40,98,48,17,18,15,0
0022400712,2025-02-04,PHI,118,34,9,25,37,5,4,13,21,47,86,33,11,19,13,DAL,116,44,15,29,24,8,4,12,19,40,85,33,11,31,25,1
0022400711,2025-02-04,BKN,99,39,10,29,26,10,9,14,25,38,82,27,10,17,13,HOU,97,45,16,29,23,6,6,18,18,34,83,32,11,27,18,1
0022400721,2025-02-05,PHI,101,39,11,28,22,14,4,5,15,37,96,40,12,20,15,MIA,108,54,13,41,25,3,4,22,13,39,83,34,14,20,16,0
0022400717,2025-02-05,CHA,102,41,9,32,21,4,1,8,14,38,88,34,11,20,15,MIL,112,44,6,38,26,6,4,11,16,41,81,42,18,13,12,0
0022400727,2025-02-05,SAC,111,37,14,23,23,6,4,19,14,40,80,27,10,28,21,ORL,130,35,9,26,30,8,3,11,24,50,88,31,16,15,14,0
0022400724,2025-02-05,OKC,140,46,17,29,24,15,4,6,23,52,102,42,12,27,24,PHX,109,35,3,32,24,3,2,22,17,33,70,36,14,33,29,1
0022400719,2025-02-05,ATL,125,45,8,37,33,5,5,20,14,48,91,42,16,18,13,SAS,126,41,11,30,36,16,3,10,20,51,101,37,12,16,12,0
0022400718,2025-02-05,DET,115,45,17,28,22,13,5,12,21,39,98,37,12,28,25,CLE,118,46,11,35,28,6,7,24,22,41,85,38,16,24,20,0
0022400726,2025-02-05,DEN,144,51,13,38,40,9,4,9,21,57,100,43,16,15,14,NOP,119,38,10,28,26,5,3,11,10,43,93,29,10,26,23,1
0022400723,2025-02-05,MIN,127,59,23,36,27,6,8,11,15,42,98,47,20,28,23,CHI,108,34,6,28,25,9,5,11,22,40,83,36,12,22,16,1
0022400725,2025-02-05,UTA,131,48,12,36,30,5,5,13,23,48,92,37,13,27,22,GSW,128,41,12,29,33,6,4,9,24,46,100,48,17,27,19,1
0022400722,2025-02-05,TOR,107,34,14,20,28,11,3,10,29,39,98,42,12,19,17,MEM,138,61,24,37,22,7,5,18,19,47,89,38,16,38,28,0
0022400720,2025-02-05,BKN,102,37,12,25,26,7,3,10,20,36,83,38,13,23,17,WAS,119,40,7,33,40,6,3,15,21,44,81,43,20,14,11,0
0022400730,2025-02-06,DEN,112,52,12,40,33,7,4,20,22,44,83,30,12,21,12,ORL,90,40,13,27,21,10,8,14,15,31,84,31,5,30,23,1
0022400733,2025-02-06,LAC,112,48,11,37,25,5,4,19,16,41,88,40,17,18,13,IND,119,46,12,34,31,13,3,8,14,43,95,39,13,24,20,0
0022400732,2025-02-06,POR,108,47,10,37,25,5,7,13,18,39,90,40,16,18,14,SAC,102,47,11,36,21,8,6,11,20,37,88,30,10,22,18,1
0022400728,2025-02-06,BOS,120,40,11,29,30,2,6,14,17,46,89,37,16,15,12,DAL,127,35,8,27,32,9,4,11,15,49,88,33,15,18,14,0
0022400731,2025-02-06,LAL,120,47,7,40,26,9,5,14,21,39,78,35,13,36,29,GSW,112,40,10,30,29,8,2,12,25,41,101,53,16,20,14,1
0022400729,2025-02-06,MIN,127,47,18,29,23,5,6,13,21,45,94,39,16,24,21,HOU,114,39,12,27,26,12,7,12,18,41,84,31,12,28,20,1
0022400737,2025-02-07,BKN,102,57,18,39,17,8,13,14,15,39,93,37,10,18,14,MIA,86,39,11,28,23,9,5,14,19,32,90,40,12,12,10,1
0022400736,2025-02-07,ATL,115,52,11,41,29,6,6,11,14,45,92,36,13,18,12,MIL,110,43,7,36,28,5,3,10,17,41,96,50,19,10,9,1
0022400738,2025-02-07,DET,125,56,21,35,32,7,4,15,24,44,97,44,17,26,20,PHI,112,38,7,31,26,7,7,13,20,41,83,31,13,20,17,1
0022400734,2025-02-07,CHA,117,53,16,37,33,4,4,11,22,47,101,38,17,6,6,SAS,116,38,13,25,25,8,5,8,13,42,92,39,12,24,20,1
0022400735,2025-02-07,WAS,124,40,16,24,25,8,2,15,17,46,94,44,16,25,16,CLE,134,46,15,31,32,9,3,14,20,48,94,38,16,24,22,0
0022400739,2025-02-07,OKC,121,44,11,33,26,10,7,12,14,43,84,31,9,31,26,TOR,109,42,14,28,31,9,6,12,24,39,91,41,19,19,12,1
0022400740,2025-02-07,PHX,135,49,12,37,31,6,15,8,17,47,104,56,22,21,19,UTA,127,63,25,38,29,5,7,12,16,48,117,48,13,20,18,1
0022400742,2025-02-08,LAL,124,46,9,37,29,6,3,15,22,46,88,33,11,23,21,IND,117,38,11,27,27,10,2,11,20,37,87,38,12,32,31,1
0022400747,2025-02-08,MIN,114,43,8,35,23,8,2,14,18,43,82,28,10,28,18,POR,98,45,16,29,18,11,6,17,24,37,92,35,7,22,17,1
0022400743,2025-02-08,ORL,112,45,13,32,19,10,1,15,18,45,88,30,10,20,12,SAS,111,34,4,30,27,10,7,14,14,41,77,30,13,20,16,1
0022400744,2025-02-08,WAS,111,53,14,39,26,6,2,18,18,41,93,36,9,21,20,ATL,125,41,8,33,36,6,7,12,19,47,97,44,18,17,13,0
0022400748,2025-02-08,NYK,104,30,7,23,16,9,1,9,15,35,83,24,9,29,25,BOS,131,48,11,37,21,6,7,11,21,46,85,39,19,24,20,0
0022400750,2025-02-08,SAC,123,51,11,40,24,10,7,18,22,43,91,41,11,33,26,NOP,118,39,5,34,27,12,8,16,24,43,90,36,14,25,18,1
0022400749,2025-02-08,PHX,105,43,17,26,25,5,6,6,15,38,98,50,17,15,12,DEN,122,56,15,41,28,5,4,10,13,45,92,35,16,17,16,0
0022400745,2025-02-08,CHI,111,31,6,25,24,8,4,17,19,35,79,39,17,31,24,GSW,132,44,16,28,34,8,7,15,23,45,90,48,19,27,23,0
0022400741,2025-02-08,DAL,116,43,12,31,22,4,18,6,18,39,83,23,12,34,26,HOU,105,48,19,29,21,2,5,9,22,40,100,28,8,22,17,1
0022400746,2025-02-08,MEM,112,40,10,30,21,7,9,13,21,36,81,28,12,39,28,OKC,125,55,21,34,29,5,5,9,27,45,105,42,18,21,17,0
0022400751,2025-02-08,LAC,130,37,8,29,36,8,2,15,20,51,88,26,11,21,17,UTA,110,38,12,26,26,7,4,20,21,39,83,43,17,18,15,1
0022400754,2025-02-09,MIL,135,53,19,34,29,7,3,12,18,46,105,55,24,20,19,PHI,127,42,8,34,28,9,5,14,21,47,89,45,18,19,15,1
0022400753,2025-02-09,HOU,94,58,10,48,17,8,3,15,19,31,86,38,10,28,22,TOR,87,48,7,41,19,5,6,10,21,33,90,42,8,17,13,1
0022400752,2025-02-09,DET,112,46,14,32,31,11,1,11,21,44,90,37,11,16,13,CHA,102,37,9,28,25,8,1,14,18,34,78,32,15,23,19,1
0022400755,2025-02-10,CLE,128,49,14,35,27,10,5,17,24,48,94,43,17,20,15,MIN,107,41,15,26,17,10,6,16,19,36,90,39,12,30,23,1
0022400763,2025-02-10,DEN,146,38,6,32,44,12,2,10,23,60,91,25,8,20,18,POR,117,33,10,23,25,4,4,16,20,40,88,37,15,26,22,1
0022400762,2025-02-10,DAL,128,33,5,28,31,11,4,13,19,49,95,37,15,24,15,SAC,129,50,13,37,28,3,3,21,22,53,96,26,9,19,14,0
0022400757,2025-02-10,WAS,121,42,10,32,26,5,3,14,23,45,93,47,14,19,17,SAS,131,43,11,32,28,11,4,12,17,45,88,38,17,29,24,0
0022400756,2025-02-10,ORL,106,36,7,29,22,10,8,18,21,37,78,30,12,24,20,ATL,112,39,6,33,29,10,3,17,17,38,77,32,12,28,24,0
0022400759,2025-02-10,MIA,85,51,12,39,21,2,2,4,10,31,92,45,11,13,12,BOS,103,52,3,49,24,4,5,8,11,39,85,53,17,8,8,0
0022400761,2025-02-10,OKC,137,45,10,35,29,15,8,11,20,49,95,55,27,16,12,NOP,101,42,12,30,19,4,4,23,14,36,82,27,10,28,19,1
0022400760,2025-02-10,MIL,111,37,5,32,18,5,4,20,25,38,76,33,10,34,25,GSW,125,48,15,33,27,16,2,9,23,41,93,45,13,38,30,0
0022400768,2025-02-10,LAL,132,44,10,34,28,11,2,13,22,50,92,42,15,18,17,UTA,113,39,11,28,29,6,3,19,17,39,84,40,12,27,23,1
0022400758,2025-02-10,BKN,97,47,19,28,24,10,6,17,24,37,93,42,10,14,13,CHA,89,40,11,29,18,7,7,18,10,32,78,31,6,28,19,1
0022400765,2025-02-11,IND,115,36,9,27,32,8,3,10,17,43,89,31,9,26,20,NYK,128,48,13,35,37,6,2,16,22,49,91,27,10,23,20,0
0022400764,2025-02-11,PHI,103,46,14,32,22,10,2,14,18,37,91,38,9,24,20,TOR,106,49,10,39,23,8,4,19,20,38,82,33,11,23,19,0
0022400767,2025-02-11,PHX,112,42,7,35,35,8,9,12,17,41,92,44,12,22,18,MEM,119,60,20,40,22,8,3,13,22,43,100,39,12,27,21,0
0022400766,2025-02-11,CHI,92,44,14,30,22,9,2,16,10,35,100,47,10,19,12,DET,132,55,8,47,30,10,8,15,19,51,96,41,18,13,12,0
0022400781,2025-02-12,UTA,131,48,11,37,30,10,8,12,21,45,86,41,15,33,26,LAL,119,45,14,31,31,5,3,14,20,41,92,50,20,30,17,1
0022400778,2025-02-12,OKC,115,41,11,30,22,10,3,13,19,43,88,39,15,20,14,MIA,101,45,10,35,24,7,5,16,17,36,79,34,11,25,18,1
0022400776,2025-02-12,MIN,101,59,15,44,27,4,6,14,13,39,103,44,10,15,13,MIL,103,48,6,42,24,7,1,13,15,39,88,30,12,16,13,0
0022400771,2025-02-12,WAS,130,46,7,39,29,5,7,18,20,47,97,45,23,16,13,IND,134,42,10,32,38,7,5,9,17,50,107,35,16,20,18,0
0022400772,2025-02-12,BKN,100,50,16,34,23,13,7,18,18,40,85,30,8,15,12,PHI,96,38,9,29,25,10,9,15,15,35,81,33,8,22,18,1
0022400779,2025-02-12,HOU,119,47,17,30,32,10,4,11,15,46,97,42,13,24,14,PHX,111,43,11,32,25,7,5,18,19,46,89,26,10,11,9,1
0022400780,2025-02-12,DEN,132,49,12,37,26,9,7,14,20,49,96,38,15,24,19,POR,121,45,14,31,27,7,6,12,19,43,94,38,14,29,21,1
0022400777,2025-02-12,NOP,111,40,12,28,28,7,5,9,23,44,94,32,8,18,15,SAC,119,48,12,36,28,4,7,11,16,41,87,45,16,29,21,0
0022400769,2025-02-12,BOS,116,56,15,41,25,3,5,17,12,42,91,55,18,21,14,SAS,103,38,9,29,30,9,2,8,16,42,96,39,9,12,10,1
0022400773,2025-02-12,NYK,149,39,8,31,28,6,5,18,23,54,94,26,11,37,30,ATL,148,47,19,28,43,12,10,14,29,55,110,38,14,35,24,1
0022400774,2025-02-12,TOR,108,39,9,30,26,7,5,15,14,42,91,29,10,21,14,CLE,131,53,13,40,34,11,4,13,19,48,99,53,18,20,17,0
0022400782,2025-02-12,DAL,111,39,9,30,20,9,7,15,16,42,87,36,15,15,12,GSW,107,50,18,32,29,9,6,16,16,41,96,35,10,18,15,1
0022400783,2025-02-12,LAC,128,46,13,33,29,17,2,17,15,47,93,35,13,22,21,MEM,114,40,9,31,24,5,4,22,21,44,89,36,18,15,8,1
0022400775,2025-02-12,CHI,110,37,10,27,23,9,7,18,27,37,86,41,9,30,27,DET,128,47,12,35,30,8,6,17,22,45,88,25,10,35,28,0
0022400770,2025-02-12,ORL,102,52,13,39,22,4,9,11,12,37,90,43,14,19,14,CHA,86,43,6,37,21,4,4,12,15,32,81,26,8,15,14,1
0022400786,2025-02-13,DAL,118,40,11,29,28,7,2,14,17,46,90,36,13,16,13,MIA,113,42,16,26,23,9,4,13,14,43,91,36,10,26,17,1
0022400785,2025-02-13,NOP,140,45,7,38,32,11,7,10,17,46,92,50,21,34,27,SAC,133,58,21,37,38,8,1,15,19,49,112,47,17,21,18,1
0022400784,2025-02-13,HOU,98,52,15,37,24,7,5,20,20,38,93,36,12,18,10,GSW,105,42,9,33,26,13,6,11,18,35,89,41,11,27,24,0
0022401004,2025-02-13,UTA,116,47,9,38,23,7,1,26,25,38,78,45,18,26,22,LAC,120,43,13,30,22,16,5,12,22,39,94,38,14,36,28,0
0022400787,2025-02-13,MIN,116,54,20,34,28,5,2,10,17,42,99,46,12,22,20,OKC,101,49,12,37,25,4,7,10,17,37,88,29,7,24,20,1
0022400524,2025-02-19,LAL,97,50,12,38,29,7,4,18,17,37,90,51,15,12,8,CHA,100,47,9,38,20,12,4,19,16,33,91,53,18,17,16,0
0022400796,2025-02-20,POR,102,33,6,27,27,16,7,17,24,38,86,37,12,21,14,LAL,110,48,11,37,20,7,6,24,17,39,82,32,9,25,23,0
0022400790,2025-02-20,ATL,108,51,16,35,20,7,4,9,25,39,100,35,11,28,19,ORL,114,53,11,42,15,6,7,8,22,41,85,25,6,38,26,0
0022400795,2025-02-20,SAS,120,44,6,38,30,13,3,11,20,44,93,41,15,22,17,PHX,109,39,5,34,28,6,4,18,21,38,81,44,16,20,17,1
0022400789,2025-02-20,PHI,104,44,10,34,23,7,0,10,17,40,93,39,8,17,16,BOS,124,49,11,38,33,3,6,11,16,43,89,54,24,15,14,0
0022400791,2025-02-20,BKN,97,45,14,31,25,7,10,16,23,38,95,38,10,19,11,CLE,110,52,17,35,19,8,5,17,20,40,94,39,11,27,19,0
0022400792,2025-02-20,NYK,113,54,10,44,28,10,7,13,12,46,107,46,14,10,7,CHI,111,53,11,42,24,6,6,15,12,41,103,48,19,12,10,1
0022400793,2025-02-20,MIL,116,41,8,33,22,5,5,18,18,38,80,43,17,27,23,LAC,110,43,11,32,28,14,7,14,27,41,88,30,12,19,16,1
0022400788,2025-02-20,IND,127,46,9,37,29,6,12,11,20,46,91,45,17,22,18,MEM,113,46,12,34,28,6,7,13,19,41,99,39,12,22,19,1
0022400794,2025-02-20,DEN,129,55,16,39,29,3,3,14,14,49,98,43,19,16,12,CHA,115,45,14,31,28,10,2,10,21,43,99,37,15,17,14,1
0022400800,2025-02-21,TOR,111,46,14,32,25,8,2,14,19,38,91,43,17,23,18,MIA,120,44,8,36,20,8,3,14,22,46,90,36,13,18,15,0
0022400799,2025-02-21,WAS,101,42,8,34,25,9,4,14,21,35,87,39,12,27,19,MIL,104,44,8,36,24,11,6,17,24,39,82,32,9,26,17,0
0022400801,2025-02-21,HOU,121,48,9,39,18,5,6,20,25,42,84,26,13,32,24,MIN,115,35,7,28,22,10,6,9,22,41,92,38,11,26,22,1
0022400797,2025-02-21,CLE,142,47,11,36,38,12,2,15,15,56,92,37,19,15,11,NYK,105,32,9,23,25,8,3,17,12,42,89,28,10,18,11,1
0022400803,2025-02-21,DAL,111,47,8,39,28,8,4,14,18,37,86,44,16,27,21,NOP,103,53,14,39,25,8,6,14,23,38,92,27,8,25,19,1
0022400805,2025-02-21,SAC,108,39,11,28,26,8,3,24,16,40,79,32,11,18,17,GSW,132,35,11,24,40,13,3,12,19,50,93,43,20,12,12,0
0022400804,2025-02-21,UTA,107,43,14,29,27,7,2,21,15,41,90,41,15,18,10,OKC,130,51,17,34,38,10,10,12,20,46,97,43,19,20,19,0
0022400798,2025-02-21,ORL,104,50,13,37,23,7,9,14,21,36,88,31,9,33,23,MEM,105,53,15,38,22,7,7,15,26,38,92,33,7,29,22,0
0022400802,2025-02-21,SAS,110,32,8,24,27,12,5,17,20,43,84,29,10,22,14,DET,125,53,20,33,31,8,5,16,17,47,94,35,12,22,19,0
0022400808,2025-02-22,DEN,100,45,12,33,28,6,1,22,18,34,85,41,16,21,16,LAL,123,39,9,30,27,15,9,9,20,43,86,41,16,25,21,0
0022400807,2025-02-22,PHI,103,43,15,28,21,8,5,13,15,36,85,39,10,24,21,BKN,105,39,9,30,27,10,8,16,19,41,81,28,7,19,16,0
0022400806,2025-02-22,CHI,117,45,11,34,29,9,4,9,21,41,98,53,18,17,17,PHX,121,49,8,41,29,7,3,11,11,43,89,30,10,28,25,0
0022400809,2025-02-22,UTA,124,58,16,42,28,4,3,8,18,49,98,40,13,27,13,HOU,115,41,8,33,33,3,2,7,17,44,100,43,17,18,10,1
0022400810,2025-02-22,POR,141,57,11,46,37,11,7,19,22,51,87,43,20,27,19,CHA,88,37,12,25,19,12,7,17,21,34,98,32,5,21,15,1
0022400817,2025-02-23,MIL,120,40,8,32,25,4,3,9,23,44,86,39,14,22,18,MIA,113,46,10,36,25,3,3,11,22,41,88,31,9,26,22,1
0022400811,2025-02-23,BOS,118,49,12,37,27,8,5,12,14,45,91,44,17,11,11,NYK,105,40,7,33,21,4,1,11,15,40,92,36,14,11,11,1
0022400816,2025-02-23,TOR,127,49,14,35,30,6,1,14,23,43,88,35,20,30,21,PHX,109,37,4,33,22,9,7,12,19,43,85,28,7,22,16,1
0022400818,2025-02-23,NOP,114,69,17,52,27,3,3,17,19,42,94,33,11,26,19,SAS,96,46,13,33,29,11,7,10,19,32,97,51,15,25,17,1
0022400812,2025-02-23,GSW,126,54,17,37,30,10,6,10,17,47,98,40,12,23,20,DAL,102,41,7,34,24,7,4,18,22,38,82,32,13,19,13,1
0022400813,2025-02-23,IND,129,46,8,38,31,7,5,14,24,46,84,36,12,27,25,LAC,111,32,6,26,23,9,3,11,18,38,85,40,10,33,25,1
0022400820,2025-02-23,MIN,123,44,15,29,23,6,5,13,22,39,89,45,18,28,27,OKC,130,37,7,30,32,9,8,13,22,48,86,35,19,20,15,0
0022400819,2025-02-23,CLE,129,57,22,35,25,5,5,14,25,46,99,47,13,35,24,MEM,123,37,12,25,28,8,5,14,26,42,92,39,15,31,24,1
0022400815,2025-02-23,ORL,110,47,14,33,25,9,5,16,23,40,90,32,11,22,19,WAS,90,36,4,32,22,5,4,20,23,32,78,38,10,22,16,1
0022400814,2025-02-23,ATL,143,40,10,30,30,8,6,13,21,48,96,45,21,36,26,DET,148,37,5,32,39,9,5,19,23,55,93,40,20,25,18,0
0022400825,2025-02-24,ATL,98,50,13,37,29,13,2,18,22,40,88,35,9,12,9,MIA,86,45,14,31,15,8,4,18,9,27,84,40,7,27,25,1
0022400826,2025-02-24,OKC,128,53,16,37,27,10,8,11,30,45,106,49,15,29,23,MIN,131,54,11,43,29,6,5,13,23,44,97,32,9,39,34,0
0022400824,2025-02-24,WAS,107,37,7,30,26,7,8,24,26,35,70,31,13,25,24,BKN,99,39,16,23,25,16,4,18,28,33,84,36,14,24,19,1
0022400827,2025-02-24,UTA,112,45,11,34,24,7,2,15,18,39,98,44,18,19,16,POR,114,51,16,35,26,7,6,13,16,41,98,44,14,24,18,0
0022400823,2025-02-24,PHI,110,47,15,32,19,11,5,17,23,37,95,40,10,29,26,CHI,142,44,10,34,32,11,6,15,19,45,89,40,18,36,34,0
0022400822,2025-02-24,IND,116,32,8,24,29,11,3,18,14,40,85,43,14,27,22,DEN,125,46,14,32,39,8,4,20,21,53,94,21,8,14,11,0
0022400821,2025-02-24,DET,106,46,8,38,22,11,7,16,18,36,79,29,9,36,25,LAC,97,48,15,33,24,12,3,17,24,37,92,41,11,19,12,1
0022400828,2025-02-24,SAC,130,49,11,38,30,12,4,18,18,47,87,38,20,18,16,CHA,88,37,15,22,24,14,4,19,16,30,85,40,10,24,18,1
0022400831,2025-02-25,HOU,100,53,16,37,18,6,9,17,17,37,91,35,12,18,14,MIL,97,37,4,33,19,11,5,15,13,34,85,37,12,23,17,1
0022400832,2025-02-25,MEM,151,38,7,31,36,10,4,12,22,52,99,48,20,30,27,PHX,148,46,8,38,39,6,6,16,25,53,99,37,21,26,21,1
0022400833,2025-02-25,NOP,109,54,20,34,25,11,6,19,17,41,94,31,7,25,20,SAS,103,45,13,32,29,14,4,20,19,38,93,44,13,18,14,1
0022400829,2025-02-25,TOR,101,40,10,30,27,10,1,17,14,42,83,33,5,16,12,BOS,111,39,12,27,24,9,4,15,16,44,93,51,15,8,8,0
0022400830,2025-02-25,ORL,82,35,12,23,21,7,8,12,14,33,90,28,5,14,11,CLE,122,47,9,38,25,5,5,12,13,45,80,32,19,16,13,0
0022400835,2025-02-25,LAL,107,57,13,44,24,7,8,14,13,39,87,40,11,24,18,DAL,99,45,14,31,23,7,11,12,14,35,98,44,17,13,12,1
0022400834,2025-02-25,GSW,128,51,16,35,40,16,5,12,20,49,100,42,15,18,15,CHA,92,50,18,32,18,7,8,25,15,33,89,40,11,18,15,1
0022400838,2025-02-26,NYK,110,43,7,36,22,6,8,16,15,40,77,19,7,29,23,PHI,105,35,9,26,21,13,6,13,19,39,88,34,11,20,16,1
0022400839,2025-02-26,WAS,121,41,7,34,25,9,8,19,26,43,83,36,12,33,23,POR,129,46,17,29,27,11,4,17,28,45,101,37,12,35,27,0
0022400843,2025-02-26,UTA,101,34,7,27,32,9,2,10,13,38,84,44,16,17,9,SAC,118,47,7,40,28,6,7,16,13,46,87,36,15,12,11,0
0022400844,2025-02-26,HOU,118,60,20,40,22,4,5,16,14,48,102,38,11,14,11,SAS,106,41,12,29,28,10,5,8,14,42,100,39,7,21,15,1
0022400841,2025-02-26,MIA,131,35,8,27,39,10,2,17,13,45,76,42,23,22,18,ATL,109,33,9,24,29,6,3,17,15,41,81,32,12,19,15,1
0022400836,2025-02-26,DET,117,51,14,37,29,13,5,14,16,47,89,33,13,17,10,BOS,97,32,7,25,21,9,1,19,15,33,80,49,21,15,10,1
0022400842,2025-02-26,CHI,117,41,15,26,35,9,1,17,12,46,94,42,19,11,6,LAC,122,44,11,33,33,9,10,15,16,44,85,37,19,17,15,0
0022400840,2025-02-26,BKN,121,46,18,28,31,7,5,15,25,38,93,61,23,25,22,OKC,129,45,11,34,27,10,4,12,21,48,90,30,9,29,24,0
0022400837,2025-02-26,IND,111,41,4,37,28,10,7,20,18,43,81,37,15,16,10,TOR,91,40,11,29,23,8,2,21,15,37,87,27,6,16,11,1
0022400849,2025-02-27,LAL,111,52,16,36,21,7,2,13,18,34,82,41,11,46,32,MIN,102,41,10,31,25,9,3,12,29,35,84,41,12,26,20,1
0022400848,2025-02-27,PHX,116,52,14,38,29,4,6,11,15,44,94,53,20,10,8,NOP,124,50,16,34,25,3,6,6,12,50,104,47,17,12,7,0
0022400846,2025-02-27,MIL,121,48,7,41,25,8,4,11,11,42,90,34,14,28,23,DEN,112,55,14,41,28,8,2,13,17,47,105,34,9,11,9,1
0022400845,2025-02-27,ORL,115,46,15,31,23,9,4,18,25,45,89,28,11,18,14,GSW,121,38,11,27,26,8,7,14,18,36,79,45,19,34,30,0
0022400847,2025-02-27,DAL,103,48,10,38,23,12,7,9,11,40,97,36,11,16,12,CHA,96,56,14,42,25,3,2,15,16,40,98,27,7,13,9,1
0022400858,2025-02-28,UTA,117,60,15,45,35,3,4,20,13,47,92,35,14,14,9,MIN,116,40,11,29,35,17,4,7,13,44,101,52,20,14,8,1
0022400856,2025-02-28,MEM,113,58,19,39,26,2,4,19,17,44,94,31,4,22,21,NYK,114,35,8,27,29,10,7,9,16,44,95,38,13,16,13,0
0022400854,2025-02-28,MIA,125,39,12,27,34,7,4,15,11,48,84,32,17,13,12,IND,120,30,9,21,35,10,3,10,11,47,88,39,21,8,5,1
0022400853,2025-02-28,BKN,102,45,21,24,20,13,2,21,23,36,87,29,7,27,23,POR,121,36,9,27,31,11,4,22,20,45,78,36,15,27,16,0
0022400852,2025-02-28,BOS,116,40,14,26,20,5,5,11,19,43,89,39,17,17,13,CLE,123,44,14,30,23,4,3,8,14,45,94,39,17,19,16,0
0022400857,2025-02-28,PHX,125,35,5,30,35,6,3,17,18,47,79,40,21,13,10,NOP,108,35,13,22,28,10,3,15,13,44,87,28,11,15,9,1
0022400850,2025-02-28,DET,119,42,14,28,32,15,3,11,22,45,99,37,12,23,17,DEN,134,50,10,40,28,5,8,20,18,47,84,31,17,31,23,0
0022400859,2025-02-28,LAL,106,39,10,29,19,14,5,15,14,39,80,33,11,22,17,LAC,102,44,15,29,25,11,1,18,19,39,87,37,9,21,15,1
0022400851,2025-02-28,ATL,119,46,10,36,27,8,5,19,14,43,88,36,15,23,18,OKC,135,43,9,34,37,10,1,12,18,51,101,50,23,12,10,0
0022400855,2025-02-28,CHI,125,45,10,35,32,11,4,15,16,45,101,49,13,25,22,TOR,115,51,16,35,30,4,3,17,21,43,103,37,13,20,16,1
0022400865,2025-03-01,DAL,117,33,8,25,25,7,1,11,23,43,91,40,11,25,20,MIL,132,52,14,38,33,6,6,13,19,44,87,39,13,35,31,0
0022400861,2025-03-01,DET,115,47,6,41,31,5,15,27,29,39,72,28,12,29,25,BKN,94,38,14,24,19,12,8,14,24,29,95,39,6,35,30,1
0022400862,2025-03-01,HOU,103,43,13,30,18,7,2,16,16,37,86,35,13,23,16,SAC,113,46,13,33,21,13,5,14,17,44,87,28,9,21,16,0
0022400863,2025-03-01,MEM,128,41,12,29,31,7,8,13,16,50,95,38,11,20,17,SAS,130,42,13,29,33,8,4,13,18,50,96,36,14,22,16,0
0022400864,2025-03-01,PHI,126,40,10,30,27,8,3,14,19,45,85,33,19,28,17,GSW,119,49,18,31,33,7,4,15,19,46,100,42,12,19,15,1
0022400860,2025-03-01,CHA,100,44,11,33,28,9,5,17,14,41,93,42,14,6,4,WAS,113,48,12,36,33,13,7,15,10,40,88,50,17,17,16,0
0022400873,2025-03-02,PHX,98,57,10,47,24,2,7,22,16,35,80,42,13,19,15,MIN,116,35,5,30,28,18,2,8,17,39,92,52,21,21,17,0
0022400869,2025-03-02,MIA,112,34,3,31,29,5,6,13,16,45,84,35,11,16,11,NYK,116,46,11,35,27,5,6,13,16,46,95,44,14,15,10,0
0022400867,2025-03-02,CLE,133,47,13,34,27,12,5,15,27,42,97,46,19,35,30,POR,129,46,13,33,25,8,1,20,26,42,96,40,14,35,31,1
0022400872,2025-03-02,UTA,121,41,9,32,35,4,4,13,14,46,96,44,16,17,13,NOP,128,48,13,35,35,8,5,11,15,53,102,44,15,13,7,0
0022400868,2025-03-02,IND,127,36,5,31,34,7,4,12,16,48,87,44,19,18,12,CHI,112,42,12,30,24,6,4,14,17,44,88,33,10,18,14,1
0022400866,2025-03-02,BOS,110,45,10,35,26,7,4,14,18,37,78,34,14,27,22,DEN,103,38,8,30,27,11,2,12,18,41,86,35,12,13,9,1
0022400874,2025-03-02,LAL,108,41,11,30,21,8,6,17,16,38,77,42,18,20,14,LAC,102,40,10,30,24,9,1,12,22,38,88,39,12,17,14,1
0022400871,2025-03-02,SAS,132,35,6,29,36,2,3,13,17,51,91,43,18,16,12,OKC,146,45,12,33,34,7,6,7,16,55,101,44,19,20,17,0
0022400870,2025-03-02,ORL,102,35,7,28,17,3,5,14,26,30,67,21,7,42,35,TOR,104,40,12,28,22,8,4,15,33,37,80,22,7,30,23,0
0022400876,2025-03-03,PHI,102,43,14,29,27,6,3,8,15,41,95,35,11,13,9,POR,119,61,22,39,26,6,6,11,13,48,99,35,11,19,12,0
0022400880,2025-03-03,DAL,98,37,7,30,28,5,1,14,13,35,77,26,7,24,21,SAC,122,37,9,28,34,4,4,7,16,47,90,34,16,12,12,0
0022400878,2025-03-03,MEM,130,43,17,26,36,7,3,20,16,47,93,33,13,25,23,ATL,132,32,14,18,35,12,7,12,24,55,96,28,13,17,9,0
0022400875,2025-03-03,CHA,101,47,8,39,20,3,6,17,19,34,86,40,11,33,22,GSW,119,54,12,42,33,10,4,9,23,40,95,50,18,24,21,0
0022400879,2025-03-03,OKC,137,49,14,35,31,11,6,13,18,48,97,37,17,27,24,HOU,128,49,15,34,20,8,7,16,21,49,101,35,16,17,14,1
0022400877,2025-03-03,MIA,106,48,5,43,31,10,4,12,19,39,82,37,13,18,15,WAS,90,43,7,36,22,8,0,13,17,31,84,35,10,22,18,1
0022400881,2025-03-03,UTA,106,41,9,32,19,7,1,28,23,35,82,33,10,32,26,DET,134,39,8,31,32,16,8,13,23,51,92,41,11,28,21,0
0022400884,2025-03-04,ATL,121,47,11,36,33,10,6,12,21,46,101,41,16,17,13,MIL,127,51,9,42,27,8,1,15,13,49,96,37,11,23,18,0
0022400888,2025-03-04,SAS,127,46,13,33,37,9,4,15,15,52,95,39,18,10,5,BKN,113,40,11,29,29,8,2,13,16,39,86,50,17,21,18,1
0022400887,2025-03-04,MIN,126,37,7,30,29,7,5,19,21,46,81,40,18,17,16,PHI,112,36,12,24,22,10,2,13,16,42,86,32,9,27,19,1
0022400886,2025-03-04,CHI,117,50,10,40,32,6,6,7,21,47,106,44,11,17,12,CLE,139,53,11,42,27,4,4,9,14,46,98,48,17,33,30,0
0022400890,2025-03-04,LAL,136,51,17,34,32,7,5,15,12,48,90,52,19,27,21,NOP,115,35,10,25,29,11,3,9,17,46,93,34,9,21,14,1
0022400885,2025-03-04,NYK,102,42,14,28,26,4,2,14,17,41,92,33,8,15,12,GSW,114,44,9,35,30,7,7,13,14,43,88,37,13,19,15,0
0022400882,2025-03-04,IND,115,35,5,30,34,9,6,13,19,44,86,42,17,10,10,HOU,102,58,24,34,22,6,0,14,14,40,98,30,9,26,13,1
0022400889,2025-03-04,PHX,119,37,7,30,31,5,3,11,20,41,80,34,14,27,23,LAC,117,37,7,30,29,8,3,7,22,43,83,30,8,27,23,1
0022400883,2025-03-04,ORL,113,35,7,28,28,12,5,14,27,40,83,36,15,23,18,TOR,114,48,13,35,28,7,8,20,25,38,80,30,12,35,26,0
0022400893,2025-03-05,CLE,112,47,10,37,26,7,4,13,19,41,87,40,14,22,16,MIA,107,42,9,33,29,7,2,14,19,36,83,36,13,25,22,1
0022400892,2025-03-05,CHA,110,57,20,37,26,3,2,15,18,42,95,42,12,18,14,MIN,125,43,10,33,27,9,3,6,17,44,90,49,21,22,16,0
0022400891,2025-03-05,BOS,128,52,18,34,24,5,6,10,14,45,97,54,23,17,15,POR,118,39,8,31,19,4,3,8,16,45,90,40,16,17,12,1
0022400896,2025-03-05,DEN,116,46,11,35,28,5,8,13,14,40,87,35,12,30,24,SAC,110,45,14,31,22,8,6,12,20,44,96,27,11,14,11,1
0022400897,2025-03-05,MIL,137,55,8,47,29,6,4,17,9,52,89,35,16,19,17,DAL,107,30,5,25,30,13,3,10,13,45,98,39,13,10,4,1
0022400895,2025-03-05,MEM,103,49,11,38,21,9,1,16,18,37,91,34,9,22,20,OKC,120,39,3,36,27,10,4,11,22,44,87,36,15,19,17,0
0022400894,2025-03-05,WAS,125,45,10,35,32,9,12,9,18,42,95,47,17,29,24,UTA,122,58,17,41,21,5,3,15,19,47,101,40,14,20,14,1
0022400898,2025-03-05,LAC,123,33,6,27,18,8,6,10,16,44,80,24,13,26,22,DET,115,34,5,29,27,5,2,13,20,45,86,35,11,19,14,1
0022400903,2025-03-06,LAL,113,49,12,37,25,7,4,17,28,38,89,42,14,28,23,NYK,109,46,14,32,20,10,2,16,21,37,94,43,10,32,25,1
0022400899,2025-03-06,ATL,124,43,11,32,32,5,4,9,16,50,94,30,10,18,14,IND,118,42,10,32,27,5,5,11,18,44,91,39,14,17,16,1
0022400900,2025-03-06,BOS,123,46,16,30,32,8,6,11,16,46,91,48,19,13,12,PHI,105,45,18,27,29,6,5,16,15,40,95,39,15,12,10,1
0022400944,2025-03-06,ORL,123,33,9,24,26,10,5,12,21,40,87,33,9,40,34,CHI,125,48,13,35,25,5,7,19,31,43,86,40,15,30,24,0
0022400901,2025-03-06,BKN,119,32,8,24,30,7,5,12,24,44,87,33,15,18,16,GSW,121,45,15,30,31,3,4,17,19,40,82,32,12,32,29,0
0022400902,2025-03-06,NOP,97,41,15,26,17,9,7,15,19,31,83,27,9,33,26,HOU,109,41,9,32,33,10,6,19,24,46,81,29,9,18,8,0
0022400907,2025-03-07,MIA,104,41,7,34,29,7,2,9,16,41,89,34,14,11,8,MIN,106,43,7,36,28,6,6,14,12,40,81,45,18,14,8,0
0022400911,2025-03-07,LAC,105,47,9,38,23,7,8,12,17,37,88,38,15,19,16,NYK,95,53,14,39,25,6,4,15,15,35,91,34,9,18,16,1
0022400909,2025-03-07,DEN,149,38,8,30,45,8,3,9,22,57,97,40,21,18,14,PHX,141,39,7,32,36,6,2,13,18,51,91,38,16,29,23,1
0022400908,2025-03-07,OKC,107,43,4,39,25,12,8,13,13,39,84,38,14,17,15,POR,89,53,14,39,15,6,4,17,16,33,95,43,8,18,15,1
0022400910,2025-03-07,SAC,127,51,16,35,31,6,4,8,16,49,96,38,17,19,12,SAS,109,36,9,27,27,7,4,8,17,40,87,42,16,23,13,1
0022400904,2025-03-07,CHA,117,43,10,33,29,7,3,12,33,44,92,37,13,21,16,CLE,118,45,9,36,16,7,4,14,19,32,76,34,11,51,43,0
0022400905,2025-03-07,TOR,118,48,22,26,27,13,5,10,29,40,104,46,14,28,24,UTA,109,56,19,37,21,5,10,25,18,39,84,31,8,39,23,1
0022400906,2025-03-07,DAL,111,45,11,34,24,7,7,12,13,37,96,41,15,24,22,MEM,122,59,17,42,28,9,12,11,20,50,106,21,8,16,14,0
0022400918,2025-03-08,BOS,111,43,11,32,24,9,5,10,11,40,84,38,13,25,18,LAL,101,45,9,36,18,6,1,14,17,39,87,40,14,14,9,1
0022400912,2025-03-08,CHA,105,50,22,28,25,4,2,10,13,40,98,34,11,16,14,BKN,102,37,8,29,20,6,10,13,19,38,82,50,14,15,12,1
0022400917,2025-03-08,MIL,109,38,4,34,17,8,4,13,18,41,75,23,11,23,16,ORL,111,34,5,29,19,5,5,10,24,42,82,32,12,19,15,0
0022400914,2025-03-08,ATL,120,48,16,32,23,10,10,17,22,45,97,34,10,21,20,IND,118,41,15,26,29,12,6,16,21,41,94,33,10,30,26,1
0022400913,2025-03-08,HOU,146,48,15,33,32,9,7,11,13,55,99,40,17,21,19,NOP,117,44,18,26,29,7,3,14,17,48,99,34,12,16,9,1
0022400916,2025-03-08,MIA,109,44,7,37,25,7,5,9,17,41,97,43,13,19,14,CHI,114,51,5,46,27,6,4,10,14,40,88,42,11,26,23,0
0022400915,2025-03-08,TOR,117,49,22,27,24,11,6,15,17,40,95,26,10,30,27,WAS,118,50,22,28,29,12,7,16,18,44,100,38,13,23,17,0
0022400919,2025-03-08,GSW,115,46,11,35,26,12,4,19,27,35,84,41,12,41,33,DET,110,44,13,31,17,12,4,20,29,39,85,23,5,36,27,1
0022400921,2025-03-09,DAL,116,32,5,27,29,8,2,7,13,43,88,42,17,16,13,PHX,125,46,6,40,33,4,4,13,10,49,84,28,10,18,17,0
0022400927,2025-03-09,LAC,111,38,3,35,23,4,5,10,20,43,81,31,10,25,15,SAC,110,48,8,40,27,6,1,8,19,40,87,34,9,25,21,1
0022400925,2025-03-09,MIN,141,42,14,28,38,7,4,13,17,53,95,42,21,15,14,SAS,124,36,11,25,26,8,3,12,14,47,85,30,11,24,19,1
0022400922,2025-03-09,MIL,100,50,15,35,17,9,2,18,15,39,91,31,9,18,13,CLE,112,44,13,31,25,11,2,15,15,39,88,47,19,19,15,0
0022400920,2025-03-09,OKC,127,56,10,46,25,5,14,5,20,46,94,38,13,25,22,DEN,103,48,14,34,22,3,6,8,18,40,97,40,12,20,11,1
0022400924,2025-03-09,PHI,126,50,14,36,27,11,9,18,23,43,96,47,16,25,24,UTA,122,44,10,34,25,12,4,18,21,39,93,46,18,31,26,1
0022400923,2025-03-09,NOP,104,39,10,29,24,5,6,14,15,35,85,34,13,27,21,MEM,107,57,23,34,24,11,6,14,22,41,99,49,13,19,12,0
0022400926,2025-03-09,POR,112,41,10,31,17,7,4,13,27,36,93,50,15,32,25,DET,119,54,12,42,22,7,8,14,24,43,87,28,9,32,24,0
0022400930,2025-03-10,BKN,111,47,16,31,22,10,6,7,16,37,90,45,18,30,19,LAL,108,43,8,35,31,4,4,15,20,37,85,40,19,19,15,1
0022400939,2025-03-10,SAC,104,37,14,23,18,7,4,18,20,36,86,34,10,26,22,NYK,133,40,6,34,34,13,1,16,24,45,84,40,22,26,21,0
0022400934,2025-03-10,HOU,97,63,20,43,20,4,4,20,18,35,89,43,16,18,11,ORL,84,42,13,29,15,10,5,9,19,28,86,32,8,24,20,1
0022400933,2025-03-10,CHI,121,56,10,46,30,4,6,18,19,49,98,33,12,14,11,IND,103,39,8,31,30,14,4,10,13,40,101,40,10,19,13,1
0022400928,2025-03-10,ATL,132,48,14,34,34,4,6,15,18,53,98,37,15,14,11,PHI,123,31,6,25,29,8,3,11,15,46,91,42,16,20,15,1
0022400935,2025-03-10,MEM,120,39,11,28,26,9,7,15,22,40,86,46,17,27,23,PHX,118,46,15,31,31,6,2,16,22,41,90,38,20,22,16,1
0022400938,2025-03-10,GSW,130,40,12,28,35,16,5,18,16,45,85,41,21,21,19,POR,120,43,15,28,31,9,5,19,13,44,91,42,18,17,14,1
0022400937,2025-03-10,SAS,129,38,12,26,29,6,2,9,24,49,94,41,17,24,14,DAL,133,40,10,30,25,5,2,11,18,47,88,38,12,30,27,0
0022400936,2025-03-10,OKC,127,37,13,24,29,9,6,11,16,47,100,47,19,16,14,DEN,140,43,9,34,32,6,5,12,18,52,86,32,18,20,18,0
0022400929,2025-03-10,BOS,114,47,12,35,28,11,8,9,12,40,93,53,18,18,16,UTA,108,48,14,34,29,3,4,12,13,43,95,38,13,12,9,1
0022400932,2025-03-10,TOR,119,73,28,45,26,3,2,9,18,43,109,49,16,29,17,WAS,104,54,16,38,25,5,12,8,20,38,105,55,16,15,12,1
0022400931,2025-03-10,MIA,102,46,11,35,24,7,3,16,15,39,85,31,10,20,14,CHA,105,36,9,27,26,10,6,10,16,36,86,44,11,23,22,0
0022400942,2025-03-11,IND,115,38,5,33,30,11,3,10,20,44,87,39,13,18,14,MIL,114,44,6,38,32,4,2,15,19,43,84,36,14,19,14,1
0022400940,2025-03-11,CLE,109,48,12,36,23,7,4,15,10,39,89,42,10,25,21,BKN,104,38,8,30,31,9,3,15,21,39,84,44,16,14,10,1
0022400943,2025-03-11,NOP,127,46,12,34,34,7,7,19,16,47,85,31,17,18,16,LAC,120,34,11,23,34,10,8,11,16,46,92,42,14,18,14,1
0022400941,2025-03-11,DET,123,61,18,43,29,7,5,12,18,48,104,38,16,15,11,WAS,103,47,12,35,20,7,4,13,18,37,92,39,13,20,16,1
0022400952,2025-03-12,DEN,95,42,12,30,20,9,4,10,16,36,89,30,7,22,16,MIN,115,48,12,36,31,7,5,15,16,43,90,40,17,16,12,0
0022400953,2025-03-12,POR,113,52,21,31,20,6,6,25,18,40,90,42,17,25,16,NYK,114,38,11,27,27,12,7,15,21,44,94,31,12,20,14,0
0022400947,2025-03-12,TOR,118,59,17,42,33,7,5,22,17,44,100,40,16,18,14,PHI,105,40,10,30,19,13,11,9,20,41,96,35,7,22,16,1
0022400949,2025-03-12,HOU,111,38,11,27,25,11,3,9,19,40,88,38,12,25,19,PHX,104,37,5,32,22,7,8,17,18,39,73,28,10,20,16,1
0022400951,2025-03-12,SAS,126,47,13,34,32,11,2,16,19,50,94,35,11,16,15,DAL,116,31,3,28,30,8,0,18,12,45,81,32,13,17,13,1
0022400948,2025-03-12,MIA,104,29,9,20,27,14,3,11,17,40,84,37,14,14,10,LAC,119,45,11,34,24,7,0,18,10,45,76,27,13,24,16,0
0022400946,2025-03-12,BOS,112,41,15,26,25,9,6,13,25,41,94,63,20,12,10,OKC,118,44,11,33,19,7,2,12,17,40,82,37,13,35,25,0
0022400950,2025-03-12,MEM,122,39,5,34,30,15,6,9,21,43,94,44,20,21,16,UTA,115,60,17,43,24,6,8,23,17,42,90,34,12,28,19,1
0022400945,2025-03-12,ATL,123,43,13,30,26,13,6,14,16,37,88,36,14,39,35,CHA,110,47,10,37,29,9,9,21,26,40,88,35,14,18,16,1
0022400955,2025-03-13,MIL,126,48,7,41,30,9,8,12,21,41,86,40,17,33,27,LAL,106,38,5,33,18,3,4,14,23,38,87,40,15,18,15,1
0022400956,2025-03-13,CHI,116,47,13,34,24,8,4,8,16,41,90,37,11,26,23,BKN,110,50,15,35,32,6,7,9,26,43,96,34,11,18,13,1
0022401141,2025-03-13,NOP,93,40,11,29,23,3,4,13,16,35,79,25,7,21,16,ORL,113,39,8,31,25,7,7,11,20,43,83,33,13,18,14,0
0022400957,2025-03-13,GSW,130,43,7,36,35,8,5,16,21,45,78,39,22,24,18,SAC,104,30,5,25,25,7,4,15,15,37,79,37,14,22,16,1
0022400954,2025-03-13,DET,125,41,9,32,23,8,6,12,23,39,85,30,10,43,37,WAS,129,47,10,37,30,10,5,16,29,43,90,45,20,27,23,0
0022400965,2025-03-14,DEN,131,39,9,30,30,7,5,12,15,44,85,31,13,38,30,LAL,126,47,19,28,32,10,2,9,25,49,105,40,15,16,13,1
0022400963,2025-03-14,MIN,118,45,6,39,26,8,6,16,21,42,80,33,14,28,20,ORL,111,31,6,25,18,9,5,11,22,40,89,28,12,22,19,1
0022400959,2025-03-14,PHI,100,43,11,32,13,7,9,16,19,37,82,38,11,22,15,IND,112,45,12,33,31,6,4,11,17,44,89,35,10,18,14,0
0022400967,2025-03-14,PHX,122,34,7,27,33,12,3,14,15,41,79,43,24,19,16,SAC,106,40,12,28,25,7,1,19,18,40,81,32,8,20,18,1
0022400958,2025-03-14,MIA,91,38,7,31,18,10,4,18,12,34,75,34,13,17,10,BOS,103,41,9,32,18,8,4,15,17,36,83,50,19,13,12,0
0022400962,2025-03-14,MEM,124,45,10,35,25,11,3,14,25,48,97,36,11,21,17,CLE,133,43,8,35,32,9,4,16,17,44,88,51,19,33,26,0
0022400961,2025-03-14,HOU,133,67,17,50,27,5,6,11,13,54,105,31,15,12,10,DAL,96,34,6,28,14,4,6,8,11,39,94,22,8,12,10,1
0022400960,2025-03-14,ATL,98,44,13,31,25,8,6,18,18,37,88,33,9,17,15,LAC,121,40,7,33,27,14,5,14,15,47,86,27,12,20,15,0
0022400966,2025-03-14,UTA,118,35,6,29,23,12,2,17,25,39,89,38,16,31,24,TOR,126,51,10,41,28,9,6,15,26,44,91,32,12,35,26,0
0022400964,2025-03-14,SAS,134,36,17,19,27,14,5,14,17,48,95,46,21,22,17,CHA,145,34,8,26,42,7,2,20,17,51,85,46,26,19,17,0
0022400971,2025-03-15,MEM,125,51,11,40,31,7,6,11,16,51,92,31,12,12,11,MIA,91,37,10,27,24,6,4,14,16,35,88,37,9,15,12,1
0022400974,2025-03-15,GSW,97,45,10,35,25,7,5,11,13,33,83,41,13,22,18,NYK,94,49,13,36,20,6,6,13,16,37,86,24,9,13,11,1
0022400972,2025-03-15,MIL,126,45,7,38,28,9,4,17,16,43,79,37,15,26,25,IND,119,32,10,22,29,9,4,12,15,46,96,43,17,13,10,1
0022400968,2025-03-15,BKN,113,45,18,27,34,4,3,9,21,42,90,46,20,13,9,BOS,115,38,13,25,29,5,7,8,14,44,84,38,13,19,14,0
0022400973,2025-03-15,SAS,119,37,8,29,26,10,2,10,15,39,84,39,16,33,25,NOP,115,52,12,40,34,2,3,18,20,46,92,35,12,11,11,1
0022400970,2025-03-15,HOU,117,54,16,38,24,4,6,14,18,44,98,44,14,26,15,CHI,114,36,5,31,24,6,5,11,23,43,93,38,14,16,14,1
0022400969,2025-03-15,DET,107,39,6,33,29,8,3,17,21,42,88,33,14,13,9,OKC,113,44,10,34,17,11,8,18,20,43,89,34,10,22,17,0
0022400975,2025-03-15,DEN,123,42,10,32,40,12,8,18,20,48,95,34,12,17,15,WAS,126,44,13,31,34,11,4,17,17,46,95,45,19,17,15,0
0022400979,2025-03-16,CLE,103,48,16,32,21,7,1,14,22,40,96,40,10,20,13,ORL,108,47,13,34,21,11,3,18,20,34,81,31,13,34,27,0
0022400976,2025-03-16,DAL,125,45,10,35,26,4,3,15,19,46,87,34,10,30,23,PHI,130,39,9,30,21,13,3,11,21,48,92,36,14,24,20,0
0022400977,2025-03-16,LAL,107,40,7,33,22,7,5,10,20,35,81,39,14,32,23,PHX,96,51,14,37,25,4,4,14,27,35,89,41,9,21,17,1
0022400978,2025-03-16,BKN,122,40,12,28,33,7,5,17,18,43,90,35,17,23,19,ATL,114,38,10,28,27,12,11,14,17,42,90,37,11,24,19,1
0022400982,2025-03-16,MIL,105,34,9,25,21,7,8,9,23,33,83,34,13,33,26,OKC,121,50,8,42,30,3,3,10,20,46,89,29,10,25,19,0
0022400980,2025-03-16,POR,105,51,19,32,21,10,7,22,20,36,88,50,18,18,15,TOR,102,47,19,28,29,12,0,18,22,38,94,31,10,20,16,1
0022400981,2025-03-16,MIN,128,49,16,33,30,14,6,10,16,48,97,43,14,26,18,UTA,102,44,10,34,23,4,0,22,20,39,90,38,12,15,12,1
0022400538,2025-03-16,LAC,123,58,17,41,30,10,5,11,12,45,93,26,13,23,20,CHA,88,44,11,33,27,5,5,11,18,37,94,33,6,9,8,1
0022400984,2025-03-17,NYK,116,41,13,28,30,12,6,14,14,47,95,34,16,6,6,MIA,95,39,9,30,23,9,6,21,11,39,82,23,6,12,11,1
0022400986,2025-03-17,MIN,130,44,9,35,25,11,7,15,22,44,97,42,13,36,29,IND,132,48,14,34,28,7,6,20,25,48,97,37,17,23,19,0
0022400985,2025-03-17,HOU,144,58,23,35,35,8,5,15,27,51,107,53,22,24,20,PHI,137,35,8,27,21,8,4,16,20,48,95,49,24,25,17,1
0022400537,2025-03-17,LAL,125,42,8,34,34,13,4,9,10,44,90,48,19,24,18,SAS,109,44,9,35,30,6,5,17,18,41,88,38,15,14,12,1
0022400989,2025-03-17,UTA,97,48,4,44,20,4,4,17,19,35,86,42,9,22,18,CHI,111,49,9,40,29,12,3,11,14,42,97,45,14,16,13,0
0022400990,2025-03-17,GSW,105,38,11,27,24,16,10,20,21,41,84,33,8,27,15,DEN,114,53,19,34,32,12,7,22,24,43,92,39,14,18,14,0
0022400991,2025-03-17,PHX,129,54,12,42,34,7,4,10,21,47,92,39,20,15,15,TOR,89,40,12,28,20,4,2,12,15,31,87,35,10,23,17,1
0022400992,2025-03-17,SAC,132,38,10,28,35,11,7,14,21,46,88,41,20,30,20,MEM,122,48,15,33,24,8,7,18,22,44,90,30,13,21,21,1
0022400995,2025-03-17,POR,112,50,14,36,25,15,3,9,10,42,99,46,15,19,13,WAS,97,49,11,38,27,6,7,16,16,38,92,40,12,12,9,1
0022400987,2025-03-17,NOP,81,39,13,26,18,7,6,17,15,28,86,32,5,30,20,DET,127,50,11,39,33,10,7,14,19,46,84,35,13,29,22,0
0022401012,2025-03-18,GSW,104,52,9,43,25,7,6,19,24,32,77,44,17,26,23,MIL,93,34,4,30,19,9,4,10,15,31,79,38,12,27,19,1
0022400994,2025-03-18,BOS,104,48,6,42,24,6,5,13,14,35,79,48,16,22,18,BKN,96,39,8,31,21,9,2,9,19,36,88,45,13,17,11,1
0022400993,2025-03-18,CHA,102,39,10,29,25,7,8,17,16,38,84,30,10,21,16,ATL,134,46,11,35,27,12,8,11,17,50,93,45,22,15,12,0
0022400997,2025-03-18,LAC,132,49,14,35,28,7,5,13,26,46,84,35,16,28,24,CLE,119,29,10,19,29,6,0,9,21,44,90,41,14,26,17,1
0022401003,2025-03-19,SAS,120,52,15,37,28,7,7,15,22,45,90,35,16,20,14,NYK,105,44,17,27,28,7,7,11,18,39,92,37,11,21,16,1
0022401002,2025-03-19,OKC,133,55,11,44,36,10,5,14,12,47,90,52,24,20,15,PHI,100,41,12,29,24,8,3,12,15,35,95,57,18,16,12,1
0022401009,2025-03-19,SAC,123,41,14,27,28,9,1,13,20,46,91,35,16,16,15,CLE,119,37,8,29,24,7,1,12,14,46,84,34,13,18,14,1
0022401001,2025-03-19,MIN,115,40,9,31,21,7,6,14,19,35,77,39,16,36,29,NOP,119,46,11,35,28,5,6,15,25,47,89,29,13,22,12,0
0022401007,2025-03-19,PHX,127,46,13,33,34,9,6,11,13,47,96,40,15,20,18,CHI,121,40,8,32,29,7,8,13,19,49,90,38,15,12,8,1
0022400998,2025-03-19,IND,135,38,6,32,29,4,5,11,26,45,82,35,16,37,29,DAL,131,41,7,34,23,6,0,13,26,48,88,27,11,32,24,1
0022401006,2025-03-19,LAL,120,38,8,30,25,13,3,14,17,42,83,38,16,28,20,DEN,108,45,12,33,25,8,4,19,17,41,87,39,13,21,13,1
0022400999,2025-03-19,ORL,108,41,14,27,23,7,4,12,20,41,92,35,9,20,17,HOU,116,46,12,34,18,10,5,16,18,38,81,35,11,32,29,0
0022401008,2025-03-19,POR,115,65,22,43,25,3,6,17,17,40,96,46,18,21,17,MEM,99,40,10,30,23,11,4,10,20,37,92,30,8,21,17,1
0022400627,2025-03-19,UTA,128,42,9,33,30,7,1,17,16,50,89,42,17,18,11,WAS,112,37,13,24,30,12,4,14,13,43,93,45,12,18,14,1
0022401000,2025-03-19,MIA,113,37,11,26,24,7,5,13,15,44,90,32,10,18,15,DET,116,47,13,34,25,4,10,13,20,46,91,23,9,18,15,0
0022400996,2025-03-20,LAL,89,50,14,36,26,5,4,22,25,34,82,32,11,16,10,MIL,118,41,10,31,24,12,4,9,14,40,84,35,11,34,27,0
0022401011,2025-03-20,IND,105,57,10,47,18,10,8,25,21,35,81,31,8,31,27,BKN,99,47,14,33,20,11,4,16,24,36,101,50,14,18,13,1
0022401010,2025-03-20,CHA,115,52,11,41,25,1,3,12,20,43,88,32,15,17,14,NYK,98,38,9,29,26,9,2,7,18,36,90,39,10,20,16,1
0022401013,2025-03-20,SAC,116,36,9,27,27,4,5,12,22,41,86,39,15,23,19,CHI,128,40,12,28,32,9,2,14,19,45,86,35,15,26,23,0
0022401005,2025-03-20,GSW,117,38,11,27,30,13,5,15,15,38,90,47,19,28,22,TOR,114,44,7,37,32,7,4,23,24,44,78,26,11,19,15,1
0022401014,2025-03-21,WAS,105,41,8,33,23,11,4,15,10,37,87,39,17,19,14,ORL,120,55,13,42,25,9,8,13,17,46,96,42,17,13,11,0
0022401018,2025-03-21,SAS,128,34,9,25,36,11,5,15,14,47,89,39,19,18,15,PHI,120,32,5,27,30,10,4,20,15,46,81,37,14,20,14,1
0022401020,2025-03-21,UTA,99,38,9,29,24,7,2,17,17,38,84,35,14,12,9,BOS,121,48,16,32,27,13,4,11,15,45,97,51,17,16,14,0
0022401021,2025-03-21,PHX,123,46,12,34,33,6,3,15,16,48,92,42,19,8,8,CLE,112,44,16,28,24,11,5,11,12,42,94,45,17,14,11,1
0022401016,2025-03-21,MIN,134,36,10,26,40,14,1,14,17,48,89,44,19,20,19,NOP,93,33,7,26,20,11,4,26,20,34,68,31,11,22,14,1
0022401022,2025-03-21,POR,128,38,15,23,30,12,6,17,18,47,87,35,14,25,20,DEN,109,31,11,20,24,10,2,21,25,38,76,26,9,28,24,1
0022401015,2025-03-21,MIA,98,34,5,29,25,8,5,21,16,38,73,24,10,14,12,HOU,102,46,15,31,14,17,4,17,14,39,84,28,14,21,10,0
0022401023,2025-03-21,LAC,128,43,2,41,29,7,9,15,14,45,78,34,17,26,21,MEM,108,40,10,30,28,8,3,10,20,40,95,49,19,13,9,1
0022401019,2025-03-21,DAL,123,44,10,34,25,10,7,20,16,42,80,34,12,36,27,DET,117,41,15,26,24,14,5,14,22,46,98,31,11,19,14,1
0022401017,2025-03-21,OKC,141,43,10,33,29,10,7,9,13,54,94,39,21,17,12,CHA,106,29,6,23,29,6,4,16,13,37,80,41,19,13,13,1
0022401027,2025-03-22,SAC,108,44,14,30,21,4,2,8,17,41,91,38,9,22,17,MIL,114,42,11,31,22,6,3,10,17,44,84,31,13,20,13,0
0022401024,2025-03-22,IND,108,44,6,38,32,5,6,15,24,40,84,35,11,21,17,BKN,103,48,11,37,20,6,1,15,20,39,90,43,15,17,10,1
0022401028,2025-03-22,LAL,115,35,9,26,23,8,1,21,16,41,85,41,17,22,16,CHI,146,42,10,32,41,17,5,10,16,56,96,41,19,20,15,0
0022401025,2025-03-22,ATL,124,46,10,36,37,5,3,16,23,49,86,36,15,18,11,GSW,115,38,6,32,28,8,4,10,16,39,84,38,16,26,21,1
0022401026,2025-03-22,NYK,122,49,14,35,29,13,3,16,17,44,91,35,13,27,21,WAS,103,41,10,31,21,9,5,20,23,39,88,36,11,19,14,1
0022401031,2025-03-23,ATL,132,39,10,29,35,11,4,17,26,48,87,37,17,22,19,PHI,119,37,13,24,24,8,4,13,18,40,91,34,11,37,28,1
0022401033,2025-03-23,TOR,89,46,16,30,27,8,3,22,21,35,92,39,10,13,9,SAS,123,46,13,33,27,15,6,14,14,41,86,43,14,32,27,0
0022401034,2025-03-23,POR,116,38,11,27,24,6,3,12,11,43,88,47,19,16,11,BOS,129,38,11,27,31,6,6,9,14,48,88,50,23,14,10,0
0022401030,2025-03-23,UTA,91,52,13,39,25,4,5,21,24,32,89,50,16,18,11,CLE,120,51,14,37,28,9,7,7,16,44,96,48,11,31,21,0
0022401029,2025-03-23,DET,136,32,11,21,26,6,2,8,20,47,86,27,13,40,29,NOP,130,37,10,27,35,3,5,18,30,49,85,40,20,16,12,1
0022401035,2025-03-23,HOU,111,45,16,29,25,4,7,6,20,39,89,34,11,34,22,DEN,116,43,10,33,28,5,4,9,23,44,87,21,10,26,18,0
0022401036,2025-03-23,LAC,101,48,11,37,20,6,8,14,19,35,82,26,8,28,23,OKC,103,42,10,32,28,9,8,9,22,37,92,35,12,20,17,0
0022401032,2025-03-23,MIA,122,32,7,25,27,10,4,12,13,47,82,29,12,20,16,CHA,105,40,12,28,24,5,4,20,15,41,87,33,11,13,12,1
0022401038,2025-03-24,ORL,118,43,12,31,25,6,4,9,18,42,85,40,15,23,19,LAL,106,39,11,28,19,7,1,11,20,37,80,32,10,28,22,1
0022401043,2025-03-24,PHX,108,52,14,38,25,2,4,16,21,39,82,36,14,18,16,MIL,106,36,9,27,24,12,0,7,16,37,83,39,12,29,20,1
0022401037,2025-03-24,IND,119,46,9,37,30,9,5,12,12,46,94,35,13,14,14,MIN,103,45,9,36,26,5,3,17,13,44,91,35,9,10,6,1
0022401041,2025-03-24,NOP,112,51,13,38,36,11,5,17,17,43,87,35,15,13,11,PHI,99,37,12,25,19,11,6,12,16,34,87,42,14,19,17,1
0022401044,2025-03-24,SAC,95,45,8,37,23,7,1,15,18,39,86,24,8,11,9,BOS,113,45,10,35,28,9,4,10,14,41,90,50,19,20,12,0
0022401042,2025-03-24,DEN,119,52,17,35,34,5,9,12,16,46,97,36,11,24,16,CHI,129,43,12,31,31,8,5,10,17,45,91,39,17,26,22,0
0022401040,2025-03-24,BKN,101,37,9,28,30,7,2,19,15,40,78,33,11,14,10,DAL,120,41,11,30,34,10,1,11,15,49,87,31,10,16,12,0
0022401039,2025-03-24,WAS,104,48,9,39,24,8,9,17,19,35,87,37,11,34,23,TOR,112,60,17,43,28,11,6,12,23,41,101,36,10,27,20,0
0022401045,2025-03-25,CHA,104,38,8,30,26,4,3,11,22,37,88,34,14,21,16,ORL,111,50,13,37,22,5,4,11,21,41,90,42,13,19,16,0
0022401046,2025-03-25,DET,122,44,6,38,33,6,5,11,19,44,78,31,15,25,19,SAS,96,41,16,25,21,7,2,11,19,33,91,44,14,20,16,1
0022401049,2025-03-25,HOU,121,51,14,37,17,8,2,16,12,42,93,39,11,29,26,ATL,114,42,18,24,32,8,1,14,26,43,103,49,15,15,13,1
0022401051,2025-03-25,POR,111,45,19,26,28,9,3,10,15,40,100,52,17,22,14,CLE,122,41,9,32,28,4,6,14,18,48,88,27,12,17,14,0
0022401048,2025-03-25,NYK,128,36,5,31,40,9,4,15,18,53,89,26,10,18,12,DAL,113,33,5,28,19,9,3,16,16,43,80,19,6,25,21,1
0022401047,2025-03-25,MIA,112,42,8,34,26,8,5,18,15,43,77,25,17,12,9,GSW,86,38,14,24,20,8,1,16,14,33,83,38,9,16,11,1
0022401052,2025-03-25,SAC,105,36,5,31,32,10,7,11,15,37,91,47,23,12,8,OKC,121,52,6,46,30,7,6,17,18,43,82,32,19,20,16,0
0022401050,2025-03-25,UTA,103,28,4,24,24,6,3,14,16,34,78,42,17,22,18,MEM,140,52,17,35,38,7,4,9,21,52,98,45,20,18,16,0
0022401055,2025-03-26,IND,119,36,7,29,31,9,4,10,16,44,87,36,15,19,16,LAL,120,43,8,35,26,5,3,15,22,41,79,38,17,24,21,0
0022401057,2025-03-26,DEN,127,46,8,38,36,6,4,10,12,49,90,37,16,22,13,MIL,117,39,8,31,30,4,6,11,14,46,89,37,16,13,9,1
0022401058,2025-03-26,PHX,102,38,11,27,22,7,3,14,18,36,87,41,13,21,17,BOS,132,48,11,37,33,8,7,11,18,45,89,52,22,22,20,0
0022401056,2025-03-26,NYK,113,38,7,31,35,4,1,10,14,42,84,34,13,22,16,LAC,126,45,13,32,27,4,8,5,21,45,88,30,16,24,20,0
0022401054,2025-03-26,BKN,86,43,10,33,16,6,9,20,21,31,87,41,8,19,16,TOR,116,63,17,46,34,5,3,12,22,43,102,33,10,23,20,0
0022401053,2025-03-26,PHI,114,47,13,34,22,7,5,5,15,42,98,46,14,20,16,WAS,119,49,13,36,30,3,6,11,12,48,95,44,18,12,5,0
0022401063,2025-03-27,CHI,119,48,11,37,33,4,2,15,15,43,92,44,19,22,14,LAL,117,40,6,34,30,8,7,11,19,45,91,41,12,18,15,1
0022401061,2025-03-27,WAS,109,31,12,19,19,9,2,15,15,38,85,30,11,26,22,IND,162,50,13,37,48,8,2,15,19,59,92,47,27,19,17,0
0022401066,2025-03-27,SAC,128,46,9,37,24,8,3,21,23,48,74,27,10,27,22,POR,107,32,15,17,23,11,3,12,20,35,88,50,16,26,21,1
0022401059,2025-03-27,CLE,124,56,14,42,33,7,5,14,14,46,99,48,17,18,15,SAS,116,50,19,31,27,10,3,10,20,43,106,43,14,21,16,1
0022401062,2025-03-27,MIA,122,37,7,30,26,10,1,14,10,44,82,33,18,20,16,ATL,112,36,6,30,27,10,2,16,11,43,83,41,18,11,8,1
0022401060,2025-03-27,ORL,92,44,10,34,14,5,5,17,20,34,80,30,5,24,19,DAL,101,40,5,35,21,10,1,15,17,37,78,22,11,22,16,0
0022401065,2025-03-27,UTA,110,33,3,30,29,5,5,16,20,43,79,23,11,17,13,HOU,121,51,18,33,26,7,5,9,14,47,102,37,12,19,15,0
0022401064,2025-03-27,OKC,125,45,7,38,28,9,4,12,17,44,90,31,13,28,24,MEM,104,36,5,31,28,9,4,19,20,33,79,42,16,23,22,1
0022401070,2025-03-28,MIL,107,32,3,29,24,2,3,16,14,41,75,33,13,19,12,NYK,116,44,14,30,28,12,1,9,14,45,93,33,12,16,14,0
0022401071,2025-03-28,MIN,124,43,12,31,31,12,4,13,18,47,89,39,19,13,11,PHX,109,34,8,26,28,6,4,16,16,41,79,37,18,13,9,1
0022401067,2025-03-28,DET,133,43,16,27,25,8,5,13,29,44,92,34,15,35,30,CLE,122,41,11,30,16,9,3,15,27,39,84,40,15,38,29,1
0022401072,2025-03-28,NOP,95,46,14,32,24,6,5,16,23,33,81,23,7,28,22,GSW,111,50,18,32,29,10,1,11,22,38,92,55,13,29,22,0
0022401068,2025-03-28,BKN,100,43,10,33,27,10,3,15,21,33,89,47,14,26,20,LAC,132,48,2,46,29,11,4,13,22,44,80,37,19,28,25,0
0022401073,2025-03-28,DEN,129,45,9,36,38,12,13,18,16,48,83,29,11,28,22,UTA,93,42,14,28,21,10,0,18,19,33,93,40,7,24,20,1
0022401069,2025-03-28,TOR,108,45,11,34,28,9,5,6,15,42,95,44,14,15,10,CHA,97,56,13,43,29,5,5,18,12,39,96,31,9,15,10,1
0022401078,2025-03-29,MEM,127,41,9,32,33,7,4,12,27,50,95,32,14,18,13,LAL,134,42,8,34,30,7,3,13,21,45,89,43,19,27,25,0
0022401076,2025-03-29,PHI,95,37,6,31,28,7,7,18,15,38,76,32,13,14,6,MIA,118,47,16,31,33,12,4,11,13,44,93,43,20,13,10,0
0022401075,2025-03-29,WAS,112,40,7,33,21,5,7,6,15,37,85,34,9,33,29,BKN,115,49,12,37,25,2,4,14,23,39,88,46,18,20,19,0
0022401079,2025-03-29,OKC,132,47,8,39,26,9,4,10,17,48,94,36,17,23,19,IND,111,43,8,35,27,6,6,13,16,39,87,42,14,26,19,1
0022401074,2025-03-29,ORL,121,49,13,36,31,10,2,14,18,44,89,39,18,24,15,SAC,91,41,9,32,17,6,6,16,21,34,81,28,7,20,16,1
0022401080,2025-03-29,SAS,111,35,10,25,25,6,1,5,16,38,87,40,14,27,21,BOS,121,54,15,39,32,2,4,11,18,45,94,51,17,18,14,0
0022401077,2025-03-29,CHI,119,56,12,44,31,4,3,19,17,43,91,33,14,24,19,DAL,120,41,8,33,28,9,8,6,18,47,101,30,9,21,17,0
0022401082,2025-03-30,NYK,110,44,9,35,27,10,10,15,17,45,84,25,10,13,10,POR,93,39,13,26,19,9,4,14,12,38,87,36,9,14,8,1
0022401083,2025-03-30,MIL,124,36,6,30,21,5,2,14,24,39,82,35,12,43,34,ATL,145,46,15,31,36,10,2,9,29,50,94,48,17,35,28,0
0022401086,2025-03-30,SAS,106,34,7,27,30,4,3,21,20,40,84,42,16,16,10,GSW,148,44,10,34,42,17,3,13,15,56,97,44,21,19,15,0
0022401088,2025-03-30,PHX,109,39,10,29,25,8,5,19,21,42,87,32,10,17,15,HOU,148,45,13,32,37,14,4,10,15,56,98,31,18,25,18,0
0022401081,2025-03-30,CLE,127,45,10,35,33,11,3,10,17,47,93,45,15,23,18,LAC,122,44,10,34,25,6,4,14,17,45,93,41,16,22,16,1
0022401087,2025-03-30,PHI,109,46,8,38,25,6,10,18,12,42,89,29,8,19,17,TOR,127,46,13,33,32,10,4,11,13,49,103,38,17,18,12,0
0022401084,2025-03-30,MIN,123,59,15,44,24,3,9,10,24,44,93,31,12,31,23,DET,104,44,16,28,22,3,3,7,24,34,95,38,12,32,24,1
0022401085,2025-03-30,NOP,98,57,14,43,24,9,8,17,17,38,92,31,9,17,13,CHA,94,50,12,38,20,15,6,15,17,32,91,33,8,25,22,1
0022401092,2025-03-31,WAS,94,39,5,34,22,14,4,18,20,34,86,43,13,18,13,MIA,120,62,15,47,29,12,2,19,16,47,93,32,9,24,17,0
0022401095,2025-03-31,DAL,109,49,12,37,29,4,3,10,19,41,86,30,10,29,17,BKN,113,40,7,33,32,6,3,8,23,39,90,51,20,20,15,0
0022401090,2025-03-31,IND,111,40,6,34,28,6,5,13,14,42,90,41,14,13,13,SAC,109,45,6,39,22,7,2,12,18,43,92,27,12,17,11,1
0022401093,2025-03-31,MEM,103,45,5,40,21,9,3,11,16,41,92,44,11,16,10,BOS,117,54,12,42,30,4,3,13,11,39,96,62,21,19,18,0
0022401094,2025-03-31,OKC,145,44,9,35,39,11,6,14,16,52,98,43,23,23,18,CHI,117,43,10,33,29,7,7,20,16,44,98,51,16,16,13,1
0022401096,2025-03-31,LAL,104,45,10,35,22,11,6,11,15,35,89,46,16,20,18,HOU,98,51,10,41,26,7,5,15,20,37,89,32,10,17,14,1
0022401091,2025-03-31,ORL,87,32,6,26,18,10,4,15,17,30,76,26,7,22,20,LAC,96,47,11,36,18,12,5,16,19,36,82,31,8,19,16,0
0022401089,2025-03-31,CHA,110,47,10,37,33,3,5,18,14,43,80,38,15,14,9,UTA,106,41,14,27,25,13,2,10,15,39,96,52,14,15,14,1
0022401102,2025-04-01,DEN,139,45,8,37,33,7,7,18,22,47,86,34,12,44,33,MIN,140,52,21,31,35,5,2,14,34,52,111,50,19,25,17,0
0022400988,2025-04-01,SAS,105,38,9,29,24,7,4,17,14,40,81,32,13,17,12,ORL,116,41,10,31,28,12,7,13,15,43,90,47,18,12,12,0
0022401098,2025-04-01,NYK,105,44,14,30,23,10,4,19,18,36,85,31,12,26,21,PHI,91,42,13,29,23,11,5,20,21,34,81,31,6,22,17,1
0022401101,2025-04-01,MIL,133,29,3,26,32,6,5,20,22,51,74,29,17,15,14,PHX,123,33,15,18,26,6,0,14,19,44,92,45,18,21,17,1
0022401097,2025-04-01,ATL,113,45,12,33,26,12,8,20,22,41,92,32,7,28,24,POR,127,54,19,35,30,13,5,17,18,47,103,41,13,27,20,0
0022401100,2025-04-01,MEM,125,43,8,35,22,7,6,16,23,44,92,44,18,22,19,GSW,134,49,15,34,29,11,3,11,22,42,99,56,22,28,28,0
0022401099,2025-04-01,CHI,137,49,10,39,36,10,2,12,9,50,88,34,14,27,23,TOR,118,35,9,26,35,7,3,12,20,44,97,45,20,11,10,1
0022401106,2025-04-02,BOS,103,43,19,24,24,3,6,13,17,39,87,43,12,16,13,MIA,124,34,11,23,28,9,2,5,13,43,83,30,14,27,24,0
0022401103,2025-04-02,CLE,124,44,15,29,23,8,5,13,18,50,94,37,12,14,12,NYK,105,39,15,24,24,7,2,16,19,40,90,36,11,17,14,1
0022401105,2025-04-02,WAS,116,41,7,34,24,6,3,14,21,43,84,43,17,18,13,SAC,111,48,17,31,25,10,3,11,16,40,95,39,10,28,21,1
0022401110,2025-04-02,DEN,106,58,14,44,24,7,4,12,12,38,96,44,13,25,17,SAS,113,52,8,44,27,6,5,10,17,43,97,46,17,13,10,0
0022401109,2025-04-02,DAL,120,42,4,38,27,7,8,15,16,44,83,33,15,21,17,ATL,118,43,12,31,29,7,3,11,19,42,97,39,15,22,19,1
0022401111,2025-04-02,LAC,114,30,2,28,27,9,4,13,9,40,76,32,13,26,21,NOP,98,39,7,32,29,9,4,17,21,43,85,22,4,11,8,1
0022401107,2025-04-02,HOU,143,63,18,45,30,4,6,10,18,56,104,45,19,19,12,UTA,105,39,10,29,25,7,6,10,14,40,94,40,10,23,15,1
0022401108,2025-04-02,OKC,119,46,13,33,25,12,11,10,19,42,96,38,10,31,25,DET,103,43,11,32,20,5,7,19,25,36,89,33,10,25,21,1
0022401104,2025-04-02,IND,119,38,11,27,29,10,6,6,16,47,95,44,18,10,7,CHA,105,44,9,35,20,3,2,18,15,41,78,24,10,18,13,1
0022401115,2025-04-03,PHI,113,40,11,29,30,8,4,15,18,43,89,39,12,19,15,MIL,126,40,8,32,32,7,7,11,14,46,82,31,16,27,18,0
0022401113,2025-04-03,BKN,90,34,8,26,30,11,0,12,17,38,89,36,11,4,3,MIN,105,45,10,35,27,6,10,18,13,39,78,42,13,21,14,0
0022401112,2025-04-03,WAS,97,38,8,30,16,4,3,13,20,38,85,30,12,11,9,ORL,109,47,13,34,27,7,8,12,12,38,82,30,11,25,22,0
0022401116,2025-04-03,TOR,103,35,13,22,29,14,1,18,19,44,96,34,12,5,3,POR,112,54,17,37,20,10,6,25,13,42,86,34,10,20,18,0
0022401117,2025-04-03,LAL,116,39,14,25,23,5,3,10,23,39,86,47,18,23,20,GSW,123,46,14,32,30,5,2,13,21,39,82,42,19,31,26,0
0022401114,2025-04-03,MIA,108,47,15,32,24,11,8,11,21,39,95,33,14,19,16,MEM,110,49,12,37,24,8,4,18,18,40,85,38,16,17,14,0
0022401120,2025-04-04,BOS,123,49,10,39,28,1,4,7,13,45,87,39,14,22,19,PHX,103,40,11,29,24,7,2,8,15,41,93,37,12,11,9,1
0022401122,2025-04-04,CHI,118,61,11,50,25,2,8,18,16,41,87,27,10,31,26,POR,113,54,19,35,23,7,5,5,21,44,115,42,11,18,14,1
0022401118,2025-04-04,CHA,102,45,11,34,17,2,2,13,19,33,83,35,8,34,28,SAC,125,44,10,34,26,4,3,8,28,45,91,36,16,23,19,0
0022401124,2025-04-04,SAS,113,44,9,35,27,9,4,12,15,41,94,48,16,19,15,CLE,114,44,7,37,31,6,4,17,13,41,87,51,22,14,10,0
0022401126,2025-04-04,LAL,124,36,8,28,26,7,2,13,18,41,79,41,16,28,26,NOP,108,38,15,23,27,10,2,17,22,40,82,34,14,22,14,1
0022401127,2025-04-04,LAC,114,48,11,37,23,11,4,13,23,44,89,30,14,16,12,DAL,91,39,6,33,19,7,0,18,14,35,77,20,4,26,17,1
0022401125,2025-04-04,GSW,118,36,11,25,25,14,2,14,15,43,88,38,16,18,16,DEN,104,38,7,31,28,8,4,26,18,40,74,31,12,13,12,1
0022401123,2025-04-04,HOU,125,48,14,34,24,10,5,15,16,45,92,29,13,26,22,OKC,111,33,7,26,24,7,6,15,20,43,89,35,13,15,12,1
0022401119,2025-04-04,IND,140,51,11,40,38,8,17,7,17,51,89,32,12,38,26,UTA,112,52,19,33,21,5,1,13,24,39,104,52,16,21,18,1
0022401121,2025-04-04,TOR,105,49,16,33,24,9,6,16,24,38,91,37,13,20,16,DET,117,47,12,35,27,11,7,14,14,41,89,34,12,27,23,0
0022401131,2025-04-05,MIA,115,52,12,40,24,4,1,10,21,43,102,46,15,16,14,MIL,121,47,3,44,29,6,3,9,17,45,87,24,8,29,23,0
0022401130,2025-04-05,PHI,109,34,11,23,26,9,4,11,23,44,91,35,12,15,9,MIN,114,47,14,33,22,5,7,15,15,41,81,34,11,29,21,0
0022401128,2025-04-05,ATL,105,38,9,29,24,11,7,15,18,41,88,45,14,12,9,NYK,121,38,6,32,32,8,5,14,13,45,84,29,15,19,16,0
0022401132,2025-04-05,LAC,135,45,10,35,31,11,3,7,22,54,96,28,11,20,16,DAL,104,41,10,31,18,5,8,16,18,34,78,27,7,38,29,1
0022401129,2025-04-05,DET,103,44,8,36,24,9,6,7,19,37,96,42,11,23,18,MEM,109,64,17,47,19,4,3,15,18,39,94,32,9,29,22,0
0022401135,2025-04-06,OKC,99,34,9,25,20,9,3,7,17,39,90,37,12,12,9,LAL,126,43,8,35,25,6,2,17,15,46,84,40,22,17,12,0
0022400617,2025-04-06,NOP,107,48,9,39,31,4,6,12,14,43,95,33,12,14,9,MIL,111,51,10,41,29,10,4,7,14,43,92,32,11,22,14,0
0022401142,2025-04-06,DEN,120,47,9,38,33,2,7,13,17,50,93,31,8,18,12,IND,125,41,7,34,34,10,7,6,17,46,96,44,15,21,18,0
0022401140,2025-04-06,NYK,112,41,6,35,28,6,3,15,18,40,74,28,12,24,20,PHX,98,35,15,20,20,11,3,12,22,39,92,34,4,19,16,1
0022401138,2025-04-06,CLE,113,39,13,26,31,11,5,16,17,46,88,38,10,19,11,SAC,120,39,8,31,25,10,3,17,14,44,82,33,14,22,18,0
0022401139,2025-04-06,POR,120,44,8,36,25,10,5,15,20,42,89,41,15,27,21,SAS,109,45,13,32,26,9,4,18,21,41,95,34,11,21,16,1
0022401133,2025-04-06,CHA,117,40,9,31,25,7,2,14,22,41,85,30,8,34,27,CHI,131,41,9,32,26,8,1,13,23,46,86,36,16,29,23,0
0022401143,2025-04-06,GSW,96,46,15,31,28,12,2,20,14,37,89,43,16,11,6,HOU,106,49,16,33,26,11,7,16,15,45,93,30,10,16,6,0
0022401134,2025-04-06,BKN,109,46,8,38,25,8,7,24,18,39,82,35,10,27,21,TOR,120,47,13,34,30,16,4,19,21,47,94,36,12,22,14,0
0022401136,2025-04-06,ATL,147,42,11,31,43,7,3,12,19,54,95,41,22,20,17,UTA,134,32,7,25,29,10,4,10,18,45,87,47,20,28,24,1
0022401137,2025-04-06,BOS,124,62,25,37,33,6,5,14,9,48,98,52,24,6,4,WAS,90,32,11,21,21,5,3,10,10,35,86,45,12,10,8,1
0022401145,2025-04-07,MIA,117,47,10,37,26,7,6,13,17,45,89,36,16,15,11,PHI,105,45,14,31,20,7,4,13,14,38,88,38,12,25,17,1
0022401144,2025-04-07,DET,117,37,13,24,30,8,4,9,23,42,89,39,13,28,20,SAC,127,50,18,32,20,5,4,12,21,47,91,27,11,27,22,0
0022401153,2025-04-08,OKC,136,44,15,29,26,9,5,7,26,52,104,37,18,20,14,LAL,120,45,12,33,21,2,6,19,15,37,80,40,18,37,28,1
0022401152,2025-04-08,MIL,110,43,11,32,27,8,2,12,15,40,84,36,12,25,18,MIN,103,42,10,32,25,4,3,14,20,41,89,40,13,9,8,1
0022401155,2025-04-08,LAC,122,50,14,36,30,6,0,17,14,48,93,30,14,16,12,SAS,117,34,8,26,29,8,4,17,16,45,85,42,17,16,10,1
0022401149,2025-04-08,ORL,119,43,13,30,23,13,6,14,20,42,84,34,14,31,21,ATL,112,41,14,27,25,7,6,18,26,40,88,41,14,22,18,1
0022401151,2025-04-08,NYK,117,52,17,35,28,8,6,11,21,48,101,38,11,16,10,BOS,119,38,9,29,26,8,4,15,17,40,87,49,19,25,20,0
0022401150,2025-04-08,BKN,119,40,7,33,30,11,4,16,22,41,83,40,17,24,20,NOP,114,42,9,33,26,10,6,17,18,39,82,33,12,31,24,1
0022401147,2025-04-08,CLE,135,45,16,29,35,13,3,13,15,51,100,50,25,13,8,CHI,113,45,12,33,26,9,3,20,15,41,86,43,15,19,16,1
0022401154,2025-04-08,PHX,95,41,13,28,22,12,4,19,19,35,88,43,12,15,13,GSW,133,57,19,38,31,14,3,15,10,45,93,40,15,34,28,0
0022401146,2025-04-08,CHA,100,38,6,32,22,3,4,15,18,37,81,38,11,23,15,MEM,124,52,14,38,23,12,3,14,18,42,93,55,18,26,22,0
0022401148,2025-04-08,IND,104,49,13,36,21,7,5,9,16,33,87,35,9,37,29,WAS,98,50,13,37,18,2,8,14,27,38,91,39,11,15,11,1
0022401159,2025-04-09,DAL,97,38,9,29,30,6,6,20,14,36,72,26,9,23,16,LAL,112,39,15,24,22,14,0,12,16,42,90,36,12,21,16,0
0022401160,2025-04-09,CHI,119,46,10,36,33,8,7,16,14,46,89,37,14,13,13,MIA,111,39,11,28,28,11,3,13,10,44,92,33,12,17,11,1
0022401157,2025-04-09,WAS,103,47,13,34,22,9,2,17,25,34,87,33,10,30,25,PHI,122,55,18,37,20,10,8,17,20,39,91,50,16,38,28,0
0022401162,2025-04-09,UTA,133,56,16,40,27,14,4,24,26,50,98,36,15,22,18,POR,126,43,14,29,27,13,5,17,23,48,104,45,11,28,19,1
0022401163,2025-04-09,GSW,111,45,16,29,29,8,2,12,19,36,86,48,16,28,23,SAS,114,43,10,33,23,6,5,15,23,39,81,46,18,21,18,0
0022401156,2025-04-09,ORL,96,49,12,37,23,5,3,10,9,37,91,45,16,8,6,BOS,76,43,9,34,20,5,5,16,11,32,82,40,7,6,5,1
0022401165,2025-04-09,SAC,116,40,11,29,25,2,5,8,22,43,92,36,16,17,14,DEN,124,45,12,33,30,7,5,7,16,43,86,34,13,31,25,0
0022401166,2025-04-09,LAC,134,43,11,32,33,10,3,12,11,48,90,37,19,19,19,HOU,117,36,7,29,24,7,4,14,14,45,88,40,20,10,7,1
0022401164,2025-04-09,PHX,112,38,9,29,31,10,3,15,17,42,87,42,15,19,13,OKC,125,44,8,36,24,11,2,12,18,45,86,30,12,27,23,0
0022401158,2025-04-09,TOR,126,55,16,39,37,8,2,9,16,49,104,52,19,12,9,CHA,96,41,5,36,23,5,3,19,13,36,82,35,11,16,13,1
0022401170,2025-04-10,MEM,125,33,8,25,26,5,2,15,22,46,89,36,18,21,15,MIN,141,41,8,33,29,6,3,16,25,48,87,44,20,28,25,0
0022401167,2025-04-10,DET,115,35,9,26,20,5,6,15,23,47,82,22,8,18,13,NYK,106,34,11,23,32,11,6,17,19,42,90,34,11,14,11,1
0022401169,2025-04-10,BKN,109,41,10,31,31,8,2,19,26,36,90,52,22,22,15,ATL,133,51,7,44,36,11,1,15,19,48,84,36,15,33,22,0
0022401168,2025-04-10,IND,114,46,10,36,28,3,11,10,16,43,93,41,14,20,14,CLE,112,50,11,39,24,6,3,11,16,43,98,37,17,13,9,1
0022401161,2025-04-10,MIL,136,43,7,36,27,13,4,12,17,49,90,45,18,30,20,NOP,111,53,15,38,28,8,0,16,21,41,96,47,15,19,14,1
0022401177,2025-04-11,NOP,104,42,12,30,27,6,2,15,16,38,95,37,14,20,14,MIA,153,60,16,44,36,12,5,9,13,58,104,45,20,22,17,0
0022401171,2025-04-11,DET,119,42,8,34,30,1,9,11,19,46,93,39,18,18,9,MIL,125,44,8,36,30,7,8,7,17,43,94,39,17,27,22,0
0022401179,2025-04-11,MIN,117,48,7,41,27,5,5,12,15,42,77,31,11,29,22,BKN,91,41,15,26,24,7,1,10,24,33,90,41,12,17,13,1
0022401172,2025-04-11,IND,115,44,17,27,24,8,7,20,19,40,89,29,12,35,23,ORL,129,35,8,27,32,14,11,20,28,49,85,32,13,21,18,0
0022401182,2025-04-11,PHX,117,52,13,39,27,9,10,11,9,44,95,47,19,11,10,SAS,98,40,5,35,28,7,2,15,7,39,90,34,13,10,7,1
0022401173,2025-04-11,PHI,110,45,14,31,29,6,6,15,17,43,97,35,12,15,12,ATL,124,53,18,35,28,9,5,15,15,45,94,42,16,24,18,0
0022401175,2025-04-11,NYK,102,35,10,25,22,11,2,11,18,36,88,41,16,20,14,CLE,108,49,13,36,23,7,2,15,17,38,77,31,11,30,21,0
0022401183,2025-04-11,POR,86,52,13,39,21,9,5,22,20,32,85,30,6,22,16,GSW,103,45,7,38,26,15,7,15,19,33,83,44,14,28,23,0
0022401185,2025-04-11,LAL,140,42,4,38,28,11,1,13,15,53,87,37,19,25,15,HOU,109,37,7,30,22,8,5,19,17,41,90,51,18,12,9,1
0022401184,2025-04-11,SAC,100,43,11,32,23,5,1,11,18,37,85,31,10,17,16,LAC,101,37,7,30,19,6,2,12,19,40,78,21,7,18,14,0
0022401181,2025-04-11,UTA,111,57,19,38,23,7,3,16,14,39,103,63,17,20,16,OKC,145,47,5,42,41,12,4,10,17,56,100,53,24,13,9,0
0022401178,2025-04-11,DAL,124,56,12,44,34,8,10,20,12,49,89,34,15,17,11,TOR,102,43,16,27,22,11,4,11,15,40,100,39,11,18,11,1
0022401180,2025-04-11,DEN,117,52,11,41,32,9,2,13,17,44,91,24,5,31,24,MEM,109,41,7,34,26,8,5,13,24,41,91,43,14,19,13,1
0022401176,2025-04-11,CHI,119,54,13,41,32,8,7,13,13,43,93,41,13,22,20,WAS,89,41,8,33,26,7,5,18,16,35,91,41,10,12,9,1
0022401174,2025-04-11,BOS,130,52,10,42,35,9,8,10,11,49,95,51,23,12,9,CHA,94,48,12,36,25,7,4,17,14,36,93,40,15,10,7,1
0022401199,2025-04-13,POR,109,56,27,29,27,7,6,16,16,42,96,42,15,21,10,LAL,81,42,13,29,21,9,11,21,21,31,80,28,9,14,10,1
0022401188,2025-04-13,BKN,105,42,6,36,21,4,2,19,24,38,74,35,12,25,17,NYK,113,40,10,30,27,10,3,12,25,37,86,42,16,26,23,0
0022401186,2025-04-13,ATL,117,44,9,35,32,8,2,16,15,47,88,40,17,10,6,ORL,105,43,12,31,25,11,5,15,8,40,88,35,15,15,10,1
0022401189,2025-04-13,CLE,118,65,18,47,21,6,9,22,23,44,115,60,18,22,12,IND,126,61,14,47,27,15,10,13,20,48,119,42,10,22,20,0
0022401200,2025-04-13,SAC,109,43,10,33,31,6,4,13,7,46,88,34,14,3,3,PHX,98,37,9,28,28,6,1,13,9,40,84,44,15,6,3,1
0022401191,2025-04-13,PHI,102,48,10,38,20,7,6,15,15,36,94,44,12,21,18,CHI,122,59,15,44,29,10,4,13,17,47,103,40,13,20,15,0
0022401194,2025-04-13,MEM,132,53,19,34,31,13,7,12,15,52,104,40,15,15,13,DAL,97,38,10,28,20,6,3,18,13,38,87,28,5,22,16,1
0022401193,2025-04-13,HOU,111,45,16,29,32,5,4,10,24,45,100,34,12,14,9,DEN,126,47,11,36,28,7,6,9,13,45,88,29,10,31,26,0
0022401198,2025-04-13,GSW,119,25,3,22,31,11,6,16,20,43,79,33,15,23,18,LAC,124,42,9,33,28,11,3,16,21,48,86,30,14,18,14,0
0022401196,2025-04-13,NOP,100,47,11,36,22,6,4,13,19,35,91,38,7,30,23,OKC,115,54,17,37,16,8,4,10,25,41,98,47,9,27,24,0
0022401197,2025-04-13,SAS,125,50,9,41,22,11,2,12,13,43,84,32,11,32,28,TOR,118,42,12,30,32,8,1,13,23,46,97,39,14,16,12,1
0022401195,2025-04-13,MIN,116,54,17,37,23,9,9,13,16,46,98,43,13,16,11,UTA,105,40,9,31,24,6,5,14,15,40,89,42,16,11,9,1
0022401190,2025-04-13,MIA,118,46,9,37,28,8,6,8,12,49,98,32,10,12,10,WAS,119,43,6,37,33,4,3,11,14,46,90,37,16,17,11,0
0022401192,2025-04-13,MIL,140,38,6,32,30,5,7,21,17,50,86,44,23,22,17,DET,133,42,14,28,35,9,3,13,19,51,107,59,22,14,9,1
0022401187,2025-04-13,BOS,93,49,15,34,22,12,6,13,14,35,90,45,14,13,9,CHA,86,51,18,33,23,10,4,17,16,32,85,39,11,18,11,1
0022500001,2025-10-21,OKC,125,38,11,27,29,12,4,12,27,46,104,52,13,25,20,HOU,124,52,16,36,23,6,5,25,26,43,97,39,11,31,27,1
0022500002,2025-10-21,LAL,109,39,7,32,23,7,2,20,21,42,77,32,8,28,17,GSW,119,40,9,31,29,10,4,19,27,38,78,40,17,29,26,0
0022500003,2025-10-22,NYK,119,48,9,39,22,8,4,14,23,37,86,40,14,36,31,CLE,111,32,4,28,21,8,4,15,25,40,86,46,19,18,12,1
0022500081,2025-10-22,ORL,125,46,9,37,23,8,7,15,20,42,90,30,12,35,29,MIA,121,47,10,37,26,9,4,19,28,44,91,35,12,27,21,1
0022500088,2025-10-22,PHX,120,51,18,33,23,7,7,16,25,45,95,34,10,28,20,SAC,116,37,9,28,24,10,10,13,22,47,94,24,9,23,13,1
0022500089,2025-10-22,POR,114,39,7,32,25,10,3,16,17,36,90,42,13,35,29,MIN,118,45,10,35,21,10,10,19,29,42,86,30,15,24,19,0
0022500087,2025-10-22,UTA,129,46,13,33,38,11,6,13,21,48,87,44,17,20,16,LAC,108,38,15,23,28,8,6,15,21,39,88,45,14,21,16,1
0022500082,2025-10-22,ATL,118,34,8,26,25,7,6,16,24,38,90,35,10,37,32,TOR,138,54,12,42,36,10,4,19,31,54,95,25,6,29,24,0
0022500083,2025-10-22,BOS,116,42,10,32,16,7,4,11,28,41,91,43,11,26,23,PHI,117,40,10,30,23,3,4,14,23,39,85,41,16,30,23,0
0022500084,2025-10-22,CHI,115,50,12,38,29,6,8,18,23,39,87,30,11,32,26,DET,111,46,13,33,29,8,10,10,29,43,97,24,7,26,18,1
0022500004,2025-10-22,DAL,92,37,9,28,20,5,3,16,24,31,83,21,9,26,21,SAS,125,50,11,39,24,10,5,15,24,50,87,20,8,28,17,0
0022500086,2025-10-22,MIL,133,46,6,40,31,8,6,8,22,50,98,44,18,19,15,WAS,120,56,13,43,23,5,4,13,19,46,98,42,17,19,11,1
0022500085,2025-10-22,MEM,128,39,6,33,20,5,12,17,29,41,80,37,11,43,35,NOP,122,47,17,30,20,10,4,15,30,45,98,27,10,31,22,1
0022500080,2025-10-22,CHA,136,50,14,36,33,5,5,17,25,48,90,36,17,33,23,BKN,117,38,12,26,25,8,3,17,28,39,88,40,14,34,25,1
0022500005,2025-10-23,IND,135,55,11,44,21,6,4,14,37,46,105,43,13,40,30,OKC,141,60,9,51,17,6,2,14,33,43,95,35,10,51,45,0
0022500006,2025-10-23,GSW,137,43,10,33,33,11,3,9,16,50,99,47,18,25,19,DEN,131,43,7,36,32,8,4,13,22,51,95,40,16,14,13,1
0022500091,2025-10-24,BKN,124,38,10,28,30,9,0,20,28,49,96,45,19,7,7,CLE,131,36,9,27,32,14,5,17,18,44,82,42,18,35,25,0
0022500018,2025-10-24,NYK,105,53,21,32,23,7,4,20,17,33,86,45,17,25,22,BOS,95,37,8,29,19,10,7,16,25,35,82,44,15,15,10,1
0022500090,2025-10-24,ORL,107,45,12,33,21,7,3,22,26,37,78,31,9,37,24,ATL,111,40,9,31,26,9,5,16,21,41,85,29,8,28,21,0
0022500097,2025-10-24,POR,139,38,10,28,30,13,5,19,28,50,93,34,16,25,23,GSW,119,41,12,29,24,12,3,25,22,35,80,38,16,39,33,1
0022500098,2025-10-24,SAC,105,33,5,28,23,10,4,13,18,40,83,32,14,15,11,UTA,104,50,11,39,25,6,1,20,16,38,86,41,13,17,15,1
0022500092,2025-10-24,TOR,116,41,10,31,25,10,4,16,21,42,85,27,11,32,21,MIL,122,51,14,37,25,9,5,19,24,47,90,40,14,25,14,0
0022500095,2025-10-24,NOP,116,45,16,29,24,10,3,15,21,42,97,32,10,29,22,SAS,120,59,20,39,25,6,13,19,27,45,98,43,13,26,17,0
0022500096,2025-10-24,DAL,107,48,9,39,23,11,5,21,19,38,88,34,10,27,21,WAS,117,48,10,38,27,11,8,17,24,41,90,36,15,29,20,0
0022500093,2025-10-24,HOU,111,45,17,28,15,14,2,14,24,32,83,22,10,48,37,DET,115,48,15,33,26,6,11,18,31,42,90,39,16,23,15,0
0022500099,2025-10-24,LAC,129,45,10,35,32,12,5,19,19,45,76,29,16,26,23,PHX,102,37,15,22,23,12,4,18,25,37,90,47,16,15,12,1
0022500019,2025-10-24,LAL,128,38,7,31,26,6,3,12,20,45,76,29,12,32,26,MIN,110,40,15,25,24,4,3,12,27,41,88,38,13,21,15,1
0022500094,2025-10-24,MEM,114,41,12,29,29,8,4,20,19,38,95,45,13,28,25,MIA,146,57,17,40,34,15,4,20,25,55,102,40,19,22,17,0
0022500100,2025-10-25,ORL,98,53,15,38,12,8,5,20,25,34,87,24,3,33,27,CHI,110,46,9,37,26,13,2,20,26,39,83,27,10,29,22,0
0022500102,2025-10-25,PHI,125,40,11,29,29,10,5,15,25,41,87,39,18,32,25,CHA,121,45,13,32,30,6,3,17,26,43,89,42,16,28,19,1
0022500101,2025-10-25,ATL,100,46,15,31,25,7,5,17,23,35,85,39,16,21,14,OKC,117,50,15,35,21,13,3,13,19,43,93,37,14,19,17,0
0022500104,2025-10-25,DEN,133,43,11,32,31,14,1,16,23,43,84,31,9,42,38,PHX,111,38,12,26,24,7,4,20,29,38,88,50,17,22,18,1
0022500103,2025-10-25,MEM,128,49,10,39,31,6,4,6,22,44,97,39,15,32,25,IND,103,44,11,33,25,2,5,13,21,36,89,40,14,23,17,1
0022500110,2025-10-26,MIN,114,48,13,35,19,9,4,14,24,39,84,33,10,37,26,IND,110,49,16,33,24,7,5,17,27,39,91,40,14,27,18,1
0022500113,2025-10-26,SAC,120,40,13,27,27,13,4,16,26,45,101,43,18,18,12,LAL,127,47,10,37,26,9,3,17,17,39,80,25,8,46,41,0
0022500105,2025-10-26,SAS,118,45,11,34,20,7,6,15,23,39,78,27,12,36,28,BKN,107,34,11,23,22,9,0,12,30,34,87,50,16,24,23,1
0022500107,2025-10-26,CLE,118,44,10,34,23,10,2,17,23,39,87,40,12,35,28,MIL,113,37,9,28,25,12,6,18,26,40,79,33,13,28,20,1
0022500111,2025-10-26,DAL,139,49,12,37,32,12,7,20,26,50,85,26,10,39,29,TOR,129,43,14,29,33,10,1,16,28,49,100,33,13,24,18,1
0022500112,2025-10-26,LAC,114,46,7,39,26,11,8,24,27,44,80,31,12,15,14,POR,107,42,18,24,24,12,2,16,21,34,92,41,11,34,28,1
0022500108,2025-10-26,MIA,115,50,9,41,25,7,1,16,16,38,83,37,13,31,26,NYK,107,52,16,36,23,9,3,16,24,38,98,54,15,21,16,1
0022500109,2025-10-26,WAS,113,40,7,33,25,5,4,15,27,41,91,34,10,25,21,CHA,139,52,11,41,30,12,4,12,16,47,92,38,15,36,30,0
0022500106,2025-10-26,DET,119,55,19,36,22,7,5,16,24,39,93,34,9,36,32,BOS,113,38,12,26,17,11,8,12,26,40,94,45,15,24,18,1
0022500008,2025-10-27,MIN,114,33,7,26,19,8,9,15,22,40,85,32,10,29,24,DEN,127,46,10,36,24,5,4,14,24,46,88,26,13,25,22,0
0022500114,2025-10-27,PHI,136,39,14,25,25,5,9,7,27,48,97,33,14,32,26,ORL,124,43,13,30,27,4,7,13,22,45,82,25,8,38,26,1
0022500118,2025-10-27,SAS,121,44,7,37,29,11,3,21,17,39,67,27,13,36,30,TOR,103,20,1,19,29,9,4,15,23,37,79,32,12,23,17,1
0022500120,2025-10-27,UTA,138,64,28,36,27,8,4,19,27,44,108,49,16,36,34,PHX,134,48,18,30,37,13,8,14,29,45,106,55,20,31,24,1
0022500117,2025-10-27,NOP,90,35,11,24,17,7,0,14,19,28,84,36,9,28,25,BOS,122,54,16,38,25,5,7,12,24,46,95,53,18,15,12,0
0022500115,2025-10-27,CHI,128,51,12,39,33,5,4,18,20,48,92,43,16,21,16,ATL,123,36,8,28,32,8,1,6,17,49,98,32,11,20,14,1
0022500119,2025-10-27,DAL,94,36,6,30,20,6,4,9,15,33,87,39,12,22,16,OKC,101,55,9,46,21,5,5,13,23,42,90,30,6,13,11,0
0022500121,2025-10-27,GSW,131,39,7,32,36,7,5,16,24,44,83,43,19,30,24,MEM,118,39,7,32,32,8,3,13,20,40,88,39,12,28,26,1
0022500116,2025-10-27,HOU,137,39,9,30,33,10,4,10,22,49,85,32,16,26,23,BKN,109,37,15,22,22,3,0,14,24,41,86,40,15,18,12,1
0022500122,2025-10-27,LAL,108,42,12,30,23,11,5,25,19,40,86,27,7,26,21,POR,122,49,19,30,24,12,9,19,17,47,103,43,14,15,14,0
0022500007,2025-10-27,DET,95,48,16,32,20,12,4,26,29,33,87,34,11,27,18,CLE,116,48,12,36,25,11,4,20,25,39,85,35,11,35,27,0
0022500126,2025-10-28,OKC,107,44,10,34,26,11,10,15,19,42,92,44,14,10,9,SAC,101,46,9,37,21,11,3,17,16,36,85,29,10,21,19,1
0022500127,2025-10-28,GSW,98,42,10,32,24,11,3,13,15,39,86,45,17,4,3,LAC,79,47,13,34,10,7,2,16,5,30,82,33,6,16,13,1
0022500124,2025-10-28,MIA,144,37,8,29,34,8,2,11,16,52,96,45,20,22,20,CHA,117,41,9,32,26,9,3,18,18,40,90,45,18,23,19,1
0022500125,2025-10-28,MIL,121,38,4,34,27,7,8,13,21,43,79,34,14,24,21,NYK,111,45,17,28,24,9,2,13,21,39,92,40,13,23,20,1
0022500123,2025-10-28,WAS,134,50,13,37,33,10,5,16,30,51,107,43,17,21,15,PHI,139,55,18,37,26,7,11,14,21,45,100,42,17,37,32,0
0022500136,2025-10-29,MIN,115,34,9,25,30,8,5,18,23,41,82,30,15,22,18,LAL,116,40,11,29,34,6,5,19,22,45,83,31,11,22,15,0
0022500130,2025-10-29,BKN,112,47,15,32,23,4,4,16,17,40,88,37,11,27,21,ATL,117,44,13,31,33,11,8,8,26,44,93,33,13,22,16,0
0022500137,2025-10-29,PHX,113,40,8,32,25,11,4,21,20,41,86,40,16,17,15,MEM,114,41,9,32,31,12,3,17,17,44,93,38,15,13,11,0
0022500131,2025-10-29,TOR,121,22,4,18,29,6,2,10,26,43,85,40,21,19,14,HOU,139,53,17,36,31,9,8,17,16,50,87,30,13,34,26,0
0022500135,2025-10-29,UTA,134,46,16,30,30,10,7,22,24,41,84,35,11,49,41,POR,136,39,14,25,34,14,5,18,33,46,96,55,21,27,23,0
0022500128,2025-10-29,BOS,125,53,18,35,29,11,3,10,19,42,95,57,21,24,20,CLE,105,42,11,31,25,6,4,14,22,35,87,52,17,24,18,1
0022500132,2025-10-29,CHI,126,46,12,34,34,6,2,16,20,49,91,32,14,18,14,SAC,113,31,5,26,28,10,2,10,17,43,82,28,7,26,20,1
0022500133,2025-10-29,DAL,107,47,7,40,21,4,7,19,22,36,79,24,5,37,30,IND,105,52,19,33,20,8,7,14,29,37,106,45,13,28,18,1
0022500134,2025-10-29,DEN,122,56,13,43,40,6,4,14,23,48,90,42,14,14,12,NOP,88,36,13,23,17,9,3,14,15,32,85,34,7,29,17,1
0022500129,2025-10-29,DET,135,46,14,32,29,11,8,14,28,46,93,32,13,34,30,ORL,116,43,15,28,22,5,5,17,27,38,83,31,12,40,28,1
0022500141,2025-10-30,SAS,107,48,9,39,26,10,8,11,17,38,86,41,14,23,17,MIA,101,41,5,36,29,6,2,14,20,39,90,38,15,11,8,1
0022500140,2025-10-30,OKC,127,47,14,33,29,16,8,6,15,44,98,49,16,28,23,WAS,108,49,12,37,25,3,6,23,26,38,84,40,17,17,15,1
0022500139,2025-10-30,MIL,120,34,7,27,25,7,2,16,22,46,96,46,19,13,9,GSW,110,44,9,35,23,8,6,22,17,36,85,38,13,26,25,1
0022500138,2025-10-30,CHA,107,41,12,29,24,5,6,21,22,42,83,30,11,15,12,ORL,123,38,14,24,29,10,7,13,19,45,87,38,16,23,17,0
0022500020,2025-10-31,IND,108,49,18,31,23,6,3,12,16,35,99,47,13,33,25,ATL,128,55,12,43,30,10,5,10,23,51,94,30,10,20,16,0
0022500021,2025-10-31,PHI,108,40,9,31,27,6,7,18,13,37,78,34,13,29,21,BOS,109,45,16,29,26,8,7,10,24,44,101,45,14,12,7,0
0022500025,2025-10-31,PHX,118,44,8,36,30,10,6,12,25,43,91,48,17,18,15,UTA,96,48,12,36,23,4,3,21,22,30,80,37,12,32,24,1
0022500026,2025-10-31,POR,109,43,16,27,26,11,5,13,24,38,91,39,11,31,22,DEN,107,46,10,36,19,6,7,19,21,38,79,25,6,31,25,1
0022500022,2025-10-31,CLE,101,42,15,27,24,10,10,14,15,36,90,46,14,23,15,TOR,112,48,10,38,27,9,4,18,18,40,82,30,13,24,19,0
0022500023,2025-10-31,CHI,135,41,6,35,31,8,6,9,22,45,84,37,17,35,28,NYK,125,39,12,27,27,3,5,12,25,45,91,45,18,23,17,1
0022500027,2025-10-31,LAC,126,37,10,27,28,12,6,12,19,46,89,39,15,21,19,NOP,124,43,12,31,28,8,4,15,18,40,83,37,18,29,26,1
0022500024,2025-10-31,MEM,112,42,13,29,28,9,0,11,25,41,93,45,14,19,16,LAL,117,40,5,35,24,8,3,15,16,39,76,38,13,33,26,0
0022500144,2025-11-01,IND,114,47,11,36,24,7,3,12,19,40,89,33,10,28,24,GSW,109,44,10,34,25,5,4,16,27,39,90,44,12,22,19,1
0022500146,2025-11-01,BOS,101,36,14,22,24,9,2,10,25,40,103,44,14,7,7,HOU,128,53,12,41,30,6,11,20,14,42,77,29,19,35,25,0
0022500142,2025-11-01,MIL,133,37,9,28,30,5,2,11,26,49,82,32,15,31,20,SAC,135,38,11,27,30,8,1,10,21,45,87,28,10,40,35,0
0022500145,2025-11-01,WAS,94,40,11,29,19,7,9,17,23,39,98,27,9,15,7,ORL,125,53,8,45,32,13,10,17,16,47,92,36,12,22,19,0
0022500143,2025-11-01,CHA,105,45,10,35,23,4,4,14,16,34,86,45,13,27,24,MIN,122,38,4,34,31,8,2,10,22,47,87,36,17,14,11,0
0022500149,2025-11-02,BKN,105,44,13,31,21,10,4,19,15,39,91,39,7,26,20,PHI,129,44,12,32,34,10,6,15,25,50,96,40,15,17,14,0
0022500153,2025-11-02,NYK,128,47,14,33,31,7,5,11,12,43,95,42,20,22,22,CHI,116,46,12,34,28,7,3,14,20,45,93,40,17,11,9,1
0022500154,2025-11-02,PHX,130,39,5,34,34,8,4,20,26,46,79,33,19,22,19,SAS,118,41,16,25,21,11,5,14,21,45,98,41,10,23,18,1
0022500148,2025-11-02,OKC,137,42,8,34,33,12,5,13,22,47,84,48,20,26,23,NOP,106,38,12,26,26,6,3,17,22,35,80,40,16,32,20,1
0022500152,2025-11-02,TOR,117,49,15,34,32,5,7,16,23,45,89,37,11,20,16,MEM,104,41,11,30,24,6,0,13,18,38,87,35,11,20,17,1
0022500151,2025-11-02,CLE,117,44,13,31,30,12,4,18,28,40,97,57,20,18,17,ATL,109,46,8,38,28,9,3,23,21,39,77,23,6,35,25,1
0022500155,2025-11-02,LAL,130,41,8,33,33,14,2,12,26,48,95,46,15,23,19,MIA,120,42,9,33,29,7,3,15,20,43,84,33,9,36,25,1
0022500150,2025-11-02,CHA,126,46,9,37,31,6,6,15,25,43,88,43,18,22,22,UTA,103,38,10,28,27,7,3,11,24,36,88,32,7,29,24,1
0022500156,2025-11-03,BKN,109,40,18,22,25,9,4,12,24,36,89,40,12,38,25,MIN,125,53,14,39,33,6,4,17,26,44,78,35,14,35,23,0
0022500159,2025-11-03,NYK,119,49,12,37,32,12,4,12,16,44,94,41,15,20,16,WAS,102,44,7,37,30,7,5,20,21,38,81,35,13,19,13,1
0022500157,2025-11-03,IND,115,45,14,31,24,8,4,12,24,39,90,33,8,38,29,MIL,117,43,9,34,24,6,5,18,28,42,88,47,20,22,13,0
0022500163,2025-11-03,POR,115,38,15,23,23,13,3,18,18,42,85,40,9,30,22,LAL,123,34,8,26,29,11,5,17,22,50,85,23,9,16,14,0
0022500158,2025-11-03,BOS,103,36,10,26,21,12,4,10,22,37,89,51,11,22,18,UTA,105,55,15,40,23,4,2,19,21,38,84,31,9,25,20,0
0022500162,2025-11-03,DEN,130,40,8,32,33,9,5,8,18,50,97,38,12,24,18,SAC,124,47,8,39,27,5,1,15,24,47,90,27,9,25,21,1
0022500160,2025-11-03,HOU,110,54,15,39,23,9,7,17,17,41,89,29,8,30,20,DAL,102,40,10,30,30,12,6,15,25,40,89,36,9,20,13,1
0022500164,2025-11-03,LAC,119,44,11,33,25,13,4,21,24,44,88,41,17,19,14,MIA,120,37,6,31,33,12,3,16,15,45,83,25,12,24,18,0
0022500161,2025-11-03,MEM,106,49,18,31,25,8,5,20,22,35,87,41,14,25,22,DET,114,43,10,33,23,11,9,14,21,42,83,31,10,29,20,0
0022500165,2025-11-04,TOR,128,50,10,40,33,8,6,10,23,44,91,38,17,29,23,MIL,100,41,9,32,26,5,4,15,26,37,86,38,11,21,15,1
0022500166,2025-11-04,ATL,127,34,6,28,23,11,6,20,24,40,72,30,13,42,34,ORL,112,41,14,27,26,9,1,19,30,36,83,34,11,33,29,1
0022500168,2025-11-04,NOP,116,39,13,26,27,9,3,13,20,43,90,38,17,19,13,CHA,112,49,15,34,20,8,6,20,23,39,82,38,13,28,21,1
0022500167,2025-11-04,CHI,113,48,12,36,26,11,9,18,19,42,89,34,13,20,16,PHI,111,40,12,28,22,12,11,16,21,40,94,30,11,24,20,1
0022500169,2025-11-04,GSW,118,39,8,31,33,9,4,16,18,41,83,42,19,20,17,PHX,107,46,16,30,25,10,5,17,17,40,91,33,12,16,15,1
0022500170,2025-11-04,LAC,107,42,10,32,26,9,2,19,20,33,80,43,18,27,23,OKC,126,40,8,32,28,12,6,11,23,45,86,38,18,22,18,0
0022500175,2025-11-05,NYK,137,50,21,29,32,7,8,14,21,55,102,42,19,9,8,MIN,114,31,9,22,30,6,2,17,14,40,83,40,19,17,15,1
0022500173,2025-11-05,IND,103,56,16,40,29,6,5,18,23,41,99,36,13,13,8,BKN,112,45,10,35,26,9,5,14,17,36,86,40,14,35,26,0
0022500180,2025-11-05,POR,121,49,11,38,24,8,6,18,24,36,88,43,19,32,30,OKC,119,50,13,37,24,9,5,15,27,38,91,38,15,31,28,1
0022500181,2025-11-05,SAC,121,47,8,39,27,7,5,16,18,41,83,23,11,33,28,GSW,116,44,10,34,28,10,6,19,26,40,89,43,17,23,19,1
0022500174,2025-11-05,BOS,136,40,12,28,31,12,3,7,24,52,95,41,16,21,16,WAS,107,40,11,29,25,2,5,19,18,39,80,27,9,27,20,1
0022500171,2025-11-05,CLE,132,34,10,24,33,9,7,15,22,49,92,44,18,17,16,PHI,121,43,15,28,26,9,2,19,23,44,90,31,12,30,21,1
0022500177,2025-11-05,DAL,99,44,10,34,18,11,7,15,15,37,89,32,10,20,15,NOP,101,56,14,42,18,10,3,16,18,39,91,31,10,16,13,0
0022500178,2025-11-05,DEN,122,61,21,40,33,10,4,17,16,43,101,40,11,28,25,MIA,112,38,5,33,26,13,4,15,20,38,86,41,14,25,22,1
0022500179,2025-11-05,LAL,118,38,12,26,23,8,5,14,30,37,83,31,10,44,34,SAS,116,37,8,29,22,7,1,19,36,36,74,33,13,40,31,1
0022500176,2025-11-05,MEM,109,47,13,34,25,10,9,15,19,34,89,39,13,35,28,HOU,124,54,15,39,29,9,3,13,21,48,101,30,13,18,15,0
0022500172,2025-11-05,DET,114,52,13,39,24,5,6,13,23,45,91,30,11,22,13,UTA,103,44,11,33,24,7,2,15,17,33,86,39,12,29,25,1
0022500182,2025-11-06,PHX,115,44,15,29,27,13,2,16,23,41,92,49,19,19,14,LAC,102,41,11,30,24,8,4,15,19,35,79,31,10,30,22,1
0022500036,2025-11-07,MIN,137,52,13,39,32,10,10,21,23,50,88,36,17,27,20,UTA,97,40,16,24,28,11,3,18,22,35,94,39,9,25,18,1
0022500031,2025-11-07,BKN,107,30,8,22,26,5,1,20,24,34,80,46,17,26,22,DET,125,46,11,35,32,14,1,13,19,49,85,26,6,30,21,0
0022500028,2025-11-07,ORL,123,44,11,33,28,8,7,15,18,41,82,36,17,31,24,BOS,110,44,12,32,26,9,8,14,27,43,95,37,13,16,11,1
0022500038,2025-11-07,SAC,101,38,8,30,27,6,3,17,20,38,92,40,15,15,10,OKC,132,52,8,44,27,9,8,11,16,49,91,35,13,24,21,0
0022500032,2025-11-07,SAS,121,40,15,25,30,15,4,21,19,40,87,45,18,25,23,HOU,110,41,17,24,25,12,4,24,24,39,85,27,13,21,19,1
0022500030,2025-11-07,ATL,97,54,19,35,24,8,7,19,19,33,96,38,9,23,22,TOR,109,48,13,35,23,11,6,13,21,37,91,38,12,25,23,0
0022500037,2025-11-07,DEN,129,41,7,34,34,8,4,9,15,46,82,33,16,25,21,GSW,104,46,17,29,28,4,5,12,18,40,95,41,12,15,12,1
0022500033,2025-11-07,MIA,126,37,6,31,31,10,7,8,21,51,99,28,12,14,12,CHA,108,57,19,38,22,4,9,18,18,37,97,39,10,27,24,1
0022500035,2025-11-07,MIL,126,53,14,39,27,10,6,11,16,48,103,39,16,18,14,CHI,110,45,8,37,34,9,3,14,19,44,90,33,10,16,12,1
0022500034,2025-11-07,MEM,118,42,7,35,27,8,1,15,20,41,85,35,13,28,23,DAL,104,44,8,36,25,7,6,18,20,42,86,39,10,16,10,1
0022500029,2025-11-07,WAS,115,44,16,28,32,5,7,20,24,41,91,41,15,23,18,CLE,148,57,25,32,34,15,6,10,17,52,110,45,20,31,24,0
0022500184,2025-11-08,PHI,130,54,15,39,31,4,9,14,22,49,96,35,10,28,22,TOR,120,38,10,28,29,7,5,11,25,41,90,38,16,28,22,1
0022500188,2025-11-08,SAS,126,43,10,33,31,6,6,12,20,48,90,40,14,18,16,NOP,119,40,11,29,27,7,2,12,19,45,94,38,15,17,14,1
0022500185,2025-11-08,ATL,122,37,7,30,37,13,6,11,14,48,93,39,16,11,10,LAL,102,47,13,34,23,8,5,20,11,37,81,30,12,20,16,1
0022500186,2025-11-08,CLE,128,39,10,29,32,6,7,9,27,46,94,46,17,26,19,CHI,122,49,10,39,27,8,4,14,25,38,84,29,13,36,33,1
0022500189,2025-11-08,DEN,117,55,15,40,32,8,2,18,25,45,93,27,8,23,19,IND,100,43,15,28,20,9,6,11,23,33,93,36,8,34,26,1
0022500190,2025-11-08,LAC,103,27,5,22,26,5,5,11,15,41,77,33,10,18,11,PHX,114,42,13,29,30,9,2,14,19,40,83,38,16,21,18,0
0022500187,2025-11-08,MIA,136,47,12,35,37,17,5,15,23,49,96,35,10,36,28,POR,131,57,22,35,29,8,4,20,32,49,109,51,14,23,19,1
0022500183,2025-11-08,WAS,105,44,12,32,17,7,7,18,21,37,89,35,11,23,20,DAL,111,51,16,35,26,15,6,13,17,42,93,24,6,30,21,0
0022500192,2025-11-09,NYK,134,46,15,31,31,9,3,14,25,48,89,37,17,26,21,BKN,98,38,15,23,21,5,8,19,25,33,82,45,14,24,18,1
0022500193,2025-11-09,ORL,107,42,12,30,21,8,4,17,24,35,78,29,7,32,30,BOS,111,41,13,28,22,10,2,14,27,40,85,33,13,25,18,0
0022500195,2025-11-09,PHI,108,44,12,32,22,8,6,20,22,36,84,33,12,28,24,DET,111,37,9,28,23,12,5,16,21,39,82,30,13,28,20,0
0022500197,2025-11-09,SAC,117,43,12,31,25,8,3,18,20,40,90,29,13,31,24,MIN,144,44,9,35,28,11,9,11,23,52,97,46,18,24,22,0
0022500196,2025-11-09,GSW,114,50,11,39,22,11,6,10,16,38,88,44,12,37,26,IND,83,53,14,39,21,7,6,22,25,32,94,39,11,11,8,1
0022500191,2025-11-09,MIL,115,27,7,20,25,11,6,13,20,44,79,29,13,24,14,HOU,122,50,20,30,24,8,3,18,19,48,90,26,10,21,16,0
0022500194,2025-11-09,MEM,100,50,11,39,30,3,6,14,25,35,91,44,17,18,13,OKC,114,51,9,42,19,10,3,6,17,41,95,43,10,26,22,0
0022500200,2025-11-10,ORL,115,50,11,39,26,6,7,13,23,39,87,30,8,34,29,POR,112,38,11,27,22,5,3,10,24,40,90,36,13,26,19,1
0022500204,2025-11-10,PHX,121,43,10,33,29,12,7,18,18,39,78,43,19,31,24,NOP,98,40,15,25,18,12,3,20,23,34,83,32,10,26,20,1
0022500205,2025-11-10,UTA,113,50,16,34,30,5,5,15,24,38,95,52,17,24,20,MIN,120,42,7,35,25,8,5,11,21,42,89,33,10,28,26,0
0022500202,2025-11-10,CHI,117,45,11,34,29,10,4,13,20,41,93,38,16,23,19,SAS,121,47,9,38,30,10,7,15,17,44,86,33,10,27,23,0
0022500203,2025-11-10,DAL,114,52,16,36,25,8,8,15,22,37,89,39,9,41,31,MIL,116,44,8,36,24,9,6,13,26,41,91,36,14,25,20,0
0022500206,2025-11-10,LAC,102,42,11,31,19,7,9,12,14,36,82,38,12,25,18,ATL,105,41,7,34,30,7,8,12,22,38,84,34,13,20,16,0
0022500201,2025-11-10,MIA,140,56,12,44,32,5,6,14,27,46,98,36,12,41,36,CLE,138,60,26,34,26,8,4,10,27,49,120,65,21,27,19,1
0022500199,2025-11-10,DET,137,63,28,35,27,16,5,16,18,47,114,41,13,38,30,WAS,135,46,11,35,26,10,6,20,28,50,95,38,15,26,20,1
0022500198,2025-11-10,CHA,111,37,9,28,28,6,6,23,25,37,71,36,17,22,20,LAL,121,36,12,24,25,12,2,11,22,45,90,39,14,20,17,0
0022500207,2025-11-11,BKN,109,36,7,29,24,7,5,13,20,32,81,41,14,32,31,TOR,119,50,13,37,31,5,4,9,23,45,91,35,9,25,20,0
0022500208,2025-11-11,NYK,133,44,10,34,35,12,2,15,21,47,98,55,22,20,17,MEM,120,44,5,39,36,7,3,22,20,43,84,38,14,24,20,1
0022500209,2025-11-11,PHI,102,44,8,36,24,2,6,9,22,36,84,36,14,19,16,BOS,100,53,13,40,23,4,6,11,17,36,92,38,13,19,15,1
0022500212,2025-11-11,SAC,108,35,9,26,31,4,3,10,23,41,85,33,10,23,16,DEN,122,48,15,33,24,6,2,13,19,44,86,33,13,27,21,0
0022500210,2025-11-11,OKC,126,40,10,30,29,12,4,20,21,42,83,36,16,31,26,GSW,102,32,6,26,23,16,4,21,28,33,74,35,13,29,23,1
0022500211,2025-11-11,UTA,152,45,13,32,38,3,3,15,27,51,92,42,19,35,31,IND,128,35,15,20,29,6,6,8,26,46,99,37,10,29,26,1
0022500215,2025-11-12,NYK,107,37,10,27,20,10,3,14,25,39,88,36,11,23,18,ORL,124,49,12,37,29,10,4,15,23,42,86,33,12,33,28,0
0022500223,2025-11-12,SAC,100,35,9,26,22,7,1,20,19,36,92,39,14,18,14,ATL,133,45,7,38,42,14,6,21,20,49,85,40,17,22,18,0
0022500220,2025-11-12,SAS,120,49,13,36,30,5,3,20,24,46,94,39,14,16,14,GSW,125,40,8,32,30,13,3,16,18,36,85,57,21,36,32,0
0022500222,2025-11-12,OKC,121,42,6,36,28,14,4,11,19,44,88,39,12,23,21,LAL,92,42,9,33,19,9,0,20,19,31,77,35,11,28,19,1
0022500216,2025-11-12,BOS,131,58,18,40,34,4,8,11,20,50,99,51,21,12,10,MEM,95,41,15,26,25,8,4,10,18,32,95,43,10,26,21,1
0022500219,2025-11-12,NOP,117,35,15,20,28,6,2,10,20,43,91,39,13,21,18,POR,125,39,9,30,26,5,5,13,22,48,83,37,13,17,16,0
0022500221,2025-11-12,DAL,114,45,8,37,32,10,10,21,23,43,86,47,17,17,11,PHX,123,46,13,33,31,13,3,12,20,44,95,35,14,26,21,0
0022500218,2025-11-12,HOU,135,53,20,33,32,9,6,12,18,51,96,35,17,23,16,WAS,112,37,12,25,25,6,5,12,22,42,92,38,15,19,13,1
0022500224,2025-11-12,LAC,116,36,11,25,28,4,7,15,30,41,84,37,16,19,18,DEN,130,42,11,31,22,9,3,12,14,44,84,34,13,35,29,0
0022500217,2025-11-12,MIA,116,44,9,35,29,6,6,21,29,45,94,37,15,13,11,CLE,130,49,15,34,32,13,10,13,21,45,104,47,14,31,26,0
0022500214,2025-11-12,DET,124,44,11,33,30,13,5,19,25,50,90,30,13,16,11,CHI,113,44,12,32,21,11,6,21,18,41,86,33,12,28,19,1
0022500213,2025-11-12,CHA,111,50,15,35,27,5,5,16,15,38,86,40,12,27,23,MIL,100,34,10,24,29,6,6,9,22,40,88,30,12,13,8,1
0022500226,2025-11-13,PHX,133,43,10,33,19,6,6,11,24,49,85,35,13,27,22,IND,98,41,16,25,20,4,3,12,22,32,88,25,7,29,27,1
0022500227,2025-11-13,UTA,122,49,14,35,39,9,5,24,19,45,92,44,19,21,13,ATL,132,43,9,34,36,18,6,18,18,46,90,47,24,22,16,0
0022500225,2025-11-13,CLE,113,37,14,23,26,7,6,12,20,41,91,41,10,26,21,TOR,126,43,11,32,37,6,7,14,20,49,88,31,12,17,16,0
0022500044,2025-11-14,MIN,124,51,13,38,28,10,3,18,20,42,86,37,12,40,28,SAC,110,44,13,31,32,12,4,15,26,41,93,33,12,27,16,1
0022500039,2025-11-14,NYK,140,51,20,31,32,9,2,8,23,48,104,53,21,29,23,MIA,132,46,15,31,30,4,5,11,23,44,95,44,19,34,25,1
0022500040,2025-11-14,ORL,105,46,7,39,21,3,5,19,16,36,78,39,15,21,18,BKN,98,34,7,27,23,9,4,7,19,38,89,39,10,16,12,1
0022500047,2025-11-14,SAS,108,47,11,36,28,8,6,21,19,39,85,38,14,19,16,GSW,109,39,15,24,18,9,8,15,20,38,90,45,17,18,16,0
0022500045,2025-11-14,NOP,104,42,12,30,24,11,3,20,23,39,89,34,12,18,14,LAL,118,45,10,35,28,13,5,18,17,44,84,34,10,26,20,0
0022500046,2025-11-14,DAL,127,50,11,39,18,11,7,25,25,44,99,36,10,38,29,LAC,133,45,7,38,22,16,6,23,32,45,95,42,13,36,30,0
0022500042,2025-11-14,HOU,140,49,20,29,26,16,6,6,22,53,106,45,17,20,17,POR,116,44,16,28,18,4,2,20,18,42,89,36,13,27,19,1
0022500043,2025-11-14,MIL,147,39,5,34,37,10,3,22,25,55,85,34,20,22,17,CHA,134,39,10,29,31,11,1,13,21,47,98,45,17,29,23,1
0022500041,2025-11-14,DET,114,46,13,33,32,9,7,14,17,41,92,41,17,18,15,PHI,105,46,13,33,19,9,4,15,20,39,90,39,14,15,13,1
0022500232,2025-11-15,MIN,112,40,8,32,23,9,7,13,27,41,88,34,10,23,20,DEN,123,47,10,37,29,9,6,13,19,39,83,29,14,38,31,0
0022500230,2025-11-15,IND,111,40,7,33,22,5,3,16,25,37,87,43,15,27,22,TOR,129,46,8,38,29,13,3,14,20,48,87,30,7,42,26,0
0022500228,2025-11-15,CLE,108,49,11,38,24,7,9,21,28,38,83,40,13,29,19,MEM,100,46,11,35,21,9,5,15,25,31,86,32,9,40,29,1
0022500231,2025-11-15,MIL,95,39,12,27,20,6,4,17,23,32,80,39,15,24,16,LAL,119,47,11,36,23,13,4,17,20,38,77,33,13,33,30,0
0022500229,2025-11-15,CHA,96,42,12,30,23,6,5,15,10,37,96,42,16,7,6,OKC,109,50,13,37,26,9,6,14,15,45,89,23,11,10,8,0
0022500239,2025-11-16,PHX,122,47,16,31,23,9,3,17,24,47,97,30,10,19,18,ATL,124,34,9,25,35,11,3,17,19,45,85,43,14,24,20,0
0022500234,2025-11-16,SAS,123,46,9,37,38,7,4,15,17,47,87,38,14,18,15,SAC,110,37,5,32,25,10,3,12,17,41,87,33,12,22,16,1
0022500240,2025-11-16,UTA,150,53,12,41,29,13,6,9,28,49,111,49,18,41,34,CHI,147,60,12,48,38,7,10,17,29,49,108,50,19,32,30,1
0022500233,2025-11-16,BOS,121,49,20,29,26,6,6,6,21,46,103,39,16,17,13,LAC,118,44,10,34,23,4,7,14,20,38,81,35,14,30,28,1
0022500237,2025-11-16,NOP,106,45,15,30,22,11,4,21,16,38,83,29,8,29,22,GSW,124,47,16,31,34,14,4,21,23,43,94,56,24,17,14,0
0022500238,2025-11-16,DAL,138,47,13,34,33,7,9,15,22,48,95,34,15,40,27,POR,133,53,22,31,26,8,5,12,32,46,113,47,14,32,27,1
0022500236,2025-11-16,HOU,117,60,19,41,19,4,4,15,23,42,100,20,8,29,25,ORL,113,38,9,29,21,11,9,8,22,38,91,37,12,34,25,1
0022500235,2025-11-16,WAS,106,33,3,30,21,7,3,12,25,37,84,34,12,22,20,BKN,129,44,7,37,32,4,8,15,18,42,79,41,17,35,28,0
0022500246,2025-11-17,MIN,120,59,14,45,27,16,5,17,24,44,97,44,14,25,18,DAL,96,43,10,33,13,7,4,20,22,34,85,30,9,31,19,1
0022500243,2025-11-17,PHI,110,46,9,37,26,7,4,9,20,39,84,33,11,30,21,LAC,108,45,8,37,18,6,3,10,26,35,87,39,12,27,26,1
0022500245,2025-11-17,TOR,110,43,8,35,25,8,7,17,21,44,88,25,10,16,12,CHA,108,48,14,34,19,11,9,16,14,37,87,40,10,30,24,1
0022500241,2025-11-17,CLE,118,45,4,41,25,7,5,18,17,44,79,35,15,21,15,MIL,106,34,7,27,26,9,1,15,17,39,93,36,17,15,11,1
0022500247,2025-11-17,NOP,109,35,12,23,21,9,4,22,26,42,86,28,12,15,13,OKC,126,38,13,25,30,12,6,18,20,43,87,42,17,28,23,0
0022500248,2025-11-17,DEN,127,53,13,40,21,6,5,8,14,46,97,36,14,25,21,CHI,130,53,13,40,31,5,4,9,18,48,102,53,19,19,15,0
0022500244,2025-11-17,MIA,115,40,7,33,29,5,5,14,21,45,101,35,14,13,11,NYK,113,48,11,37,23,7,7,17,18,43,94,36,9,24,18,1
0022500242,2025-11-17,DET,127,43,14,29,29,9,8,17,28,48,88,35,9,30,22,IND,112,43,20,23,19,8,5,21,26,35,84,31,9,45,33,1
0022500250,2025-11-18,BKN,99,39,12,27,25,12,2,14,22,33,82,38,14,27,19,BOS,113,49,10,39,25,6,5,20,24,37,75,42,19,26,20,0
0022500249,2025-11-18,ORL,121,43,10,33,28,14,3,14,20,43,85,32,8,29,27,GSW,113,36,6,30,26,11,3,18,18,39,78,36,13,28,22,1
0022500254,2025-11-18,POR,110,43,15,28,24,7,6,20,12,42,97,41,10,20,16,PHX,127,46,18,28,24,19,4,18,27,47,98,40,14,22,19,0
0022500252,2025-11-18,SAS,111,38,4,34,23,10,3,9,16,42,87,42,16,13,11,MEM,101,59,21,38,30,6,4,14,15,42,104,39,12,9,5,1
0022500251,2025-11-18,ATL,112,35,11,24,31,9,5,19,24,42,87,44,15,15,13,DET,120,39,7,32,28,12,4,15,16,45,83,31,10,24,20,0
0022500253,2025-11-18,LAL,140,41,11,30,31,9,1,17,21,50,84,32,11,40,29,UTA,126,33,8,25,33,13,2,18,30,48,92,45,13,18,17,1
0022500259,2025-11-19,MIN,120,50,19,31,28,11,4,10,15,42,94,38,13,32,23,WAS,109,43,12,31,25,6,6,17,26,43,88,32,14,12,9,1
0022500256,2025-11-19,IND,127,43,10,33,32,5,8,16,22,46,85,38,16,23,19,CHA,118,48,22,26,28,7,2,13,18,43,107,45,13,22,19,1
0022500258,2025-11-19,PHI,112,41,16,25,24,11,6,21,20,41,87,35,14,18,16,TOR,121,31,8,23,33,12,2,15,19,45,84,29,11,24,20,0
0022500263,2025-11-19,POR,121,64,26,38,27,10,5,16,16,44,107,42,12,32,21,CHI,122,38,7,31,36,10,9,16,26,46,96,49,21,14,9,0
0022500261,2025-11-19,OKC,113,45,9,36,22,9,10,16,21,41,88,38,10,23,21,SAC,99,45,12,33,21,12,0,18,22,38,86,28,8,23,15,1
0022500255,2025-11-19,CLE,104,39,10,29,20,4,5,12,18,36,81,39,12,32,20,HOU,114,51,16,35,23,9,4,13,23,41,90,24,9,27,23,0
0022500260,2025-11-19,NOP,118,44,17,27,25,12,5,12,24,44,98,34,7,31,23,DEN,125,41,9,32,35,8,1,20,26,46,83,31,11,27,22,0
0022500262,2025-11-19,DAL,111,50,10,40,23,6,5,18,26,35,85,44,16,30,25,NYK,113,49,16,33,27,8,10,9,22,41,93,42,12,35,19,0
0022500257,2025-11-19,MIA,110,52,14,38,30,10,3,14,17,39,96,35,13,26,19,GSW,96,62,20,42,24,8,5,23,20,34,95,49,13,20,15,1
0022500264,2025-11-20,ORL,129,51,12,39,32,12,4,11,17,45,94,34,18,24,21,LAC,101,43,10,33,20,7,6,21,20,36,89,36,14,19,15,1
0022500267,2025-11-20,SAS,135,43,10,33,34,10,4,11,15,48,91,40,17,30,22,ATL,126,39,6,33,30,7,6,16,24,49,87,37,20,13,8,1
0022500266,2025-11-20,MIL,114,42,3,39,30,7,2,14,19,45,92,36,14,13,10,PHI,123,52,11,41,30,9,6,14,15,42,97,53,18,26,21,0
0022500265,2025-11-20,MEM,137,49,11,38,42,11,3,8,11,50,99,54,17,26,20,SAC,96,32,4,28,24,5,5,17,22,37,80,33,11,15,11,1
0022500053,2025-11-21,PHX,114,45,15,30,25,13,2,28,29,39,81,31,14,29,22,MIN,113,37,14,23,18,17,4,22,23,39,86,37,12,33,23,1
0022500050,2025-11-21,TOR,140,48,13,35,36,13,4,15,20,48,83,28,14,39,30,WAS,110,29,7,22,26,9,4,18,22,39,86,41,12,24,20,1
0022500055,2025-11-21,UTA,112,39,12,27,30,10,3,28,25,38,79,38,16,24,20,OKC,144,26,3,23,36,15,4,14,16,51,83,37,23,25,19,0
0022500049,2025-11-21,BOS,105,44,14,30,24,7,1,13,25,42,90,34,11,14,10,BKN,113,41,7,34,31,5,6,14,17,43,82,33,13,21,14,0
0022500048,2025-11-21,CLE,120,52,14,38,28,5,8,14,22,43,89,35,13,27,21,IND,109,43,10,33,25,10,6,13,22,37,88,37,11,26,24,1
0022500051,2025-11-21,CHI,107,39,8,31,26,5,13,18,27,37,90,43,12,28,21,MIA,143,53,15,38,35,13,7,10,22,47,100,38,14,44,35,0
0022500052,2025-11-21,DAL,118,47,11,36,30,9,9,20,19,40,84,43,16,28,22,NOP,115,42,9,33,25,15,4,13,20,42,91,27,7,31,24,1
0022500056,2025-11-21,GSW,123,32,9,23,29,14,4,14,25,40,83,43,17,30,26,POR,127,52,21,31,31,8,5,21,25,42,88,45,16,32,27,0
0022500054,2025-11-21,HOU,109,41,18,23,21,8,2,16,22,41,93,36,14,20,13,DEN,112,38,11,27,28,8,7,15,20,40,76,29,11,27,21,0
0022500269,2025-11-22,ORL,133,36,11,25,28,5,2,14,26,47,85,33,13,30,26,NYK,121,36,9,27,28,5,4,17,28,43,79,37,13,28,22,1
0022500270,2025-11-22,NOP,98,48,13,35,21,5,6,18,17,35,84,27,8,24,20,ATL,115,42,10,32,28,6,7,7,20,42,90,46,17,19,14,0
0022500271,2025-11-22,CHI,121,54,17,37,26,5,5,10,15,42,100,44,12,30,25,WAS,120,55,15,40,33,9,4,15,23,44,96,36,16,20,16,1
0022500273,2025-11-22,DAL,96,41,11,30,19,4,9,10,21,35,91,36,12,16,14,MEM,102,61,23,38,26,5,5,13,18,37,92,31,8,24,20,0
0022500274,2025-11-22,DEN,123,38,11,27,28,1,3,13,21,45,92,37,14,23,19,SAC,128,37,9,28,32,8,3,7,20,48,91,30,10,23,22,0
0022500272,2025-11-22,MIL,116,35,6,29,29,8,7,17,19,43,84,43,20,12,10,DET,129,32,1,31,31,10,6,14,17,49,78,30,16,24,15,0
0022500268,2025-11-22,CHA,116,38,11,27,24,5,2,11,20,41,85,36,11,26,23,LAC,131,41,11,30,30,8,2,10,19,46,90,43,19,24,20,0
0022500275,2025-11-23,PHI,117,47,15,32,28,7,9,15,21,44,98,41,14,19,15,MIA,127,58,18,40,32,7,2,13,17,48,98,32,11,30,20,0
0022500281,2025-11-23,PHX,111,43,11,32,27,10,6,6,23,43,97,38,14,16,11,SAS,102,50,14,36,17,4,4,19,17,32,77,34,10,34,28,1
0022500280,2025-11-23,OKC,122,49,12,37,33,9,8,14,23,45,85,36,15,23,17,POR,95,45,16,29,18,8,4,17,19,34,92,47,12,21,15,1
0022500279,2025-11-23,TOR,119,32,6,26,30,12,4,9,22,39,84,30,15,29,26,BKN,109,40,10,30,23,5,7,19,20,35,75,34,12,31,27,1
0022500282,2025-11-23,UTA,106,45,10,35,27,7,2,14,21,40,94,40,13,18,13,LAL,108,45,5,40,23,7,4,14,18,38,86,38,10,27,22,0
0022500276,2025-11-23,ATL,113,37,10,27,32,6,5,9,21,45,91,31,11,16,12,CHA,110,43,9,34,26,4,2,16,15,39,86,44,14,20,18,1
0022500277,2025-11-23,BOS,138,37,7,30,29,6,8,5,21,53,88,33,15,22,17,ORL,129,44,18,26,33,3,4,8,17,47,100,38,16,24,19,1
0022500278,2025-11-23,CLE,120,41,8,33,28,10,4,14,22,45,87,45,17,20,13,LAC,105,40,12,28,23,6,2,16,17,37,80,26,8,26,23,1
0022500285,2025-11-24,BKN,100,44,13,31,19,5,1,10,14,33,87,48,14,28,20,NYK,113,43,9,34,28,6,6,8,21,45,88,35,12,14,11,0
0022500283,2025-11-24,IND,117,30,5,25,22,11,4,13,27,39,82,31,13,34,26,DET,122,45,14,31,24,8,4,17,27,42,84,25,9,37,29,0
0022500290,2025-11-24,PHX,92,39,13,26,11,9,4,21,20,33,80,37,13,19,13,HOU,114,41,12,29,26,13,4,16,20,43,88,31,13,17,15,0
0022500292,2025-11-24,SAC,117,49,11,38,27,9,3,12,21,42,97,26,7,28,26,MIN,112,55,15,40,21,9,4,16,28,40,97,42,13,22,19,1
0022500284,2025-11-24,TOR,110,51,10,41,28,8,1,16,14,44,90,36,10,18,12,CLE,99,37,4,33,27,11,4,12,13,36,87,48,14,13,13,1
0022500289,2025-11-24,NOP,143,55,19,36,28,13,5,14,21,53,104,35,13,35,24,CHI,130,33,4,29,29,4,3,17,21,43,82,50,20,32,24,1
0022500291,2025-11-24,GSW,134,50,16,34,34,11,5,10,14,51,104,52,19,18,13,UTA,117,47,14,33,32,7,6,14,14,47,99,36,11,18,12,1
0022500286,2025-11-24,MIA,106,53,14,39,22,8,7,14,16,42,94,27,5,24,17,DAL,102,50,15,35,22,8,5,16,19,38,97,40,12,16,14,1
0022500288,2025-11-24,MIL,103,39,8,31,22,10,5,13,26,38,86,37,13,18,14,POR,115,48,12,36,24,8,8,16,16,36,79,43,18,33,25,0
0022500287,2025-11-24,MEM,115,40,11,29,33,6,4,11,16,43,93,47,16,15,13,DEN,125,46,14,32,32,5,3,14,15,46,91,43,22,14,11,0
0022500058,2025-11-25,PHI,103,38,8,30,22,7,4,21,20,37,82,25,9,22,20,ORL,144,47,15,32,38,10,4,12,20,54,101,34,13,28,23,0
0022500059,2025-11-25,LAL,135,38,12,26,29,9,4,11,22,50,87,29,13,26,22,LAC,118,29,7,22,24,7,2,16,22,42,81,35,13,24,21,1
0022500057,2025-11-25,WAS,132,36,6,30,30,13,8,13,19,48,84,38,19,26,17,ATL,113,44,14,30,33,4,6,19,19,43,95,43,15,16,12,1
0022500067,2025-11-26,POR,102,48,12,36,21,3,9,18,22,37,87,36,9,30,19,SAS,115,57,20,37,17,12,6,9,22,41,101,33,11,25,22,0
0022500068,2025-11-26,SAC,100,41,9,32,20,9,6,19,17,40,86,34,12,10,8,PHX,112,47,17,30,25,14,5,17,14,42,91,42,14,20,14,0
0022500064,2025-11-26,OKC,113,39,5,34,19,8,3,9,25,38,80,26,7,38,30,MIN,105,44,12,32,25,4,5,16,25,33,80,37,17,37,22,1
0022500063,2025-11-26,TOR,97,48,12,36,18,9,4,13,19,35,90,26,5,27,22,IND,95,43,3,40,20,7,7,18,22,35,78,33,11,23,14,1
0022500060,2025-11-26,BOS,117,44,12,32,24,9,7,13,27,38,87,43,20,24,21,DET,114,56,21,35,20,5,7,13,18,37,93,36,11,36,29,1
0022500065,2025-11-26,NOP,128,40,10,30,34,10,9,15,18,50,101,45,19,10,9,MEM,133,49,11,38,38,9,8,16,18,52,97,37,17,14,12,0
0022500066,2025-11-26,GSW,100,47,13,34,25,8,5,16,26,35,82,43,12,21,18,HOU,104,53,25,28,24,7,3,10,20,39,99,39,11,24,15,0
0022500062,2025-11-26,MIA,106,47,9,38,32,9,7,14,10,39,85,36,10,20,18,MIL,103,47,11,36,31,7,1,14,15,40,95,42,14,14,9,1
0022500061,2025-11-26,CHA,101,35,9,26,15,5,3,17,16,35,85,43,13,24,18,NYK,129,41,8,33,26,12,4,15,22,50,88,25,13,18,16,0
0022500070,2025-11-28,BKN,103,41,14,27,21,5,5,18,16,34,85,43,13,26,22,PHI,115,41,9,32,28,12,7,12,20,43,88,37,11,20,18,0
0022500074,2025-11-28,NYK,118,44,14,30,25,10,2,13,21,38,84,34,14,33,28,MIL,109,35,5,30,24,9,4,15,26,37,71,41,18,25,17,1
0022500073,2025-11-28,IND,119,50,10,40,27,9,8,16,16,48,92,34,13,13,10,WAS,86,42,11,31,18,6,7,17,17,33,84,32,7,20,13,1
0022500075,2025-11-28,OKC,123,37,3,34,27,9,3,10,22,42,87,32,15,28,24,PHX,119,51,13,38,20,7,4,20,24,42,92,44,15,24,20,1
0022500077,2025-11-28,UTA,128,49,13,36,32,7,5,13,22,42,87,40,13,40,31,SAC,119,44,12,32,27,9,5,9,22,43,96,29,10,32,23,1
0022500069,2025-11-28,ATL,130,38,6,32,36,11,5,14,14,48,91,43,16,26,18,CLE,123,48,14,34,29,9,4,17,17,44,95,39,17,20,18,1
0022500076,2025-11-28,DEN,136,44,14,30,27,5,5,17,22,48,91,39,16,30,24,SAS,139,35,12,23,30,10,5,9,27,46,94,42,17,32,30,0
0022500079,2025-11-28,LAC,107,39,8,31,19,13,5,13,21,38,89,38,12,21,19,MEM,112,53,15,38,24,5,6,15,19,39,88,40,17,22,17,0
0022500078,2025-11-28,LAL,129,34,6,28,27,4,4,15,20,45,76,35,18,26,21,DAL,119,39,14,25,28,8,4,11,23,44,91,32,14,20,17,1
0022500072,2025-11-28,DET,109,49,14,35,22,7,8,24,27,37,84,28,11,31,24,ORL,112,44,14,30,14,15,7,14,25,40,97,30,5,32,27,0
0022500071,2025-11-28,CHA,123,46,10,36,28,6,10,14,19,44,97,45,15,24,20,CHI,116,44,10,34,31,8,1,11,18,46,97,36,8,20,16,1
0022500293,2025-11-29,MIN,119,37,5,32,31,3,4,15,16,41,83,48,21,20,16,BOS,115,43,14,29,24,10,7,11,21,45,96,46,16,15,9,1
0022500295,2025-11-29,IND,103,44,7,37,24,8,10,13,15,41,89,41,13,11,8,CHI,101,45,8,37,24,5,3,13,14,39,87,34,14,16,9,1
0022500299,2025-11-29,PHX,112,32,11,21,23,11,2,7,23,39,88,42,14,26,20,DEN,130,40,10,30,36,2,5,17,20,44,76,38,22,21,20,0
0022500298,2025-11-29,GSW,104,47,14,33,28,5,3,10,23,38,93,47,12,20,16,NOP,96,50,16,34,16,7,2,13,21,32,86,30,7,34,25,1
0022500300,2025-11-29,LAC,110,46,5,41,25,5,6,18,21,37,80,25,7,31,29,DAL,114,37,4,33,22,15,2,9,19,40,90,39,11,28,23,0
0022500296,2025-11-29,MIA,135,38,11,27,27,12,3,18,20,44,88,29,14,39,33,DET,138,43,11,32,29,11,3,21,27,55,93,26,11,23,17,0
0022500297,2025-11-29,MIL,116,43,12,31,31,13,2,14,16,44,84,39,16,17,12,BKN,99,31,6,25,23,4,4,20,16,36,77,42,16,17,11,1
0022500294,2025-11-29,CHA,118,39,12,27,24,10,5,9,19,41,93,39,10,29,26,TOR,111,52,17,35,34,6,3,16,26,44,99,29,9,17,14,1
0022500306,2025-11-30,MIN,125,36,10,26,35,5,0,13,16,49,87,37,17,13,10,SAS,112,33,7,26,17,10,1,10,15,44,84,33,8,19,16,1
0022500303,2025-11-30,NYK,116,61,25,36,27,9,3,18,15,44,96,45,16,16,12,TOR,94,40,14,26,27,9,6,18,15,37,88,37,11,17,9,1
0022500304,2025-11-30,PHI,134,46,11,35,26,14,6,18,28,46,105,44,10,38,32,ATL,142,58,14,44,36,10,6,23,27,48,104,45,15,41,31,0
0022500305,2025-11-30,POR,115,49,13,36,22,8,5,14,22,35,89,49,16,37,29,OKC,123,49,8,41,27,7,9,12,29,44,90,29,10,32,25,0
0022500307,2025-11-30,SAC,107,34,10,24,25,14,7,8,22,43,94,27,8,22,13,MEM,115,52,13,39,28,4,7,23,22,45,86,24,9,22,16,0
0022500301,2025-11-30,UTA,101,33,9,24,32,8,4,17,23,39,88,32,9,15,14,HOU,129,50,15,35,30,14,7,16,18,46,87,31,11,33,26,0
0022500302,2025-11-30,CLE,115,43,16,27,28,7,2,14,22,43,94,52,20,13,9,BOS,117,46,15,31,19,9,4,19,17,40,81,40,14,29,23,0
0022500308,2025-11-30,LAL,133,46,11,35,26,4,10,9,14,42,87,41,15,39,34,NOP,121,40,8,32,23,6,1,8,27,46,91,26,13,20,16,1
0022500312,2025-12-01,BKN,116,43,13,30,33,10,3,11,23,43,96,43,17,17,13,CHA,103,42,7,35,26,5,7,18,15,38,85,32,12,18,15,1
0022500314,2025-12-01,ORL,125,46,12,34,25,12,11,18,16,45,88,33,9,33,26,CHI,120,43,10,33,30,9,4,21,23,44,88,37,16,22,16,1
0022500310,2025-12-01,IND,119,36,14,22,19,5,6,14,22,41,85,30,10,37,27,CLE,135,48,19,29,27,7,8,9,28,50,98,40,14,29,21,0
0022500316,2025-12-01,UTA,133,50,14,36,33,8,4,13,31,45,90,35,14,38,29,HOU,125,46,16,30,27,6,8,13,26,41,93,34,10,41,33,1
0022500315,2025-12-01,DEN,121,47,12,35,37,5,5,8,11,47,99,37,12,18,15,DAL,131,43,7,36,35,4,4,8,19,53,95,31,16,14,9,0
0022500317,2025-12-01,LAL,108,39,5,34,18,1,0,22,13,41,80,33,13,15,13,PHX,125,33,4,29,35,16,1,11,16,52,92,39,17,8,4,0
0022500313,2025-12-01,MIA,140,50,11,39,34,7,10,12,25,53,100,46,24,12,10,LAC,123,46,13,33,23,8,3,13,10,43,96,29,9,35,28,1
0022500311,2025-12-01,WAS,129,41,14,27,29,9,4,10,17,53,102,36,13,15,10,MIL,126,35,7,28,29,5,4,17,16,46,84,38,21,21,13,1
0022500309,2025-12-01,DET,99,60,18,42,18,11,9,23,12,38,86,26,5,24,18,ATL,98,34,7,27,27,15,4,15,16,38,89,40,14,11,8,1
0022500318,2025-12-02,PHI,121,51,13,38,26,12,6,11,21,46,102,40,17,17,12,WAS,102,53,16,37,23,5,11,15,15,35,88,36,9,32,23,1
0022500322,2025-12-02,SAS,126,40,11,29,28,7,7,7,22,42,92,39,18,31,24,MEM,119,50,9,41,28,4,6,15,28,45,90,26,9,24,20,1
0022500319,2025-12-02,TOR,121,43,10,33,33,10,3,18,28,48,90,30,11,21,14,POR,118,39,9,30,23,7,7,15,21,41,83,40,15,32,21,1
0022500320,2025-12-02,BOS,123,38,11,27,18,6,3,10,20,49,87,40,13,14,12,NYK,117,33,10,23,29,5,2,12,15,43,85,44,19,17,12,1
0022500321,2025-12-02,NOP,142,42,6,36,26,5,1,13,23,50,91,21,12,35,30,MIN,149,41,10,31,29,7,4,9,25,52,104,51,20,29,25,0
0022500323,2025-12-02,GSW,112,43,12,31,30,5,2,16,22,43,95,42,18,10,8,OKC,124,41,4,37,24,8,5,15,13,46,79,32,15,23,17,0
0022500328,2025-12-03,NYK,119,44,13,31,28,9,6,9,19,42,88,38,12,27,23,CHA,104,44,12,32,19,4,7,13,18,36,90,42,13,21,19,1
0022500326,2025-12-03,ORL,112,48,10,38,27,11,3,10,19,45,99,27,9,19,13,SAS,114,52,13,39,20,5,5,19,20,42,91,38,13,24,17,0
0022500325,2025-12-03,IND,120,38,8,30,24,6,5,12,24,42,81,28,13,29,23,DEN,135,38,5,33,23,6,5,11,21,49,83,28,17,26,20,0
0022500327,2025-12-03,ATL,92,38,7,31,20,9,1,16,17,34,85,39,13,14,11,LAC,115,54,13,41,29,12,1,12,18,44,89,32,10,20,17,0
0022500324,2025-12-03,CLE,110,45,10,35,23,9,11,7,24,38,94,52,13,24,21,POR,122,54,12,42,27,4,4,13,21,37,85,34,14,39,34,0
0022500329,2025-12-03,CHI,103,42,11,31,20,14,1,16,15,38,90,30,7,25,20,BKN,113,42,7,35,30,12,8,21,19,38,78,46,19,22,18,0
0022500332,2025-12-03,DAL,118,50,10,40,31,6,7,15,15,46,91,32,16,12,10,MIA,108,41,14,27,29,11,5,11,13,40,101,37,11,18,17,1
0022500330,2025-12-03,HOU,121,62,17,45,24,10,8,18,10,48,91,16,5,24,20,SAC,95,32,12,20,21,10,7,13,17,40,97,34,10,10,5,1
0022500331,2025-12-03,MIL,113,40,8,32,28,6,6,16,20,40,82,44,13,21,20,DET,109,44,13,31,25,8,5,15,18,38,95,43,14,24,19,1
0022500335,2025-12-04,BKN,110,44,14,30,22,6,7,18,19,35,82,42,11,38,29,UTA,123,39,9,30,31,7,1,13,23,42,83,25,14,27,25,0
0022500333,2025-12-04,PHI,99,47,11,36,23,8,7,19,14,39,85,37,10,14,11,GSW,98,43,11,32,27,12,4,13,20,37,89,42,12,16,12,1
0022500336,2025-12-04,TOR,120,41,14,27,39,9,8,15,20,44,89,37,15,21,17,LAL,123,38,14,24,26,7,7,11,17,44,88,31,13,26,22,0
0022500337,2025-12-04,NOP,116,43,8,35,29,11,2,12,22,43,95,25,7,26,23,MIN,125,49,12,37,30,5,10,20,22,42,92,38,15,29,26,0
0022500334,2025-12-04,WAS,101,37,12,25,21,5,4,18,22,35,84,31,10,25,21,BOS,146,46,15,31,35,14,8,10,20,54,99,47,20,21,18,0
0022500343,2025-12-05,NYK,146,46,10,36,30,9,2,13,22,51,91,42,21,26,23,UTA,112,37,10,27,23,8,1,12,18,35,87,42,15,35,27,1
0022500339,2025-12-05,ORL,106,42,7,35,24,5,3,10,19,38,92,34,12,24,18,MIA,105,44,4,40,23,4,8,15,18,40,80,19,7,27,18,1
0022500349,2025-12-05,OKC,132,43,7,36,30,5,3,6,21,47,84,30,12,28,26,DAL,111,35,9,26,28,2,3,12,17,41,86,37,16,20,13,1
0022500344,2025-12-05,TOR,86,41,12,29,19,12,4,20,25,34,92,29,9,13,9,CHA,111,47,6,41,26,14,6,24,20,37,74,36,13,33,24,0
0022500340,2025-12-05,ATL,133,45,11,34,35,8,2,14,25,49,95,46,20,16,15,DEN,134,42,9,33,28,9,6,12,15,47,89,37,16,30,24,0
0022500338,2025-12-05,BOS,126,38,8,30,31,9,5,16,20,46,84,45,24,12,10,LAL,105,35,10,25,15,8,2,14,14,33,77,35,14,29,25,1
0022500341,2025-12-05,CLE,130,48,9,39,32,10,4,15,22,50,86,26,8,29,22,SAS,117,38,11,27,28,9,3,14,22,42,93,43,15,26,18,1
0022500345,2025-12-05,CHI,105,46,11,35,21,7,2,19,15,34,77,35,13,29,24,IND,120,35,6,29,24,13,8,14,21,45,84,39,18,16,12,0
0022500346,2025-12-05,HOU,117,40,6,34,25,9,8,23,20,45,76,18,10,19,17,PHX,98,34,15,19,14,12,2,13,22,39,100,36,5,19,15,1
0022500348,2025-12-05,MIL,101,37,7,30,26,8,3,18,21,35,76,32,11,27,20,PHI,116,42,11,31,25,12,1,15,24,39,86,43,17,22,21,0
0022500347,2025-12-05,MEM,107,42,4,38,28,9,4,16,18,42,78,28,10,18,13,LAC,98,37,5,32,22,11,2,17,18,35,80,44,14,17,14,1
0022500342,2025-12-05,DET,122,37,13,24,24,8,7,14,29,38,82,24,10,48,36,POR,116,48,18,30,22,6,8,20,35,36,85,37,12,35,32,1
0022500355,2025-12-06,MIN,109,35,6,29,23,6,5,14,22,34,68,25,11,34,30,LAC,106,35,10,25,16,8,3,11,28,40,85,29,9,25,17,1
0022500350,2025-12-06,BKN,119,45,13,32,36,6,7,20,17,47,89,35,14,14,11,NOP,101,36,11,25,30,9,3,17,15,37,82,25,9,22,18,1
0022500352,2025-12-06,CLE,94,61,24,37,15,7,4,12,18,37,107,42,10,12,10,GSW,99,46,8,38,25,8,8,14,19,33,86,35,13,23,20,0
0022500356,2025-12-06,DAL,122,31,7,24,22,13,4,13,14,49,82,19,7,20,17,HOU,109,37,16,21,22,8,6,20,20,44,87,29,10,13,11,1
0022500354,2025-12-06,MIA,111,41,11,30,23,5,4,13,17,41,85,31,9,32,20,SAC,127,45,8,37,24,11,5,11,19,49,93,33,14,21,15,0
0022500351,2025-12-06,WAS,116,26,4,22,29,6,5,20,18,41,80,38,17,19,17,ATL,131,45,15,30,36,13,4,15,16,52,98,39,13,14,14,0
0022500353,2025-12-06,DET,124,53,16,37,31,5,4,16,26,43,86,40,15,31,23,MIL,112,36,11,25,24,11,5,12,26,37,84,38,16,32,22,1
0022500357,2025-12-07,NYK,106,52,15,37,24,8,7,11,21,39,91,35,11,20,17,ORL,100,48,17,31,23,7,4,12,16,36,94,42,12,24,16,1
0022500362,2025-12-07,PHI,108,54,17,37,21,5,4,6,17,36,102,36,13,26,23,LAL,112,52,8,44,25,3,8,10,22,41,85,36,13,27,17,0
0022500358,2025-12-07,TOR,113,42,11,31,22,5,3,13,18,43,88,22,9,21,18,BOS,121,41,14,27,24,8,9,11,22,44,92,47,20,14,13,0
0022500363,2025-12-07,UTA,101,37,6,31,25,6,3,17,17,40,85,36,12,12,9,OKC,131,44,8,36,32,9,3,14,20,51,88,42,21,18,8,0
0022500361,2025-12-07,CHI,91,38,15,23,24,12,4,15,15,32,89,40,11,19,16,GSW,123,51,15,36,27,11,2,17,16,44,88,47,22,19,13,0
0022500360,2025-12-07,MEM,119,51,16,35,28,18,4,23,25,40,89,35,10,39,29,POR,96,40,10,30,21,8,5,26,27,33,83,43,15,18,15,1
0022500359,2025-12-07,CHA,106,47,10,37,24,7,3,14,22,38,85,46,14,21,16,DEN,115,35,5,30,29,8,2,10,19,43,83,35,13,22,16,0
0022500365,2025-12-08,MIN,105,46,13,33,26,5,1,15,20,39,83,42,11,23,16,PHX,108,43,14,29,26,8,2,9,20,41,90,33,12,20,14,0
0022500364,2025-12-08,IND,116,41,10,31,25,14,7,14,15,38,87,35,14,28,26,SAC,105,51,15,36,28,6,4,19,18,41,88,22,7,23,16,1
0022500366,2025-12-08,NOP,132,33,4,29,35,8,6,9,23,51,88,26,7,26,23,SAS,135,43,12,31,29,5,0,15,19,49,98,36,17,25,20,0
0022501201,2025-12-09,ORL,117,47,7,40,30,5,6,17,19,44,87,32,15,16,14,MIA,108,39,7,32,25,8,6,8,16,42,93,33,8,19,16,1
0022501202,2025-12-09,TOR,101,37,12,25,28,9,4,14,22,39,90,38,11,18,12,NYK,117,48,14,34,19,9,7,14,19,42,80,35,16,28,17,0
0022501203,2025-12-10,OKC,138,43,6,37,32,14,7,15,14,52,88,40,22,13,12,PHX,89,37,7,30,24,12,2,21,13,33,84,31,10,16,13,1
0022501204,2025-12-10,LAL,119,43,6,37,27,4,7,11,23,43,87,37,16,23,17,SAS,132,50,9,41,25,9,3,12,19,43,86,38,17,36,29,0
0022501208,2025-12-11,SAC,105,38,10,28,21,9,4,16,20,39,87,38,11,23,16,DEN,136,46,10,36,35,9,0,12,18,52,88,29,12,29,20,0
0022501207,2025-12-11,NOP,143,57,19,38,36,10,8,10,16,58,112,32,12,17,15,POR,120,41,13,28,27,5,7,15,19,45,102,48,14,22,16,1
0022501205,2025-12-11,HOU,115,51,22,29,26,9,1,19,22,43,93,34,12,21,17,LAC,113,28,8,20,25,15,5,15,20,39,78,38,14,26,21,1
0022501206,2025-12-11,MIL,116,40,5,35,28,5,5,16,24,46,79,29,13,14,11,BOS,101,39,13,26,18,7,1,14,15,34,88,49,14,25,19,1
0022501211,2025-12-12,PHI,115,50,11,39,22,6,4,13,19,35,79,37,12,43,33,IND,105,46,12,34,26,6,4,7,27,38,96,38,13,19,16,1
0022501214,2025-12-12,DAL,119,40,9,31,33,10,8,14,20,46,94,30,10,22,17,BKN,111,43,9,34,26,8,5,17,22,39,86,39,17,19,16,1
0022501215,2025-12-12,GSW,120,42,12,30,27,7,2,13,23,44,96,46,15,22,17,MIN,127,44,11,33,30,8,3,11,22,48,89,31,11,28,20,0
0022501213,2025-12-12,MEM,126,49,9,40,32,4,5,10,21,46,99,41,19,21,15,UTA,130,58,14,44,33,6,4,13,23,48,104,47,17,25,17,0
0022501212,2025-12-12,WAS,126,49,12,37,29,6,6,16,27,42,86,44,16,32,26,CLE,130,48,15,33,28,11,1,7,20,41,97,53,15,36,33,0
0022501210,2025-12-12,DET,142,40,10,30,34,16,6,14,22,53,91,29,12,29,24,ATL,115,37,13,24,28,9,8,20,18,39,85,36,11,31,26,1
0022501209,2025-12-12,CHA,126,32,8,24,30,5,3,9,19,51,97,37,16,10,8,CHI,129,44,11,33,29,3,6,12,11,52,94,28,10,19,15,0
0022501220,2025-12-14,MIN,117,48,15,33,25,12,5,12,26,43,94,37,12,27,19,SAC,103,36,4,32,21,5,9,15,21,37,81,23,10,25,19,1
0022501219,2025-12-14,BKN,127,43,6,37,33,14,4,14,15,45,85,43,19,19,18,MIL,82,37,7,30,20,8,1,20,18,31,79,35,8,16,12,1
0022501216,2025-12-14,IND,89,41,11,30,20,2,7,8,18,31,84,39,10,21,17,WAS,108,56,17,39,19,5,3,11,21,41,89,28,10,26,16,0
0022501228,2025-12-14,PHX,114,37,10,27,29,11,5,20,28,40,82,37,13,25,21,LAL,116,54,24,30,20,13,8,22,23,38,88,37,7,43,33,0
0022501221,2025-12-14,POR,136,43,10,33,30,11,4,18,21,45,89,39,20,29,26,GSW,131,36,8,28,34,14,5,18,24,44,87,47,24,23,19,1
0022501217,2025-12-14,ATL,120,57,18,39,33,8,6,17,23,43,99,33,17,21,17,PHI,117,54,21,33,25,10,10,12,15,38,101,41,17,29,24,1
0022501218,2025-12-14,CLE,111,46,13,33,27,10,3,14,24,38,95,38,12,29,23,CHA,119,53,12,41,28,9,7,18,26,43,98,44,17,21,16,0
0022501223,2025-12-14,CHI,104,43,13,30,26,10,4,13,24,38,92,49,13,17,15,NOP,114,53,14,39,21,7,5,15,17,43,93,33,8,25,20,0
0022501224,2025-12-15,UTA,140,47,8,39,33,8,4,13,32,50,97,36,13,33,27,DAL,133,54,14,40,24,6,6,15,26,48,98,27,9,41,28,1
0022501222,2025-12-15,BOS,105,37,7,30,16,7,5,13,20,38,82,39,10,27,19,DET,112,39,12,27,21,9,3,11,20,41,89,36,13,25,17,0
0022501225,2025-12-15,DEN,128,38,7,31,24,10,4,11,28,43,85,34,15,33,27,HOU,125,46,12,34,29,7,8,16,25,47,93,25,12,26,19,1
0022501226,2025-12-15,LAC,103,39,13,26,26,4,2,19,15,37,80,36,13,22,16,MEM,121,32,9,23,33,10,7,11,21,45,86,39,16,17,15,0
0022501227,2025-12-15,MIA,96,45,11,34,20,12,7,19,14,35,83,31,9,23,17,TOR,106,45,11,34,33,9,7,21,20,42,88,40,16,9,6,0
0022500368,2025-12-17,MIN,110,52,16,36,26,11,8,18,25,39,98,44,13,27,19,MEM,116,54,15,39,23,10,4,18,25,42,96,34,11,25,21,0
0022500367,2025-12-17,CHI,127,43,6,37,35,12,3,16,17,50,89,36,14,18,13,CLE,111,40,8,32,26,6,3,20,16,42,87,39,12,18,15,1
0022500373,2025-12-18,BKN,95,49,15,34,24,7,7,13,17,38,98,49,11,11,8,MIA,106,51,9,42,23,9,8,14,12,41,89,28,9,19,15,0
0022500372,2025-12-18,IND,113,52,16,36,22,8,6,14,20,43,93,34,11,18,16,NYK,114,46,14,32,31,10,5,16,19,43,92,43,17,19,11,0
0022500378,2025-12-18,PHX,99,49,12,37,19,16,6,15,17,36,88,35,10,22,17,GSW,98,54,15,39,27,9,3,20,20,35,89,42,12,18,16,1
0022500380,2025-12-18,POR,134,44,17,27,30,6,6,21,27,49,103,45,15,33,21,SAC,133,42,11,31,29,13,7,18,29,48,94,19,6,34,31,1
0022500370,2025-12-18,SAS,119,53,14,39,29,6,9,14,12,44,90,42,15,20,16,WAS,94,46,13,33,29,10,5,14,18,38,94,36,9,14,9,1
0022500369,2025-12-18,OKC,122,38,9,29,28,18,4,9,19,48,101,36,13,16,13,LAC,101,49,9,40,25,6,7,29,17,37,76,32,10,22,17,1
0022500379,2025-12-18,UTA,135,39,9,30,31,4,1,13,29,43,83,37,18,47,31,LAL,143,48,13,35,32,7,2,7,31,49,93,39,13,39,32,0
0022500375,2025-12-18,NOP,133,41,13,28,27,15,7,12,24,49,97,27,11,28,24,HOU,128,58,25,33,30,6,8,20,21,50,107,32,10,27,18,1
0022500376,2025-12-18,DAL,116,51,11,40,22,4,15,17,21,40,89,27,5,36,31,DET,114,62,26,36,26,11,4,12,27,47,122,33,6,20,14,1
0022500377,2025-12-18,DEN,126,40,5,35,31,7,3,15,18,49,88,36,16,15,12,ORL,115,44,12,32,30,9,6,10,17,43,91,33,11,26,18,1
0022500374,2025-12-18,MIL,105,38,9,29,25,10,2,16,19,38,84,37,15,16,14,TOR,111,45,12,33,31,9,2,17,20,42,84,35,13,21,14,0
0022500371,2025-12-18,CHA,133,37,7,30,39,11,3,16,21,49,91,49,24,17,11,ATL,126,35,9,26,31,6,2,15,20,48,92,37,11,22,19,1
0022500385,2025-12-19,MIN,112,57,18,39,20,8,6,13,24,33,88,37,13,47,33,OKC,107,52,13,39,16,7,10,12,30,34,92,39,11,30,28,1
0022500382,2025-12-19,NYK,107,57,21,36,26,3,3,18,21,39,88,32,8,25,21,PHI,116,36,10,26,21,7,8,11,24,40,88,41,17,21,19,0
0022500383,2025-12-19,ATL,98,43,10,33,26,7,1,17,14,38,94,40,10,16,12,SAS,126,56,12,44,31,11,4,15,12,51,94,36,13,16,11,0
0022500381,2025-12-19,BOS,129,46,6,40,25,8,8,16,19,44,82,43,21,24,20,MIA,116,47,17,30,27,6,1,13,20,40,102,49,19,24,17,1
0022500384,2025-12-19,CLE,125,46,13,33,31,10,1,15,17,48,101,39,14,19,15,CHI,136,48,13,35,34,12,5,12,14,53,102,47,18,15,12,0
0022500387,2025-12-20,PHI,121,47,20,27,27,11,2,10,13,44,102,40,12,28,21,DAL,114,44,8,36,24,5,7,18,22,45,83,18,3,22,21,1
0022500394,2025-12-20,SAC,93,50,18,32,18,14,6,18,19,33,87,31,6,31,21,POR,98,46,10,36,18,12,3,20,20,35,81,32,11,25,17,0
0022500388,2025-12-20,TOR,96,37,9,28,30,2,7,12,18,36,87,47,16,11,8,BOS,112,55,17,38,22,7,4,11,21,44,95,39,12,15,12,0
0022500393,2025-12-20,UTA,127,52,18,34,34,7,2,12,29,44,105,43,15,30,24,ORL,128,52,14,38,32,6,9,13,29,47,96,37,11,33,23,0
0022500389,2025-12-20,NOP,128,49,6,43,25,6,2,18,25,45,85,27,9,34,29,IND,109,42,11,31,28,7,4,14,26,40,94,42,8,30,21,1
0022500386,2025-12-20,DEN,101,39,10,29,21,9,2,11,20,37,92,29,8,23,19,HOU,115,47,9,38,24,6,8,19,20,39,77,35,19,23,18,0
0022500392,2025-12-20,GSW,119,49,17,32,29,9,7,21,22,42,92,49,17,24,18,PHX,116,34,9,25,23,12,6,14,24,42,88,35,12,24,20,1
0022500395,2025-12-20,LAC,103,48,13,35,22,8,6,19,23,34,80,43,16,20,19,LAL,88,43,14,29,16,7,3,11,19,34,88,38,6,23,14,1
0022500391,2025-12-20,MEM,122,48,19,29,31,7,3,14,19,45,100,44,16,22,16,WAS,130,54,20,34,32,5,3,13,20,47,99,44,17,26,19,0
0022500390,2025-12-20,DET,112,61,17,44,23,16,10,20,25,41,93,28,6,32,24,CHA,86,43,12,31,21,12,7,24,23,28,89,41,13,20,17,1
0022500400,2025-12-21,MIN,103,46,11,35,28,10,4,10,18,37,88,46,14,23,15,MIL,100,51,11,40,27,6,2,18,15,35,87,45,13,20,17,1
0022500397,2025-12-21,BKN,96,48,6,42,29,7,4,22,17,35,75,35,14,16,12,TOR,81,39,9,30,23,6,5,15,19,32,86,36,10,8,7,1
0022500398,2025-12-21,NYK,132,36,4,32,28,7,3,13,25,47,85,38,20,21,18,MIA,125,45,12,33,26,5,1,11,14,41,87,35,17,35,26,1
0022500401,2025-12-21,SAC,125,55,19,36,29,8,5,12,21,44,95,32,12,36,25,HOU,124,47,13,34,31,9,2,15,20,45,94,38,16,24,18,1
0022500396,2025-12-21,ATL,150,35,6,29,39,6,7,10,25,51,98,47,23,32,25,CHI,152,40,11,29,41,9,3,12,21,53,92,42,20,39,26,0
0022500399,2025-12-21,WAS,113,43,8,35,20,5,7,5,25,42,95,45,11,24,18,SAS,124,61,20,41,26,3,5,10,19,43,104,41,13,32,25,0
0022500408,2025-12-22,POR,102,38,9,29,21,6,6,19,22,33,74,32,7,43,29,DET,110,48,22,26,28,11,7,10,28,44,101,30,7,24,15,0
0022500406,2025-12-22,OKC,119,46,9,37,20,14,4,13,18,46,94,39,15,14,12,MEM,103,46,10,36,26,8,5,23,14,34,83,41,18,23,17,1
0022500403,2025-12-22,BOS,103,49,11,38,19,6,6,13,16,38,89,37,11,19,16,IND,95,36,9,27,19,4,3,13,21,33,85,40,13,18,16,1
0022500402,2025-12-22,CLE,139,30,5,25,36,9,2,13,20,48,87,44,24,19,19,CHA,132,44,17,27,29,10,3,20,18,46,94,42,21,25,19,1
0022500404,2025-12-22,NOP,119,51,14,37,28,9,2,13,16,44,97,34,8,27,23,DAL,113,57,18,39,29,9,5,17,19,46,104,33,10,21,11,1
0022500405,2025-12-22,DEN,135,51,9,42,37,8,7,11,17,46,92,47,24,25,19,UTA,112,49,11,38,30,5,1,14,19,41,96,41,14,19,16,1
0022500407,2025-12-22,GSW,120,47,14,33,33,8,6,13,20,46,89,37,11,24,17,ORL,97,48,16,32,21,8,5,18,21,36,87,27,7,26,18,1
0022500416,2025-12-23,MIN,115,42,10,32,25,12,9,11,15,42,93,46,15,23,16,NYK,104,55,18,37,20,8,2,19,21,41,99,30,11,15,11,1
0022500413,2025-12-23,IND,94,40,7,33,20,7,3,12,21,33,81,31,8,33,20,MIL,111,48,7,41,20,6,7,15,26,42,82,30,10,24,17,0
0022500410,2025-12-23,PHI,106,43,13,30,15,12,5,17,26,33,81,27,7,38,33,BKN,114,39,12,27,24,8,2,19,25,35,82,45,17,33,27,0
0022500418,2025-12-23,PHX,132,38,12,26,35,10,6,14,24,50,85,34,14,20,18,LAL,108,38,14,24,22,7,4,17,22,39,81,32,12,29,18,1
0022500420,2025-12-23,POR,106,45,11,34,23,9,7,17,22,41,87,32,9,19,15,ORL,110,38,10,28,26,10,5,15,21,37,85,33,15,23,21,0
0022500421,2025-12-23,SAC,127,42,19,23,26,12,5,13,25,42,92,33,11,37,32,DET,136,42,16,26,38,9,8,15,23,51,95,32,14,28,20,0
0022500417,2025-12-23,SAS,130,34,10,24,34,10,3,9,13,48,84,36,16,24,18,OKC,110,36,9,27,23,5,1,15,17,46,85,30,12,7,6,1
0022500419,2025-12-23,UTA,128,40,12,28,29,9,2,13,21,40,90,45,16,36,32,MEM,137,41,8,33,41,10,8,15,23,49,88,45,19,29,20,0
0022500411,2025-12-23,ATL,123,38,6,32,38,9,4,12,24,48,95,42,14,20,13,CHI,126,48,9,39,35,4,5,16,18,46,91,39,13,28,21,0
0022500412,2025-12-23,CLE,141,49,14,35,40,8,6,13,21,56,105,49,20,11,9,NOP,118,43,13,30,26,10,2,16,16,43,94,26,11,25,21,1
0022500415,2025-12-23,DAL,131,36,11,25,34,9,2,11,12,53,93,27,11,15,14,DEN,130,34,7,27,39,8,1,15,16,50,87,41,20,10,10,1
0022500422,2025-12-23,LAC,128,34,6,28,25,7,4,10,19,42,77,37,20,27,24,HOU,108,42,15,27,25,5,6,13,20,43,86,30,9,18,13,1
0022500414,2025-12-23,MIA,91,40,10,30,18,12,1,18,18,33,82,30,8,20,17,TOR,112,50,15,35,29,12,5,17,19,41,86,38,14,18,16,0
0022500409,2025-12-23,CHA,126,51,14,37,35,3,6,5,16,42,93,50,20,27,22,WAS,109,49,18,31,22,3,7,6,20,40,97,35,10,23,19,1
0022500009,2025-12-25,NYK,126,43,12,31,28,9,4,13,17,44,94,44,21,22,17,CLE,124,45,9,36,30,7,0,14,22,45,86,34,15,23,19,1
0022500010,2025-12-25,OKC,102,48,16,32,23,7,6,7,18,37,95,44,11,25,17,SAS,117,49,10,39,20,3,4,13,16,45,84,29,11,21,16,0
0022500013,2025-12-25,DEN,142,45,11,34,31,6,5,17,18,47,101,43,19,32,29,MIN,138,47,11,36,31,10,12,15,27,51,104,45,12,30,24,1
0022500011,2025-12-25,GSW,126,49,13,36,33,9,4,11,22,44,99,50,14,26,24,DAL,116,41,3,38,18,5,5,11,16,49,89,14,4,21,14,1
0022500012,2025-12-25,LAL,96,25,7,18,19,7,5,16,17,39,77,30,11,11,7,HOU,119,48,17,31,24,10,6,16,13,48,90,24,8,19,15,0
0022500424,2025-12-26,ORL,105,42,16,26,22,7,7,9,25,37,93,35,11,23,20,CHA,120,53,16,37,23,3,6,15,19,41,87,39,19,28,19,0
0022500426,2025-12-26,IND,122,35,11,24,29,6,3,14,28,44,89,44,18,20,16,BOS,140,43,12,31,26,8,3,14,22,47,83,39,20,34,26,0
0022500431,2025-12-26,POR,103,43,13,30,23,6,2,15,20,36,80,39,16,22,15,LAC,119,32,4,28,21,6,5,13,18,35,69,40,20,31,29,0
0022500430,2025-12-26,UTA,131,42,13,29,35,12,8,18,20,44,90,38,18,26,25,DET,129,41,10,31,38,11,10,17,23,48,92,37,18,23,15,1
0022500423,2025-12-26,ATL,111,42,5,37,26,6,5,21,16,40,85,36,12,21,19,MIA,126,52,13,39,29,14,2,12,16,49,104,36,11,18,17,0
0022500429,2025-12-26,NOP,108,38,12,26,22,10,2,12,22,39,88,25,5,42,25,PHX,115,52,16,36,26,9,4,18,27,44,91,40,8,25,19,0
0022500427,2025-12-26,CHI,109,52,12,40,31,3,6,12,18,38,86,41,14,25,19,PHI,102,46,13,33,22,7,4,9,20,35,93,39,11,24,21,1
0022500428,2025-12-26,MEM,125,42,7,35,28,12,9,14,19,43,85,34,13,32,26,MIL,104,48,15,33,18,11,2,22,25,36,84,39,14,24,18,1
0022500425,2025-12-26,WAS,138,46,6,40,26,8,7,14,23,54,91,33,15,18,15,TOR,117,33,8,25,26,10,5,11,16,40,91,36,12,27,25,1
0022500439,2025-12-27,MIN,107,34,10,24,27,8,1,11,20,37,83,31,13,28,20,BKN,123,39,9,30,32,8,2,16,22,46,84,40,11,21,20,0
0022500433,2025-12-27,ORL,127,35,9,26,32,8,0,6,25,46,89,29,10,37,25,DEN,126,49,15,34,27,5,3,16,23,44,86,29,11,30,27,1
0022500432,2025-12-27,SAC,113,50,14,36,32,16,7,11,15,45,104,38,17,8,6,DAL,107,51,11,40,23,6,8,21,11,40,87,27,13,20,14,1
0022500440,2025-12-27,SAS,114,46,15,31,30,6,7,12,22,43,99,44,10,21,18,UTA,127,37,7,30,34,9,4,16,19,45,83,37,17,26,20,0
0022500435,2025-12-27,ATL,125,37,9,28,33,6,3,12,20,43,89,43,17,27,22,NYK,128,55,19,36,27,9,4,14,25,43,95,43,15,32,27,0
0022500434,2025-12-27,NOP,114,43,14,29,16,11,7,13,22,38,87,27,9,33,29,PHX,123,55,22,33,26,7,3,17,23,45,98,44,20,19,13,0
0022500437,2025-12-27,CHI,103,52,16,36,28,5,2,15,18,39,93,38,13,16,12,MIL,112,47,11,36,22,12,3,12,16,40,86,36,13,24,19,0
0022500438,2025-12-27,HOU,117,51,18,33,27,12,9,17,14,43,88,35,16,21,15,CLE,100,42,15,27,23,10,6,15,15,41,96,36,11,11,7,1
0022500436,2025-12-27,MIA,142,49,17,32,33,17,5,11,15,55,107,31,12,21,20,IND,116,45,15,30,30,6,5,26,22,46,93,38,12,16,12,1
0022500444,2025-12-28,POR,114,48,16,32,26,7,2,20,19,42,89,51,18,21,12,BOS,108,39,12,27,19,13,5,19,23,40,91,44,13,19,15,1
0022500442,2025-12-28,OKC,129,35,9,26,27,12,6,14,18,50,87,28,10,25,19,PHI,104,38,13,25,21,5,5,23,22,35,83,43,17,21,17,1
0022500441,2025-12-28,TOR,141,55,18,37,40,10,2,15,26,56,110,42,13,18,16,GSW,127,42,14,28,25,9,9,21,20,43,96,44,16,28,25,1
0022500445,2025-12-28,LAC,112,35,8,27,18,12,6,12,26,35,75,34,14,29,28,DET,99,45,15,30,18,9,6,13,20,34,82,29,7,28,24,1
0022500446,2025-12-28,LAL,125,41,8,33,25,14,4,16,19,47,89,38,15,18,16,SAC,101,39,10,29,24,11,3,19,20,40,83,29,8,19,13,1
0022500443,2025-12-28,WAS,116,54,15,39,26,9,12,19,21,42,99,33,8,25,24,MEM,112,43,10,33,27,14,8,16,17,43,103,32,9,21,17,1
0022500449,2025-12-29,BKN,107,34,9,25,22,10,5,15,27,36,80,42,18,23,17,GSW,120,40,6,34,26,11,5,14,21,41,77,33,10,34,28,0
0022500457,2025-12-29,POR,125,48,17,31,27,3,3,16,24,46,97,41,16,22,17,DAL,122,41,8,33,33,6,7,12,19,46,91,32,11,24,19,1
0022500456,2025-12-29,SAS,101,52,10,42,21,7,2,18,17,32,83,31,7,36,30,CLE,113,47,10,37,29,12,4,14,24,41,96,42,13,20,18,0
0022500455,2025-12-29,OKC,140,49,10,39,27,9,7,14,18,53,98,32,12,23,22,ATL,129,38,10,28,32,11,4,16,20,46,97,54,25,17,12,1
0022500451,2025-12-29,TOR,107,58,21,37,22,6,7,6,22,39,99,34,8,29,21,ORL,106,52,15,37,25,4,5,8,24,37,91,32,9,27,23,1
0022500454,2025-12-29,NOP,125,50,16,34,27,6,8,12,15,44,96,36,14,27,23,NYK,130,42,10,32,35,8,4,9,19,46,95,44,20,19,18,0
0022500452,2025-12-29,CHI,101,42,10,32,25,3,7,17,17,38,93,38,13,14,12,MIN,136,46,7,39,32,9,9,5,12,51,95,37,15,25,19,0
0022500453,2025-12-29,HOU,126,50,14,36,21,4,6,19,17,49,83,27,10,24,18,IND,119,29,7,22,30,12,3,9,22,44,88,34,18,20,13,1
0022500450,2025-12-29,MIA,147,46,15,31,40,8,4,10,22,53,99,46,22,23,19,DEN,123,36,6,30,29,5,4,10,21,47,89,31,11,22,18,1
0022500448,2025-12-29,WAS,101,43,9,34,21,6,8,16,20,36,78,32,13,21,16,PHX,115,51,20,31,25,8,3,10,14,41,101,40,17,18,16,0
0022500447,2025-12-29,CHA,113,47,17,30,28,5,3,13,21,40,93,46,17,20,16,MIL,123,31,5,26,29,9,5,9,17,44,84,34,16,22,19,0
0022500459,2025-12-30,UTA,119,40,9,31,31,4,3,13,17,41,87,42,16,25,21,BOS,129,44,11,33,27,8,9,8,17,48,94,44,13,23,20,0
0022500461,2025-12-30,LAC,131,42,11,31,29,13,9,4,14,46,90,38,14,32,25,SAC,90,39,11,28,18,1,8,19,20,34,83,27,9,14,13,1
0022500460,2025-12-30,LAL,106,33,11,22,28,10,3,21,24,37,82,39,11,31,21,DET,128,37,6,31,30,12,4,20,26,48,76,24,11,29,21,0
0022500458,2025-12-30,MEM,136,51,9,42,28,2,10,20,18,51,92,29,11,26,23,PHI,139,41,14,27,33,14,5,9,23,51,111,42,15,27,22,0
0022500464,2025-12-31,IND,110,39,5,34,22,10,3,16,24,36,83,35,12,32,26,ORL,112,49,8,41,28,9,4,19,23,43,90,21,3,28,23,0
0022500467,2025-12-31,SAS,134,48,11,37,25,7,3,11,17,44,89,38,14,40,32,NYK,132,40,10,30,32,7,2,10,30,46,96,52,22,20,18,1
0022500470,2025-12-31,OKC,124,41,5,36,29,15,10,15,18,44,90,49,16,26,20,POR,95,50,12,38,20,10,3,25,21,34,87,35,14,17,13,1
0022500468,2025-12-31,TOR,103,50,17,33,27,6,4,8,25,37,100,45,12,21,17,DEN,106,47,9,38,17,5,5,11,18,34,80,34,10,34,28,0
0022500463,2025-12-31,ATL,126,49,16,33,38,9,4,10,15,51,104,42,16,16,8,MIN,102,46,11,35,22,5,6,16,16,37,87,40,14,18,14,1
0022500465,2025-12-31,CLE,129,54,14,40,31,7,9,15,17,48,96,38,15,22,18,PHX,113,52,19,33,23,8,5,14,20,42,105,36,15,16,14,1
0022500466,2025-12-31,CHI,134,49,8,41,33,5,7,9,18,47,92,43,15,34,25,NOP,118,46,12,34,25,4,9,10,24,42,98,38,12,27,22,1
0022500469,2025-12-31,MIL,113,48,11,37,24,2,6,15,14,41,89,39,16,22,15,WAS,114,44,13,31,31,8,8,10,18,41,94,39,19,20,13,0
0022500462,2025-12-31,CHA,125,37,11,26,35,11,1,15,23,48,93,40,16,17,13,GSW,132,37,10,27,35,7,3,19,20,46,83,49,24,17,16,0
0022500471,2026-01-01,BKN,96,27,10,17,18,12,2,13,17,34,76,30,10,30,18,HOU,120,45,13,32,28,8,7,14,22,47,82,29,12,18,14,0
0022500474,2026-01-01,SAC,106,32,8,24,29,7,2,9,17,40,85,36,12,15,14,BOS,120,40,5,35,25,8,6,13,12,44,87,41,17,18,15,0
0022500473,2026-01-01,DAL,108,39,7,32,23,8,1,13,12,42,94,28,6,20,18,PHI,123,43,6,37,22,10,7,12,19,48,90,36,13,16,14,0
0022500475,2026-01-01,LAC,118,47,16,31,20,8,7,13,22,40,89,51,16,26,22,UTA,101,35,7,28,20,7,5,18,21,36,78,27,6,30,23,1
0022500472,2026-01-01,DET,112,40,6,34,25,11,9,21,20,38,80,26,9,31,27,MIA,118,49,15,34,25,14,6,20,19,43,99,39,14,20,18,0
0022500479,2026-01-02,NYK,99,52,14,38,27,8,6,15,17,36,97,42,9,21,18,ATL,111,49,9,40,31,12,2,13,21,42,88,36,12,25,15,0
0022500476,2026-01-02,IND,113,39,1,38,26,9,4,14,28,44,86,30,12,15,13,SAS,123,49,12,37,23,8,2,13,17,44,98,46,13,28,22,0
0022500483,2026-01-02,PHX,129,42,7,35,23,16,9,12,23,49,87,31,8,28,23,SAC,102,42,14,28,20,6,3,21,23,35,85,28,10,32,22,1
0022500478,2026-01-02,CLE,113,55,14,41,32,6,8,17,18,43,86,39,16,19,11,DEN,108,32,5,27,26,8,3,9,15,40,94,47,17,13,11,1
0022500482,2026-01-02,NOP,109,42,19,23,22,8,11,15,22,44,98,30,8,18,13,POR,122,46,19,27,27,6,7,9,17,41,92,47,16,30,24,0
0022500480,2026-01-02,CHI,121,47,9,38,31,6,5,13,15,45,90,41,14,19,17,ORL,114,36,5,31,28,10,5,11,23,43,86,32,14,21,14,1
0022500484,2026-01-02,GSW,94,43,14,29,23,8,5,17,18,32,90,44,13,23,17,OKC,131,51,9,42,34,10,5,14,21,48,92,38,16,19,19,0
0022500485,2026-01-02,LAL,128,42,6,36,26,9,4,20,21,45,77,32,11,31,27,MEM,121,34,8,26,32,10,2,15,20,46,96,42,14,23,15,1
0022500481,2026-01-02,MIL,122,36,8,28,31,7,4,11,23,45,87,37,16,18,16,CHA,121,39,8,31,27,5,3,14,18,40,82,40,18,28,23,1
0022500477,2026-01-02,WAS,119,51,13,38,24,10,9,19,20,47,92,29,11,16,14,BKN,99,33,9,24,20,15,8,16,16,34,86,29,6,28,25,1
0022500487,2026-01-03,NYK,119,44,14,30,23,9,2,16,18,38,89,40,16,32,27,PHI,130,47,9,38,25,7,10,14,23,49,90,36,17,23,15,0
0022500490,2026-01-03,SAS,110,48,12,36,27,8,7,6,20,40,93,31,10,23,20,POR,115,51,15,36,24,3,4,11,16,40,91,45,19,27,16,0
0022500488,2026-01-03,TOR,134,48,10,38,28,10,8,14,20,49,92,31,12,26,24,ATL,117,36,7,29,32,10,3,16,19,42,91,39,17,19,16,1
0022500489,2026-01-03,CHI,99,43,6,37,32,9,5,11,16,39,87,41,11,14,10,CHA,112,52,13,39,23,7,3,12,12,39,91,41,15,23,19,0
0022500491,2026-01-03,DAL,110,47,2,45,24,6,10,16,15,44,80,21,8,18,14,HOU,104,51,17,34,24,13,7,9,17,41,106,41,10,15,12,1
0022500492,2026-01-03,GSW,123,45,13,32,32,9,2,15,13,43,87,45,19,24,18,UTA,114,37,10,27,32,7,2,15,20,45,86,35,13,17,11,1
0022500493,2026-01-03,LAC,115,30,8,22,26,4,4,10,15,42,84,38,15,17,16,BOS,146,46,16,30,30,4,6,6,20,53,96,51,24,19,16,0
0022500486,2026-01-03,MIA,115,37,11,26,27,7,2,19,22,41,87,37,14,22,19,MIN,125,40,10,30,26,9,5,14,20,46,85,38,11,25,22,0
0022500496,2026-01-04,BKN,127,44,12,32,29,7,5,10,22,41,81,33,14,37,31,DEN,115,33,8,25,29,4,5,10,24,41,85,31,11,28,22,1
0022500495,2026-01-04,ORL,135,36,4,32,34,7,6,7,19,47,84,32,15,34,26,IND,127,41,7,34,38,3,3,11,26,48,87,34,15,21,16,1
0022500499,2026-01-04,PHX,108,49,12,37,21,2,1,16,23,35,79,43,17,29,21,OKC,105,29,2,27,20,2,4,9,20,39,82,32,10,19,17,1
0022500500,2026-01-04,SAC,98,38,6,32,17,10,7,10,22,34,80,25,5,32,25,MIL,115,48,12,36,23,4,2,13,21,39,87,37,10,30,27,0
0022500494,2026-01-04,CLE,110,44,11,33,23,11,10,17,18,35,80,42,14,30,26,DET,114,45,14,31,25,11,9,17,24,39,95,40,15,21,21,0
0022500501,2026-01-04,LAL,120,45,8,37,30,4,6,11,18,38,80,41,11,41,33,MEM,114,47,16,31,29,6,1,9,31,42,100,41,10,22,20,1
0022500497,2026-01-04,MIA,125,43,12,31,30,19,7,16,14,47,101,44,18,18,13,NOP,106,42,6,36,28,9,7,26,14,42,90,40,16,8,6,1
0022500498,2026-01-04,WAS,115,35,9,26,21,9,5,19,20,43,88,36,12,19,17,MIN,141,51,17,34,29,14,6,14,17,55,98,37,11,27,20,0
0022500507,2026-01-05,PHI,124,42,14,28,28,9,9,14,20,46,98,45,17,19,15,DEN,125,38,7,31,26,6,6,19,18,43,81,37,18,28,21,0
0022500509,2026-01-05,POR,137,45,14,31,32,9,4,14,16,49,93,48,19,21,20,UTA,117,42,14,28,32,11,2,15,19,45,92,31,13,17,14,1
0022500506,2026-01-05,OKC,97,33,13,20,18,14,5,8,14,34,93,39,11,27,18,CHA,124,52,12,40,25,4,7,21,23,41,77,37,19,25,23,0
0022500504,2026-01-05,TOR,118,46,7,39,34,10,5,15,16,47,90,37,12,19,12,ATL,100,46,8,38,28,11,1,15,21,35,89,34,12,21,18,1
0022500503,2026-01-05,BOS,115,54,20,34,22,7,4,8,11,42,104,52,20,13,11,CHI,101,45,6,39,25,2,4,13,13,38,86,46,16,10,9,1
0022500505,2026-01-05,HOU,100,51,15,36,20,5,1,16,11,38,87,37,9,21,15,PHX,97,40,11,29,23,11,0,13,14,37,88,41,14,12,9,1
0022500508,2026-01-05,LAC,103,48,6,42,25,5,9,20,21,37,77,29,10,21,19,GSW,102,40,12,28,27,18,4,7,18,35,92,41,10,27,22,1
0022500502,2026-01-05,DET,121,44,14,30,25,12,11,16,15,47,86,31,16,16,11,NYK,90,30,5,25,15,7,3,20,17,32,76,30,13,14,13,1
0022500513,2026-01-06,MIN,122,63,11,52,27,7,8,12,23,45,98,39,14,23,18,MIA,94,50,11,39,28,5,4,18,20,35,98,37,12,16,12,1
0022500510,2026-01-06,IND,116,32,7,25,32,10,4,14,14,43,93,35,16,19,14,CLE,120,48,10,38,33,7,6,19,23,49,88,26,10,18,12,0
0022500515,2026-01-06,SAC,98,43,8,35,23,11,6,13,20,39,92,31,9,17,11,DAL,100,55,15,40,19,6,3,17,12,39,96,27,8,21,14,0
0022500514,2026-01-06,NOP,103,44,14,30,28,8,2,16,19,40,91,40,10,18,13,LAL,111,44,9,35,30,11,6,15,21,43,85,31,11,21,14,0
0022500512,2026-01-06,MEM,106,61,17,44,28,7,9,23,15,39,98,49,18,15,10,SAS,105,50,13,37,26,9,4,14,18,38,102,46,14,18,15,1
0022500511,2026-01-06,WAS,120,45,11,34,25,12,10,15,25,39,86,34,11,33,31,ORL,112,48,13,35,28,8,4,19,23,42,92,33,12,24,16,1
0022500521,2026-01-07,BKN,103,44,14,30,23,11,8,21,18,36,86,51,17,22,14,ORL,104,55,20,35,28,12,4,18,19,41,96,33,9,18,13,0
0022500522,2026-01-07,NYK,123,48,16,32,31,5,6,12,17,47,94,33,14,17,15,LAC,111,40,15,25,21,7,5,10,16,40,92,42,15,19,16,1
0022500518,2026-01-07,PHI,131,34,7,27,30,15,5,10,11,45,84,37,14,32,27,WAS,110,42,11,31,29,7,6,22,20,43,87,33,13,11,11,1
0022500527,2026-01-07,POR,103,38,6,32,21,7,3,14,21,36,83,40,12,25,19,HOU,102,57,24,33,20,8,7,14,26,37,99,36,8,29,20,1
0022500523,2026-01-07,SAS,107,50,8,42,24,10,5,15,20,40,82,25,4,28,23,LAL,91,45,10,35,16,9,2,17,21,34,86,39,9,22,14,1
0022500525,2026-01-07,OKC,129,51,12,39,26,14,11,11,21,44,101,38,7,42,34,UTA,125,65,19,46,33,8,5,20,31,49,111,41,11,21,16,1
0022500519,2026-01-07,ATL,117,49,11,38,30,13,10,21,19,44,95,47,18,17,11,NOP,100,40,6,34,26,13,9,19,15,38,86,28,8,25,16,1
0022500520,2026-01-07,BOS,110,53,21,32,16,6,6,14,20,43,95,38,15,15,9,DEN,114,39,12,27,27,7,8,9,15,39,87,44,20,24,16,0
0022500526,2026-01-07,GSW,120,41,8,33,31,6,2,10,15,44,89,47,18,18,14,MIL,113,36,5,31,29,3,3,12,15,46,85,32,14,12,7,1
0022500524,2026-01-07,MEM,98,47,15,32,23,9,2,18,11,39,92,37,12,14,8,PHX,117,51,15,36,31,11,5,18,17,45,97,56,22,8,5,0
0022500517,2026-01-07,DET,108,39,8,31,35,10,8,9,14,45,92,33,12,8,6,CHI,93,45,15,30,27,5,8,17,15,37,87,34,13,9,6,1
0022500516,2026-01-07,CHA,96,50,16,34,19,3,6,18,19,32,82,38,14,22,18,TOR,97,42,15,27,18,6,4,6,19,38,92,34,7,19,14,0
0022500530,2026-01-08,MIN,131,45,10,35,33,8,2,17,21,51,89,38,20,17,9,CLE,122,38,9,29,31,9,2,13,17,48,91,33,11,21,15,1
0022500531,2026-01-08,UTA,116,42,10,32,32,11,3,9,11,47,95,41,13,14,9,DAL,114,47,9,38,30,4,2,21,13,44,85,36,15,13,11,1
0022500528,2026-01-08,CHA,112,35,8,27,29,8,3,17,22,39,86,44,16,24,18,IND,114,41,10,31,25,9,6,20,27,41,82,27,12,21,20,0
0022500535,2026-01-09,BKN,105,39,19,20,26,12,4,12,18,40,100,47,15,11,10,LAC,121,37,6,31,28,9,8,16,13,45,76,24,14,19,17,0
0022500533,2026-01-09,ORL,91,42,11,31,21,5,10,19,18,36,88,29,4,18,15,PHI,103,52,21,31,20,12,6,13,20,39,95,28,4,24,21,0
0022500538,2026-01-09,PHX,112,37,9,28,23,4,4,10,21,38,85,42,16,23,20,NYK,107,50,16,34,22,3,1,18,23,37,82,41,16,21,17,1
0022500540,2026-01-09,POR,111,43,14,29,26,9,3,13,17,37,89,44,16,23,21,HOU,105,56,22,34,21,8,8,13,17,40,96,44,10,24,15,1
0022500532,2026-01-09,BOS,125,40,9,31,28,3,5,10,12,47,87,28,14,19,17,TOR,117,31,9,22,39,7,6,7,18,45,92,47,18,10,9,1
0022500537,2026-01-09,DEN,87,44,4,40,22,6,2,19,11,30,72,32,11,20,16,ATL,110,40,4,36,31,14,6,6,17,46,94,43,16,4,2,0
0022500539,2026-01-09,GSW,137,41,14,27,39,4,6,11,13,52,95,45,19,14,14,SAC,103,31,10,21,23,6,6,13,15,43,86,27,7,13,10,1
0022500541,2026-01-09,LAL,101,45,15,30,28,9,0,13,20,39,91,36,15,14,8,MIL,105,44,12,32,23,10,3,17,16,38,79,34,12,22,17,0
0022500536,2026-01-09,MEM,116,52,15,37,35,4,4,17,26,41,88,41,14,24,20,OKC,117,36,10,26,24,9,8,6,22,43,91,37,9,28,22,0
0022500534,2026-01-09,WAS,107,40,11,29,24,10,8,19,23,37,87,35,11,33,22,NOP,128,51,10,41,30,12,4,19,22,51,95,34,11,24,15,0
0022500543,2026-01-10,IND,123,54,12,42,37,13,4,18,23,44,98,40,17,22,18,MIA,99,51,11,40,17,6,5,19,18,36,92,30,4,29,23,1
0022500547,2026-01-10,UTA,95,31,11,20,22,6,2,15,21,36,88,31,7,21,16,CHA,150,65,21,44,35,10,5,13,18,53,101,59,24,25,20,0
0022500545,2026-01-10,BOS,95,52,9,43,22,5,5,10,18,38,93,44,16,4,3,SAS,100,53,12,41,22,5,4,8,13,38,95,44,10,20,14,0
0022500542,2026-01-10,CLE,146,31,8,23,38,10,2,10,18,55,92,31,15,25,21,MIN,134,40,11,29,31,8,7,16,19,51,89,32,16,20,16,1
0022500546,2026-01-10,CHI,125,52,11,41,31,10,7,16,20,50,97,46,15,12,10,DAL,107,42,9,33,25,7,6,14,13,39,91,35,13,25,16,1
0022500544,2026-01-10,DET,92,47,16,31,21,18,13,25,26,33,83,35,8,25,18,LAC,98,37,8,29,17,18,6,22,17,31,72,31,11,36,25,0
0022500552,2026-01-11,MIN,104,50,12,38,23,9,7,9,19,39,90,39,12,25,14,SAS,103,49,10,39,19,6,1,14,22,34,88,38,13,25,22,1
0022500548,2026-01-11,ORL,128,39,11,28,27,10,3,13,16,43,82,24,11,35,31,NOP,118,26,5,21,27,8,9,16,25,46,80,26,14,15,12,1
0022500555,2026-01-11,PHX,112,51,15,36,32,11,7,16,19,40,95,52,17,19,15,WAS,93,49,12,37,22,9,7,23,16,34,86,30,7,18,18,1
0022500551,2026-01-11,POR,114,39,7,32,24,9,6,15,8,40,84,39,12,25,22,NYK,123,45,13,32,32,11,7,12,18,50,99,46,17,8,6,0
0022500557,2026-01-11,SAC,111,45,18,27,25,4,1,10,22,44,91,23,8,20,15,HOU,98,44,19,25,23,4,5,13,16,36,84,30,7,29,19,1
0022500553,2026-01-11,OKC,124,46,14,32,23,12,5,13,18,47,93,34,10,28,20,MIA,112,37,5,32,35,9,4,23,24,44,82,32,17,13,7,1
0022500550,2026-01-11,TOR,116,48,18,30,29,14,6,15,28,41,103,32,5,39,29,PHI,115,44,12,32,11,9,11,22,29,41,90,31,8,31,25,1
0022500554,2026-01-11,DEN,108,45,10,35,23,5,5,9,15,35,87,35,14,31,24,MIL,104,44,10,34,29,5,6,11,19,38,85,34,14,20,14,1
0022500556,2026-01-11,GSW,111,48,11,37,28,5,4,16,21,42,90,42,10,21,17,ATL,124,46,11,35,33,9,4,9,21,46,94,39,15,25,17,0
0022500549,2026-01-11,MEM,103,54,16,38,27,6,7,15,15,37,88,34,11,18,18,BKN,98,43,13,30,25,10,6,10,17,36,88,48,18,16,8,1
0022500559,2026-01-12,IND,98,40,5,35,29,8,3,12,7,39,84,37,16,6,4,BOS,96,46,10,36,22,9,1,12,7,40,88,35,9,9,7,1
0022500562,2026-01-12,SAC,124,32,6,26,23,6,4,15,18,48,82,26,17,14,11,LAL,112,39,12,27,21,9,2,10,9,41,84,36,8,28,22,1
0022500560,2026-01-12,TOR,102,38,15,23,29,7,2,9,19,37,92,37,6,25,22,PHI,115,36,5,31,22,4,2,16,24,39,74,36,16,23,21,0
0022500558,2026-01-12,CLE,112,30,6,24,33,10,6,14,19,41,92,41,17,13,13,UTA,123,50,8,42,32,7,4,19,14,40,83,41,18,28,25,0
0022500561,2026-01-12,DAL,113,37,9,28,28,9,3,14,16,43,85,34,15,16,12,BKN,105,43,13,30,23,5,8,17,20,39,86,37,9,20,18,1
0022500563,2026-01-12,LAC,117,37,9,28,22,7,0,5,15,41,92,49,18,21,17,CHA,109,49,10,39,24,3,4,10,17,43,88,33,10,17,13,1
0022500568,2026-01-13,OKC,119,43,5,38,26,7,11,11,23,42,81,30,11,27,24,SAS,98,42,12,30,21,4,3,12,25,34,85,37,13,24,17,1
0022500567,2026-01-13,NOP,116,51,16,35,21,6,4,15,20,39,86,29,11,31,27,DEN,122,32,5,27,24,8,3,7,22,41,84,35,14,32,26,0
0022500570,2026-01-13,GSW,119,34,4,30,34,16,5,14,14,42,89,57,23,13,12,POR,97,45,8,37,20,7,3,22,16,36,83,47,14,17,11,1
0022500565,2026-01-13,HOU,119,50,12,38,24,5,2,9,18,45,88,24,7,29,22,CHI,113,40,14,26,24,5,3,7,19,41,94,37,12,23,19,1
0022500569,2026-01-13,LAL,141,47,10,37,36,2,3,16,17,48,83,34,19,30,26,ATL,116,32,12,20,30,11,1,6,23,45,100,46,13,18,13,1
0022500564,2026-01-13,MIA,127,41,9,32,28,8,2,12,22,48,92,38,13,22,18,PHX,121,48,18,30,22,10,1,13,22,44,102,48,14,20,19,1
0022500566,2026-01-13,MIL,106,32,9,23,29,12,4,20,14,41,85,36,13,19,11,MIN,139,44,9,35,37,9,2,16,16,55,92,42,22,12,7,0
0022500571,2026-01-14,IND,101,46,14,32,26,6,7,11,21,33,86,42,12,31,23,TOR,115,49,11,38,30,4,5,12,23,44,89,28,10,26,17,0
0022500572,2026-01-14,PHI,107,42,11,31,22,9,5,12,15,36,89,43,12,26,23,CLE,133,52,12,40,41,6,5,16,19,50,95,46,20,18,13,0
0022500576,2026-01-14,SAC,112,48,9,39,23,4,6,17,21,35,74,27,10,38,32,NYK,101,45,16,29,23,11,6,9,24,39,100,41,8,23,15,1
0022500574,2026-01-14,NOP,116,53,18,35,24,5,7,9,11,43,97,33,11,25,19,BKN,113,43,10,33,24,3,5,11,21,45,95,43,16,12,7,1
0022500573,2026-01-14,CHI,128,43,13,30,36,10,5,13,19,47,92,43,17,21,17,UTA,126,36,8,28,30,9,2,13,20,47,86,28,8,27,24,1
0022500575,2026-01-14,DAL,109,47,13,34,16,6,3,6,20,41,93,34,5,33,22,DEN,118,39,7,32,21,4,1,9,25,42,85,38,16,22,18,0
0022500577,2026-01-14,LAC,119,40,7,33,25,9,5,10,14,39,83,37,14,27,27,WAS,105,41,11,30,25,5,3,11,17,41,90,38,10,17,13,1
0022500585,2026-01-15,POR,117,54,16,38,23,13,5,15,15,43,95,46,14,24,17,ATL,101,40,7,33,23,10,4,20,19,35,81,44,14,22,17,1
0022500582,2026-01-15,SAS,119,50,8,42,28,7,2,17,19,40,79,37,16,27,23,MIL,101,37,10,27,24,6,3,13,21,34,87,48,17,22,16,1
0022500583,2026-01-15,DAL,144,46,9,37,37,13,7,13,19,55,97,46,19,19,15,UTA,122,39,12,27,33,9,4,17,14,47,96,36,10,23,18,1
0022500584,2026-01-15,GSW,126,38,10,28,26,7,6,12,16,48,89,45,20,13,10,NYK,113,41,14,27,28,3,2,12,14,42,91,38,14,19,15,1
0022500581,2026-01-15,HOU,91,60,23,37,17,10,7,16,12,35,104,24,7,17,14,OKC,111,44,7,37,25,9,12,12,16,41,89,41,16,15,13,0
0022500586,2026-01-15,LAL,117,35,12,23,18,8,4,9,17,43,93,38,14,23,17,CHA,135,50,14,36,34,3,5,13,21,50,92,43,20,16,15,0
0022500580,2026-01-15,MIA,114,40,12,28,25,7,2,10,20,39,87,42,15,27,21,BOS,119,51,18,33,22,5,5,13,22,41,91,39,13,25,24,0
0022500579,2026-01-15,DET,108,54,14,40,25,10,7,17,15,38,81,32,9,37,23,PHX,105,41,9,32,21,14,9,14,25,36,87,46,17,25,16,1
0022500587,2026-01-16,BKN,112,47,11,36,30,7,4,14,17,39,91,40,19,17,15,CHI,109,41,4,37,28,10,10,8,14,41,86,35,11,20,16,1
0022500588,2026-01-16,IND,127,43,13,30,37,5,7,7,22,52,101,43,15,12,8,NOP,119,42,8,34,22,4,4,9,16,41,82,31,13,30,24,1
0022500589,2026-01-16,PHI,115,37,13,24,28,11,8,11,15,43,91,32,12,19,17,CLE,117,42,10,32,38,7,5,18,15,44,85,34,17,17,12,0
0022500592,2026-01-16,SAC,128,45,12,33,36,5,5,19,19,47,81,31,15,30,19,WAS,115,34,7,27,23,9,2,11,22,44,90,34,11,21,16,1
0022500590,2026-01-16,TOR,117,36,12,24,30,4,5,18,21,42,87,33,11,26,22,LAC,121,36,6,30,25,12,3,16,19,41,79,36,13,30,26,0
0022500591,2026-01-16,HOU,110,42,10,32,19,10,5,14,23,39,84,28,12,34,20,MIN,105,45,12,33,21,7,7,16,27,37,80,30,11,35,20,1
0022500596,2026-01-17,NYK,99,47,15,32,20,9,5,17,19,33,82,44,14,25,19,PHX,106,37,13,24,22,9,2,12,20,34,82,42,15,27,23,0
0022500601,2026-01-17,POR,132,42,12,30,24,9,5,15,17,45,86,42,16,34,26,LAL,116,27,7,20,25,8,6,15,25,42,85,31,13,21,19,1
0022500598,2026-01-17,SAS,126,43,17,26,35,6,5,11,20,47,94,38,15,28,17,MIN,123,41,12,29,22,7,7,11,22,42,90,34,14,28,25,1
0022500594,2026-01-17,ATL,106,47,13,34,29,10,4,12,17,38,102,46,15,17,15,BOS,132,55,11,44,27,9,8,17,17,46,91,52,22,22,18,0
0022500593,2026-01-17,DAL,138,44,13,31,36,8,2,11,18,49,91,41,18,36,22,UTA,120,41,11,30,30,5,3,15,27,48,89,31,10,20,14,1
0022500600,2026-01-17,DEN,121,38,4,34,31,7,4,13,21,45,85,35,14,23,17,WAS,115,48,17,31,20,9,4,11,17,44,96,30,11,29,16,1
0022500599,2026-01-17,GSW,136,41,9,32,34,8,7,12,23,51,93,52,23,13,11,CHA,116,44,12,32,27,5,3,17,22,43,94,44,16,17,14,1
0022500597,2026-01-17,MIA,122,51,21,30,30,7,4,4,21,41,111,50,20,28,20,OKC,120,46,5,41,23,3,6,15,19,42,77,29,13,28,23,1
0022500595,2026-01-17,DET,121,51,7,44,32,15,6,19,26,46,93,34,16,19,13,IND,78,42,6,36,18,13,2,25,18,28,79,35,8,27,14,1
0022500606,2026-01-18,SAC,110,40,10,30,29,8,5,16,26,42,86,31,11,18,15,POR,117,43,11,32,18,7,4,15,18,40,83,32,8,33,29,0
0022500603,2026-01-18,CHI,124,44,10,34,41,8,5,9,18,49,94,46,20,9,6,BKN,102,38,7,31,33,4,4,11,15,38,83,37,16,15,10,1
0022500605,2026-01-18,DEN,87,29,8,21,21,7,5,8,18,32,79,38,8,18,15,CHA,110,52,16,36,30,4,3,13,19,44,89,34,11,13,11,0
0022500604,2026-01-18,HOU,119,47,17,30,22,9,4,15,12,45,90,36,13,22,16,NOP,110,39,10,29,27,10,5,14,16,44,88,26,10,15,12,1
0022500607,2026-01-18,LAL,110,48,9,39,25,6,6,15,15,41,85,36,14,17,14,TOR,93,43,10,33,30,7,5,10,15,38,91,32,7,15,10,1
0022500610,2026-01-19,BKN,117,28,7,21,28,7,1,8,21,41,81,38,15,21,20,PHX,126,35,7,28,29,4,4,13,17,44,77,39,20,23,18,0
0022500016,2026-01-19,NYK,97,53,17,36,22,10,5,17,25,38,95,31,9,20,12,DAL,114,49,7,42,25,9,5,17,21,40,82,32,15,28,19,0
0022500609,2026-01-19,PHI,113,40,15,25,22,18,5,9,14,42,88,17,5,36,24,IND,104,46,12,34,24,4,9,24,22,40,84,34,13,14,11,1
0022500611,2026-01-19,SAS,123,38,3,35,32,9,12,14,21,44,79,38,16,25,19,UTA,110,42,15,27,31,10,1,14,22,37,92,37,13,27,23,1
0022500014,2026-01-19,ATL,110,51,14,37,33,9,6,10,19,39,96,42,12,24,20,MIL,112,47,4,43,24,8,6,13,20,39,79,36,16,25,18,0
0022500015,2026-01-19,CLE,104,54,19,35,20,8,5,21,21,34,91,35,8,35,28,OKC,136,38,6,32,32,11,6,13,24,50,90,47,23,20,13,0
0022500612,2026-01-19,GSW,135,46,8,38,38,11,3,14,17,49,95,51,24,17,13,MIA,112,54,20,34,30,6,2,19,18,39,99,45,13,24,21,1
0022500608,2026-01-19,WAS,106,45,15,30,27,7,5,20,22,37,86,35,13,22,19,LAC,110,43,12,31,20,12,6,16,16,36,78,28,5,38,33,0
0022500017,2026-01-19,DET,104,41,9,32,24,9,9,8,25,38,88,35,11,23,17,BOS,103,45,14,31,13,7,4,14,23,33,83,41,13,30,24,1
0022500613,2026-01-20,PHI,110,49,18,31,20,12,6,19,22,39,93,34,11,27,21,PHX,116,42,15,27,25,5,2,22,21,40,92,39,16,20,20,0
0022500619,2026-01-20,SAC,117,49,8,41,27,6,4,16,20,44,87,30,11,21,18,MIA,130,46,12,34,33,6,2,10,13,47,98,42,21,24,15,0
0022500616,2026-01-20,UTA,127,45,8,37,31,8,4,17,22,48,87,29,12,26,19,MIN,122,46,15,31,28,12,6,11,17,44,100,47,14,27,20,1
0022500614,2026-01-20,CHI,138,42,9,33,40,10,11,12,15,52,92,47,25,12,9,LAC,110,41,11,30,24,6,5,16,13,43,92,30,10,17,14,1
0022500617,2026-01-20,DEN,107,31,5,26,27,6,7,5,21,39,87,37,15,19,14,LAL,115,51,10,41,24,3,2,13,18,42,83,25,10,32,21,0
0022500618,2026-01-20,GSW,127,36,14,22,28,7,1,19,20,47,91,43,16,26,17,TOR,145,37,9,28,42,7,3,17,22,51,86,34,21,22,22,0
0022500615,2026-01-20,HOU,111,43,6,37,29,5,9,14,11,43,83,27,10,22,15,SAS,106,45,14,31,24,7,5,9,16,41,105,50,14,10,10,1
0022500622,2026-01-21,NYK,120,56,8,48,28,10,6,12,18,46,80,32,16,17,12,BKN,66,27,4,23,15,5,4,14,16,23,79,40,11,13,9,1
0022500626,2026-01-21,SAC,109,45,12,33,25,6,6,16,16,41,88,33,9,22,18,TOR,122,47,15,32,30,11,3,11,19,43,94,33,13,25,23,0
0022500621,2026-01-21,BOS,119,54,14,40,24,8,6,16,19,42,88,31,12,25,23,IND,104,42,13,29,31,6,2,14,20,37,94,45,12,23,18,1
0022500624,2026-01-21,NOP,104,46,14,32,19,13,6,19,20,36,86,32,7,30,25,DET,112,47,13,34,26,12,8,20,21,39,88,39,15,24,19,0
0022500625,2026-01-21,MIL,102,39,5,34,30,6,0,16,19,40,81,41,16,9,6,OKC,122,42,7,35,24,12,3,8,11,49,90,36,14,15,10,0
0022500623,2026-01-21,MEM,122,43,13,30,26,7,7,18,23,43,93,35,12,27,24,ATL,124,42,11,31,34,9,6,17,24,43,92,45,20,24,18,0
0022500620,2026-01-21,CHA,87,47,17,30,20,12,4,13,23,33,98,47,8,18,13,CLE,94,60,17,43,20,6,8,21,21,34,87,40,8,24,18,0
0022500631,2026-01-22,MIN,115,45,9,36,29,6,9,14,27,43,93,41,15,15,14,CHI,120,43,5,38,28,7,1,12,18,38,86,39,17,33,27,0
0022500627,2026-01-22,ORL,97,31,6,25,25,7,4,12,23,33,79,37,14,22,17,CHA,124,47,10,37,26,7,4,15,18,43,79,36,17,25,21,0
0022500628,2026-01-22,PHI,128,46,9,37,41,13,4,15,23,49,89,32,11,22,19,HOU,122,46,15,31,33,13,5,17,18,46,99,40,18,24,12,1
0022500634,2026-01-22,POR,127,50,14,36,26,10,5,20,17,48,96,50,20,13,11,MIA,110,40,14,26,27,12,4,15,10,43,94,45,9,19,15,1
0022500632,2026-01-22,UTA,109,44,11,33,31,5,3,17,16,43,90,30,12,13,11,SAS,126,41,7,34,30,8,11,11,13,44,87,43,18,24,20,0
0022500630,2026-01-22,DAL,123,54,11,43,25,6,6,22,17,43,86,35,13,30,24,GSW,115,35,4,31,29,15,7,10,24,43,96,46,15,18,14,1
0022500633,2026-01-22,LAC,112,49,13,36,23,8,0,20,17,40,84,31,12,21,20,LAL,104,34,6,28,24,14,8,10,17,40,88,33,11,18,13,1
0022500629,2026-01-22,WAS,97,42,14,28,20,9,6,14,21,32,84,43,13,24,20,DEN,107,46,11,35,22,9,6,14,14,37,83,26,9,26,24,0
0022500637,2026-01-23,BKN,126,58,16,42,22,5,6,18,26,42,95,44,13,34,29,BOS,130,41,9,32,35,8,5,9,28,49,109,51,22,16,10,0
0022500642,2026-01-23,POR,98,45,14,31,22,7,3,15,11,39,98,45,13,10,7,TOR,110,46,10,36,28,7,9,16,17,45,85,29,9,17,11,0
0022500641,2026-01-23,OKC,114,41,4,37,18,4,8,9,22,40,82,26,7,30,27,IND,117,51,14,37,34,5,1,11,24,45,96,38,16,20,11,0
0022500636,2026-01-23,ATL,110,48,9,39,28,5,3,21,13,43,81,26,13,16,11,PHX,103,42,11,31,24,15,3,13,12,42,95,34,11,9,8,1
0022500638,2026-01-23,CLE,123,48,16,32,23,6,6,7,17,44,96,36,13,27,22,SAC,118,43,10,33,26,5,2,11,25,42,89,33,13,22,21,1
0022500640,2026-01-23,MIL,100,51,11,40,24,7,8,11,19,34,85,39,12,27,20,DEN,102,47,6,41,27,8,3,8,19,35,87,41,12,23,20,0
0022500639,2026-01-23,MEM,127,47,14,33,34,4,10,19,23,45,92,47,18,22,19,NOP,133,49,18,31,29,14,4,10,20,46,99,36,13,33,28,0
0022500635,2026-01-23,DET,104,35,9,26,22,9,4,17,24,40,84,32,7,24,17,HOU,111,43,12,31,21,11,7,17,18,39,79,26,9,30,24,0
0022500646,2026-01-24,ORL,105,37,10,27,21,8,3,16,20,33,81,40,11,32,28,CLE,119,38,8,30,27,11,6,17,25,43,81,34,15,22,18,0
0022500643,2026-01-24,PHI,109,37,6,31,24,7,4,14,21,39,77,29,9,29,22,NYK,112,53,19,34,27,6,5,11,22,41,93,44,15,27,15,0
0022500649,2026-01-24,UTA,116,34,7,27,36,9,10,14,26,44,92,25,7,28,21,MIA,147,64,26,38,35,10,6,14,21,47,108,47,19,42,34,0
0022500647,2026-01-24,CHI,114,44,8,36,32,2,6,15,15,43,85,45,21,8,7,BOS,111,38,8,30,28,10,5,6,9,44,99,47,15,9,8,1
0022500648,2026-01-24,DAL,110,43,11,32,22,10,6,11,19,39,94,29,10,29,22,LAL,116,57,16,41,26,7,8,16,20,40,90,34,14,29,22,0
0022500645,2026-01-24,CHA,119,46,12,34,30,8,3,21,10,41,79,36,14,30,23,WAS,115,34,10,24,35,14,6,13,22,44,96,53,19,9,8,1
0022500644,2026-01-25,MIN,85,50,10,40,16,6,5,26,16,30,79,38,13,20,12,GSW,111,45,6,39,31,20,5,12,20,40,95,51,16,16,15,0
0022500655,2026-01-25,PHX,102,56,21,35,14,6,7,11,24,37,100,35,7,26,21,MIA,111,59,18,41,21,6,3,12,21,39,93,35,9,29,24,0
0022500654,2026-01-25,SAS,95,46,10,36,22,2,5,12,16,32,81,44,12,32,19,NOP,104,58,19,39,23,3,5,10,23,41,102,34,9,17,13,0
0022500653,2026-01-25,OKC,101,37,5,32,21,5,5,11,17,33,75,43,11,31,24,TOR,103,51,12,39,28,10,6,11,22,37,86,34,12,26,17,0
0022500656,2026-01-25,LAC,126,51,7,44,20,12,5,19,15,44,78,25,12,29,26,BKN,89,36,9,27,23,14,4,17,19,29,85,43,9,25,22,1
0022500650,2026-01-25,DET,139,43,16,27,31,15,5,19,21,50,91,31,16,28,23,SAC,116,33,12,21,32,7,7,19,21,44,84,25,11,28,17,1
0022500663,2026-01-26,MIN,108,56,9,47,29,12,10,22,15,37,81,35,14,26,20,GSW,83,45,11,34,21,13,4,19,19,33,95,39,9,13,8,1
0022500659,2026-01-26,ATL,132,46,9,37,35,11,9,14,20,49,98,43,18,17,16,IND,116,42,7,35,31,11,7,17,12,43,93,35,10,25,20,1
0022500660,2026-01-26,BOS,102,41,10,31,24,11,4,17,21,39,90,34,13,18,11,POR,94,46,11,35,17,11,8,18,22,32,78,40,10,30,20,1
0022500658,2026-01-26,CLE,114,45,7,38,23,6,5,16,15,42,79,25,11,27,19,ORL,98,42,13,29,21,10,6,12,19,38,94,39,11,15,11,1
0022500661,2026-01-26,CHI,118,40,5,35,31,5,0,15,20,43,82,49,18,18,14,LAL,129,35,3,32,26,7,3,8,15,46,82,33,16,29,21,0
0022500662,2026-01-26,HOU,108,57,16,41,29,9,3,16,13,41,92,37,11,20,15,MEM,99,52,21,31,26,9,5,13,21,39,105,37,7,17,14,1
0022500657,2026-01-26,CHA,130,53,14,39,34,8,4,25,22,47,83,41,17,27,19,PHI,93,33,12,21,20,14,3,17,21,35,89,30,9,19,14,1
0022500665,2026-01-27,NYK,103,44,12,32,24,11,1,21,16,37,78,32,13,18,16,SAC,87,44,14,30,18,8,3,17,16,35,87,30,5,14,12,1
0022500666,2026-01-27,PHI,139,46,15,31,35,7,5,7,22,53,101,42,22,15,11,MIL,122,38,8,30,29,4,4,12,12,44,86,34,15,27,19,1
0022500669,2026-01-27,PHX,106,32,10,22,22,12,5,15,18,43,77,20,5,20,15,BKN,102,35,12,23,28,9,2,22,21,38,75,32,13,19,13,1
0022500667,2026-01-27,OKC,104,53,13,40,25,4,9,16,15,35,87,38,13,23,21,NOP,95,54,21,33,25,13,11,9,21,34,99,40,10,22,17,1
0022500670,2026-01-27,UTA,103,40,10,30,28,6,3,17,17,37,82,33,12,21,17,LAC,115,39,12,27,27,10,3,11,19,41,88,46,18,21,15,0
0022500668,2026-01-27,DEN,107,49,13,36,22,4,9,15,16,40,84,29,10,23,17,DET,109,41,13,28,24,10,3,7,21,44,94,31,6,18,15,0
0022500664,2026-01-27,WAS,115,46,14,32,27,16,12,14,17,40,98,39,17,21,18,POR,111,69,29,40,19,10,5,20,17,42,109,38,14,23,13,1
0022500672,2026-01-28,IND,113,43,6,37,30,7,3,6,18,38,85,36,15,25,22,CHI,110,47,9,38,27,3,3,11,22,42,88,30,12,18,14,1
0022500675,2026-01-28,TOR,92,43,12,31,20,9,8,20,19,30,79,26,7,29,25,NYK,119,48,13,35,32,12,5,18,21,45,90,38,14,18,15,0
0022500678,2026-01-28,UTA,124,37,10,27,38,16,3,19,22,44,90,38,15,24,21,GSW,140,42,12,30,39,15,8,20,17,46,86,54,23,30,25,0
0022500673,2026-01-28,BOS,106,51,15,36,21,3,6,16,13,42,89,34,9,16,13,ATL,117,38,10,28,29,11,2,9,19,45,93,42,18,13,9,0
0022500671,2026-01-28,CLE,129,46,14,32,32,12,2,10,15,51,97,44,17,13,10,LAL,99,36,8,28,21,7,3,16,16,39,81,32,9,18,12,1
0022500677,2026-01-28,DAL,105,50,14,36,22,6,3,19,19,38,84,18,3,39,26,MIN,118,42,11,31,26,15,6,12,25,43,94,34,12,27,20,0
0022500679,2026-01-28,HOU,99,46,17,29,23,12,8,14,18,39,99,23,8,18,13,SAS,111,46,8,38,28,5,8,15,15,44,82,26,6,24,17,0
0022500674,2026-01-28,MIA,124,48,9,39,27,6,5,18,18,44,88,34,15,23,21,ORL,133,42,12,30,36,12,6,7,16,52,104,38,16,17,13,0
0022500676,2026-01-28,MEM,97,29,8,21,27,10,7,13,10,37,81,40,14,12,9,CHA,112,43,13,30,25,5,1,20,11,44,90,42,17,8,7,0
0022500686,2026-01-29,MIN,123,46,15,31,26,12,7,20,21,45,89,47,22,18,11,OKC,111,36,11,25,27,11,5,16,15,41,86,31,11,20,18,1
0022500680,2026-01-29,PHI,113,24,2,22,25,8,3,9,19,39,72,25,8,31,27,SAC,111,46,15,31,21,6,4,17,26,41,82,26,10,23,19,1
0022500685,2026-01-29,PHX,114,47,11,36,22,8,3,17,23,37,79,42,16,29,24,DET,96,37,9,28,26,8,2,9,19,37,87,29,6,21,16,1
0022500682,2026-01-29,ATL,86,46,14,32,19,7,5,12,16,34,93,39,12,7,6,HOU,104,59,22,37,23,8,14,12,11,39,92,31,12,20,14,0
0022500529,2026-01-29,CHI,113,52,16,36,25,5,4,16,20,37,94,38,15,29,24,MIA,116,49,10,39,29,12,2,14,19,42,93,36,12,24,20,0
0022500683,2026-01-29,DAL,121,50,13,37,26,7,8,8,15,48,103,33,11,16,14,CHA,123,45,8,37,28,4,9,10,17,43,91,41,20,18,17,0
0022500684,2026-01-29,DEN,107,41,7,34,24,6,4,7,14,38,80,26,13,25,18,BKN,103,49,14,35,24,4,6,9,21,37,85,37,14,18,15,1
0022500681,2026-01-29,WAS,109,61,18,43,21,8,7,13,11,38,96,35,8,28,25,MIL,99,43,7,36,25,7,9,9,20,41,98,38,10,9,7,1
0022500690,2026-01-30,NYK,127,52,16,36,29,9,3,14,21,48,99,45,19,14,12,POR,97,37,8,29,23,5,5,20,13,35,81,43,13,19,14,1
0022500687,2026-01-30,ORL,130,35,3,32,28,7,3,12,23,40,78,34,17,37,33,TOR,120,38,7,31,33,8,6,14,24,44,84,28,7,32,25,1
0022500693,2026-01-30,PHX,126,43,9,34,31,15,5,22,19,45,85,48,23,18,13,CLE,113,43,16,27,34,13,2,22,17,45,97,48,15,11,8,1
0022500694,2026-01-30,UTA,99,33,6,27,26,6,4,11,23,39,78,29,10,19,11,BKN,109,47,11,36,27,6,5,12,20,39,82,40,14,28,17,0
0022500689,2026-01-30,BOS,112,44,14,30,25,7,5,7,17,42,93,48,18,16,10,SAC,93,47,15,32,19,4,6,16,18,31,83,31,10,23,21,1
0022500691,2026-01-30,NOP,114,42,14,28,24,13,6,16,16,43,88,33,8,26,20,MEM,106,46,16,30,26,11,3,20,19,40,93,41,12,15,14,1
0022500695,2026-01-30,DEN,122,43,7,36,30,7,4,13,18,40,73,28,16,32,26,LAC,109,34,11,23,29,7,3,9,21,40,86,40,14,21,15,1
0022500696,2026-01-30,GSW,124,42,11,31,31,10,4,18,20,40,90,52,18,35,26,DET,131,53,15,38,31,13,3,16,23,46,95,26,10,36,29,0
0022500688,2026-01-30,WAS,111,39,17,22,28,10,4,19,19,44,99,48,16,10,7,LAL,142,46,11,35,38,17,4,17,8,52,85,33,14,32,24,0
0022500698,2026-01-31,IND,129,51,11,40,29,6,4,23,21,48,89,32,15,21,18,ATL,124,39,10,29,25,11,2,10,18,46,97,28,11,28,21,1
0022500699,2026-01-31,PHI,124,52,12,40,28,5,4,10,17,45,94,36,17,23,17,NOP,114,46,11,35,23,5,11,10,16,40,92,36,15,22,19,1
0022500701,2026-01-31,HOU,111,53,18,35,33,10,6,6,20,45,108,26,10,15,11,DAL,107,48,11,37,19,3,4,11,12,41,92,23,10,26,15,1
0022500692,2026-01-31,MIA,118,47,9,38,26,17,4,19,19,41,95,47,13,31,23,CHI,125,43,1,42,34,8,5,24,21,46,88,40,20,18,13,0
0022500700,2026-01-31,MEM,114,43,13,30,29,8,4,15,16,44,90,37,10,24,16,MIN,131,45,11,34,28,12,5,15,21,47,89,37,18,24,19,0
0022500697,2026-01-31,CHA,111,51,14,37,30,5,5,12,19,39,88,35,13,22,20,SAS,106,36,6,30,26,7,6,11,16,38,80,34,13,19,17,1
0022500708,2026-02-01,NYK,112,46,14,32,30,7,2,10,15,43,91,42,18,11,8,LAL,100,36,7,29,21,5,3,11,14,38,84,42,12,19,12,1
0022500709,2026-02-01,PHX,93,35,10,25,21,7,4,5,26,31,93,46,19,18,12,LAC,117,63,15,48,25,2,3,18,18,43,83,24,9,34,22,0
0022500710,2026-02-01,POR,111,47,17,30,24,7,5,23,17,44,98,44,14,12,9,CLE,130,39,10,29,41,15,7,14,15,50,91,34,16,19,14,0
0022500703,2026-02-01,SAS,112,48,8,40,27,8,6,17,22,41,82,29,8,32,22,ORL,103,34,6,28,24,11,1,15,19,40,91,30,10,15,13,1
0022500706,2026-02-01,TOR,107,42,13,29,22,11,8,19,23,35,84,35,12,30,25,UTA,100,56,18,38,20,10,6,24,21,32,90,36,8,34,28,1
0022500702,2026-02-01,BOS,107,52,17,35,24,4,2,10,16,41,92,42,15,13,10,MIL,79,40,12,28,17,5,0,11,17,29,82,34,10,15,11,1
0022500711,2026-02-01,DEN,111,39,8,31,29,9,4,18,20,39,79,35,16,24,17,OKC,121,39,12,27,23,12,6,13,21,40,85,48,19,27,22,0
0022500705,2026-02-01,MIA,134,54,15,39,44,8,5,9,25,54,107,38,14,17,12,CHI,91,47,15,32,18,5,6,19,16,28,87,41,6,34,29,1
0022500707,2026-02-01,WAS,116,42,13,29,31,10,4,17,22,46,88,31,13,15,11,SAC,112,37,13,24,21,9,8,14,15,39,84,21,8,29,26,1
0022500704,2026-02-01,DET,130,43,5,38,33,17,6,8,21,48,85,32,12,29,22,BKN,77,43,10,33,17,3,2,25,19,24,73,31,7,27,22,1
0022500713,2026-02-02,IND,114,33,7,26,33,10,6,10,27,43,87,26,12,21,16,HOU,118,56,19,37,21,7,6,16,17,40,87,22,7,37,31,0
0022500715,2026-02-02,LAC,113,36,5,31,24,4,2,14,19,46,78,26,9,20,12,PHI,128,41,14,27,31,8,3,6,22,45,94,39,17,22,21,0
0022500714,2026-02-02,MEM,137,45,12,33,31,5,2,10,22,44,88,41,19,35,30,MIN,128,40,13,27,24,4,7,9,25,44,90,41,16,31,24,1
0022500712,2026-02-02,CHA,102,59,13,46,16,3,3,17,19,34,85,50,12,27,22,NOP,95,34,5,29,23,9,4,8,23,33,84,34,11,25,18,1
0022500719,2026-02-03,BKN,109,48,16,32,28,7,0,20,21,45,94,41,10,14,9,LAL,125,41,10,31,25,14,0,12,13,46,85,31,7,39,26,0
0022500717,2026-02-03,IND,122,38,7,31,33,6,2,15,18,45,84,39,14,27,18,UTA,131,38,6,32,38,13,4,10,17,50,88,29,13,26,18,0
0022500725,2026-02-03,POR,125,47,18,29,31,8,5,17,16,47,95,52,18,18,13,PHX,130,45,18,27,26,13,2,11,19,50,97,41,20,15,10,0
0022500723,2026-02-03,OKC,128,52,14,38,33,12,1,11,15,48,93,35,12,26,20,ORL,92,38,10,28,21,5,5,16,24,34,89,41,13,11,11,1
0022500721,2026-02-03,DAL,100,49,13,36,21,4,4,9,11,37,89,32,9,22,17,BOS,110,47,10,37,27,7,4,10,20,47,96,39,13,5,3,0
0022500724,2026-02-03,GSW,94,33,8,25,27,8,6,20,16,37,78,48,19,2,1,PHI,113,56,25,31,23,9,3,13,6,42,93,38,13,21,16,0
0022500720,2026-02-03,MIA,115,53,12,41,25,6,1,13,15,42,96,32,8,26,23,ATL,127,47,8,39,34,7,2,9,22,49,101,50,21,13,8,0
0022500722,2026-02-03,MIL,131,51,13,38,33,6,4,14,20,50,97,38,23,15,8,CHI,115,43,10,33,26,9,11,10,14,40,91,51,19,23,16,1
0022500718,2026-02-03,WAS,101,42,10,32,19,6,3,13,22,35,86,31,11,32,20,NYK,132,50,9,41,34,6,5,9,22,47,90,37,17,27,21,0
0022500716,2026-02-03,DET,124,43,12,31,27,9,4,9,27,43,94,29,12,30,26,DEN,121,43,12,31,20,7,10,10,20,37,83,30,10,43,37,1
0022500726,2026-02-04,NYK,134,45,9,36,28,4,2,12,23,50,100,50,18,19,16,DEN,127,51,15,36,29,8,3,16,21,46,105,50,13,27,22,1
0022500731,2026-02-04,SAC,125,46,14,32,29,4,2,13,21,45,100,36,11,28,24,MEM,129,44,11,33,30,8,4,13,26,45,90,41,18,28,21,0
0022500730,2026-02-04,SAS,116,63,18,45,26,11,8,14,15,45,101,42,14,20,12,OKC,106,46,9,37,26,10,9,14,16,37,93,47,19,14,13,1
0022500727,2026-02-04,TOR,126,41,9,32,31,6,7,13,21,47,89,31,15,24,17,MIN,128,46,13,33,26,8,5,10,20,49,97,39,16,25,14,0
0022500728,2026-02-04,HOU,93,38,12,26,16,10,5,10,17,34,82,30,11,22,14,BOS,114,57,20,37,26,6,6,15,18,39,90,51,19,20,17,0
0022500732,2026-02-04,LAC,91,37,6,31,20,6,4,24,13,37,80,28,6,12,11,CLE,124,44,13,31,30,17,5,9,12,50,98,41,16,13,8,0
0022500729,2026-02-04,MIL,141,43,6,37,36,5,3,15,18,56,92,47,21,10,8,NOP,137,38,9,29,32,9,2,8,14,45,94,46,24,29,23,1
0022500734,2026-02-05,ORL,118,42,9,33,32,14,11,17,21,44,82,32,9,27,21,BKN,98,36,11,25,22,7,2,19,24,34,82,39,12,29,18,1
0022500739,2026-02-05,PHX,97,37,6,31,22,10,1,12,15,38,82,43,16,6,5,GSW,101,45,10,35,23,8,4,15,12,33,76,55,20,20,15,0
0022500736,2026-02-05,TOR,123,35,8,27,35,10,7,12,11,49,87,34,14,13,11,CHI,107,38,13,25,28,9,4,17,13,41,91,49,18,8,7,1
0022500735,2026-02-05,ATL,121,50,19,31,34,3,10,10,18,48,98,35,8,23,17,UTA,119,49,18,31,19,7,4,11,24,47,101,30,12,20,13,1
0022500738,2026-02-05,DAL,123,41,7,34,23,9,8,9,20,47,97,31,12,20,17,SAS,135,50,11,39,34,7,7,14,18,48,95,41,17,25,22,0
0022500737,2026-02-05,HOU,99,40,12,28,24,17,5,18,16,38,83,23,8,20,15,CHA,109,46,16,30,21,14,5,22,15,36,87,43,17,22,20,0
0022500740,2026-02-05,LAL,119,42,10,32,27,8,4,22,17,44,79,25,9,27,22,PHI,115,28,4,24,29,15,3,15,22,45,84,24,5,23,20,1
0022500733,2026-02-05,DET,117,47,14,33,22,11,5,15,17,41,88,33,9,33,26,WAS,126,39,11,28,30,9,6,17,26,49,91,41,18,18,10,0
0022500744,2026-02-06,MIN,115,47,20,27,22,7,7,10,18,40,95,40,13,26,22,NOP,119,39,6,33,29,5,5,16,20,43,80,34,15,22,18,0
0022500745,2026-02-06,POR,135,46,12,34,31,9,7,18,17,49,90,42,17,21,20,MEM,115,37,10,27,28,12,3,16,18,42,88,41,15,21,16,1
0022500746,2026-02-06,SAC,111,42,12,30,22,10,6,11,22,41,92,37,10,22,19,LAC,114,40,5,35,22,6,7,16,18,37,71,21,9,36,31,0
0022500741,2026-02-06,BOS,98,50,13,37,17,7,7,16,16,35,84,36,10,23,18,MIA,96,42,10,32,23,9,3,12,18,35,84,40,13,18,13,1
0022500743,2026-02-06,MIL,105,48,13,35,26,4,2,12,16,44,95,43,13,6,4,IND,99,37,5,32,26,9,4,9,12,35,79,43,12,21,17,1
0022500742,2026-02-06,DET,118,44,8,36,31,10,6,13,21,44,83,40,17,15,13,NYK,80,35,10,25,22,6,1,15,15,29,82,33,8,17,14,1
0022500747,2026-02-07,BKN,127,45,13,32,36,8,3,13,22,50,91,38,13,19,14,WAS,113,30,5,25,18,6,8,16,21,37,79,30,11,30,28,1
0022500750,2026-02-07,ORL,120,38,3,35,26,15,7,14,17,36,84,41,13,43,35,UTA,117,54,12,42,30,11,4,24,25,44,92,31,10,23,19,1
0022500754,2026-02-07,PHX,103,40,12,28,22,8,0,14,23,33,83,46,11,31,26,PHI,109,50,11,39,18,5,4,18,25,35,74,29,11,34,28,0
0022500755,2026-02-07,POR,122,48,14,34,30,7,3,17,21,46,95,51,21,14,9,MEM,115,36,5,31,19,14,6,15,15,42,84,38,16,21,15,1
0022500756,2026-02-07,SAC,126,42,15,27,30,9,5,15,21,48,94,37,16,20,14,CLE,132,38,9,29,30,9,3,12,14,46,88,35,11,32,29,0
0022500749,2026-02-07,SAS,138,52,12,40,34,5,11,18,17,55,99,35,14,20,14,DAL,125,41,12,29,35,10,4,7,16,46,105,37,15,24,18,1
0022500748,2026-02-07,OKC,106,42,13,29,25,10,2,17,20,37,82,36,14,28,18,HOU,112,41,10,31,25,12,5,15,23,38,83,43,15,28,21,0
0022500751,2026-02-07,ATL,119,30,5,25,30,9,6,10,20,43,88,37,18,17,15,CHA,126,49,16,33,31,5,3,16,16,46,95,39,18,16,16,0
0022500752,2026-02-07,CHI,120,37,12,25,25,9,3,17,24,41,92,51,20,20,18,DEN,136,41,11,30,37,7,7,14,17,49,85,33,16,33,22,0
0022500753,2026-02-07,LAL,105,41,5,36,29,7,10,23,14,35,69,27,11,30,24,GSW,99,37,10,27,25,16,3,13,25,39,92,51,14,11,7,1
0022500760,2026-02-08,MIN,96,41,10,31,17,8,2,21,22,37,83,33,8,22,14,LAC,115,37,8,29,25,11,6,15,21,39,76,27,14,28,23,0
0022500759,2026-02-08,TOR,122,54,17,37,29,12,8,13,19,45,95,30,11,30,21,IND,104,40,7,33,26,6,3,19,24,40,89,33,12,14,12,1
0022500757,2026-02-08,BOS,89,44,14,30,22,4,3,10,21,34,92,41,7,15,14,NYK,111,46,7,39,23,5,3,8,17,40,83,35,14,24,17,0
0022500758,2026-02-08,WAS,101,42,10,32,23,7,6,19,12,39,93,36,12,16,11,MIA,132,60,21,39,34,18,4,16,19,49,104,47,21,15,13,0
0022500765,2026-02-09,MIN,138,41,7,34,36,10,9,15,19,55,92,42,16,21,12,ATL,116,47,17,30,20,12,1,19,19,40,99,45,14,28,22,1
0022500762,2026-02-09,BKN,123,47,10,37,28,10,6,20,22,45,88,25,12,31,21,CHI,115,39,12,27,20,13,8,18,22,40,91,36,10,32,25,1
0022500764,2026-02-09,ORL,118,44,11,33,27,14,3,11,18,40,86,42,14,27,24,MIL,99,37,6,31,17,7,6,20,21,36,77,33,12,21,15,1
0022500770,2026-02-09,POR,135,51,20,31,36,8,7,18,25,47,97,54,22,25,19,PHI,118,33,8,25,23,12,8,14,22,38,81,30,11,36,31,1
0022500766,2026-02-09,NOP,120,39,7,32,30,8,5,13,18,47,87,39,16,16,10,SAC,94,50,19,31,19,8,3,17,13,40,99,31,4,15,10,1
0022500767,2026-02-09,DEN,117,46,12,34,25,9,1,14,23,38,85,40,13,35,28,CLE,119,39,12,27,25,6,7,12,29,43,92,45,15,22,18,0
0022500768,2026-02-09,GSW,114,40,10,30,31,12,1,23,17,44,83,33,11,19,15,MEM,113,37,8,29,26,17,3,18,18,42,83,32,10,24,19,1
0022500769,2026-02-09,LAL,110,37,9,28,25,7,2,15,21,42,84,31,10,23,16,OKC,119,45,14,31,23,12,4,16,19,42,87,33,14,29,21,0
0022500763,2026-02-09,MIA,111,43,10,33,24,6,3,14,22,33,79,45,15,44,30,UTA,115,58,15,43,29,8,2,12,25,39,92,36,10,31,27,0
0022500761,2026-02-09,CHA,104,39,11,28,22,4,3,21,24,34,82,47,19,17,17,DET,110,41,14,27,20,12,3,10,20,41,87,25,5,28,23,0
0022500771,2026-02-10,NYK,134,46,8,38,33,4,4,12,30,50,100,46,14,27,20,IND,137,43,6,37,30,6,4,11,23,50,97,45,18,26,19,0
0022500773,2026-02-10,PHX,120,49,18,31,32,8,3,14,27,49,102,50,16,9,6,DAL,111,42,8,34,18,7,5,16,12,37,77,22,5,44,32,1
0022500772,2026-02-10,HOU,102,44,10,34,19,7,5,18,15,36,79,28,14,18,16,LAC,95,45,17,28,24,11,5,12,18,36,88,30,8,23,15,1
0022500774,2026-02-10,LAL,108,34,5,29,23,7,2,18,20,41,85,25,11,20,15,SAS,136,45,9,36,34,14,6,13,18,52,92,33,13,25,19,0
0022500783,2026-02-11,MIN,133,43,11,32,26,14,6,15,21,45,87,34,14,35,29,POR,109,50,18,32,23,4,4,26,22,40,94,45,16,16,13,1
0022500779,2026-02-11,BKN,110,47,12,35,25,8,5,17,18,38,85,33,14,26,20,IND,115,42,9,33,29,11,5,12,18,45,92,42,15,14,10,0
0022500777,2026-02-11,ORL,108,30,7,23,31,12,6,9,24,35,82,47,20,21,18,MIL,116,47,8,39,22,4,4,16,14,39,81,36,14,24,24,0
0022500780,2026-02-11,PHI,89,38,12,26,16,9,6,18,18,33,88,32,6,21,17,NYK,138,51,12,39,41,13,6,15,16,48,91,44,20,27,22,0
0022500785,2026-02-11,PHX,109,43,15,28,26,4,5,12,12,43,92,42,15,13,8,OKC,136,37,8,29,28,6,3,8,8,52,89,36,15,19,17,0
0022500781,2026-02-11,TOR,95,35,11,24,22,7,6,17,20,32,75,32,10,23,21,DET,113,47,17,30,24,10,8,16,21,41,89,34,14,25,17,0
0022500786,2026-02-11,UTA,121,52,9,43,34,9,3,18,21,47,86,37,15,13,12,SAC,93,42,15,27,24,10,3,13,15,31,90,33,7,29,24,1
0022500778,2026-02-11,BOS,124,48,13,35,29,9,8,14,15,49,95,45,18,13,8,CHI,105,34,9,25,25,9,5,13,18,41,89,36,12,13,11,1
0022500776,2026-02-11,CLE,138,51,16,35,30,9,8,21,15,45,83,38,16,37,32,WAS,113,40,19,21,26,13,4,15,21,42,104,46,14,18,15,1
0022500784,2026-02-11,NOP,111,46,8,38,27,5,3,13,23,42,92,31,11,19,16,MIA,123,56,18,38,25,8,9,8,15,42,102,47,14,33,25,0
0022500787,2026-02-11,DEN,122,46,9,37,29,2,1,15,19,43,81,22,10,32,26,MEM,116,29,8,21,28,12,5,6,32,42,91,39,15,21,17,1
0022500788,2026-02-11,GSW,113,40,10,30,37,6,1,12,24,42,91,47,16,17,13,SAS,126,44,14,30,35,6,5,10,18,46,93,39,10,28,24,0
0022500782,2026-02-11,HOU,102,45,13,32,25,3,9,21,17,38,82,36,12,18,14,LAC,105,32,7,25,21,13,7,11,15,36,77,28,11,26,22,0
0022500775,2026-02-11,CHA,110,50,15,35,21,10,6,16,23,33,88,51,19,29,25,ATL,107,41,8,33,28,8,6,13,21,37,84,36,10,30,23,1
0022500789,2026-02-12,OKC,93,47,14,33,22,3,6,16,8,31,83,45,15,20,16,MIL,110,49,15,34,25,9,6,11,17,44,95,42,17,7,5,0
0022500790,2026-02-12,UTA,119,38,12,26,28,15,3,19,27,42,87,38,14,29,21,POR,135,52,19,33,26,7,7,21,23,46,90,46,18,33,25,0
0022500791,2026-02-12,LAL,124,44,10,34,35,8,3,13,20,48,86,31,10,21,18,DAL,104,28,4,24,22,7,1,15,18,39,79,26,7,25,19,1
0022500796,2026-02-19,NYK,111,38,11,27,24,9,7,12,22,41,87,35,8,28,21,DET,126,44,11,33,30,9,8,15,20,48,93,30,13,20,17,0
0022500794,2026-02-19,PHI,107,46,12,34,17,9,13,16,27,33,86,33,11,37,30,ATL,117,51,14,37,24,11,5,14,23,38,89,32,10,40,31,0
0022500800,2026-02-19,SAC,94,48,11,37,22,9,3,19,16,35,86,27,8,20,16,ORL,131,41,5,36,28,13,4,10,17,45,90,50,27,17,14,0
0022500798,2026-02-19,SAS,121,50,11,39,30,6,7,12,12,45,87,37,13,20,18,PHX,94,46,19,27,22,7,5,13,16,39,105,42,12,6,4,1
0022500793,2026-02-19,CLE,112,56,8,48,27,7,7,14,13,44,86,35,12,20,12,BKN,84,36,6,30,25,8,4,12,19,30,87,49,14,16,10,1
0022500797,2026-02-19,CHI,101,46,11,35,22,6,5,23,18,36,86,40,12,21,17,TOR,110,46,11,35,23,14,3,14,20,38,90,23,7,31,27,0
0022500799,2026-02-19,GSW,110,40,11,29,30,8,4,9,11,43,96,55,20,8,4,BOS,121,54,13,41,36,7,6,13,6,49,95,40,17,7,6,0
0022500801,2026-02-19,LAC,115,45,7,38,27,9,4,14,23,41,87,33,8,30,25,DEN,114,45,6,39,29,8,2,17,24,39,86,40,13,31,23,1
0022500795,2026-02-19,WAS,112,46,10,36,30,14,5,10,17,43,98,37,11,20,15,IND,105,50,8,42,22,7,4,23,22,34,83,42,15,27,22,1
0022500792,2026-02-19,CHA,101,46,12,34,25,7,2,16,12,36,84,42,14,18,15,HOU,105,39,8,31,19,15,8,11,15,42,85,32,9,13,12,0
0022500806,2026-02-20,MIN,122,54,17,37,28,7,8,19,22,47,99,42,16,19,12,DAL,111,45,15,30,21,12,3,12,18,41,97,25,8,29,21,1
0022500810,2026-02-20,POR,103,36,8,28,25,8,5,18,20,35,86,47,15,29,18,DEN,157,60,13,47,41,12,3,16,22,55,96,41,21,32,26,0
0022500808,2026-02-20,OKC,105,47,13,34,22,11,4,19,19,35,83,35,13,25,22,BKN,86,40,10,30,19,11,7,21,23,29,79,41,7,26,21,1
0022500805,2026-02-20,ATL,97,46,12,34,26,4,3,13,16,36,95,38,16,15,9,MIA,128,58,11,47,31,8,4,9,21,52,100,35,13,14,11,0
0022500807,2026-02-20,NOP,118,37,9,28,22,10,5,14,17,47,87,25,4,28,20,MIL,139,37,8,29,28,9,8,15,17,55,92,36,15,18,14,0
0022500809,2026-02-20,LAL,125,32,5,27,31,8,4,12,24,44,85,31,17,25,20,LAC,122,42,10,32,25,7,5,16,20,45,82,21,8,29,24,1
0022500804,2026-02-20,MEM,123,45,11,34,29,15,6,17,16,45,92,33,12,33,21,UTA,114,49,12,37,28,11,6,24,24,46,93,34,13,16,9,1
0022500803,2026-02-20,WAS,131,48,10,38,36,14,9,18,15,55,95,29,6,19,15,IND,118,40,9,31,32,12,0,21,16,43,90,49,18,21,14,1
0022500802,2026-02-20,CHA,113,45,23,22,26,5,4,14,23,36,92,56,20,22,21,CLE,118,39,11,28,24,10,3,12,21,41,77,21,10,28,26,0
0022500816,2026-02-21,NYK,108,29,8,21,26,11,0,12,19,42,85,26,10,16,14,HOU,106,44,13,31,24,5,6,20,20,38,80,31,12,23,18,1
0022500811,2026-02-21,PHX,113,65,22,43,20,11,4,9,20,40,117,55,16,24,17,ORL,110,53,10,43,24,6,15,16,21,42,98,39,10,19,16,1
0022500815,2026-02-21,SAS,139,48,12,36,32,5,7,18,20,52,94,34,13,28,22,SAC,122,35,10,25,33,11,7,12,20,45,96,32,9,25,23,1
0022500812,2026-02-21,NOP,126,49,10,39,25,5,8,15,25,40,81,34,17,38,29,PHI,111,47,12,35,19,10,5,11,25,36,94,46,12,33,27,1
0022500814,2026-02-21,CHI,110,44,8,36,29,10,13,23,17,38,84,40,17,24,17,DET,126,50,13,37,34,12,6,14,20,51,105,29,13,15,11,0
0022500813,2026-02-21,MIA,136,57,17,40,36,8,5,18,21,49,95,36,13,33,25,MEM,120,35,9,26,31,14,7,13,22,45,95,43,15,22,15,1
0022500824,2026-02-22,MIN,108,39,6,33,22,7,8,21,15,34,71,33,10,36,30,PHI,135,39,10,29,31,14,1,11,22,50,97,37,21,21,14,0
0022500821,2026-02-22,IND,130,39,9,30,37,8,3,16,23,47,94,42,20,20,16,DAL,134,45,10,35,29,9,2,11,13,51,94,28,11,32,21,0
0022500826,2026-02-22,PHX,77,41,13,28,16,14,3,23,16,31,85,35,9,6,6,POR,92,47,13,34,23,10,11,21,11,38,81,37,10,11,6,0
0022500817,2026-02-22,OKC,121,44,13,31,32,12,4,16,19,42,86,41,21,25,16,CLE,113,44,12,32,28,9,3,17,22,43,89,39,13,19,14,1
0022500818,2026-02-22,ATL,115,52,15,37,28,10,4,17,16,42,87,33,13,21,18,BKN,104,34,9,25,29,9,4,13,18,38,85,34,12,22,16,1
0022500825,2026-02-22,CHI,99,50,13,37,24,8,2,17,17,34,86,46,16,21,15,NYK,105,50,10,40,27,9,4,13,17,38,84,42,15,21,14,0
0022500820,2026-02-22,GSW,128,44,9,35,42,14,2,18,24,48,94,52,21,12,11,DEN,117,44,14,30,25,13,3,17,11,42,91,31,8,29,25,1
0022500827,2026-02-22,LAC,109,43,9,34,18,9,9,10,18,40,83,23,5,28,24,ORL,111,43,12,31,25,7,3,12,21,40,83,23,8,31,23,0
0022500823,2026-02-22,LAL,89,39,8,31,18,7,5,8,19,34,87,30,9,18,12,BOS,111,50,9,41,29,6,5,14,19,40,83,36,14,21,17,0
0022500819,2026-02-22,MIL,94,46,13,33,18,4,4,19,16,35,85,32,9,19,15,TOR,122,45,14,31,34,11,3,8,19,44,94,46,16,23,18,0
0022500822,2026-02-22,WAS,112,37,9,28,24,6,5,11,17,41,84,42,18,17,12,CHA,129,53,16,37,27,9,5,12,17,43,87,46,25,25,18,0
0022500830,2026-02-23,HOU,125,53,10,43,34,10,8,27,20,49,86,40,18,11,9,UTA,105,36,13,23,23,17,3,12,10,36,98,44,8,30,25,1
0022500829,2026-02-23,MEM,114,37,9,28,33,13,3,18,18,42,87,34,12,20,18,SAC,123,45,13,32,30,12,7,15,15,47,94,29,10,25,19,0
0022500828,2026-02-23,DET,103,55,20,35,21,7,8,16,19,40,106,36,7,19,16,SAS,114,50,16,34,32,8,11,16,22,42,101,40,18,19,12,0
0022500833,2026-02-24,BKN,114,28,5,23,29,11,2,11,21,41,80,32,13,27,19,DAL,123,44,10,34,26,5,4,16,19,48,82,23,8,24,19,0
0022500831,2026-02-24,IND,114,41,12,29,27,8,4,18,19,41,95,43,13,22,19,PHI,135,44,6,38,29,14,5,13,21,53,92,29,8,25,21,0
0022500839,2026-02-24,PHX,81,34,9,25,18,4,5,8,16,29,79,36,12,13,11,BOS,97,61,22,39,24,4,7,11,13,38,95,47,13,9,8,0
0022500841,2026-02-24,POR,121,44,16,28,27,10,4,16,17,42,89,35,14,30,23,MIN,124,41,13,28,26,14,8,16,25,47,88,35,17,19,13,0
0022500834,2026-02-24,TOR,107,34,7,27,30,10,8,16,22,41,88,38,18,12,7,OKC,116,49,12,37,26,10,5,19,19,45,95,40,16,12,10,0
0022500832,2026-02-24,ATL,119,61,19,42,33,14,2,11,18,42,107,50,12,26,23,WAS,98,41,2,39,23,9,8,20,19,37,84,31,10,17,14,1
0022500835,2026-02-24,CLE,109,45,13,32,23,11,6,11,18,37,87,35,13,30,22,NYK,94,44,11,33,23,7,8,17,22,35,86,37,10,21,14,1
0022500838,2026-02-24,NOP,113,53,21,32,20,12,9,17,19,43,101,40,10,23,17,GSW,109,59,21,38,26,8,6,21,21,40,97,45,11,23,18,1
0022500836,2026-02-24,CHI,99,33,9,24,18,9,1,21,12,35,82,40,16,15,13,CHA,131,46,14,32,31,13,8,17,14,49,95,57,25,9,8,0
0022500840,2026-02-24,LAL,109,39,7,32,24,6,8,12,19,40,83,29,9,28,20,ORL,110,47,12,35,26,7,5,11,20,43,94,29,7,23,17,0
0022500837,2026-02-24,MIL,128,46,10,36,25,10,3,11,20,48,97,39,16,19,16,MIA,117,51,14,37,32,8,5,16,18,40,94,48,16,27,21,1
0022500843,2026-02-25,TOR,107,50,12,38,17,6,4,13,20,38,90,23,8,27,23,SAS,110,40,6,34,28,11,5,13,20,40,86,39,17,23,13,0
0022500847,2026-02-25,DEN,103,54,14,40,28,4,4,9,18,39,93,43,15,18,10,BOS,84,48,9,39,18,4,8,14,20,29,83,43,12,18,14,1
0022500845,2026-02-25,HOU,128,44,9,35,29,6,8,13,14,47,86,39,17,19,17,SAC,97,43,16,27,22,9,2,12,15,37,93,32,7,20,16,1
0022500846,2026-02-25,MIL,118,36,8,28,28,7,2,13,20,48,88,45,19,5,3,CLE,116,44,16,28,28,7,2,11,10,42,87,40,12,27,20,1
0022500844,2026-02-25,MEM,112,34,10,24,30,7,4,16,16,41,84,41,17,18,13,GSW,133,48,14,34,37,12,6,16,21,49,92,46,19,19,16,0
0022500842,2026-02-25,DET,124,52,16,36,29,9,12,17,21,48,89,27,9,26,19,OKC,116,37,12,25,28,7,3,14,20,39,96,49,18,21,20,1
0022500851,2026-02-26,BKN,110,50,15,35,26,5,1,15,19,41,89,34,13,17,15,SAS,126,39,10,29,36,13,5,9,19,43,87,42,17,27,23,0
0022500852,2026-02-26,ORL,108,40,15,25,25,11,4,12,16,40,88,37,15,21,13,HOU,113,41,10,31,24,7,9,13,17,43,82,29,11,20,16,0
0022500848,2026-02-26,IND,109,37,12,25,28,7,3,12,15,41,87,35,11,20,16,CHA,133,46,11,35,35,10,4,17,19,48,86,46,22,19,15,0
0022500849,2026-02-26,PHI,124,49,11,38,26,11,3,14,22,45,94,43,17,18,17,MIA,117,45,10,35,25,8,2,14,14,40,87,40,17,26,20,1
0022500855,2026-02-26,PHX,113,41,15,26,22,9,5,12,23,40,87,50,22,14,11,LAL,110,39,10,29,20,8,2,13,15,38,75,29,11,26,23,1
0022500856,2026-02-26,UTA,118,37,15,22,28,14,6,18,21,45,90,37,12,25,16,NOP,129,40,13,27,37,13,8,18,22,46,88,34,13,27,24,0
0022500850,2026-02-26,ATL,126,56,11,45,30,12,8,14,17,42,91,39,13,37,29,WAS,96,44,11,33,17,7,3,14,22,36,94,33,9,16,15,1
0022500853,2026-02-26,CHI,112,41,6,35,29,8,4,22,24,40,80,30,9,30,23,POR,121,45,15,30,27,10,8,12,19,42,95,46,10,31,27,0
0022500854,2026-02-26,DAL,121,42,8,34,23,4,3,18,16,45,81,23,10,34,21,SAC,130,46,16,30,29,11,4,5,22,51,101,26,8,25,20,0
0022500857,2026-02-26,LAC,88,40,6,34,21,8,2,19,17,30,74,22,5,29,23,MIN,94,41,7,34,23,8,5,13,19,36,83,26,8,19,14,0
0022500862,2026-02-27,OKC,127,56,8,48,29,14,10,12,16,46,99,35,12,27,23,DEN,121,51,11,40,27,10,6,18,22,43,103,48,18,22,17,1
0022500859,2026-02-27,BOS,148,39,7,32,38,9,7,12,17,52,78,34,22,27,22,BKN,111,25,9,16,29,7,2,12,25,43,88,34,14,16,11,1
0022500861,2026-02-27,DAL,105,46,13,33,24,4,4,21,13,37,88,32,9,33,22,MEM,124,43,10,33,29,13,7,11,26,47,93,32,12,21,18,0
0022500860,2026-02-27,MIL,98,34,4,30,24,5,3,16,16,33,77,42,16,22,16,NYK,127,44,7,37,33,7,6,11,20,46,88,42,21,16,14,0
0022500858,2026-02-27,DET,122,56,21,35,26,14,6,16,27,46,100,27,6,33,24,CLE,119,41,11,30,32,10,9,18,24,43,94,35,13,27,20,1
0022500867,2026-02-28,UTA,105,40,13,27,24,10,5,7,20,33,96,43,12,33,27,NOP,115,58,12,46,32,5,11,19,23,39,85,44,15,29,22,0
0022500866,2026-02-28,GSW,101,40,9,31,32,6,4,11,19,41,91,44,12,9,7,LAL,129,47,10,37,29,7,5,10,11,48,90,41,19,20,14,0
0022500864,2026-02-28,MIA,115,47,14,33,22,3,4,14,18,45,90,31,11,20,14,HOU,105,47,15,32,26,6,2,11,18,41,95,36,9,21,14,1
0022500865,2026-02-28,WAS,125,35,12,23,23,3,8,14,20,47,88,34,16,21,15,TOR,134,35,8,27,31,7,3,10,22,51,85,22,9,27,23,0
0022500863,2026-02-28,CHA,109,55,20,35,24,11,0,16,22,38,91,42,16,25,17,POR,93,39,11,28,22,8,7,17,19,35,86,47,11,19,12,1
0022500869,2026-03-01,BKN,102,32,3,29,27,10,4,17,28,38,75,32,11,20,15,CLE,106,38,8,30,25,9,7,17,21,34,70,27,13,37,25,0
0022500868,2026-03-01,NYK,114,54,18,36,27,13,3,14,19,43,97,48,17,19,11,SAS,89,41,10,31,25,7,5,22,21,32,77,34,9,22,16,1
0022500875,2026-03-01,ORL,92,41,9,32,20,8,4,19,17,29,77,36,10,30,24,DET,106,56,14,42,24,14,6,14,21,42,93,30,4,24,18,0
0022500872,2026-03-01,IND,106,31,7,24,29,5,9,19,13,39,80,39,15,19,13,MEM,125,40,13,27,34,12,9,13,16,48,94,35,15,14,14,0
0022500873,2026-03-01,ATL,135,54,13,41,36,10,5,15,25,51,92,40,15,23,18,POR,101,38,9,29,23,5,6,17,15,35,87,37,13,26,18,1
0022500874,2026-03-01,BOS,114,59,19,40,27,4,7,15,19,40,91,49,16,21,18,PHI,98,37,10,27,21,10,4,6,17,35,88,31,12,22,16,1
0022500870,2026-03-01,CHI,120,50,7,43,34,14,8,18,14,43,84,49,18,23,16,MIL,97,45,11,34,26,9,3,19,19,35,95,46,13,17,14,1
0022500876,2026-03-01,DAL,87,49,9,40,20,6,1,17,18,33,85,31,9,16,12,OKC,100,46,7,39,22,9,8,9,17,41,92,39,8,15,10,0
0022500871,2026-03-01,DEN,108,44,11,33,21,2,4,14,14,41,85,22,6,27,20,MIN,117,41,7,34,33,11,5,14,21,46,85,36,14,19,11,0
0022500877,2026-03-01,LAC,137,38,10,28,29,11,3,9,22,48,89,36,17,29,24,NOP,117,41,14,27,22,6,4,17,21,40,89,33,12,30,25,1
0022500878,2026-03-01,LAL,128,37,9,28,34,14,9,10,12,47,94,39,18,22,16,SAC,104,52,16,36,30,4,8,20,16,42,90,26,6,15,14,1
0022500881,2026-03-02,UTA,125,33,8,25,24,11,3,9,28,44,86,39,15,26,22,DEN,128,38,8,30,25,4,2,15,20,40,74,39,16,35,32,0
0022500882,2026-03-02,GSW,101,40,15,25,26,7,2,14,17,36,93,48,17,17,12,LAC,114,52,15,37,18,9,7,14,17,42,85,31,9,23,21,0
0022500880,2026-03-02,MIL,81,41,9,32,18,7,3,16,13,27,74,36,13,19,14,BOS,108,54,19,35,31,7,6,11,16,41,95,50,20,9,6,0
0022500879,2026-03-02,WAS,118,27,7,20,20,15,4,13,24,44,91,35,19,14,11,HOU,123,59,21,38,21,10,5,21,17,45,92,25,9,28,24,0
0022500890,2026-03-03,MIN,117,52,13,39,19,8,2,18,24,40,84,34,10,34,27,MEM,110,33,5,28,27,9,4,17,26,36,79,38,15,29,23,1
0022500885,2026-03-03,ORL,126,38,3,35,33,3,6,9,22,42,76,25,10,37,32,WAS,109,42,13,29,23,4,6,14,24,43,92,32,7,25,16,1
0022500888,2026-03-03,PHI,91,40,9,31,20,8,5,14,16,33,95,42,10,19,15,SAS,131,56,6,50,36,10,10,17,20,49,89,45,18,18,15,0
0022500892,2026-03-03,SAC,103,40,13,27,25,11,2,14,14,41,90,27,7,18,14,PHX,114,53,18,35,31,11,3,19,13,42,92,49,19,17,11,0
0022500887,2026-03-03,TOR,95,28,5,23,24,8,3,15,15,35,77,28,8,19,17,NYK,111,43,6,37,32,10,4,18,17,46,81,29,10,12,9,0
0022500884,2026-03-03,CLE,113,38,11,27,27,7,4,10,20,38,86,46,17,26,20,DET,109,44,10,34,29,9,7,14,23,39,77,24,9,29,22,1
0022500889,2026-03-03,CHI,108,53,10,43,27,3,3,19,22,39,90,49,17,19,13,OKC,116,51,12,39,23,10,3,9,13,43,99,42,10,24,20,0
0022500891,2026-03-03,LAL,110,48,11,37,29,7,12,22,17,39,83,37,11,26,21,NOP,101,41,10,31,29,12,3,19,24,38,90,29,8,19,17,1
0022500886,2026-03-03,MIA,124,46,14,32,28,13,8,12,19,45,91,36,13,24,21,BKN,98,38,10,28,24,6,5,19,19,33,86,32,6,30,26,1
0022500883,2026-03-03,CHA,117,49,13,36,32,11,7,15,31,42,88,51,20,19,13,DAL,90,42,7,35,19,7,4,15,19,28,74,22,3,42,31,1
0022500893,2026-03-04,NYK,100,48,12,36,23,5,3,14,24,37,88,35,10,22,16,OKC,103,38,3,35,21,8,0,16,22,33,73,42,16,25,21,0
0022500895,2026-03-04,PHI,106,43,12,31,24,6,7,15,17,40,88,35,9,21,17,UTA,102,42,13,29,22,7,6,15,24,36,88,39,12,19,18,1
0022500894,2026-03-04,BOS,89,45,9,36,18,1,3,16,14,30,79,36,10,20,19,CHA,118,43,11,32,26,10,4,5,19,41,89,49,19,21,17,0
0022500898,2026-03-04,LAC,130,47,6,41,28,8,7,11,23,49,89,32,12,25,20,IND,107,38,5,33,26,2,3,13,21,36,84,36,10,31,25,1
0022500897,2026-03-04,MIL,113,41,12,29,27,8,2,15,15,43,86,39,13,20,14,ATL,131,40,11,29,33,9,7,11,17,50,92,45,20,16,11,0
0022500896,2026-03-04,MEM,114,38,13,25,25,12,6,17,23,39,87,32,14,33,22,POR,122,53,20,33,29,10,11,17,22,48,95,43,15,18,11,0
0022500903,2026-03-05,MIN,115,41,6,35,24,10,5,13,22,42,81,31,13,23,18,TOR,107,40,11,29,22,6,5,14,19,41,83,21,9,24,16,1
0022500899,2026-03-05,ORL,115,47,14,33,31,10,2,12,21,44,97,39,13,16,14,DAL,114,44,11,33,28,6,9,13,17,39,86,32,14,28,22,1
0022500905,2026-03-05,PHX,103,48,14,34,24,7,3,15,19,36,92,46,13,27,18,CHI,105,46,9,37,23,8,3,13,22,41,86,28,7,25,16,0
0022500907,2026-03-05,SAC,123,42,10,32,29,5,3,7,19,50,99,31,8,23,15,NOP,133,52,14,38,27,7,11,12,18,49,98,34,12,27,23,0
0022500904,2026-03-05,SAS,121,46,8,38,24,5,11,9,20,42,84,37,13,30,24,DET,106,44,14,30,20,4,4,10,23,35,87,28,12,30,24,1
0022500906,2026-03-05,DEN,120,41,7,34,27,3,1,18,16,39,75,31,14,31,28,LAL,113,32,6,26,30,12,1,10,21,45,87,31,13,15,10,1
0022500902,2026-03-05,HOU,113,49,17,32,26,11,2,18,17,44,96,34,14,15,11,GSW,115,47,18,29,29,10,5,19,23,45,94,38,14,15,11,0
0022500901,2026-03-05,MIA,126,45,12,33,29,13,8,14,20,48,91,27,9,24,21,BKN,110,49,21,28,30,9,2,20,19,41,95,41,16,18,12,1
0022500900,2026-03-05,WAS,112,43,15,28,22,8,1,19,20,36,77,42,18,32,22,UTA,122,45,17,28,31,12,4,12,22,47,92,35,15,18,13,0
0022500912,2026-03-06,PHX,118,41,15,26,27,9,6,15,23,40,90,58,20,26,18,NOP,116,42,16,26,18,8,3,15,24,37,83,28,10,37,32,1
0022500913,2026-03-06,SAS,116,52,15,37,29,6,7,13,17,46,95,41,17,14,7,LAC,112,41,7,34,22,12,3,10,15,42,86,33,12,20,16,1
0022500908,2026-03-06,BOS,120,58,14,44,29,6,10,10,10,47,99,48,16,15,10,DAL,100,45,8,37,23,2,5,10,16,38,93,35,14,12,10,1
0022500911,2026-03-06,DEN,103,31,8,23,30,6,1,15,19,37,83,40,8,30,21,NYK,142,50,14,36,44,11,4,11,24,55,95,34,16,21,16,0
0022500910,2026-03-06,HOU,106,44,8,36,23,9,9,22,25,41,76,19,5,26,19,POR,99,43,16,27,20,17,2,16,20,33,83,39,12,37,21,1
0022500914,2026-03-06,LAL,128,43,6,37,25,5,2,13,22,45,85,37,17,23,21,IND,117,40,12,28,33,10,4,7,19,46,98,35,8,24,17,1
0022500909,2026-03-06,CHA,120,48,12,36,24,5,9,13,18,41,96,52,19,20,19,MIA,128,44,11,33,31,7,5,6,14,45,97,38,18,25,20,0
0022500915,2026-03-07,MIN,92,37,8,29,17,10,5,12,21,30,84,40,9,31,23,ORL,119,58,15,43,28,8,4,15,24,42,91,34,9,31,26,0
0022500920,2026-03-07,OKC,104,42,7,35,24,7,1,14,18,33,78,42,15,24,23,GSW,97,47,15,32,28,8,3,13,18,36,88,45,14,18,11,1
0022500917,2026-03-07,ATL,125,39,12,27,32,11,2,21,18,46,83,32,13,25,20,PHI,116,36,10,26,27,10,4,21,20,47,86,26,10,18,12,1
0022500919,2026-03-07,MIL,113,48,7,41,33,7,5,11,20,41,85,44,15,28,16,UTA,99,53,13,40,23,7,3,12,19,31,90,49,12,29,25,1
0022500918,2026-03-07,MEM,120,34,11,23,29,8,6,15,29,42,87,43,16,24,20,LAC,123,44,16,28,15,10,2,16,20,41,82,17,4,45,37,0
0022500916,2026-03-07,DET,105,37,11,26,21,14,6,14,22,36,85,26,10,31,23,BKN,107,45,12,33,20,7,10,20,24,35,80,30,10,28,27,0
0022500928,2026-03-08,PHX,111,40,10,30,24,5,5,8,17,36,79,41,16,26,23,CHA,99,41,13,28,24,1,6,13,21,37,88,45,15,15,10,1
0022500929,2026-03-08,POR,131,53,13,40,29,5,8,14,19,47,93,41,15,27,22,IND,111,38,12,26,27,9,6,12,22,41,95,42,14,24,15,1
0022500930,2026-03-08,SAC,126,55,13,42,33,5,6,4,21,47,105,29,11,23,21,CHI,110,49,9,40,27,2,6,14,19,35,84,45,17,34,23,1
0022500927,2026-03-08,SAS,145,32,6,26,38,4,6,8,26,51,88,40,21,27,22,HOU,120,37,8,29,25,5,5,12,23,42,87,28,8,32,28,1
0022500924,2026-03-08,TOR,122,42,8,34,39,11,4,8,19,48,95,36,10,22,16,DAL,92,47,13,34,22,5,7,19,20,35,88,30,5,20,17,1
0022500921,2026-03-08,CLE,98,42,10,32,23,4,6,9,19,35,86,45,13,21,15,BOS,109,49,10,39,25,2,0,12,20,37,84,38,15,22,20,0
0022500925,2026-03-08,NOP,138,44,12,32,25,11,6,8,20,47,89,23,7,47,37,WAS,118,41,13,28,27,2,3,17,31,41,91,42,14,27,22,1
0022500922,2026-03-08,LAL,110,42,12,30,20,10,5,14,20,35,81,44,15,30,25,NYK,97,47,10,37,23,7,2,19,23,35,82,34,8,21,19,1
0022500923,2026-03-08,MIA,121,49,13,36,31,9,5,12,23,43,93,33,12,25,23,DET,110,39,13,26,26,5,12,12,23,40,90,37,11,24,19,1
0022500926,2026-03-08,MIL,91,36,9,27,22,10,3,17,23,36,84,44,13,13,6,ORL,130,49,10,39,31,11,2,15,19,45,80,33,14,35,26,0
0022500932,2026-03-09,BKN,126,43,10,33,35,10,9,20,21,47,85,33,17,19,15,MEM,115,36,13,23,25,9,8,15,15,40,92,35,14,25,21,1
0022500933,2026-03-09,OKC,129,37,3,34,27,3,9,3,20,47,93,47,19,21,16,DEN,126,56,16,40,29,3,3,8,20,45,98,37,15,29,21,1
0022500934,2026-03-09,UTA,119,50,13,37,29,8,4,17,17,40,83,34,12,29,27,GSW,116,46,19,27,33,11,2,10,20,43,99,52,16,21,14,1
0022500931,2026-03-09,CLE,115,41,9,32,28,4,8,10,16,38,84,44,16,25,23,PHI,101,42,11,31,20,7,4,17,21,39,85,38,11,18,12,1
0022500935,2026-03-09,LAC,126,36,9,27,25,12,4,8,19,43,93,39,18,26,22,NYK,118,51,14,37,32,5,1,20,23,46,90,40,14,16,12,1
0022500937,2026-03-10,BKN,100,31,7,24,23,3,3,19,29,29,69,38,13,34,29,DET,138,40,10,30,36,12,3,9,24,48,85,31,16,34,26,0
0022500936,2026-03-10,PHI,139,40,12,28,27,13,5,11,25,45,86,31,11,46,38,MEM,129,44,19,25,26,5,3,20,31,48,97,43,17,21,16,1
0022500944,2026-03-10,POR,101,42,10,32,23,6,8,18,24,35,83,42,16,18,15,CHA,103,52,16,36,21,12,4,17,20,34,88,38,14,25,21,0
0022500945,2026-03-10,SAC,114,52,8,44,22,10,7,11,18,41,90,20,7,30,25,IND,109,48,8,40,29,7,2,15,23,38,93,43,13,22,20,1
0022500942,2026-03-10,SAS,125,44,9,35,27,3,2,12,19,44,85,47,20,25,17,BOS,116,37,5,32,27,6,4,8,18,42,89,51,19,17,13,1
0022500939,2026-03-10,ATL,124,45,13,32,29,8,8,10,18,49,95,36,14,18,12,DAL,112,43,12,31,28,6,0,14,16,41,86,32,13,22,17,1
0022500943,2026-03-10,GSW,124,49,12,37,30,9,12,12,18,44,105,54,20,18,16,CHI,130,64,20,44,34,6,6,14,18,50,112,47,15,18,15,0
0022500940,2026-03-10,HOU,113,52,15,37,21,8,4,18,19,41,82,24,10,27,21,TOR,99,30,7,23,21,10,4,13,23,34,78,36,9,28,22,1
0022500946,2026-03-10,LAL,120,47,14,33,31,7,2,7,20,45,93,38,11,26,19,MIN,106,43,8,35,22,4,5,11,24,37,80,40,10,28,22,1
0022500938,2026-03-10,MIA,150,48,15,33,31,16,5,17,22,45,90,43,13,59,47,WAS,129,35,4,31,25,6,3,24,34,46,89,36,15,29,22,1
0022500941,2026-03-10,MIL,114,39,8,31,26,6,1,17,13,42,82,38,16,20,14,PHX,129,39,8,31,33,9,0,12,19,48,89,51,24,11,9,0
0022500947,2026-03-11,ORL,128,42,8,34,29,6,4,6,23,44,85,35,12,37,28,CLE,122,42,12,30,24,3,5,10,22,44,89,44,17,26,17,1
0022500951,2026-03-11,SAC,109,35,8,27,24,6,6,14,18,45,83,25,8,14,11,CHA,117,41,13,28,29,8,1,16,12,41,90,40,19,17,16,0
0022500949,2026-03-11,UTA,117,38,14,24,30,7,4,15,20,42,87,36,18,19,15,NYK,134,45,15,30,37,10,3,12,16,48,92,40,17,22,21,0
0022500948,2026-03-11,NOP,122,49,10,39,27,10,5,16,16,45,88,29,14,24,18,TOR,111,43,14,29,20,13,5,11,17,39,94,44,14,25,19,1
0022500950,2026-03-11,DEN,129,42,8,34,36,12,4,10,15,48,87,32,17,22,16,HOU,93,44,16,28,25,7,6,16,18,42,97,33,4,14,5,1
0022500952,2026-03-11,LAC,153,29,7,22,36,16,4,10,24,52,82,37,19,36,30,MIN,128,28,7,21,32,5,1,21,24,46,77,25,11,29,25,1
0022500955,2026-03-12,ORL,136,52,11,41,30,12,5,13,22,47,100,34,15,34,27,WAS,131,49,14,35,26,7,10,15,27,48,105,46,14,24,21,1
0022500954,2026-03-12,IND,108,36,12,24,24,7,4,16,19,37,82,40,12,25,22,PHX,123,40,12,28,21,9,7,14,21,46,88,32,13,22,18,0
0022500958,2026-03-12,SAS,131,49,12,37,34,8,4,10,25,43,95,47,19,32,26,DEN,136,47,7,40,27,8,4,10,20,44,88,36,12,38,36,0
0022500959,2026-03-12,OKC,104,39,11,28,22,7,4,12,18,40,84,44,11,17,13,BOS,102,44,12,32,20,8,4,13,18,35,87,42,13,20,19,1
0022500956,2026-03-12,ATL,108,51,17,34,22,12,6,12,14,35,89,40,12,35,26,BKN,97,39,4,35,19,5,6,20,29,34,72,35,12,22,17,1
0022500960,2026-03-12,LAL,142,41,14,27,31,9,4,10,15,55,99,36,17,21,15,CHI,130,41,12,29,34,7,3,16,18,51,95,36,15,16,13,1
0022500957,2026-03-12,MIA,112,53,15,38,26,4,2,12,14,38,92,41,14,27,22,MIL,105,36,3,33,26,10,2,14,30,41,83,26,9,19,14,1
0022501111,2026-03-12,MEM,112,38,14,24,26,10,5,10,18,41,98,48,14,22,16,DAL,120,60,21,39,25,8,9,20,17,45,93,32,11,24,19,0
0022500953,2026-03-12,DET,131,40,10,30,37,10,7,17,20,48,89,35,14,22,21,PHI,109,35,11,24,20,10,8,16,17,42,90,35,8,24,17,1
0022500962,2026-03-13,IND,92,46,7,39,21,6,3,11,21,35,89,38,10,15,12,NYK,101,53,11,42,20,4,4,12,22,37,88,28,8,25,19,0
0022500967,2026-03-13,POR,124,49,14,35,34,16,12,24,19,46,89,46,17,16,15,UTA,114,36,10,26,28,16,3,18,17,42,92,30,13,22,17,1
0022500963,2026-03-13,TOR,122,44,8,36,25,6,3,12,27,46,86,27,14,20,16,PHX,115,34,6,28,20,5,6,12,21,38,80,42,18,30,21,1
0022500965,2026-03-13,DAL,105,40,12,28,27,4,3,19,14,38,87,33,9,24,20,CLE,138,45,9,36,32,12,4,14,22,56,91,38,18,13,8,0
0022500966,2026-03-13,GSW,117,38,14,24,23,8,1,9,20,39,97,48,15,25,24,MIN,127,45,11,34,25,6,5,17,19,46,82,30,12,26,23,0
0022500964,2026-03-13,HOU,107,52,18,34,25,8,8,12,21,40,94,41,14,17,13,NOP,105,48,15,33,19,7,6,13,19,37,84,32,13,26,18,1
0022500968,2026-03-13,LAC,119,46,10,36,28,8,12,6,13,46,96,32,9,24,18,CHI,108,48,12,36,23,5,7,15,19,42,95,41,12,13,12,1
0022500961,2026-03-13,DET,126,52,19,33,36,12,6,19,19,50,92,35,12,18,14,MEM,110,33,13,20,20,11,2,17,20,38,89,41,15,24,19,1
0022500969,2026-03-14,PHI,104,47,8,39,22,12,10,14,16,38,82,25,3,31,25,BKN,97,42,12,30,20,10,5,17,22,32,89,43,15,21,18,1
0022500973,2026-03-14,SAS,115,54,15,39,29,7,6,13,20,43,92,33,11,21,18,CHA,102,39,11,28,18,7,10,12,21,35,93,54,18,17,14,1
0022500970,2026-03-14,ATL,122,47,15,32,29,10,1,13,19,47,95,38,14,18,14,MIL,99,37,5,32,24,5,4,23,18,37,76,37,12,18,13,1
0022500971,2026-03-14,BOS,111,55,19,36,29,8,4,15,20,41,93,46,12,19,17,WAS,100,38,9,29,28,9,4,15,18,37,84,39,15,17,11,1
0022500975,2026-03-14,LAC,109,35,9,26,19,13,8,13,13,39,84,27,9,29,22,SAC,118,48,9,39,29,9,4,21,25,48,82,27,12,16,10,0
0022500974,2026-03-14,LAL,127,46,7,39,31,10,6,17,20,48,93,42,14,26,17,DEN,125,41,7,34,33,13,5,16,22,44,95,49,19,22,18,1
0022500972,2026-03-14,MIA,117,32,7,25,25,13,5,11,21,41,88,38,12,28,23,ORL,121,49,11,38,26,6,2,20,23,44,89,32,10,25,23,0
0022500981,2026-03-15,NYK,110,44,16,28,23,9,6,15,15,39,84,32,10,23,22,GSW,107,35,11,24,27,9,6,18,20,40,82,38,14,15,13,1
0022500980,2026-03-15,PHI,109,51,14,37,17,13,4,14,19,44,97,25,7,15,14,POR,103,49,15,34,26,6,9,19,14,36,92,53,17,21,14,1
0022500982,2026-03-15,SAC,116,50,12,38,28,9,3,18,19,41,85,36,11,28,23,UTA,111,40,10,30,22,12,5,15,16,41,86,36,12,25,17,1
0022500976,2026-03-15,OKC,116,44,15,29,28,16,6,7,16,42,101,40,15,19,17,MIN,103,46,8,38,18,5,5,25,19,36,77,33,15,22,16,1
0022500978,2026-03-15,TOR,119,48,20,28,25,9,5,13,20,44,91,28,8,30,23,DET,108,39,13,26,23,6,5,13,26,41,85,26,10,24,16,1
0022500977,2026-03-15,CLE,120,38,10,28,32,5,5,16,21,45,88,41,16,21,14,DAL,130,44,9,35,35,13,5,13,21,46,87,30,15,27,23,0
0022500979,2026-03-15,MIL,134,40,13,27,31,10,2,9,17,49,90,44,23,19,13,IND,123,40,10,30,34,5,6,19,15,42,81,42,21,23,18,1
0022500985,2026-03-16,BKN,95,44,17,27,19,11,7,17,24,33,86,34,9,29,20,POR,114,44,11,33,30,7,3,19,25,41,80,26,11,29,21,0
0022500983,2026-03-16,ATL,124,54,15,39,33,5,3,14,20,43,93,40,16,29,22,ORL,112,40,8,32,20,9,3,11,19,40,95,43,14,23,18,1
0022500986,2026-03-16,BOS,120,38,7,31,31,7,3,14,21,39,80,40,17,27,25,PHX,112,35,8,27,26,7,6,10,20,37,83,40,13,29,25,1
0022500988,2026-03-16,NOP,129,57,12,45,31,7,12,14,16,48,95,35,11,34,22,DAL,111,51,13,38,27,10,3,12,22,44,104,39,14,14,9,1
0022500987,2026-03-16,CHI,132,47,13,34,30,9,6,17,16,48,93,48,18,21,18,MEM,107,37,10,27,30,10,5,18,18,39,86,39,14,19,15,1
0022500989,2026-03-16,HOU,92,44,15,29,21,9,3,24,18,38,79,26,5,15,11,LAL,100,32,12,20,17,14,2,12,18,37,84,34,8,22,18,0
0022500990,2026-03-16,LAC,115,37,12,25,25,11,5,14,23,43,89,29,11,24,18,SAS,119,52,22,30,25,5,7,15,23,43,93,36,10,29,23,0
0022500984,2026-03-16,WAS,117,36,9,27,24,7,2,21,25,40,78,34,13,29,24,GSW,125,41,14,27,32,13,4,17,21,46,91,32,9,28,24,0
0022500996,2026-03-17,MIN,116,49,15,34,28,8,11,18,20,43,84,28,9,29,21,PHX,104,40,17,23,25,13,2,14,23,37,97,37,13,23,17,1
0022500994,2026-03-17,NYK,136,49,19,30,38,13,3,9,12,54,100,41,18,13,10,IND,110,36,8,28,31,7,7,18,15,44,85,38,17,7,5,1
0022500992,2026-03-17,ORL,108,41,10,31,21,8,2,12,19,37,93,50,17,20,17,OKC,113,53,11,42,19,8,3,12,16,40,90,29,9,27,24,0
0022500998,2026-03-17,SAC,104,41,6,35,32,4,2,8,14,41,93,36,14,13,8,SAS,132,50,5,45,41,5,5,6,11,48,93,49,25,13,11,0
0022500997,2026-03-17,DEN,124,53,9,44,35,5,2,14,16,43,86,33,16,31,22,PHI,96,42,9,33,30,6,10,13,26,37,94,41,9,15,13,1
0022500995,2026-03-17,MIL,116,39,7,32,24,3,6,8,22,42,88,45,20,17,12,CLE,123,46,10,36,27,3,4,7,20,42,86,36,12,34,27,0
0022500993,2026-03-17,WAS,117,35,7,28,20,7,5,14,23,43,87,37,16,19,15,DET,130,50,16,34,31,8,4,13,23,46,90,27,11,32,27,0
0022500991,2026-03-17,CHA,136,48,10,38,32,11,3,14,25,51,96,42,17,21,17,MIA,106,43,12,31,26,4,3,15,22,36,89,36,7,34,27,1
0022501004,2026-03-18,MIN,147,46,12,34,39,15,5,17,23,52,96,39,18,30,25,UTA,111,46,17,29,26,10,5,24,23,40,93,39,13,26,18,1
0022501000,2026-03-18,BKN,92,41,11,30,17,8,4,23,21,29,79,35,11,31,23,OKC,121,45,9,36,26,16,5,19,20,45,85,35,14,22,17,0
0022501001,2026-03-18,IND,119,39,10,29,32,9,7,12,24,46,91,27,12,17,15,POR,127,52,22,30,32,5,7,13,16,45,101,46,16,26,21,0
0022500999,2026-03-18,BOS,120,49,15,34,22,12,1,16,20,44,92,39,14,19,18,GSW,99,39,14,25,26,12,3,14,17,36,90,43,10,24,17,1
0022501005,2026-03-18,NOP,124,40,13,27,32,12,6,19,14,44,83,37,16,21,20,LAC,109,36,14,22,24,10,2,16,17,45,88,31,9,13,10,1
0022501002,2026-03-18,CHI,109,36,9,27,24,13,2,19,24,40,85,31,9,28,20,TOR,139,43,6,37,33,6,3,18,23,48,84,33,14,33,29,0
0022501006,2026-03-18,DAL,120,43,11,32,26,8,6,19,12,42,86,28,11,29,25,ATL,135,42,12,30,36,10,3,11,21,55,102,35,14,14,11,0
0022501007,2026-03-18,HOU,116,38,12,26,26,10,1,12,21,45,91,32,11,17,15,LAL,124,34,5,29,30,6,8,14,20,46,76,32,15,27,17,0
0022500651,2026-03-18,MEM,125,48,12,36,22,12,9,10,17,42,98,49,16,32,25,DEN,118,46,7,39,34,6,5,19,24,44,90,36,13,22,17,1
0022501015,2026-03-19,SAC,118,41,14,27,26,3,6,14,18,43,89,32,12,29,20,PHI,139,49,17,32,32,8,7,9,22,51,102,36,17,24,20,0
0022501013,2026-03-19,SAS,101,42,9,33,23,6,5,14,19,35,83,34,10,23,21,PHX,100,47,10,37,27,9,3,11,21,38,91,36,11,17,13,1
0022501014,2026-03-19,UTA,128,47,12,35,34,10,2,17,18,48,89,48,18,20,14,MIL,96,35,8,27,20,9,2,20,18,32,78,44,15,23,17,1
0022501012,2026-03-19,NOP,105,40,8,32,21,11,2,16,19,37,78,34,13,22,18,LAC,99,39,9,30,20,11,2,16,21,35,76,32,10,32,19,1
0022501011,2026-03-19,CHI,110,47,12,35,27,11,7,16,24,42,94,44,15,17,11,CLE,115,54,16,38,26,11,5,16,17,40,91,41,14,31,21,0
0022501010,2026-03-19,MIA,126,41,12,29,31,4,2,11,26,48,94,38,12,22,18,LAL,134,47,13,34,23,8,3,13,20,43,81,32,14,45,34,0
0022501009,2026-03-19,WAS,95,35,6,29,20,3,10,19,21,36,82,38,15,12,8,DET,117,56,17,39,32,11,8,10,14,44,97,30,9,26,20,0
0022501008,2026-03-19,CHA,130,41,10,31,28,9,2,22,24,42,80,46,22,27,24,ORL,111,31,12,19,24,11,4,14,23,39,93,42,14,21,19,1
0022501020,2026-03-20,MIN,104,43,14,29,21,11,5,13,19,36,91,28,9,29,23,POR,108,51,18,33,25,8,6,17,22,39,92,37,9,24,21,0
0022501016,2026-03-20,BKN,92,40,8,32,28,8,6,15,28,34,86,38,14,10,10,NYK,93,52,13,39,22,10,5,22,15,31,76,29,8,32,23,0
0022501021,2026-03-20,DEN,121,38,9,29,26,5,2,10,20,44,81,30,14,25,19,TOR,115,40,11,29,32,8,4,10,24,44,86,31,10,23,17,1
0022501018,2026-03-20,HOU,117,51,12,39,33,11,5,20,13,42,83,30,14,28,19,ATL,95,37,9,28,22,13,9,18,21,36,85,35,9,17,14,1
0022501019,2026-03-20,MEM,112,35,7,28,24,7,3,9,23,42,90,43,14,17,14,BOS,117,57,18,39,19,4,2,13,20,40,89,42,11,30,26,0
0022501017,2026-03-20,DET,115,35,9,26,29,16,4,15,20,45,86,21,5,29,20,GSW,101,38,10,28,23,6,6,26,17,35,76,33,12,26,19,1
0022501024,2026-03-21,ORL,104,42,12,30,27,9,2,18,27,36,83,37,11,23,21,LAL,105,43,14,29,19,11,6,12,20,39,87,32,8,29,19,0
0022501031,2026-03-21,PHX,105,38,12,26,27,7,4,10,21,40,89,39,15,18,10,MIL,108,42,8,34,20,6,4,17,17,39,78,39,16,21,14,0
0022501028,2026-03-21,SAS,134,49,13,36,33,5,6,12,19,53,97,34,13,17,15,IND,119,26,4,22,38,5,2,10,14,44,85,35,16,19,15,1
0022501030,2026-03-21,UTA,116,39,11,28,29,8,8,8,25,39,96,40,9,31,29,PHI,126,56,16,40,27,4,8,16,26,46,92,27,6,32,28,0
0022501026,2026-03-21,ATL,126,41,9,32,28,10,4,18,17,48,89,40,13,20,17,GSW,110,29,8,21,23,9,2,21,21,41,82,42,15,17,13,1
0022501025,2026-03-21,NOP,106,40,10,30,30,10,7,9,19,39,90,40,12,20,16,CLE,111,55,14,41,26,6,4,14,17,42,88,39,12,22,15,0
0022501029,2026-03-21,DAL,131,47,17,30,25,5,6,11,16,48,102,34,13,29,22,LAC,138,40,6,34,33,8,10,12,22,51,90,42,21,18,15,0
0022501027,2026-03-21,HOU,123,44,13,31,33,5,3,13,16,45,86,35,16,21,17,MIA,122,41,11,30,31,6,1,9,19,47,92,41,16,16,12,1
0022501022,2026-03-21,WAS,111,34,9,25,28,8,3,15,26,41,91,39,16,18,13,OKC,132,55,17,38,31,6,6,13,16,50,93,30,11,30,21,0
0022501023,2026-03-21,CHA,124,49,13,36,25,7,4,18,17,45,85,43,18,24,16,MEM,101,34,9,25,20,10,1,13,20,35,86,46,16,19,15,1
0022501034,2026-03-22,NYK,145,48,13,35,32,6,2,14,12,55,94,32,17,19,18,WAS,113,28,8,20,25,12,4,15,20,43,89,47,18,13,9,1
0022501036,2026-03-22,PHX,120,43,14,29,24,12,6,19,20,46,89,40,18,10,10,TOR,98,30,7,23,28,9,9,20,18,37,75,28,9,22,15,1
0022501033,2026-03-22,SAC,126,51,17,34,30,4,5,17,18,43,82,27,14,34,26,BKN,122,25,7,18,30,7,4,7,26,46,88,33,14,20,16,1
0022501035,2026-03-22,BOS,92,53,13,40,17,9,2,11,13,34,95,33,9,18,15,MIN,102,56,12,44,24,7,7,14,16,39,91,33,12,15,12,0
0022501032,2026-03-22,DEN,128,42,5,37,37,6,3,11,19,49,90,46,18,13,12,POR,112,45,14,31,31,5,0,11,16,42,97,50,16,16,12,1
0022501039,2026-03-23,ORL,126,36,9,27,29,5,1,11,18,48,94,34,12,24,18,IND,128,35,6,29,32,5,4,9,21,45,82,35,16,24,22,0
0022501040,2026-03-23,PHI,103,44,12,32,29,10,3,18,12,41,94,46,17,9,4,OKC,123,48,11,37,33,6,10,15,15,48,90,41,18,10,9,0
0022501045,2026-03-23,POR,134,45,8,37,28,10,8,24,24,44,80,38,18,40,28,BKN,99,32,6,26,22,11,3,22,33,33,80,29,8,29,25,1
0022501043,2026-03-23,UTA,127,39,9,30,25,9,6,18,19,39,83,36,13,43,36,TOR,143,35,6,29,49,12,10,17,30,54,88,37,20,28,15,0
0022501037,2026-03-23,ATL,146,44,12,32,37,12,6,11,19,49,92,54,25,25,23,MEM,107,34,6,28,20,9,4,23,20,35,83,43,14,26,23,1
0022501042,2026-03-23,CHI,132,45,7,38,30,8,4,16,21,45,90,38,19,28,23,HOU,124,41,8,33,27,8,7,17,18,49,92,41,11,24,15,1
0022501044,2026-03-23,DAL,131,26,5,21,37,13,3,23,23,51,87,36,16,20,13,GSW,137,49,17,32,39,16,4,24,25,51,101,47,17,24,18,0
0022501046,2026-03-23,LAC,129,34,4,30,30,13,6,12,18,47,81,38,17,18,18,MIL,96,38,11,27,29,6,2,23,17,37,84,41,16,9,6,1
0022501041,2026-03-23,MIA,111,38,7,31,29,11,8,12,19,38,95,52,16,20,19,SAS,136,62,17,45,33,7,9,15,18,48,101,43,15,28,25,0
0022501038,2026-03-23,DET,113,37,11,26,31,6,4,11,23,40,88,26,11,24,22,LAL,110,39,9,30,27,6,6,13,18,38,79,29,8,31,26,1
0022501048,2026-03-24,NYK,121,41,9,32,29,5,4,11,18,44,85,33,13,22,20,NOP,116,34,6,28,33,5,3,7,19,45,88,34,15,13,11,1
0022501050,2026-03-24,PHX,123,41,10,31,24,6,5,3,20,39,89,47,17,37,28,DEN,125,50,14,36,35,2,2,10,27,45,88,32,13,30,22,0
0022501049,2026-03-24,CLE,136,33,6,27,24,7,4,8,22,49,81,30,12,29,26,ORL,131,39,13,26,27,6,2,10,23,41,84,39,14,38,35,1
0022501047,2026-03-24,CHA,134,57,12,45,32,7,5,15,16,48,94,55,26,16,12,SAC,90,35,10,25,27,4,3,12,15,37,91,28,9,11,7,1
0022501058,2026-03-25,MIN,110,49,16,33,27,11,12,17,23,45,108,37,13,10,7,HOU,108,54,17,37,26,6,10,21,15,38,93,29,9,25,23,1
0022501052,2026-03-25,IND,130,34,5,29,35,7,2,18,25,48,86,39,16,23,18,LAL,137,39,7,32,30,15,4,14,22,50,89,23,9,34,28,0
0022501053,2026-03-25,PHI,157,45,9,36,34,9,10,8,24,57,103,47,22,28,21,CHI,137,48,10,38,30,3,3,14,21,48,98,47,15,31,26,1
0022501061,2026-03-25,POR,130,54,15,39,30,11,11,21,13,42,80,41,19,33,27,MIL,99,34,13,21,22,12,3,17,25,36,89,45,14,20,13,1
0022501057,2026-03-25,UTA,110,40,11,29,34,11,8,15,17,45,96,29,7,25,13,WAS,133,56,13,43,27,12,4,19,26,52,94,32,13,24,16,0
0022501054,2026-03-25,BOS,119,43,7,36,25,5,4,13,21,38,81,41,18,29,25,OKC,109,35,4,31,17,7,3,7,22,38,80,37,12,26,21,1
0022501055,2026-03-25,CLE,103,40,8,32,26,4,1,14,21,35,81,37,12,24,21,MIA,120,40,5,35,31,11,3,14,17,42,81,45,18,22,18,0
0022501059,2026-03-25,DEN,142,45,5,40,36,1,1,9,27,50,89,38,19,29,23,DAL,135,42,10,32,31,3,3,4,22,48,97,35,12,34,27,1
0022501060,2026-03-25,GSW,109,43,8,35,21,11,3,26,22,36,68,27,9,36,28,BKN,106,27,5,22,24,17,2,17,30,39,81,33,12,21,16,1
0022501062,2026-03-25,LAC,119,49,10,39,24,7,12,11,14,42,82,35,16,24,19,TOR,94,46,15,31,28,8,4,11,20,40,96,29,10,11,4,1
0022501056,2026-03-25,MEM,98,33,3,30,26,8,3,12,18,34,86,50,16,20,14,SAS,123,59,13,46,36,7,9,15,17,46,89,46,16,22,15,0
0022501051,2026-03-25,DET,129,43,14,29,33,12,5,14,20,52,102,33,9,19,16,ATL,130,50,18,32,31,8,1,20,19,50,105,52,18,17,12,0
0022501065,2026-03-26,ORL,121,36,7,29,22,2,2,12,14,40,74,27,13,32,28,SAC,117,35,9,26,30,7,3,11,24,45,88,33,14,16,13,1
0022501064,2026-03-26,DET,129,45,8,37,34,9,6,19,18,48,85,28,15,23,18,NOP,108,42,16,26,26,12,7,15,20,44,95,25,9,24,11,1
0022501063,2026-03-26,CHA,114,43,12,31,28,5,4,18,19,41,78,41,16,20,16,NYK,103,24,5,19,26,8,2,10,21,42,82,29,11,9,8,1
0022501066,2026-03-27,IND,113,45,10,35,34,6,4,20,24,43,87,36,16,15,11,LAC,114,46,16,30,20,12,4,12,19,41,96,34,13,27,19,0
0022501074,2026-03-27,POR,93,48,14,34,16,8,7,25,23,31,79,30,8,33,23,DAL,100,37,7,30,24,12,5,17,22,36,81,24,7,30,21,0
0022501070,2026-03-27,OKC,131,58,15,43,29,9,9,10,19,47,101,45,14,31,23,CHI,113,47,10,37,25,4,5,12,21,41,98,47,15,21,16,1
0022501071,2026-03-27,TOR,119,46,13,33,36,8,8,14,24,48,93,28,10,18,13,NOP,106,43,15,28,21,7,8,14,18,39,93,28,7,25,21,1
0022501067,2026-03-27,BOS,109,52,13,39,26,0,4,16,20,38,81,35,14,23,19,ATL,102,35,10,25,23,6,4,4,21,34,87,42,15,24,19,1
0022501068,2026-03-27,CLE,149,46,7,39,38,9,1,10,26,52,97,41,19,31,26,MIA,128,45,11,34,25,5,4,13,22,40,91,46,15,38,33,1
0022501072,2026-03-27,DEN,135,50,15,35,34,5,4,15,17,45,95,48,19,32,26,UTA,129,43,9,34,34,10,4,10,24,53,95,33,9,19,14,1
0022501073,2026-03-27,GSW,131,43,9,34,32,5,3,12,14,44,85,44,19,31,24,WAS,126,38,5,33,29,5,3,11,23,50,95,42,18,10,8,1
0022501075,2026-03-27,LAL,116,48,6,42,18,9,9,15,16,38,70,25,11,42,29,BKN,99,39,12,27,24,11,2,14,28,40,96,39,10,15,9,1
0022501069,2026-03-27,MEM,109,39,14,25,28,11,3,11,20,40,91,37,13,18,16,HOU,119,57,21,36,30,9,7,14,14,44,93,33,12,26,19,0
0022501080,2026-03-28,MIN,87,38,13,25,18,8,4,15,13,27,85,43,9,33,24,DET,109,52,10,42,28,11,9,20,24,43,82,26,10,17,13,0
0022501081,2026-03-28,PHX,134,60,21,39,29,8,6,13,17,52,104,53,17,21,13,UTA,109,42,11,31,30,8,4,14,18,43,92,23,10,19,13,1
0022501078,2026-03-28,ATL,123,40,13,27,34,10,3,13,12,45,89,41,16,22,17,SAC,113,42,16,26,27,7,1,15,18,45,93,32,12,13,11,1
0022501076,2026-03-28,MIL,95,37,9,28,22,9,5,19,18,38,87,46,14,6,5,SAS,127,41,9,32,35,13,2,11,6,49,89,35,14,20,15,0
0022501079,2026-03-28,MEM,125,37,10,27,31,17,3,14,32,50,107,38,12,17,13,CHI,124,53,10,43,26,8,11,23,20,41,82,33,10,43,32,1
0022501077,2026-03-28,CHA,114,53,21,32,18,4,1,9,22,36,96,55,17,32,25,PHI,118,41,7,34,19,7,5,9,25,40,82,34,16,29,22,0
0022501084,2026-03-29,BKN,116,40,12,28,30,10,4,15,21,42,85,41,17,20,15,SAC,99,43,12,31,21,7,3,15,23,36,84,32,10,25,17,1
0022501083,2026-03-29,IND,135,42,3,39,36,3,5,12,17,53,92,39,18,13,11,MIA,118,42,10,32,29,5,4,7,17,46,99,37,13,18,13,1
0022501087,2026-03-29,POR,123,49,11,38,24,8,10,14,24,44,86,36,12,32,23,WAS,88,39,9,30,16,7,2,16,28,32,87,22,5,22,19,1
0022501089,2026-03-29,OKC,111,39,12,27,21,10,0,15,22,35,75,28,10,38,31,NYK,100,41,15,26,19,8,3,19,25,36,82,35,15,17,13,1
0022501086,2026-03-29,TOR,139,44,7,37,41,20,3,11,18,54,94,29,13,22,18,ORL,87,36,9,27,20,4,1,28,20,31,82,38,9,19,16,1
0022501088,2026-03-29,NOP,102,36,8,28,19,4,9,11,18,37,86,29,9,28,19,HOU,134,59,22,37,33,9,8,8,17,49,105,44,18,21,18,0
0022501090,2026-03-29,DEN,116,40,6,34,31,11,4,12,18,43,86,40,19,12,11,GSW,93,41,9,32,29,9,2,15,18,35,83,42,14,11,9,1
0022501082,2026-03-29,MIL,113,27,4,23,23,13,1,22,30,40,77,44,20,15,13,LAC,127,39,7,32,27,14,4,16,19,45,77,30,13,28,24,0
0022501085,2026-03-29,CHA,99,37,10,27,19,2,1,12,17,36,83,43,12,19,15,BOS,114,39,8,31,23,6,3,7,18,42,83,34,14,22,16,0
0022501094,2026-03-30,SAS,129,55,16,39,31,8,4,12,14,49,96,34,14,24,17,CHI,114,35,7,28,26,7,7,11,20,43,93,44,13,21,15,1
0022501097,2026-03-30,OKC,114,42,6,36,17,9,6,18,24,38,81,34,10,32,28,DET,110,46,15,31,30,12,8,16,28,41,97,43,16,23,12,1
0022501096,2026-03-30,UTA,113,40,11,29,32,9,3,15,23,42,88,29,15,20,14,CLE,122,49,11,38,33,9,7,12,17,47,90,32,6,27,22,0
0022501092,2026-03-30,ATL,112,45,9,36,28,7,6,11,21,43,92,38,15,15,11,BOS,102,48,10,38,18,6,7,15,18,35,85,37,14,26,18,1
0022501095,2026-03-30,DAL,94,53,14,39,21,6,3,15,14,31,89,29,7,34,25,MIN,124,51,6,45,33,8,6,11,27,51,96,31,14,12,8,0
0022501098,2026-03-30,LAL,120,48,9,39,29,7,7,15,15,44,79,24,7,32,25,WAS,101,33,5,28,25,11,2,9,22,41,93,35,7,16,12,1
0022501091,2026-03-30,MIA,119,57,16,41,24,6,4,11,14,43,93,40,11,29,22,PHI,109,42,9,33,26,3,5,10,22,40,96,38,12,19,17,1
0022501093,2026-03-30,MEM,105,33,6,27,26,5,5,23,13,38,75,30,11,20,18,PHX,131,47,20,27,39,13,5,11,15,55,109,45,17,8,4,0
0022501100,2026-03-31,BKN,86,30,5,25,14,7,5,16,19,28,73,35,7,27,23,CHA,117,47,13,34,28,7,4,13,22,41,87,39,12,25,23,0
0022501099,2026-03-31,ORL,115,46,9,37,24,13,1,25,29,35,79,29,10,41,35,PHX,111,41,11,30,24,9,4,20,32,35,88,46,14,35,27,1
0022501102,2026-03-31,HOU,111,38,6,32,35,6,6,10,17,42,78,35,15,16,12,NYK,94,41,12,29,22,5,2,11,16,36,85,34,10,16,12,1
0022501104,2026-03-31,LAC,104,30,8,22,19,8,9,14,15,38,76,30,10,23,18,POR,114,48,18,30,22,8,4,17,17,41,91,45,15,18,17,0
0022501103,2026-03-31,LAL,127,37,8,29,26,9,4,12,19,45,83,31,13,26,24,CLE,113,35,11,24,26,5,2,14,19,43,87,39,13,19,14,1
0022500652,2026-03-31,MIL,123,59,12,47,28,7,9,18,19,41,92,54,20,26,21,DAL,99,50,14,36,18,12,4,14,19,34,96,36,10,28,21,1
0022501101,2026-03-31,DET,127,34,7,27,33,7,5,21,22,44,73,23,13,30,26,TOR,116,35,14,21,33,13,3,14,22,43,89,29,10,31,20,1
0022501107,2026-04-01,ORL,101,37,8,29,29,7,5,19,24,35,88,32,6,31,25,ATL,130,51,11,40,27,15,6,17,29,47,92,37,15,27,21,0
0022501108,2026-04-01,TOR,115,32,5,27,33,9,5,11,21,42,77,23,9,32,22,SAC,123,48,19,29,24,7,3,14,22,42,92,33,12,29,27,0
0022501112,2026-04-01,UTA,117,44,12,32,32,7,4,12,22,44,95,37,12,25,17,DEN,130,53,12,41,30,9,4,14,18,44,91,39,16,31,26,0
0022501109,2026-04-01,CHI,126,46,14,32,22,6,4,20,14,47,97,39,13,26,19,IND,145,41,9,32,49,14,5,14,22,58,102,48,20,10,9,0
0022501113,2026-04-01,GSW,113,39,7,32,29,6,3,15,26,42,86,35,14,18,15,SAS,127,48,13,35,34,8,6,15,20,44,93,47,15,30,24,0
0022501110,2026-04-01,HOU,119,42,12,30,30,7,4,8,13,41,87,42,18,22,19,MIL,113,45,15,30,21,3,1,15,16,42,89,40,17,16,12,1
0022501106,2026-04-01,MIA,129,37,12,25,27,5,4,9,16,44,95,47,24,23,17,BOS,147,48,11,37,34,5,8,9,17,56,96,44,21,20,14,0
0022501003,2026-04-01,MEM,119,20,6,14,27,10,4,14,22,39,76,36,16,30,25,NYK,130,49,20,29,36,7,6,19,19,48,87,32,13,24,21,0
0022501105,2026-04-01,WAS,131,32,7,25,32,4,3,12,14,50,96,40,16,17,15,PHI,153,41,10,31,37,9,2,11,18,61,99,35,17,16,14,0
0022501118,2026-04-02,POR,118,45,14,31,27,11,7,16,17,42,92,51,20,18,14,NOP,106,44,12,32,25,9,5,19,21,38,84,23,9,26,21,1
0022501116,2026-04-02,OKC,139,50,13,37,32,12,5,10,18,55,102,42,19,13,10,LAL,96,38,8,30,20,8,5,18,10,34,79,30,7,27,21,1
0022501117,2026-04-02,GSW,111,46,12,34,25,11,5,12,20,41,94,44,12,20,17,CLE,118,46,10,36,28,7,1,15,14,42,82,36,16,26,18,0
0022501119,2026-04-02,LAC,99,38,10,28,20,8,3,10,18,40,93,27,5,18,14,SAS,118,48,10,38,30,7,2,16,21,47,88,31,12,14,12,0
0022501115,2026-04-02,DET,113,48,9,39,29,7,7,15,19,41,86,23,10,29,21,MIN,108,40,5,35,22,8,8,14,20,38,86,42,13,25,19,1
0022501114,2026-04-02,CHA,127,47,11,36,27,7,4,13,19,48,93,49,18,15,13,PHX,107,31,9,22,22,4,5,12,21,42,91,39,16,10,7,1
0022501122,2026-04-03,BKN,107,33,3,30,24,10,4,20,21,39,79,28,12,20,17,ATL,141,41,8,33,36,11,9,13,18,51,90,39,20,24,19,0
0022501123,2026-04-03,NYK,136,54,13,41,30,11,3,9,21,48,91,39,15,28,25,CHI,96,36,9,27,24,4,2,16,23,35,81,35,11,26,15,1
0022501121,2026-04-03,PHI,115,53,9,44,27,7,12,16,16,41,82,26,9,28,24,MIN,103,43,13,30,21,8,4,12,21,38,101,43,14,20,13,1
0022501128,2026-04-03,SAC,117,46,12,34,29,7,6,15,16,46,90,33,10,20,15,NOP,113,36,7,29,24,12,3,13,18,40,84,34,14,21,19,1
0022501127,2026-04-03,DAL,127,41,11,30,25,9,5,13,24,44,95,42,14,31,25,ORL,138,43,7,36,35,10,1,17,25,47,84,26,14,37,30,0
0022501124,2026-04-03,HOU,140,46,10,36,30,8,5,11,18,51,92,32,15,30,23,UTA,106,45,17,28,22,7,4,13,21,43,96,27,5,22,15,1
0022501126,2026-04-03,MIL,101,30,8,22,24,5,4,13,21,35,83,47,21,13,10,BOS,133,48,10,38,33,7,4,9,13,50,89,37,17,19,16,0
0022501125,2026-04-03,MEM,96,38,13,25,14,6,3,20,31,34,85,42,11,26,17,TOR,128,51,17,34,31,10,6,16,21,44,84,24,9,41,31,0
0022501120,2026-04-03,CHA,129,48,12,36,31,8,7,10,18,46,96,49,24,15,13,IND,108,45,11,34,29,5,1,12,18,43,93,36,15,10,7,1
0022501131,2026-04-04,PHI,93,33,10,23,17,8,2,15,17,35,79,29,8,19,15,DET,116,45,16,29,33,12,4,12,15,43,87,28,11,24,19,0
0022501130,2026-04-04,DEN,136,44,8,36,34,5,6,6,22,49,101,46,19,22,19,SAS,134,50,12,38,29,5,6,11,22,47,101,45,15,27,25,1
0022501129,2026-04-04,MIA,152,49,10,39,42,6,11,15,17,54,93,39,17,34,27,WAS,136,44,17,27,28,12,5,9,25,50,106,40,17,24,19,1
0022501137,2026-04-05,MIN,108,39,13,26,24,8,4,18,18,38,83,38,14,23,18,CHA,122,46,16,30,31,8,2,15,20,45,92,45,19,15,13,0
0022501133,2026-04-05,BKN,121,35,10,25,29,11,9,11,19,43,88,40,15,23,20,WAS,115,41,11,30,20,9,3,23,18,44,79,25,9,28,18,1
0022501141,2026-04-05,SAC,109,42,12,30,25,9,8,20,19,45,85,32,9,20,10,LAC,138,37,10,27,30,15,1,15,20,49,92,41,20,21,20,0
0022501139,2026-04-05,OKC,146,46,8,38,40,8,8,16,13,54,92,45,24,16,14,UTA,111,43,14,29,29,11,3,16,13,43,100,39,14,15,11,1
0022501132,2026-04-05,BOS,115,44,12,32,25,10,3,18,19,47,88,28,8,16,13,TOR,101,31,6,25,31,6,4,15,16,40,84,20,8,18,13,1
0022501136,2026-04-05,CLE,117,46,9,37,26,8,6,10,20,43,92,47,16,19,15,IND,108,43,12,31,28,7,1,10,15,33,86,44,17,29,25,1
0022501138,2026-04-05,NOP,108,47,9,38,18,7,8,15,27,35,84,31,10,36,28,ORL,112,57,16,41,27,6,5,13,23,40,93,33,7,36,25,0
0022501134,2026-04-05,CHI,110,46,14,32,26,10,2,19,23,41,91,39,10,23,18,PHX,120,41,11,30,22,10,6,16,22,45,89,32,13,22,17,0
0022501140,2026-04-05,DAL,134,38,8,30,27,11,5,7,22,46,88,32,14,36,28,LAL,128,49,11,38,36,6,1,12,23,47,91,27,8,33,26,1
0022501142,2026-04-05,GSW,116,31,6,25,34,7,3,10,19,42,84,40,14,20,18,HOU,117,38,8,30,30,4,7,14,16,44,80,29,13,19,16,0
0022501135,2026-04-05,MIL,131,44,11,33,30,11,5,20,19,50,83,32,16,24,15,MEM,115,38,15,23,25,13,1,14,21,38,92,46,17,28,22,1
0022501144,2026-04-06,ORL,123,35,6,29,28,16,9,15,19,41,81,26,11,40,30,DET,107,35,8,27,32,10,7,21,24,42,85,30,10,19,13,1
0022501146,2026-04-06,SAS,115,47,9,38,31,8,5,11,23,44,89,32,11,22,16,PHI,102,48,17,31,17,7,5,12,21,34,88,31,10,29,24,1
0022501143,2026-04-06,ATL,105,48,19,29,23,7,4,15,18,38,95,42,16,17,13,NYK,108,47,12,35,29,9,7,17,14,42,84,33,11,17,13,0
0022501147,2026-04-06,DEN,137,45,17,28,37,10,5,12,26,52,101,38,12,24,21,POR,132,39,11,28,29,8,5,18,24,42,89,52,25,28,23,1
0022501145,2026-04-06,MEM,126,31,8,23,32,7,4,13,27,45,94,59,29,10,7,CLE,142,48,13,35,36,12,5,13,11,52,89,32,12,37,26,0
0022501150,2026-04-07,BKN,96,32,3,29,18,11,4,14,13,33,75,26,9,23,21,MIL,90,44,9,35,25,6,7,20,20,35,81,45,15,8,5,1
0022501152,2026-04-07,IND,104,34,5,29,24,11,1,23,16,35,73,26,9,31,25,MIN,124,39,10,29,27,16,4,20,22,46,89,41,17,16,15,0
0022501157,2026-04-07,PHX,105,34,10,24,15,10,7,19,20,32,75,31,7,39,34,HOU,119,55,24,31,26,8,3,19,30,45,100,38,14,16,15,0
0022501151,2026-04-07,TOR,121,56,15,41,34,9,5,12,19,49,99,28,12,16,11,MIA,95,44,10,34,26,3,3,15,15,33,91,44,12,19,17,1
0022501149,2026-04-07,BOS,113,45,13,32,22,6,2,14,13,43,87,42,17,12,10,CHA,102,40,14,26,24,5,3,13,16,38,88,49,16,13,10,1
0022501153,2026-04-07,NOP,156,48,10,38,32,15,5,17,18,61,106,34,14,23,20,UTA,137,41,10,31,38,12,1,16,18,53,104,32,10,24,21,1
0022501154,2026-04-07,GSW,110,39,13,26,27,10,5,17,15,37,82,38,17,24,19,SAC,105,41,13,28,22,9,6,15,21,41,87,31,11,17,12,1
0022501156,2026-04-07,LAC,116,56,12,44,23,6,9,15,18,41,92,37,14,28,20,DAL,103,54,15,39,18,9,7,9,20,35,100,33,6,28,27,1
0022501155,2026-04-07,LAL,87,38,8,30,26,7,3,17,12,32,73,26,9,31,14,OKC,123,46,10,36,29,15,2,12,21,45,89,41,21,14,12,0
0022501148,2026-04-07,WAS,98,46,8,38,22,8,7,22,19,37,86,38,11,21,13,CHI,129,52,9,43,35,14,7,13,22,46,94,45,15,27,22,0
0022501159,2026-04-08,ORL,132,48,19,29,33,5,5,17,18,51,95,29,12,23,18,MIN,120,33,9,24,22,10,7,16,20,45,90,44,18,14,12,1
0022501164,2026-04-08,PHX,112,46,12,34,20,5,8,10,16,42,91,35,14,17,14,DAL,107,43,10,33,27,4,5,12,14,37,89,36,13,22,20,1
0022501161,2026-04-08,SAS,112,45,11,34,28,13,6,17,14,43,88,29,11,19,15,POR,101,43,11,32,26,9,5,16,15,42,93,37,12,10,5,1
0022501158,2026-04-08,CLE,122,47,10,37,22,6,6,11,14,41,88,33,12,35,28,ATL,116,43,10,33,23,8,6,13,25,47,98,34,12,15,10,1
0022501162,2026-04-08,DEN,136,52,9,43,31,6,5,12,20,53,90,36,14,21,16,MEM,119,38,10,28,24,5,1,6,20,42,92,50,19,23,16,1
0022501163,2026-04-08,LAC,110,36,10,26,27,9,3,13,18,40,86,32,14,24,16,OKC,128,44,6,38,30,9,7,13,23,48,83,34,13,24,19,0
0022501160,2026-04-08,DET,137,46,15,31,38,9,10,12,21,48,84,30,14,30,27,MIL,111,32,13,19,26,5,4,16,24,36,86,50,17,28,22,1
0022501167,2026-04-09,BKN,94,43,7,36,20,2,5,10,21,37,96,38,8,19,12,IND,123,66,13,53,43,4,5,12,16,51,98,31,8,18,13,0
0022501168,2026-04-09,NYK,112,30,5,25,29,9,2,7,17,43,80,35,15,15,11,BOS,106,42,13,29,23,4,1,11,16,38,84,43,16,16,14,1
0022501165,2026-04-09,TOR,128,40,10,30,24,9,2,6,15,44,86,30,13,34,27,MIA,114,34,6,28,35,1,3,15,25,46,82,35,14,14,8,1
0022501170,2026-04-09,GSW,103,38,15,23,24,8,2,19,6,41,81,30,9,12,12,LAL,119,33,8,25,37,14,3,19,13,49,80,29,16,8,5,0
0022501169,2026-04-09,HOU,113,53,16,37,21,12,1,15,18,42,93,32,11,26,18,PHI,102,47,11,36,21,10,6,16,24,38,85,32,11,23,15,1
0022501166,2026-04-09,WAS,108,52,20,32,24,12,8,19,18,38,96,38,10,27,22,CHI,119,51,13,38,26,12,4,16,21,43,93,30,9,25,24,0
0022501176,2026-04-10,NYK,112,37,5,32,24,10,0,12,16,41,75,31,8,27,22,TOR,95,32,7,25,24,7,0,18,24,36,73,25,10,20,13,1
0022501175,2026-04-10,IND,94,52,10,42,25,6,8,21,15,33,88,50,14,16,14,PHI,105,58,16,42,17,13,2,8,14,42,104,29,5,19,16,0
0022501183,2026-04-10,POR,116,46,14,32,23,12,7,15,15,37,83,39,12,35,30,LAC,97,35,10,25,17,6,3,17,27,36,83,40,13,12,12,1
0022501184,2026-04-10,SAC,124,49,16,33,25,10,6,16,21,41,89,44,17,34,25,GSW,118,36,6,30,30,12,4,16,22,39,81,36,14,28,26,1
0022501180,2026-04-10,SAS,139,48,13,35,30,4,6,11,15,50,92,32,13,27,26,DAL,120,35,14,21,26,7,6,7,19,45,98,40,15,19,15,1
0022501181,2026-04-10,UTA,147,64,12,52,43,16,5,16,9,62,110,35,15,17,8,MEM,101,47,11,36,27,10,2,20,15,41,109,52,11,9,8,1
0022501173,2026-04-10,ATL,124,46,14,32,27,12,4,13,18,45,93,44,16,25,18,CLE,102,40,9,31,25,8,6,19,20,39,86,27,7,18,17,1
0022501174,2026-04-10,BOS,144,44,9,35,35,9,5,14,26,52,96,59,29,15,11,NOP,118,44,14,30,22,6,3,13,19,44,96,32,9,30,21,1
0022501177,2026-04-10,CHI,103,42,10,32,25,10,5,20,20,38,87,39,10,26,17,ORL,127,47,12,35,33,12,6,15,22,49,94,37,13,24,16,0
0022501182,2026-04-10,DEN,127,49,10,39,28,10,7,17,10,47,93,43,21,13,12,OKC,107,46,15,31,25,11,1,13,15,42,99,44,14,12,9,1
0022501178,2026-04-10,HOU,132,39,11,28,29,4,8,13,18,53,87,19,4,28,22,MIN,136,25,7,18,27,7,7,8,21,51,89,30,15,25,19,0
0022501185,2026-04-10,LAL,101,35,4,31,27,17,3,11,18,35,69,20,8,30,23,PHX,73,47,18,29,17,8,1,23,18,26,77,40,7,21,14,1
0022501179,2026-04-10,MIL,125,44,8,36,36,5,7,17,15,45,81,48,24,16,11,BKN,108,37,9,28,28,7,2,11,13,38,84,45,18,16,14,1
0022501172,2026-04-10,WAS,117,27,6,21,26,11,2,14,17,46,92,31,14,14,11,MIA,140,40,9,31,37,8,1,19,20,49,82,37,20,26,22,0
0022501171,2026-04-10,CHA,100,41,14,27,16,10,8,16,17,34,88,47,13,23,19,DET,118,49,16,33,29,13,8,15,20,45,89,27,9,26,19,0
0022501195,2026-04-12,MIN,132,47,12,35,32,5,13,11,27,45,89,37,10,43,32,NOP,126,52,20,32,20,9,6,9,28,45,107,21,5,38,31,1
0022501190,2026-04-12,NYK,96,39,12,27,25,10,3,11,25,39,90,40,13,8,5,CHA,110,46,12,34,27,7,7,18,13,39,85,52,19,17,13,0
0022501188,2026-04-12,IND,121,31,8,23,31,15,6,16,17,41,90,54,23,20,16,DET,133,48,12,36,35,12,6,18,17,50,89,33,15,22,18,0
0022501191,2026-04-12,PHI,126,45,11,34,28,13,2,14,19,47,91,41,16,21,16,MIL,106,45,12,33,26,8,2,19,15,39,90,47,13,22,15,1
0022501200,2026-04-12,POR,122,46,18,28,28,9,3,12,21,47,101,46,16,15,12,SAC,110,47,15,32,24,7,8,17,18,40,83,21,7,31,23,1
0022501197,2026-04-12,SAS,118,45,14,31,27,5,5,9,18,45,99,47,15,18,13,DEN,128,58,19,39,30,4,5,12,16,50,100,30,11,22,17,0
0022501196,2026-04-12,OKC,103,36,9,27,32,9,7,10,8,41,95,46,18,9,3,PHX,135,54,13,41,28,5,8,13,9,56,101,41,20,6,3,0
0022501192,2026-04-12,TOR,136,43,3,40,36,9,8,10,20,51,80,27,12,29,22,BKN,101,38,13,25,21,9,0,16,27,35,86,34,9,29,22,1
0022501186,2026-04-12,BOS,113,46,8,38,24,10,6,17,23,36,87,50,19,22,22,ORL,108,50,14,36,22,6,5,19,19,36,91,43,12,30,24,1
0022501187,2026-04-12,CLE,130,53,17,36,31,8,4,20,18,48,89,43,18,21,16,WAS,117,30,7,23,29,10,2,13,21,42,90,41,18,19,15,1
0022501193,2026-04-12,DAL,149,57,16,41,35,10,5,18,24,52,100,49,22,27,23,CHI,128,42,13,29,30,12,3,13,20,52,106,38,10,19,14,1
0022501194,2026-04-12,HOU,132,64,21,43,23,10,8,11,10,48,105,49,14,30,22,MEM,101,37,6,31,23,8,6,13,24,39,95,49,13,10,10,1
0022501199,2026-04-12,LAC,115,44,10,34,27,3,4,10,24,42,89,39,14,19,17,GSW,110,47,16,31,24,3,3,10,21,36,86,39,11,32,27,1
0022501198,2026-04-12,LAL,131,49,11,38,37,12,6,17,20,51,93,34,15,17,14,UTA,107,42,17,25,25,13,4,16,14,41,94,34,7,27,18,1
0022501189,2026-04-12,MIA,143,45,13,32,34,11,3,7,14,58,103,37,15,17,12,ATL,117,46,13,33,31,3,2,17,17,44,93,44,17,18,12,1
